{
"type": "FeatureCollection",
"name": "Grocery_Stores",
"crs": { "type": "name", "properties": { "name": "urn:ogc:def:crs:OGC:1.3:CRS84" } },
"features": [
{ "type": "Feature", "properties": { "OBJECTID": 1, "Name": "7-ELEVEN", "Address Full": "100 E 9th Ave Denver, CO 80203", "Address": "100 E 9th Ave", "City": "Denver", "State": "CO", "County": "Denver", "Zip": 80203, "Lat": 39.73030451, "Long": -104.98591267, "Type": "Category 1: Convenience stores ", "SNAP": "Yes", "DUFB": "No", "WIC": "No", "Status": "Active", "GlobalID": "6516e6b8-0c7b-4b99-846a-6f45a435b7a7", "x": 3144591.9524155599, "y": 1691302.1188323901 }, "geometry": { "type": "Point", "coordinates": [ -104.98591267, 39.73030451 ] } },
{ "type": "Feature", "properties": { "OBJECTID": 2, "Name": "7-ELEVEN", "Address Full": "1000 E Colfax Ave Denver, CO 80218", "Address": "1000 E Colfax Ave", "City": "Denver", "State": "CO", "County": "Denver", "Zip": 80218, "Lat": 39.73986251, "Long": -104.97510368, "Type": "Category 1: Convenience stores ", "SNAP": "No", "DUFB": "No", "WIC": "No", "Status": "Active", "GlobalID": "9076c14f-0bd8-455e-9fa1-fab4b2ef2b98", "x": 3147611.9335803101, "y": 1694801.12233306 }, "geometry": { "type": "Point", "coordinates": [ -104.97510368, 39.73986251 ] } },
{ "type": "Feature", "properties": { "OBJECTID": 3, "Name": "7-ELEVEN", "Address Full": "1000 N Federal Blvd Denver, CO 80204", "Address": "1000 N Federal Blvd", "City": "Denver", "State": "CO", "County": "Denver", "Zip": 80204, "Lat": 39.73323851, "Long": -105.02463066, "Type": "Category 1: Convenience stores ", "SNAP": "Yes", "DUFB": "No", "WIC": "No", "Status": "Active", "GlobalID": "e472a5fa-dd02-4a8b-a326-684c19b72c45", "x": 3133696.6602297998, "y": 1692311.5630077301 }, "geometry": { "type": "Point", "coordinates": [ -105.02463066, 39.73323851 ] } },
{ "type": "Feature", "properties": { "OBJECTID": 4, "Name": "VILLAPARKMINIMART", "Address Full": "1000 N Knox Ct Denver, CO 80204", "Address": "1000 N Knox Ct", "City": "Denver", "State": "CO", "County": "Denver", "Zip": 80204, "Lat": 39.73318451, "Long": -105.03179916000001, "Type": "Category 1: Convenience stores ", "SNAP": "Yes", "DUFB": "No", "WIC": "No", "Status": "Active", "GlobalID": "1df61fbb-d9b4-4490-8faa-d2c12e5805d6", "x": 3131680.65343505, "y": 1692281.4226480599 }, "geometry": { "type": "Point", "coordinates": [ -105.03179916, 39.73318451 ] } },
{ "type": "Feature", "properties": { "OBJECTID": 5, "Name": "CIRCLEK", "Address Full": "1001 N Broadway Denver, CO 80203", "Address": "1001 N Broadway", "City": "Denver", "State": "CO", "County": "Denver", "Zip": 80203, "Lat": 39.73232951, "Long": -104.98801867, "Type": "Category 1: Convenience stores ", "SNAP": "Yes", "DUFB": "No", "WIC": "No", "Status": "Active", "GlobalID": "05ac8dcb-61d2-4342-8b92-8a6da873e248", "x": 3143995.4690284701, "y": 1692036.4044373001 }, "geometry": { "type": "Point", "coordinates": [ -104.98801867, 39.73232951 ] } },
{ "type": "Feature", "properties": { "OBJECTID": 6, "Name": "7-ELEVEN", "Address Full": "10010 E Girard Ave Denver, CO 80231", "Address": "10010 E Girard Ave", "City": "Denver", "State": "CO", "County": "Denver", "Zip": 80231, "Lat": 39.65440752, "Long": -104.87173871, "Type": "Category 1: Convenience stores ", "SNAP": "Yes", "DUFB": "No", "WIC": "No", "Status": "Active", "GlobalID": "309a5496-3262-4e5e-96df-8f487a4cd4f7", "x": 3176895.19095856, "y": 1663858.22916648 }, "geometry": { "type": "Point", "coordinates": [ -104.87173871, 39.65440752 ] } },
{ "type": "Feature", "properties": { "OBJECTID": 7, "Name": "OSAGECAFE", "Address Full": "1015 N Osage St Denver, CO 80204", "Address": "1015 N Osage St", "City": "Denver", "State": "CO", "County": "Denver", "Zip": 80204, "Lat": 39.73241951, "Long": -105.00543367, "Type": "Category 1: Convenience stores ", "SNAP": null, "DUFB": null, "WIC": null, "Status": "PENDING", "GlobalID": "2ae20a53-b066-4f81-be09-228b5f459a6d", "x": 3139097.34660688, "y": 1692042.0540323099 }, "geometry": { "type": "Point", "coordinates": [ -105.00543367, 39.73241951 ] } },
{ "type": "Feature", "properties": { "OBJECTID": 8, "Name": "7-ELEVEN", "Address Full": "105 N Knox Ct Denver, CO 80219", "Address": "105 N Knox Ct", "City": "Denver", "State": "CO", "County": "Denver", "Zip": 80219, "Lat": 39.71839752, "Long": -105.03283867, "Type": "Category 1: Convenience stores ", "SNAP": "Yes", "DUFB": "No", "WIC": "No", "Status": "Active", "GlobalID": "1b7a7d1a-489b-4461-8753-955faa314cd5", "x": 3131415.9945155499, "y": 1686893.5741718099 }, "geometry": { "type": "Point", "coordinates": [ -105.03283867, 39.71839752 ] } },
{ "type": "Feature", "properties": { "OBJECTID": 9, "Name": "7-ELEVEN", "Address Full": "1090 N Ogden St Denver, CO 80218", "Address": "1090 N Ogden St", "City": "Denver", "State": "CO", "County": "Denver", "Zip": 80218, "Lat": 39.73350851, "Long": -104.97500918, "Type": "Category 1: Convenience stores ", "SNAP": "Yes", "DUFB": "No", "WIC": "No", "Status": "Active", "GlobalID": "9198da30-2637-48b4-be5e-ea1eb13d2d0f", "x": 3147651.8842878002, "y": 1692486.75196181 }, "geometry": { "type": "Point", "coordinates": [ -104.97500918, 39.73350851 ] } },
{ "type": "Feature", "properties": { "OBJECTID": 10, "Name": "7-ELEVEN", "Address Full": "1107 N Santa Fe Dr Denver, CO 80204", "Address": "1107 N Santa Fe Dr", "City": "Denver", "State": "CO", "County": "Denver", "Zip": 80204, "Lat": 39.73395851, "Long": -104.99890867000001, "Type": "Category 1: Convenience stores ", "SNAP": "Yes", "DUFB": "No", "WIC": "No", "Status": "Active", "GlobalID": "f0a61ce8-f74c-4269-ba9f-c37632ea1579", "x": 3140929.3993732198, "y": 1692612.7106993899 }, "geometry": { "type": "Point", "coordinates": [ -104.99890867, 39.73395851 ] } },
{ "type": "Feature", "properties": { "OBJECTID": 11, "Name": "WALGREENS", "Address Full": "1111 S Colorado Blvd Denver, CO 80246", "Address": "1111 S Colorado Blvd", "City": "Denver", "State": "CO", "County": "Denver", "Zip": 80246, "Lat": 39.69607751, "Long": -104.94104319, "Type": "Category 1: Convenience stores ", "SNAP": "Yes", "DUFB": "No", "WIC": "No", "Status": "Active", "GlobalID": "0d700476-b2c6-4085-99d9-727b3cc11cae", "x": 3157288.47820355, "y": 1678909.1715054801 }, "geometry": { "type": "Point", "coordinates": [ -104.94104319, 39.69607751 ] } },
{ "type": "Feature", "properties": { "OBJECTID": 12, "Name": "CITYSTORERFE", "Address Full": "1118 N Broadway Denver, CO 80203", "Address": "1118 N Broadway", "City": "Denver", "State": "CO", "County": "Denver", "Zip": 80203, "Lat": 39.73429151, "Long": -104.98724917, "Type": "Category 1: Convenience stores ", "SNAP": "Yes", "DUFB": "No", "WIC": "No", "Status": "Active", "GlobalID": "b06ffc36-173e-43b2-89b5-375f115cc726", "x": 3144207.8557428, "y": 1692752.30786115 }, "geometry": { "type": "Point", "coordinates": [ -104.98724917, 39.73429151 ] } },
{ "type": "Feature", "properties": { "OBJECTID": 13, "Name": "STINKER", "Address Full": "1121 E Alameda Ave Denver, CO 80209", "Address": "1121 E Alameda Ave", "City": "Denver", "State": "CO", "County": "Denver", "Zip": 80209, "Lat": 39.71135051, "Long": -104.97370868, "Type": "Category 1: Convenience stores ", "SNAP": "Yes", "DUFB": "No", "WIC": "No", "Status": "Active", "GlobalID": "e0840bde-e838-4b86-9890-fd524f561b08", "x": 3148064.4005231401, "y": 1684417.58240464 }, "geometry": { "type": "Point", "coordinates": [ -104.97370868, 39.71135051 ] } },
{ "type": "Feature", "properties": { "OBJECTID": 14, "Name": "SYRACUSEMARKET", "Address Full": "1131 N Syracuse St Denver, CO 80220", "Address": "1131 N Syracuse St", "City": "Denver", "State": "CO", "County": "Denver", "Zip": 80220, "Lat": 39.73371551, "Long": -104.89914819000001, "Type": "Category 1: Convenience stores ", "SNAP": "Yes", "DUFB": "Yes", "WIC": "No", "Status": "Active", "GlobalID": "756ff9bb-1eda-4612-a172-0e1e183b5a11", "x": 3168986.73958389, "y": 1692694.3585019701 }, "geometry": { "type": "Point", "coordinates": [ -104.89914819, 39.73371551 ] } },
{ "type": "Feature", "properties": { "OBJECTID": 15, "Name": "WALGREENS", "Address Full": "120 N Broadway Denver, CO 80203", "Address": "120 N Broadway", "City": "Denver", "State": "CO", "County": "Denver", "Zip": 80203, "Lat": 39.71893751, "Long": -104.98721318, "Type": "Category 1: Convenience stores ", "SNAP": "Yes", "DUFB": "No", "WIC": "No", "Status": "Active", "GlobalID": "33b17673-ed7a-450f-8544-b0c877ebd79f", "x": 3144249.54726048, "y": 1687159.4948998101 }, "geometry": { "type": "Point", "coordinates": [ -104.98721318, 39.71893751 ] } },
{ "type": "Feature", "properties": { "OBJECTID": 16, "Name": "8TH&DOWNINGCONOCO-RFE", "Address Full": "1200 E 8th Ave Denver, CO 80218", "Address": "1200 E 8th Ave", "City": "Denver", "State": "CO", "County": "Denver", "Zip": 80218, "Lat": 39.72878351, "Long": -104.97262868, "Type": "Category 1: Convenience stores ", "SNAP": "No", "DUFB": "No", "WIC": "No", "Status": "Active", "GlobalID": "5c6cb86d-438b-4e5c-9b4e-aad5c38e88a5", "x": 3148331.37571096, "y": 1690769.4932572199 }, "geometry": { "type": "Point", "coordinates": [ -104.97262868, 39.72878351 ] } },
{ "type": "Feature", "properties": { "OBJECTID": 17, "Name": "CAPITALHEIGHTSPHARMACY", "Address Full": "1200 N Madison St Denver, CO 80206", "Address": "1200 N Madison St", "City": "Denver", "State": "CO", "County": "Denver", "Zip": 80206, "Lat": 39.73535351, "Long": -104.94586718, "Type": "Category 1: Convenience stores ", "SNAP": "No", "DUFB": "No", "WIC": "No", "Status": "Active", "GlobalID": "11d26896-448f-4339-a1f6-fd8101edf146", "x": 3155843.7744000601, "y": 1693207.4933024801 }, "geometry": { "type": "Point", "coordinates": [ -104.94586718, 39.73535351 ] } },
{ "type": "Feature", "properties": { "OBJECTID": 18, "Name": "7-ELEVEN", "Address Full": "1200 W Alameda Ave Denver, CO 80223", "Address": "1200 W Alameda Ave", "City": "Denver", "State": "CO", "County": "Denver", "Zip": 80223, "Lat": 39.71094552, "Long": -105.00176167, "Type": "Category 1: Convenience stores ", "SNAP": "Yes", "DUFB": "No", "WIC": "No", "Status": "Active", "GlobalID": "400dae5d-a390-486c-a860-0b35f949757e", "x": 3140172.9907810502, "y": 1684225.5575262301 }, "geometry": { "type": "Point", "coordinates": [ -105.00176167, 39.71094552 ] } },
{ "type": "Feature", "properties": { "OBJECTID": 19, "Name": "WALGREENS", "Address Full": "1235 E Evans Ave Denver, CO 80210", "Address": "1235 E Evans Ave", "City": "Denver", "State": "CO", "County": "Denver", "Zip": 80210, "Lat": 39.67933752, "Long": -104.97244418, "Type": "Category 1: Convenience stores ", "SNAP": "Yes", "DUFB": "No", "WIC": "No", "Status": "Active", "GlobalID": "2fb5ddf8-f205-41fb-8ad4-0a8525b32afc", "x": 3148487.8626027298, "y": 1672758.68938389 }, "geometry": { "type": "Point", "coordinates": [ -104.97244418, 39.67933752 ] } },
{ "type": "Feature", "properties": { "OBJECTID": 20, "Name": "KUM&GO", "Address Full": "1250 E 17th Ave Denver, CO 80218", "Address": "1250 E 17th Ave", "City": "Denver", "State": "CO", "County": "Denver", "Zip": 80218, "Lat": 39.74305751, "Long": -104.97157568, "Type": "Category 1: Convenience stores ", "SNAP": "No", "DUFB": "No", "WIC": "No", "Status": "Active", "GlobalID": "cd84a498-8b08-4aca-87cc-f5996bfe9c5e", "x": 3148597.3010321399, "y": 1695970.69479705 }, "geometry": { "type": "Point", "coordinates": [ -104.97157568, 39.74305751 ] } },
{ "type": "Feature", "properties": { "OBJECTID": 21, "Name": "SINCLAIR", "Address Full": "1253 W Alameda Ave Denver, CO 80223", "Address": "1253 W Alameda Ave", "City": "Denver", "State": "CO", "County": "Denver", "Zip": 80223, "Lat": 39.71153052, "Long": -105.00304417, "Type": "Category 1: Convenience stores ", "SNAP": "No", "DUFB": "No", "WIC": "No", "Status": "Active", "GlobalID": "787f6688-6f49-4103-be59-edfadcb8fb26", "x": 3139811.0134866401, "y": 1684436.6732457301 }, "geometry": { "type": "Point", "coordinates": [ -105.00304417, 39.71153052 ] } },
{ "type": "Feature", "properties": { "OBJECTID": 22, "Name": "7-ELEVEN", "Address Full": "12880 E Albrook Dr Denver, CO 80239", "Address": "12880 E Albrook Dr", "City": "Denver", "State": "CO", "County": "Denver", "Zip": 80239, "Lat": 39.7805425, "Long": -104.8424122, "Type": "Category 1: Convenience stores ", "SNAP": "No", "DUFB": "No", "WIC": "No", "Status": "Active", "GlobalID": "b67d8c74-c09e-47fd-a539-13e11ba0ac13", "x": 3184819.73186797, "y": 1709862.16176473 }, "geometry": { "type": "Point", "coordinates": [ -104.8424122, 39.7805425 ] } },
{ "type": "Feature", "properties": { "OBJECTID": 23, "Name": "CAPITALCONVENIENCE", "Address Full": "1300 N Pearl St Denver, CO 80203", "Address": "1300 N Pearl St", "City": "Denver", "State": "CO", "County": "Denver", "Zip": 80203, "Lat": 39.73701851, "Long": -104.97976118, "Type": "Category 1: Convenience stores ", "SNAP": "Yes", "DUFB": "No", "WIC": "No", "Status": "Active", "GlobalID": "4fe0cfab-3bb0-4921-b546-501778d31d51", "x": 3146308.0930121401, "y": 1693757.6247481401 }, "geometry": { "type": "Point", "coordinates": [ -104.97976118, 39.73701851 ] } },
{ "type": "Feature", "properties": { "OBJECTID": 24, "Name": "CIRCLEKSTORE", "Address Full": "1300 W Colfax Ave Denver, CO 80204", "Address": "1300 W Colfax Ave", "City": "Denver", "State": "CO", "County": "Denver", "Zip": 80204, "Lat": 39.73970051, "Long": -105.00361567, "Type": "Category 1: Convenience stores ", "SNAP": "Yes", "DUFB": "No", "WIC": "No", "Status": "Active", "GlobalID": "8e783a78-073e-4483-8bee-ef180b45f24b", "x": 3139594.1641827999, "y": 1694697.04216065 }, "geometry": { "type": "Point", "coordinates": [ -105.00361567, 39.73970051 ] } },
{ "type": "Feature", "properties": { "OBJECTID": 25, "Name": "7-ELEVEN", "Address Full": "1301 W 38th Ave Denver, CO 80211", "Address": "1301 W 38th Ave", "City": "Denver", "State": "CO", "County": "Denver", "Zip": 80211, "Lat": 39.76971551, "Long": -105.00218017, "Type": "Category 1: Convenience stores ", "SNAP": "Yes", "DUFB": "No", "WIC": "No", "Status": "Active", "GlobalID": "06774593-6455-4544-9653-0e4934548a21", "x": 3139937.9407262201, "y": 1705632.6813785599 }, "geometry": { "type": "Point", "coordinates": [ -105.00218017, 39.76971551 ] } },
{ "type": "Feature", "properties": { "OBJECTID": 26, "Name": "FAMILYDOLLAR", "Address Full": "1320 S Federal Blvd Denver, CO 80219", "Address": "1320 S Federal Blvd", "City": "Denver", "State": "CO", "County": "Denver", "Zip": 80219, "Lat": 39.69248652, "Long": -105.02427517, "Type": "Category 1: Convenience stores ", "SNAP": "No", "DUFB": "No", "WIC": "No", "Status": "Active", "GlobalID": "e0ab1754-6e95-4af1-ba2a-17148a604d53", "x": 3133874.3747693901, "y": 1677467.7478791501 }, "geometry": { "type": "Point", "coordinates": [ -105.02427517, 39.69248652 ] } },
{ "type": "Feature", "properties": { "OBJECTID": 27, "Name": "7-ELEVEN", "Address Full": "1438 Arapahoe St Denver, CO 80202", "Address": "1438 Arapahoe St", "City": "Denver", "State": "CO", "County": "Denver", "Zip": 80202, "Lat": 39.74643251, "Long": -104.99730217, "Type": "Category 1: Convenience stores ", "SNAP": "Yes", "DUFB": "No", "WIC": "No", "Status": "Active", "GlobalID": "09779464-0f40-4efb-a888-b4bf62e124c7", "x": 3141356.0714201299, "y": 1697159.0293626499 }, "geometry": { "type": "Point", "coordinates": [ -104.99730217, 39.74643251 ] } },
{ "type": "Feature", "properties": { "OBJECTID": 28, "Name": "FAMILYDOLLAR", "Address Full": "1467 S Holly St Denver, CO 80222", "Address": "1467 S Holly St", "City": "Denver", "State": "CO", "County": "Denver", "Zip": 80222, "Lat": 39.69000251, "Long": -104.92325919, "Type": "Category 1: Convenience stores ", "SNAP": "No", "DUFB": "No", "WIC": "No", "Status": "Active", "GlobalID": "264b8a24-4dff-471c-8a62-b4dbfd9d8cc2", "x": 3162306.8156078001, "y": 1676727.59942506 }, "geometry": { "type": "Point", "coordinates": [ -104.92325919, 39.69000251 ] } },
{ "type": "Feature", "properties": { "OBJECTID": 29, "Name": "7-ELEVEN", "Address Full": "1490 N Perry St Denver, CO 80204", "Address": "1490 N Perry St", "City": "Denver", "State": "CO", "County": "Denver", "Zip": 80204, "Lat": 39.74006951, "Long": -105.03896766, "Type": "Category 1: Convenience stores ", "SNAP": "Yes", "DUFB": "No", "WIC": "No", "Status": "Active", "GlobalID": "8de80efe-e073-4fdc-b173-0a4fc0ced09f", "x": 3129651.8156292099, "y": 1694779.0682433101 }, "geometry": { "type": "Point", "coordinates": [ -105.03896766, 39.74006951 ] } },
{ "type": "Feature", "properties": { "OBJECTID": 30, "Name": "SHELL", "Address Full": "1498 S Federal Blvd Denver, CO 80219", "Address": "1498 S Federal Blvd", "City": "Denver", "State": "CO", "County": "Denver", "Zip": 80219, "Lat": 39.68975052, "Long": -105.02459917, "Type": "Category 1: Convenience stores ", "SNAP": "No", "DUFB": "No", "WIC": "No", "Status": "Active", "GlobalID": "735b4db8-5980-415d-8c47-843e88dc5499", "x": 3133788.4136552201, "y": 1676470.6619468001 }, "geometry": { "type": "Point", "coordinates": [ -105.02459917, 39.68975052 ] } },
{ "type": "Feature", "properties": { "OBJECTID": 31, "Name": "7-ELEVEN", "Address Full": "1499 S Federal Blvd Denver, CO 80219", "Address": "1499 S Federal Blvd", "City": "Denver", "State": "CO", "County": "Denver", "Zip": 80219, "Lat": 39.68981352, "Long": -105.02541367000001, "Type": "Category 1: Convenience stores ", "SNAP": "Yes", "DUFB": "No", "WIC": "No", "Status": "Active", "GlobalID": "d05c7613-3bfe-4f33-8e38-1f5d50f6f1d4", "x": 3133559.07717164, "y": 1676492.4115752301 }, "geometry": { "type": "Point", "coordinates": [ -105.02541367, 39.68981352 ] } },
{ "type": "Feature", "properties": { "OBJECTID": 32, "Name": "CONOCO/CIRCLEK", "Address Full": "1501 N Colorado Blvd Denver, CO 80220", "Address": "1501 N Colorado Blvd", "City": "Denver", "State": "CO", "County": "Denver", "Zip": 80220, "Lat": 39.74054651, "Long": -104.94108368000001, "Type": "Category 1: Convenience stores ", "SNAP": "Yes", "DUFB": "No", "WIC": "No", "Status": "Active", "GlobalID": "18a36201-a3a5-47ce-a220-ddfa66743223", "x": 3157177.4262603102, "y": 1695107.3467862301 }, "geometry": { "type": "Point", "coordinates": [ -104.94108368, 39.74054651 ] } },
{ "type": "Feature", "properties": { "OBJECTID": 33, "Name": "DOLLARGENERAL", "Address Full": "1505 S Federal Blvd Denver, CO 80219", "Address": "1505 S Federal Blvd", "City": "Denver", "State": "CO", "County": "Denver", "Zip": 80219, "Lat": 39.68906652, "Long": -105.02575567, "Type": "Category 1: Convenience stores ", "SNAP": "No", "DUFB": "No", "WIC": "No", "Status": "Active", "GlobalID": "f18bb7cf-5246-4049-aae7-fc27166b683c", "x": 3133464.25223005, "y": 1676219.80877398 }, "geometry": { "type": "Point", "coordinates": [ -105.02575567, 39.68906652 ] } },
{ "type": "Feature", "properties": { "OBJECTID": 34, "Name": "WALGREENS", "Address Full": "1505 S Federal Blvd Denver, CO 80219", "Address": "1505 S Federal Blvd", "City": "Denver", "State": "CO", "County": "Denver", "Zip": 80219, "Lat": 39.68906652, "Long": -105.02575567, "Type": "Category 1: Convenience stores ", "SNAP": null, "DUFB": null, "WIC": null, "Status": "Inactive", "GlobalID": "5e8ad5fc-07e5-4ebf-a677-18b2cde34b4c", "x": 3133464.25223005, "y": 1676219.80877398 }, "geometry": { "type": "Point", "coordinates": [ -105.02575567, 39.68906652 ] } },
{ "type": "Feature", "properties": { "OBJECTID": 35, "Name": "TEXACO", "Address Full": "1506 S Federal Blvd Denver, CO 80219", "Address": "1506 S Federal Blvd", "City": "Denver", "State": "CO", "County": "Denver", "Zip": 80219, "Lat": 39.68923752, "Long": -105.02456767, "Type": "Category 1: Convenience stores ", "SNAP": "No", "DUFB": "No", "WIC": "No", "Status": "Active", "GlobalID": "2f6e0be2-408e-4a68-b718-58140b92d390", "x": 3133798.2561552199, "y": 1676283.8440789699 }, "geometry": { "type": "Point", "coordinates": [ -105.02456767, 39.68923752 ] } },
{ "type": "Feature", "properties": { "OBJECTID": 36, "Name": "7-ELEVEN", "Address Full": "1510 S Holly St Denver, CO 80222", "Address": "1510 S Holly St", "City": "Denver", "State": "CO", "County": "Denver", "Zip": 80222, "Lat": 39.68907551, "Long": -104.92192269, "Type": "Category 1: Convenience stores ", "SNAP": "Yes", "DUFB": "No", "WIC": "No", "Status": "Active", "GlobalID": "c50910e1-1303-44de-93f2-f6b48c1612ff", "x": 3162685.0779746301, "y": 1676392.3258173901 }, "geometry": { "type": "Point", "coordinates": [ -104.92192269, 39.68907551 ] } },
{ "type": "Feature", "properties": { "OBJECTID": 37, "Name": "EASTCOLFAXCONOCO#1", "Address Full": "1515 N Quebec St Denver, CO 80220", "Address": "1515 N Quebec St", "City": "Denver", "State": "CO", "County": "Denver", "Zip": 80220, "Lat": 39.74054651, "Long": -104.90383269, "Type": "Category 1: Convenience stores ", "SNAP": "No", "DUFB": "No", "WIC": "No", "Status": "Active", "GlobalID": "46f6862e-62cb-4045-8061-72f954636bfa", "x": 3167652.9358210601, "y": 1695173.9440939701 }, "geometry": { "type": "Point", "coordinates": [ -104.90383269, 39.74054651 ] } },
{ "type": "Feature", "properties": { "OBJECTID": 38, "Name": "FAMILYDOLLARSTORE", "Address Full": "1515 W 48th Ave Denver, CO 80221", "Address": "1515 W 48th Ave", "City": "Denver", "State": "CO", "County": "Denver", "Zip": 80221, "Lat": 39.78439451, "Long": -105.00585216, "Type": "Category 1: Convenience stores ", "SNAP": "No", "DUFB": "No", "WIC": "No", "Status": "Active", "GlobalID": "7dfc5f80-7705-467a-be4d-51d37f4f9399", "x": 3138876.6633212301, "y": 1710974.1460893201 }, "geometry": { "type": "Point", "coordinates": [ -105.00585216, 39.78439451 ] } },
{ "type": "Feature", "properties": { "OBJECTID": 39, "Name": "7-ELEVEN", "Address Full": "1585 S Broadway Denver, CO 80210", "Address": "1585 S Broadway", "City": "Denver", "State": "CO", "County": "Denver", "Zip": 80210, "Lat": 39.68781552, "Long": -104.98791968, "Type": "Category 1: Convenience stores ", "SNAP": "Yes", "DUFB": "No", "WIC": "No", "Status": "Active", "GlobalID": "469a2550-b83b-4edd-9ac9-6bb554ebbfe6", "x": 3144114.7089474602, "y": 1675821.9266957301 }, "geometry": { "type": "Point", "coordinates": [ -104.98791968, 39.68781552 ] } },
{ "type": "Feature", "properties": { "OBJECTID": 40, "Name": "7-ELEVEN", "Address Full": "1595 W 47th Ave Denver, CO 80211", "Address": "1595 W 47th Ave", "City": "Denver", "State": "CO", "County": "Denver", "Zip": 80211, "Lat": 39.78233351, "Long": -105.00594216, "Type": "Category 1: Convenience stores ", "SNAP": "Yes", "DUFB": "No", "WIC": "No", "Status": "Active", "GlobalID": "1d6dde1e-79ef-418f-92d8-74c77611012a", "x": 3138855.45273373, "y": 1710223.2489690599 }, "geometry": { "type": "Point", "coordinates": [ -105.00594216, 39.78233351 ] } },
{ "type": "Feature", "properties": { "OBJECTID": 41, "Name": "CIRCLEK", "Address Full": "1600 S Colorado Blvd Denver, CO 80222", "Address": "1600 S Colorado Blvd", "City": "Denver", "State": "CO", "County": "Denver", "Zip": 80222, "Lat": 39.68714951, "Long": -104.94023769, "Type": "Category 1: Convenience stores ", "SNAP": "Yes", "DUFB": "No", "WIC": "No", "Status": "Active", "GlobalID": "c0a81f4a-1c6d-410b-a85f-fc8b37f51cbf", "x": 3157535.1784975501, "y": 1675658.49165514 }, "geometry": { "type": "Point", "coordinates": [ -104.94023769, 39.68714951 ] } },
{ "type": "Feature", "properties": { "OBJECTID": 42, "Name": "RUSSELL'S", "Address Full": "1625 N Broadway Denver, CO 80202", "Address": "1625 N Broadway", "City": "Denver", "State": "CO", "County": "Denver", "Zip": 80202, "Lat": 39.74221151, "Long": -104.98766317, "Type": "Category 1: Convenience stores ", "SNAP": "No", "DUFB": "No", "WIC": "No", "Status": "Active", "GlobalID": "f0bde81e-82a4-4e23-b558-d09eb715e8b9", "x": 3144075.15193997, "y": 1695636.6137723001 }, "geometry": { "type": "Point", "coordinates": [ -104.98766317, 39.74221151 ] } },
{ "type": "Feature", "properties": { "OBJECTID": 43, "Name": "KUM&GO", "Address Full": "16351 Green Valley Ranch Blvd Denver, CO 80239", "Address": "16351 Green Valley Ranch Blvd", "City": "Denver", "State": "CO", "County": "Denver", "Zip": 80239, "Lat": 39.78437649, "Long": -104.79743921, "Type": "Category 1: Convenience stores ", "SNAP": "Yes", "DUFB": "No", "WIC": "No", "Status": "Active", "GlobalID": "756f35a3-939c-4233-9724-943c1b6f3fa9", "x": 3197448.6662557302, "y": 1711353.36875606 }, "geometry": { "type": "Point", "coordinates": [ -104.79743921, 39.78437649 ] } },
{ "type": "Feature", "properties": { "OBJECTID": 44, "Name": "7ELEVEN", "Address Full": "1645 E 17th Ave Denver, CO 80218", "Address": "1645 E 17th Ave", "City": "Denver", "State": "CO", "County": "Denver", "Zip": 80218, "Lat": 39.74348051, "Long": -104.96756168, "Type": "Category 1: Convenience stores ", "SNAP": "No", "DUFB": "No", "WIC": "No", "Status": "Active", "GlobalID": "a69596be-4f44-45d8-8d70-c0b41b65b2ff", "x": 3149725.15507564, "y": 1696131.36868832 }, "geometry": { "type": "Point", "coordinates": [ -104.96756168, 39.74348051 ] } },
{ "type": "Feature", "properties": { "OBJECTID": 45, "Name": "GASEXPRESS", "Address Full": "1660 S Santa Fe Dr Denver, CO 80223", "Address": "1660 S Santa Fe Dr", "City": "Denver", "State": "CO", "County": "Denver", "Zip": 80223, "Lat": 39.68653752, "Long": -104.99152868, "Type": "Category 1: Convenience stores ", "SNAP": "No", "DUFB": "No", "WIC": "No", "Status": "Active", "GlobalID": "dfec4c3e-2d79-4052-8fac-32d41cef910f", "x": 3143101.6447006301, "y": 1675350.7022444799 }, "geometry": { "type": "Point", "coordinates": [ -104.99152868, 39.68653752 ] } },
{ "type": "Feature", "properties": { "OBJECTID": 46, "Name": "MYGOOD'SMARKET", "Address Full": "1696 S Colorado Blvd Denver, CO 80222", "Address": "1696 S Colorado Blvd", "City": "Denver", "State": "CO", "County": "Denver", "Zip": 80222, "Lat": 39.68598852, "Long": -104.94023769, "Type": "Category 1: Convenience stores ", "SNAP": "Yes", "DUFB": "No", "WIC": "No", "Status": "Active", "GlobalID": "6a950a84-aea0-4da0-b8bd-5740798774e8", "x": 3157537.7841353901, "y": 1675235.59486315 }, "geometry": { "type": "Point", "coordinates": [ -104.94023769, 39.68598852 ] } },
{ "type": "Feature", "properties": { "OBJECTID": 47, "Name": "FAMILYDOLLAR", "Address Full": "1700 E Colfax Ave Denver, CO 80218", "Address": "1700 E Colfax Ave", "City": "Denver", "State": "CO", "County": "Denver", "Zip": 80218, "Lat": 39.73968251, "Long": -104.96687318, "Type": "Category 1: Convenience stores ", "SNAP": "No", "DUFB": "No", "WIC": "No", "Status": "Active", "GlobalID": "3b514942-2c30-4048-b05b-e12b3990b77a", "x": 3149926.88236247, "y": 1694749.03352648 }, "geometry": { "type": "Point", "coordinates": [ -104.96687318, 39.73968251 ] } },
{ "type": "Feature", "properties": { "OBJECTID": 48, "Name": "7-ELEVEN", "Address Full": "1726 Champa St Denver, CO 80202", "Address": "1726 Champa St", "City": "Denver", "State": "CO", "County": "Denver", "Zip": 80202, "Lat": 39.74777351, "Long": -104.99202367, "Type": "Category 1: Convenience stores ", "SNAP": "No", "DUFB": "No", "WIC": "No", "Status": "Active", "GlobalID": "8d834426-c61f-48df-8fa2-52c37b4b2da6", "x": 3142837.61209223, "y": 1697655.76426156 }, "geometry": { "type": "Point", "coordinates": [ -104.99202367, 39.74777351 ] } },
{ "type": "Feature", "properties": { "OBJECTID": 49, "Name": "7-ELEVEN", "Address Full": "1755 Blake St Denver, CO 80202", "Address": "1755 Blake St", "City": "Denver", "State": "CO", "County": "Denver", "Zip": 80202, "Lat": 39.75229151, "Long": -104.99721667, "Type": "Category 1: Convenience stores ", "SNAP": "Yes", "DUFB": "No", "WIC": "No", "Status": "Active", "GlobalID": "4aaf7ca8-f9c6-4c9b-995a-0c36706f0ea0", "x": 3141368.3013825598, "y": 1699293.3895952301 }, "geometry": { "type": "Point", "coordinates": [ -104.99721667, 39.75229151 ] } },
{ "type": "Feature", "properties": { "OBJECTID": 50, "Name": "CAPITOLHILLCONOCOANDAUTO", "Address Full": "1770 E Colfax Ave Denver, CO 80218", "Address": "1770 E Colfax Ave", "City": "Denver", "State": "CO", "County": "Denver", "Zip": 80218, "Lat": 39.73975451, "Long": -104.96634218, "Type": "Category 1: Convenience stores ", "SNAP": "No", "DUFB": "No", "WIC": "No", "Status": "Active", "GlobalID": "89896466-38bc-47b2-a004-878b0a73f46c", "x": 3150076.0552924699, "y": 1694776.1371468201 }, "geometry": { "type": "Point", "coordinates": [ -104.96634218, 39.73975451 ] } },
{ "type": "Feature", "properties": { "OBJECTID": 51, "Name": "7-ELEVEN", "Address Full": "1775 Blake St Denver, CO 80202", "Address": "1775 Blake St", "City": "Denver", "State": "CO", "County": "Denver", "Zip": 80202, "Lat": 39.75238151, "Long": -104.99701417, "Type": "Category 1: Convenience stores ", "SNAP": "Yes", "DUFB": "No", "WIC": "No", "Status": "Active", "GlobalID": "ed88fa12-7832-402f-90e5-8cb838f8290c", "x": 3141425.0565183898, "y": 1699326.4886103901 }, "geometry": { "type": "Point", "coordinates": [ -104.99701417, 39.75238151 ] } },
{ "type": "Feature", "properties": { "OBJECTID": 52, "Name": "RUSSELL'S", "Address Full": "1775 N Sherman St Denver, CO 80203", "Address": "1775 N Sherman St", "City": "Denver", "State": "CO", "County": "Denver", "Zip": 80203, "Lat": 39.74455151, "Long": -104.98503967000001, "Type": "Category 1: Convenience stores ", "SNAP": "No", "DUFB": "No", "WIC": "No", "Status": "Active", "GlobalID": "08f939c5-5cb1-4f8a-878e-c8927eb4bad9", "x": 3144808.0714058899, "y": 1696493.1622560599 }, "geometry": { "type": "Point", "coordinates": [ -104.98503967, 39.74455151 ] } },
{ "type": "Feature", "properties": { "OBJECTID": 53, "Name": "PARAELBARRIOYMAS", "Address Full": "1789 W Mississippi Ave Denver, CO 80223", "Address": "1789 W Mississippi Ave", "City": "Denver", "State": "CO", "County": "Denver", "Zip": 80223, "Lat": 39.69706752, "Long": -105.00898417000001, "Type": "Category 1: Convenience stores ", "SNAP": "Yes", "DUFB": "Yes", "WIC": "No", "Status": "Active", "GlobalID": "577b29bf-e1ca-4c8e-9312-1cf28a1b29bc", "x": 3138168.3756958102, "y": 1679159.3084723901 }, "geometry": { "type": "Point", "coordinates": [ -105.00898417, 39.69706752 ] } },
{ "type": "Feature", "properties": { "OBJECTID": 54, "Name": "7-ELEVEN", "Address Full": "1800 Lawrence St Denver, CO 80202", "Address": "1800 Lawrence St", "City": "Denver", "State": "CO", "County": "Denver", "Zip": 80202, "Lat": 39.75041051, "Long": -104.99390917, "Type": "Category 1: Convenience stores ", "SNAP": "No", "DUFB": "No", "WIC": "No", "Status": "Active", "GlobalID": "41385639-c814-49c3-a204-74e4c5eddd6f", "x": 3142302.0833076402, "y": 1698613.37094215 }, "geometry": { "type": "Point", "coordinates": [ -104.99390917, 39.75041051 ] } },
{ "type": "Feature", "properties": { "OBJECTID": 55, "Name": "7-ELEVEN", "Address Full": "1800 N Downing St Denver, CO 80218", "Address": "1800 N Downing St", "City": "Denver", "State": "CO", "County": "Denver", "Zip": 80218, "Lat": 39.74501051, "Long": -104.97297518000001, "Type": "Category 1: Convenience stores ", "SNAP": "No", "DUFB": "No", "WIC": "No", "Status": "Active", "GlobalID": "aac195f5-25d2-43a6-8d19-64f4f01f8a04", "x": 3148199.62728681, "y": 1696679.81509797 }, "geometry": { "type": "Point", "coordinates": [ -104.97297518, 39.74501051 ] } },
{ "type": "Feature", "properties": { "OBJECTID": 56, "Name": "7-ELEVEN", "Address Full": "1800 Welton St Denver, CO 80202", "Address": "1800 Welton St", "City": "Denver", "State": "CO", "County": "Denver", "Zip": 80202, "Lat": 39.74636951, "Long": -104.98859917, "Type": "Category 1: Convenience stores ", "SNAP": "No", "DUFB": "No", "WIC": "No", "Status": "Active", "GlobalID": "d167d735-304a-4829-9e8c-2439faf8ec71", "x": 3143803.4142944701, "y": 1697149.74001114 }, "geometry": { "type": "Point", "coordinates": [ -104.98859917, 39.74636951 ] } },
{ "type": "Feature", "properties": { "OBJECTID": 57, "Name": "MURPHYEXPRESS", "Address Full": "18261 Green Valley Ranch Blvd Denver, CO 80249", "Address": "18261 Green Valley Ranch Blvd", "City": "Denver", "State": "CO", "County": "Denver", "Zip": 80249, "Lat": 39.78412449, "Long": -104.77569072, "Type": "Category 1: Convenience stores ", "SNAP": "Yes", "DUFB": "No", "WIC": "No", "Status": "Active", "GlobalID": "7023e769-9bc9-43e0-a5af-e729867d6b65", "x": 3203561.4965497302, "y": 1711309.57520847 }, "geometry": { "type": "Point", "coordinates": [ -104.77569072, 39.78412449 ] } },
{ "type": "Feature", "properties": { "OBJECTID": 58, "Name": "7-ELEVEN", "Address Full": "18449 E 65th Ave Denver, CO 80249", "Address": "18449 E 65th Ave", "City": "Denver", "State": "CO", "County": "Denver", "Zip": 80249, "Lat": 39.81498549, "Long": -104.77288722, "Type": "Category 1: Convenience stores ", "SNAP": "Yes", "DUFB": "No", "WIC": "No", "Status": "Active", "GlobalID": "781dd167-f03a-4a39-b348-1225bff205e3", "x": 3204259.4046027199, "y": 1722557.4677389001 }, "geometry": { "type": "Point", "coordinates": [ -104.77288722, 39.81498549 ] } },
{ "type": "Feature", "properties": { "OBJECTID": 59, "Name": "7-ELEVEN", "Address Full": "1850 S Sheridan Blvd Denver, CO 80232", "Address": "1850 S Sheridan Blvd", "City": "Denver", "State": "CO", "County": "Denver", "Zip": 80232, "Lat": 39.68246952, "Long": -105.05255766000001, "Type": "Category 1: Convenience stores ", "SNAP": "Yes", "DUFB": "No", "WIC": "No", "Status": "Active", "GlobalID": "7f6f26e1-627e-4759-9e83-f660f60b9000", "x": 3125933.39819731, "y": 1673778.53905022 }, "geometry": { "type": "Point", "coordinates": [ -105.05255766, 39.68246952 ] } },
{ "type": "Feature", "properties": { "OBJECTID": 60, "Name": "WALGREENS", "Address Full": "18550 Green Valley Ranch Blvd Denver, CO 80249", "Address": "18550 Green Valley Ranch Blvd", "City": "Denver", "State": "CO", "County": "Denver", "Zip": 80249, "Lat": 39.78343149, "Long": -104.77068222, "Type": "Category 1: Convenience stores ", "SNAP": "Yes", "DUFB": "No", "WIC": "No", "Status": "Active", "GlobalID": "3b73ff3a-226b-47c2-804b-81bdf65e9d93", "x": 3204971.09313998, "y": 1711068.4021343901 }, "geometry": { "type": "Point", "coordinates": [ -104.77068222, 39.78343149 ] } },
{ "type": "Feature", "properties": { "OBJECTID": 61, "Name": "FAMILYDOLLARSTORE", "Address Full": "1875 W Mississippi Ave Denver, CO 80223", "Address": "1875 W Mississippi Ave", "City": "Denver", "State": "CO", "County": "Denver", "Zip": 80223, "Lat": 39.69705852, "Long": -105.01061767, "Type": "Category 1: Convenience stores ", "SNAP": null, "DUFB": null, "WIC": null, "Status": "Inactive", "GlobalID": "b6d48c0d-fe70-4287-912b-073704565cda", "x": 3137708.74242872, "y": 1679153.54962565 }, "geometry": { "type": "Point", "coordinates": [ -105.01061767, 39.69705852 ] } },
{ "type": "Feature", "properties": { "OBJECTID": 62, "Name": "COLFAXFOODANDGAS", "Address Full": "1895 E Colfax Ave Denver, CO 80218", "Address": "1895 E Colfax Ave", "City": "Denver", "State": "CO", "County": "Denver", "Zip": 80218, "Lat": 39.74032151, "Long": -104.96510018, "Type": "Category 1: Convenience stores ", "SNAP": "Yes", "DUFB": "No", "WIC": "No", "Status": "Active", "GlobalID": "6b45a30d-9bf6-4f57-b5f6-0c3d4338f176", "x": 3150424.1123391399, "y": 1694984.7282650601 }, "geometry": { "type": "Point", "coordinates": [ -104.96510018, 39.74032151 ] } },
{ "type": "Feature", "properties": { "OBJECTID": 63, "Name": "PHILLIPSPETROLEUMCO", "Address Full": "1901 S Sheridan Blvd Denver, CO 80227", "Address": "1901 S Sheridan Blvd", "City": "Denver", "State": "CO", "County": "Denver", "Zip": 80227, "Lat": 39.68192052, "Long": -105.05371866, "Type": "Category 1: Convenience stores ", "SNAP": "No", "DUFB": "No", "WIC": "No", "Status": "Active", "GlobalID": "e4febebb-2c6d-4a8c-b5f7-675f423a906d", "x": 3125607.6180089698, "y": 1673576.9544796499 }, "geometry": { "type": "Point", "coordinates": [ -105.05371866, 39.68192052 ] } },
{ "type": "Feature", "properties": { "OBJECTID": 64, "Name": "Vincentconveniencemarket", "Address Full": "1906 E Colfax Ave Denver, CO 80206", "Address": "1906 E Colfax Ave", "City": "Denver", "State": "CO", "County": "Denver", "Zip": 80206, "Lat": 39.73986251, "Long": -104.96440718, "Type": "Category 1: Convenience stores ", "SNAP": "No", "DUFB": "No", "WIC": "No", "Status": "Active", "GlobalID": "69b703e9-cdfe-407a-9ef4-9da525a46ae0", "x": 3150619.9807138001, "y": 1694818.6797126399 }, "geometry": { "type": "Point", "coordinates": [ -104.96440718, 39.73986251 ] } },
{ "type": "Feature", "properties": { "OBJECTID": 65, "Name": "ALLINONE", "Address Full": "19245 E 56th Ave Denver, CO 80249", "Address": "19245 E 56th Ave", "City": "Denver", "State": "CO", "County": "Denver", "Zip": 80249, "Lat": 39.79907349, "Long": -104.76338772, "Type": "Category 1: Convenience stores ", "SNAP": "Yes", "DUFB": "No", "WIC": "No", "Status": "Active", "GlobalID": "c46fef45-8aac-4557-b64e-a8db2e0c27b9", "x": 3206974.9300115602, "y": 1716782.76111248 }, "geometry": { "type": "Point", "coordinates": [ -104.76338772, 39.79907349 ] } },
{ "type": "Feature", "properties": { "OBJECTID": 66, "Name": "ALTA#6013", "Address Full": "1970 S Holly St Denver, CO 80222", "Address": "1970 S Holly St", "City": "Denver", "State": "CO", "County": "Denver", "Zip": 80222, "Lat": 39.68091251, "Long": -104.92191369, "Type": "Category 1: Convenience stores ", "SNAP": "Yes", "DUFB": "No", "WIC": "No", "Status": "Active", "GlobalID": "619193c9-7557-4d13-b0ba-b1a2bb24ab25", "x": 3162706.5316718798, "y": 1673418.93281406 }, "geometry": { "type": "Point", "coordinates": [ -104.92191369, 39.68091251 ] } },
{ "type": "Feature", "properties": { "OBJECTID": 67, "Name": "7-ELEVEN", "Address Full": "1975 E Colfax Ave Denver, CO 80206", "Address": "1975 E Colfax Ave", "City": "Denver", "State": "CO", "County": "Denver", "Zip": 80206, "Lat": 39.74028551, "Long": -104.96382218, "Type": "Category 1: Convenience stores ", "SNAP": "Yes", "DUFB": "No", "WIC": "No", "Status": "Active", "GlobalID": "53069992-0ce0-4b15-ba15-8ffa40196390", "x": 3150783.5837330502, "y": 1694973.7332083101 }, "geometry": { "type": "Point", "coordinates": [ -104.96382218, 39.74028551 ] } },
{ "type": "Feature", "properties": { "OBJECTID": 68, "Name": "ALTA-RFE", "Address Full": "1989 W Mississippi Ave Denver, CO 80223", "Address": "1989 W Mississippi Ave", "City": "Denver", "State": "CO", "County": "Denver", "Zip": 80223, "Lat": 39.69709452, "Long": -105.01230517, "Type": "Category 1: Convenience stores ", "SNAP": "Yes", "DUFB": "No", "WIC": "No", "Status": "Active", "GlobalID": "1b87f525-fc56-4580-9584-0e182af87077", "x": 3137233.8257276402, "y": 1679164.1096438901 }, "geometry": { "type": "Point", "coordinates": [ -105.01230517, 39.69709452 ] } },
{ "type": "Feature", "properties": { "OBJECTID": 69, "Name": "WALGREENS", "Address Full": "2000 E Colfax Ave Denver, CO 80206", "Address": "2000 E Colfax Ave", "City": "Denver", "State": "CO", "County": "Denver", "Zip": 80206, "Lat": 39.73943051, "Long": -104.96312468000001, "Type": "Category 1: Convenience stores ", "SNAP": "Yes", "DUFB": "No", "WIC": "No", "Status": "Active", "GlobalID": "e60061d6-b579-48e8-b161-220c9f347ddf", "x": 3150981.5725103002, "y": 1694663.4470834699 }, "geometry": { "type": "Point", "coordinates": [ -104.96312468, 39.73943051 ] } },
{ "type": "Feature", "properties": { "OBJECTID": 70, "Name": "SHAMROCKMISSISSIPPI", "Address Full": "2000 W Mississippi Ave Denver, CO 80223", "Address": "2000 W Mississippi Ave", "City": "Denver", "State": "CO", "County": "Denver", "Zip": 80223, "Lat": 39.69648252, "Long": -105.01302517000001, "Type": "Category 1: Convenience stores ", "SNAP": "Yes", "DUFB": "No", "WIC": "No", "Status": "Active", "GlobalID": "944032f4-5daf-41ae-bd18-7f7d12646301", "x": 3137032.41996247, "y": 1678940.09664048 }, "geometry": { "type": "Point", "coordinates": [ -105.01302517, 39.69648252 ] } },
{ "type": "Feature", "properties": { "OBJECTID": 71, "Name": "RUSSELL'S", "Address Full": "201 W Colfax Ave Denver, CO 80202", "Address": "201 W Colfax Ave", "City": "Denver", "State": "CO", "County": "Denver", "Zip": 80202, "Lat": 39.74050151, "Long": -104.99027767, "Type": "Category 1: Convenience stores ", "SNAP": "Yes", "DUFB": "No", "WIC": "No", "Status": "Active", "GlobalID": "0ef9c282-f3f1-4cfa-bc22-395486190c38", "x": 3143343.4263693099, "y": 1695009.58746731 }, "geometry": { "type": "Point", "coordinates": [ -104.99027767, 39.74050151 ] } },
{ "type": "Feature", "properties": { "OBJECTID": 72, "Name": "FAMILYDOLLARSTORE", "Address Full": "2085 S Federal Blvd Denver, CO 80219", "Address": "2085 S Federal Blvd", "City": "Denver", "State": "CO", "County": "Denver", "Zip": 80219, "Lat": 39.67931952, "Long": -105.02571967, "Type": "Category 1: Convenience stores ", "SNAP": "Yes", "DUFB": "No", "WIC": "No", "Status": "Active", "GlobalID": "6c572e5e-4f41-44b3-be1c-dc654a3272ff", "x": 3133492.9191674702, "y": 1672669.4507172301 }, "geometry": { "type": "Point", "coordinates": [ -105.02571967, 39.67931952 ] } },
{ "type": "Feature", "properties": { "OBJECTID": 73, "Name": "SAV-O-MART", "Address Full": "2098 S Federal Blvd Denver, CO 80219", "Address": "2098 S Federal Blvd", "City": "Denver", "State": "CO", "County": "Denver", "Zip": 80219, "Lat": 39.67905852, "Long": -105.02463967, "Type": "Category 1: Convenience stores ", "SNAP": "Yes", "DUFB": "No", "WIC": "No", "Status": "Active", "GlobalID": "e2696c9e-df67-4fcc-a53b-efbc755bf6ee", "x": 3133797.3952645501, "y": 1672575.9686207301 }, "geometry": { "type": "Point", "coordinates": [ -105.02463967, 39.67905852 ] } },
{ "type": "Feature", "properties": { "OBJECTID": 74, "Name": "7-ELEVEN", "Address Full": "2100 S Holly St Denver, CO 80222", "Address": "2100 S Holly St", "City": "Denver", "State": "CO", "County": "Denver", "Zip": 80222, "Lat": 39.67814051, "Long": -104.92185969000001, "Type": "Category 1: Convenience stores ", "SNAP": "No", "DUFB": "No", "WIC": "No", "Status": "Active", "GlobalID": "4b423807-c95f-492e-bfbe-d475cd6f5e87", "x": 3162728.1559724701, "y": 1672409.31803539 }, "geometry": { "type": "Point", "coordinates": [ -104.92185969, 39.67814051 ] } },
{ "type": "Feature", "properties": { "OBJECTID": 75, "Name": "EVERYDAY5733", "Address Full": "2101 S Holly St Denver, CO 80222", "Address": "2101 S Holly St", "City": "Denver", "State": "CO", "County": "Denver", "Zip": 80222, "Lat": 39.67822152, "Long": -104.92260669, "Type": "Category 1: Convenience stores ", "SNAP": "No", "DUFB": "No", "WIC": "No", "Status": "Active", "GlobalID": "a0905574-c333-4d3a-8476-a649930b1f63", "x": 3162517.7144642202, "y": 1672437.4889108101 }, "geometry": { "type": "Point", "coordinates": [ -104.92260669, 39.67822152 ] } },
{ "type": "Feature", "properties": { "OBJECTID": 76, "Name": "SINCLAIR", "Address Full": "2110 S Federal Blvd Denver, CO 80219", "Address": "2110 S Federal Blvd", "City": "Denver", "State": "CO", "County": "Denver", "Zip": 80219, "Lat": 39.67823052, "Long": -105.02461267, "Type": "Category 1: Convenience stores ", "SNAP": "Yes", "DUFB": "No", "WIC": "No", "Status": "Active", "GlobalID": "fb7cd487-4dc2-4ad0-94a9-99a82726d71b", "x": 3133806.57306772, "y": 1672274.4045913101 }, "geometry": { "type": "Point", "coordinates": [ -105.02461267, 39.67823052 ] } },
{ "type": "Feature", "properties": { "OBJECTID": 77, "Name": "SUPER99+CENTS", "Address Full": "2155 S Sheridan Blvd Denver, CO 80227", "Address": "2155 S Sheridan Blvd", "City": "Denver", "State": "CO", "County": "Denver", "Zip": 80227, "Lat": 39.67796952, "Long": -105.05618016, "Type": "Category 1: Convenience stores ", "SNAP": "Yes", "DUFB": "No", "WIC": "No", "Status": "Active", "GlobalID": "10213cff-856a-4046-8198-e6fd6d7574e3", "x": 3124921.8556009699, "y": 1672134.3819054801 }, "geometry": { "type": "Point", "coordinates": [ -105.05618016, 39.67796952 ] } },
{ "type": "Feature", "properties": { "OBJECTID": 78, "Name": "SUNMARKET", "Address Full": "2201 N Lafayette St Denver, CO 80205", "Address": "2201 N Lafayette St", "City": "Denver", "State": "CO", "County": "Denver", "Zip": 80205, "Lat": 39.74968151, "Long": -104.97111668, "Type": "Category 1: Convenience stores ", "SNAP": "Yes", "DUFB": "No", "WIC": "No", "Status": "Active", "GlobalID": "2fa0cbde-8c96-4fcb-bbac-6f055985ff67", "x": 3148712.3267207099, "y": 1698384.32874931 }, "geometry": { "type": "Point", "coordinates": [ -104.97111668, 39.74968151 ] } },
{ "type": "Feature", "properties": { "OBJECTID": 79, "Name": "7-ELEVEN", "Address Full": "2201 S Sheridan Blvd Denver, CO 80227", "Address": "2201 S Sheridan Blvd", "City": "Denver", "State": "CO", "County": "Denver", "Zip": 80227, "Lat": 39.67540452, "Long": -105.05367367, "Type": "Category 1: Convenience stores ", "SNAP": "Yes", "DUFB": "No", "WIC": "No", "Status": "Active", "GlobalID": "d66b3a14-ce7e-433a-bfa3-a2f887db5f91", "x": 3125631.94145113, "y": 1671203.52057822 }, "geometry": { "type": "Point", "coordinates": [ -105.05367367, 39.67540452 ] } },
{ "type": "Feature", "properties": { "OBJECTID": 80, "Name": "CIRCLEK#2744079", "Address Full": "2210 S Colorado Blvd Denver, CO 80222", "Address": "2210 S Colorado Blvd", "City": "Denver", "State": "CO", "County": "Denver", "Zip": 80222, "Lat": 39.67640352, "Long": -104.94026019, "Type": "Category 1: Convenience stores ", "SNAP": "Yes", "DUFB": "No", "WIC": "No", "Status": "Active", "GlobalID": "7ef1b4a1-e349-4235-a264-32f48f60a920", "x": 3157552.9642231301, "y": 1671744.17730531 }, "geometry": { "type": "Point", "coordinates": [ -104.94026019, 39.67640352 ] } },
{ "type": "Feature", "properties": { "OBJECTID": 81, "Name": "7-ELEVEN", "Address Full": "2299 W Alameda Ave Denver, CO 80223", "Address": "2299 W Alameda Ave", "City": "Denver", "State": "CO", "County": "Denver", "Zip": 80223, "Lat": 39.71159352, "Long": -105.01409167, "Type": "Category 1: Convenience stores ", "SNAP": "Yes", "DUFB": "No", "WIC": "No", "Status": "Active", "GlobalID": "071b6b78-1347-4b38-8dcc-eb8adb01b110", "x": 3136702.8737055501, "y": 1684442.8087321401 }, "geometry": { "type": "Point", "coordinates": [ -105.01409167, 39.71159352 ] } },
{ "type": "Feature", "properties": { "OBJECTID": 82, "Name": "7-ELEVEN", "Address Full": "2341 E Colfax Ave Denver, CO 80206", "Address": "2341 E Colfax Ave", "City": "Denver", "State": "CO", "County": "Denver", "Zip": 80206, "Lat": 39.74033051, "Long": -104.95905668, "Type": "Category 1: Convenience stores ", "SNAP": "No", "DUFB": "No", "WIC": "No", "Status": "Active", "GlobalID": "5168a25c-19d7-49aa-baa2-b778b2613606", "x": 3152123.6214072998, "y": 1694998.07010189 }, "geometry": { "type": "Point", "coordinates": [ -104.95905668, 39.74033051 ] } },
{ "type": "Feature", "properties": { "OBJECTID": 83, "Name": "7-ELEVEN", "Address Full": "2410 S University Blvd Denver, CO 80210", "Address": "2410 S University Blvd", "City": "Denver", "State": "CO", "County": "Denver", "Zip": 80210, "Lat": 39.67278552, "Long": -104.95899369, "Type": "Category 1: Convenience stores ", "SNAP": "Yes", "DUFB": "No", "WIC": "No", "Status": "Active", "GlobalID": "80137b29-2477-49aa-b485-54eb55290e12", "x": 3152287.8569712201, "y": 1670394.36045115 }, "geometry": { "type": "Point", "coordinates": [ -104.95899369, 39.67278552 ] } },
{ "type": "Feature", "properties": { "OBJECTID": 84, "Name": "7-ELEVEN", "Address Full": "2500 W 38th Ave Denver, CO 80211", "Address": "2500 W 38th Ave", "City": "Denver", "State": "CO", "County": "Denver", "Zip": 80211, "Lat": 39.76903151, "Long": -105.01781316, "Type": "Category 1: Convenience stores ", "SNAP": "Yes", "DUFB": "No", "WIC": "No", "Status": "Active", "GlobalID": "d2a08acb-85eb-4072-b64c-a8eac5612e8e", "x": 3135544.8468221398, "y": 1705359.81971955 }, "geometry": { "type": "Point", "coordinates": [ -105.01781316, 39.76903151 ] } },
{ "type": "Feature", "properties": { "OBJECTID": 85, "Name": "7-ELEVEN", "Address Full": "2609 N Federal Blvd Denver, CO 80211", "Address": "2609 N Federal Blvd", "City": "Denver", "State": "CO", "County": "Denver", "Zip": 80211, "Lat": 39.75509951, "Long": -105.02586816, "Type": "Category 1: Convenience stores ", "SNAP": "Yes", "DUFB": "No", "WIC": "No", "Status": "Active", "GlobalID": "d6a3c24b-e9a7-426a-8dda-9b2248b7e3b3", "x": 3133307.0583187202, "y": 1700272.9332398199 }, "geometry": { "type": "Point", "coordinates": [ -105.02586816, 39.75509951 ] } },
{ "type": "Feature", "properties": { "OBJECTID": 86, "Name": "CONGRESSPARKMARKET", "Address Full": "2620 E 12th Ave Denver, CO 80206", "Address": "2620 E 12th Ave", "City": "Denver", "State": "CO", "County": "Denver", "Zip": 80206, "Lat": 39.73502051, "Long": -104.95579868, "Type": "Category 1: Convenience stores ", "SNAP": "No", "DUFB": "No", "WIC": "No", "Status": "Active", "GlobalID": "bfbb4e92-9379-49cf-97a1-f902ff6a9c9e", "x": 3153051.4092498901, "y": 1693069.3098518101 }, "geometry": { "type": "Point", "coordinates": [ -104.95579868, 39.73502051 ] } },
{ "type": "Feature", "properties": { "OBJECTID": 87, "Name": "SHELL", "Address Full": "2680 S Federal Blvd Denver, CO 80219", "Address": "2680 S Federal Blvd", "City": "Denver", "State": "CO", "County": "Denver", "Zip": 80219, "Lat": 39.66828552, "Long": -105.02468467, "Type": "Category 1: Convenience stores ", "SNAP": "Yes", "DUFB": "No", "WIC": "No", "Status": "Active", "GlobalID": "31ef62da-19dc-4d1d-aeb7-3e02ffc3c9d6", "x": 3133805.2610624698, "y": 1668651.77896257 }, "geometry": { "type": "Point", "coordinates": [ -105.02468467, 39.66828552 ] } },
{ "type": "Feature", "properties": { "OBJECTID": 88, "Name": "STINKERSTORE", "Address Full": "2698 W Alameda Ave Denver, CO 80219", "Address": "2698 W Alameda Ave", "City": "Denver", "State": "CO", "County": "Denver", "Zip": 80219, "Lat": 39.71090052, "Long": -105.02007667, "Type": "Category 1: Convenience stores ", "SNAP": "Yes", "DUFB": "No", "WIC": "No", "Status": "Active", "GlobalID": "49aca4de-5449-4a49-aaa5-7c46251f99ff", "x": 3135020.4348132201, "y": 1684181.4257247299 }, "geometry": { "type": "Point", "coordinates": [ -105.02007667, 39.71090052 ] } },
{ "type": "Feature", "properties": { "OBJECTID": 89, "Name": "CONOCO", "Address Full": "2727 N Zuni St Denver, CO 80211", "Address": "2727 N Zuni St", "City": "Denver", "State": "CO", "County": "Denver", "Zip": 80211, "Lat": 39.75671951, "Long": -105.01618416, "Type": "Category 1: Convenience stores ", "SNAP": "Yes", "DUFB": "No", "WIC": "No", "Status": "Active", "GlobalID": "d4ff8265-c8ff-4925-91b0-dc97871aeadc", "x": 3136026.64671156, "y": 1700877.3995505599 }, "geometry": { "type": "Point", "coordinates": [ -105.01618416, 39.75671951 ] } },
{ "type": "Feature", "properties": { "OBJECTID": 90, "Name": "7-ELEVEN", "Address Full": "2790 S Wadsworth Blvd Denver, CO 80227", "Address": "2790 S Wadsworth Blvd", "City": "Denver", "State": "CO", "County": "Denver", "Zip": 80227, "Lat": 39.66571153, "Long": -105.08071416, "Type": "Category 1: Convenience stores ", "SNAP": "Yes", "DUFB": "No", "WIC": "No", "Status": "Active", "GlobalID": "80a3d71e-f2a0-420b-a808-73aca24f1a8e", "x": 3118036.93531571, "y": 1667636.5280402999 }, "geometry": { "type": "Point", "coordinates": [ -105.08071416, 39.66571153 ] } },
{ "type": "Feature", "properties": { "OBJECTID": 91, "Name": "BARNSTOREFEDERAL", "Address Full": "2804 S Federal Blvd Denver, CO 80236", "Address": "2804 S Federal Blvd", "City": "Denver", "State": "CO", "County": "Denver", "Zip": 80236, "Lat": 39.66510852, "Long": -105.02481967, "Type": "Category 1: Convenience stores ", "SNAP": "Yes", "DUFB": "No", "WIC": "No", "Status": "Active", "GlobalID": "41636bd8-08c8-44c0-ad40-52627e9e6c9e", "x": 3133773.3106670501, "y": 1667494.3436133901 }, "geometry": { "type": "Point", "coordinates": [ -105.02481967, 39.66510852 ] } },
{ "type": "Feature", "properties": { "OBJECTID": 92, "Name": "YASMINEMARKETPLACE", "Address Full": "2835 N Fairfax St Denver, CO 80207", "Address": "2835 N Fairfax St", "City": "Denver", "State": "CO", "County": "Denver", "Zip": 80207, "Lat": 39.7572235, "Long": -104.92841169, "Type": "Category 1: Convenience stores ", "SNAP": "Yes", "DUFB": "No", "WIC": "No", "Status": "Active", "GlobalID": "7de8da11-9f01-4f03-8cda-e52781198262", "x": 3160702.7515587201, "y": 1701204.3303271399 }, "geometry": { "type": "Point", "coordinates": [ -104.92841169, 39.7572235 ] } },
{ "type": "Feature", "properties": { "OBJECTID": 93, "Name": "FAMILYDOLLAR", "Address Full": "2848 N Colorado Blvd Denver, CO 80207", "Address": "2848 N Colorado Blvd", "City": "Denver", "State": "CO", "County": "Denver", "Zip": 80207, "Lat": 39.75743051, "Long": -104.94035018, "Type": "Category 1: Convenience stores ", "SNAP": "No", "DUFB": "No", "WIC": "No", "Status": "Active", "GlobalID": "1721cfe9-8054-43f4-89d0-c42ef67d2945", "x": 3157345.8087975499, "y": 1701258.83842023 }, "geometry": { "type": "Point", "coordinates": [ -104.94035018, 39.75743051 ] } },
{ "type": "Feature", "properties": { "OBJECTID": 94, "Name": "WALGREENS", "Address Full": "2870 S Colorado Blvd Denver, CO 80222", "Address": "2870 S Colorado Blvd", "City": "Denver", "State": "CO", "County": "Denver", "Zip": 80222, "Lat": 39.66442452, "Long": -104.94002619, "Type": "Category 1: Convenience stores ", "SNAP": "Yes", "DUFB": "No", "WIC": "No", "Status": "Active", "GlobalID": "3750d2ca-bc36-42f1-85b1-ea43b28b6f88", "x": 3157645.7245363002, "y": 1667381.1955457299 }, "geometry": { "type": "Point", "coordinates": [ -104.94002619, 39.66442452 ] } },
{ "type": "Feature", "properties": { "OBJECTID": 95, "Name": "BCIGARETTES&CONVIENCESTORE", "Address Full": "2910 W Jewell Ave Denver, CO 80219", "Address": "2910 W Jewell Ave", "City": "Denver", "State": "CO", "County": "Denver", "Zip": 80219, "Lat": 39.68202852, "Long": -105.02399167, "Type": "Category 1: Convenience stores ", "SNAP": "No", "DUFB": "No", "WIC": "No", "Status": "Active", "GlobalID": "77088a7b-4bd9-4e3d-9b34-e0a2ee72872d", "x": 3133974.1143993, "y": 1673658.7650115599 }, "geometry": { "type": "Point", "coordinates": [ -105.02399167, 39.68202852 ] } },
{ "type": "Feature", "properties": { "OBJECTID": 96, "Name": "DNT", "Address Full": "295 S Broadway Denver, CO 80209", "Address": "295 S Broadway", "City": "Denver", "State": "CO", "County": "Denver", "Zip": 80209, "Lat": 39.71159351, "Long": -104.98805918, "Type": "Category 1: Convenience stores ", "SNAP": "No", "DUFB": "No", "WIC": "No", "Status": "Active", "GlobalID": "c0184742-8615-4f30-8a71-71d2841874b8", "x": 3144026.6408821298, "y": 1684483.0274837301 }, "geometry": { "type": "Point", "coordinates": [ -104.98805918, 39.71159351 ] } },
{ "type": "Feature", "properties": { "OBJECTID": 97, "Name": "7-ELEVEN", "Address Full": "2950 W Evans Ave Denver, CO 80219", "Address": "2950 W Evans Ave", "City": "Denver", "State": "CO", "County": "Denver", "Zip": 80219, "Lat": 39.67823052, "Long": -105.02367217, "Type": "Category 1: Convenience stores ", "SNAP": "Yes", "DUFB": "No", "WIC": "No", "Status": "Active", "GlobalID": "4d5dad57-a424-41ee-a07c-dd00053d6291", "x": 3134071.2916983799, "y": 1672275.7910714699 }, "geometry": { "type": "Point", "coordinates": [ -105.02367217, 39.67823052 ] } },
{ "type": "Feature", "properties": { "OBJECTID": 98, "Name": "WALGREENS", "Address Full": "2975 N Federal Blvd Denver, CO 80211", "Address": "2975 N Federal Blvd", "City": "Denver", "State": "CO", "County": "Denver", "Zip": 80211, "Lat": 39.76008551, "Long": -105.02568366, "Type": "Category 1: Convenience stores ", "SNAP": "Yes", "DUFB": "No", "WIC": "No", "Status": "Active", "GlobalID": "c37d83ea-d02d-47b9-a691-155ca8df8c2c", "x": 3133349.4493100499, "y": 1702089.43649656 }, "geometry": { "type": "Point", "coordinates": [ -105.02568366, 39.76008551 ] } },
{ "type": "Feature", "properties": { "OBJECTID": 99, "Name": "DIAMONDSHAMROCK", "Address Full": "300 S Downing St Denver, CO 80209", "Address": "300 S Downing St", "City": "Denver", "State": "CO", "County": "Denver", "Zip": 80209, "Lat": 39.71089151, "Long": -104.97307868, "Type": "Category 1: Convenience stores ", "SNAP": "Yes", "DUFB": "No", "WIC": "No", "Status": "Active", "GlobalID": "65a598d6-95d3-4443-82ef-d75531ad9882", "x": 3148242.6094843, "y": 1684251.41475798 }, "geometry": { "type": "Point", "coordinates": [ -104.97307868, 39.71089151 ] } },
{ "type": "Feature", "properties": { "OBJECTID": 100, "Name": "WALGREENS", "Address Full": "300 S Federal Blvd Denver, CO 80219", "Address": "300 S Federal Blvd", "City": "Denver", "State": "CO", "County": "Denver", "Zip": 80219, "Lat": 39.71069352, "Long": -105.02475217, "Type": "Category 1: Convenience stores ", "SNAP": null, "DUFB": null, "WIC": null, "Status": "Inactive", "GlobalID": "07680ed2-b5db-45a0-8cba-246c8e461717", "x": 3133705.4476138102, "y": 1684099.1089602299 }, "geometry": { "type": "Point", "coordinates": [ -105.02475217, 39.71069352 ] } },
{ "type": "Feature", "properties": { "OBJECTID": 101, "Name": "7-ELEVEN", "Address Full": "303 N Broadway Denver, CO 80203", "Address": "303 N Broadway", "City": "Denver", "State": "CO", "County": "Denver", "Zip": 80203, "Lat": 39.72129551, "Long": -104.98798718, "Type": "Category 1: Convenience stores ", "SNAP": "Yes", "DUFB": "No", "WIC": "No", "Status": "Active", "GlobalID": "901276b9-4bc3-4291-a272-711b1edaecf1", "x": 3144026.9784798902, "y": 1688017.1933156401 }, "geometry": { "type": "Point", "coordinates": [ -104.98798718, 39.72129551 ] } },
{ "type": "Feature", "properties": { "OBJECTID": 102, "Name": "7-ELEVEN", "Address Full": "303 N Santa Fe Dr Denver, CO 80223", "Address": "303 N Santa Fe Dr", "City": "Denver", "State": "CO", "County": "Denver", "Zip": 80223, "Lat": 39.72118751, "Long": -104.99894917, "Type": "Category 1: Convenience stores ", "SNAP": "No", "DUFB": "No", "WIC": "No", "Status": "Active", "GlobalID": "68f456ff-6abc-4d84-a59b-f25c9da686bb", "x": 3140943.6670612199, "y": 1687960.65996414 }, "geometry": { "type": "Point", "coordinates": [ -104.99894917, 39.72118751 ] } },
{ "type": "Feature", "properties": { "OBJECTID": 103, "Name": "SINCLAIR", "Address Full": "303 S Colorado Blvd Denver, CO 80246", "Address": "303 S Colorado Blvd", "City": "Denver", "State": "CO", "County": "Denver", "Zip": 80246, "Lat": 39.71107151, "Long": -104.94106569, "Type": "Category 1: Convenience stores ", "SNAP": "Yes", "DUFB": "No", "WIC": "No", "Status": "Active", "GlobalID": "dc79f26a-e5d5-456e-8590-0c5b08be590d", "x": 3157248.5432440499, "y": 1684370.8069076401 }, "geometry": { "type": "Point", "coordinates": [ -104.94106569, 39.71107151 ] } },
{ "type": "Feature", "properties": { "OBJECTID": 104, "Name": "WALGREENS", "Address Full": "3067 S Sheridan Blvd Denver, CO 80227", "Address": "3067 S Sheridan Blvd", "City": "Denver", "State": "CO", "County": "Denver", "Zip": 80227, "Lat": 39.65741353, "Long": -105.05402467, "Type": "Category 1: Convenience stores ", "SNAP": "Yes", "DUFB": "No", "WIC": "No", "Status": "Active", "GlobalID": "433ed45c-f545-4dee-b9e1-65a6d8ee2006", "x": 3125565.3139597201, "y": 1664649.7256149801 }, "geometry": { "type": "Point", "coordinates": [ -105.05402467, 39.65741353 ] } },
{ "type": "Feature", "properties": { "OBJECTID": 105, "Name": "7-ELEVEN", "Address Full": "3083 N Brighton Blvd Denver, CO 80216", "Address": "3083 N Brighton Blvd", "City": "Denver", "State": "CO", "County": "Denver", "Zip": 80216, "Lat": 39.76663751, "Long": -104.98455817, "Type": "Category 1: Convenience stores ", "SNAP": "Yes", "DUFB": "No", "WIC": "No", "Status": "Active", "GlobalID": "6250b662-7f4a-44a1-8745-922856c1fe4a", "x": 3144897.8218825599, "y": 1704539.0926864699 }, "geometry": { "type": "Point", "coordinates": [ -104.98455817, 39.76663751 ] } },
{ "type": "Feature", "properties": { "OBJECTID": 106, "Name": "DOLLARTREE", "Address Full": "3100 S Sheridan Blvd Denver, CO 80227", "Address": "3100 S Sheridan Blvd", "City": "Denver", "State": "CO", "County": "Denver", "Zip": 80227, "Lat": 39.65461453, "Long": -105.05276467, "Type": "Category 1: Convenience stores ", "SNAP": "Yes", "DUFB": "No", "WIC": "No", "Status": "Active", "GlobalID": "5a94a0e6-1ba2-41dc-a4ce-0d9bf6d2b31e", "x": 3125925.0862060501, "y": 1663631.9235167201 }, "geometry": { "type": "Point", "coordinates": [ -105.05276467, 39.65461453 ] } },
{ "type": "Feature", "properties": { "OBJECTID": 107, "Name": "CountryGas", "Address Full": "3100 W Jewell Ave Denver, CO 80219", "Address": "3100 W Jewell Ave", "City": "Denver", "State": "CO", "County": "Denver", "Zip": 80219, "Lat": 39.68198352, "Long": -105.02639917, "Type": "Category 1: Convenience stores ", "SNAP": "No", "DUFB": "No", "WIC": "No", "Status": "Active", "GlobalID": "a3ed85fc-6afa-407d-bef4-31e54f9a19c6", "x": 3133296.6072241399, "y": 1673638.83198056 }, "geometry": { "type": "Point", "coordinates": [ -105.02639917, 39.68198352 ] } },
{ "type": "Feature", "properties": { "OBJECTID": 108, "Name": "UptownCStore", "Address Full": "3119 E Bruce Randolph Ave Denver, CO 80205", "Address": "3119 E Bruce Randolph Ave", "City": "Denver", "State": "CO", "County": "Denver", "Zip": 80205, "Lat": 39.76457651, "Long": -104.95069118000001, "Type": "Category 1: Convenience stores ", "SNAP": "No", "DUFB": "No", "WIC": "No", "Status": "Active", "GlobalID": "cc758e5f-0aea-4252-a829-e0ee25e3fc18", "x": 3154422.7280295501, "y": 1703844.13246223 }, "geometry": { "type": "Point", "coordinates": [ -104.95069118, 39.76457651 ] } },
{ "type": "Feature", "properties": { "OBJECTID": 109, "Name": "UANCONVENIENCE", "Address Full": "3145 W Kentucky Ave Denver, CO 80219", "Address": "3145 W Kentucky Ave", "City": "Denver", "State": "CO", "County": "Denver", "Zip": 80219, "Lat": 39.70065852, "Long": -105.02739367, "Type": "Category 1: Convenience stores ", "SNAP": "Yes", "DUFB": "No", "WIC": "No", "Status": "Active", "GlobalID": "97b2aa5c-005b-4f83-8d3b-02defeed809b", "x": 3132981.3155318899, "y": 1680439.8872760499 }, "geometry": { "type": "Point", "coordinates": [ -105.02739367, 39.70065852 ] } },
{ "type": "Feature", "properties": { "OBJECTID": 110, "Name": "7-ELEVEN", "Address Full": "3177 E Colfax Ave Denver, CO 80206", "Address": "3177 E Colfax Ave", "City": "Denver", "State": "CO", "County": "Denver", "Zip": 80206, "Lat": 39.74042051, "Long": -104.95041218, "Type": "Category 1: Convenience stores ", "SNAP": "Yes", "DUFB": "No", "WIC": "No", "Status": "Active", "GlobalID": "4491f292-3fa2-4001-a188-17ef0104238b", "x": 3154554.3924643798, "y": 1695045.44467907 }, "geometry": { "type": "Point", "coordinates": [ -104.95041218, 39.74042051 ] } },
{ "type": "Feature", "properties": { "OBJECTID": 111, "Name": "7-ELEVEN", "Address Full": "3190 W 38th Ave Denver, CO 80211", "Address": "3190 W 38th Ave", "City": "Denver", "State": "CO", "County": "Denver", "Zip": 80211, "Lat": 39.76913051, "Long": -105.02965716, "Type": "Category 1: Convenience stores ", "SNAP": "Yes", "DUFB": "No", "WIC": "No", "Status": "Active", "GlobalID": "602a2c47-cb6e-4e12-9466-996d740a84d2", "x": 3132215.2895048899, "y": 1705378.42762198 }, "geometry": { "type": "Point", "coordinates": [ -105.02965716, 39.76913051 ] } },
{ "type": "Feature", "properties": { "OBJECTID": 112, "Name": "7-ELEVEN", "Address Full": "3200 E 45th Ave Denver, CO 80216", "Address": "3200 E 45th Ave", "City": "Denver", "State": "CO", "County": "Denver", "Zip": 80216, "Lat": 39.7787695, "Long": -104.94935018, "Type": "Category 1: Convenience stores ", "SNAP": "Yes", "DUFB": "No", "WIC": "No", "Status": "Active", "GlobalID": "f70f7ef4-83a5-4d7a-8ae9-25cbc5c6ed93", "x": 3154768.3700548098, "y": 1709016.4475769 }, "geometry": { "type": "Point", "coordinates": [ -104.94935018, 39.7787695 ] } },
{ "type": "Feature", "properties": { "OBJECTID": 113, "Name": "MAVERIK", "Address Full": "3253 S Parker Rd Denver, CO 80014", "Address": "3253 S Parker Rd", "City": "Denver", "State": "CO", "County": "Denver", "Zip": 80014, "Lat": 39.65881751, "Long": -104.85003521, "Type": "Category 1: Convenience stores ", "SNAP": "No", "DUFB": "No", "WIC": "No", "Status": "Active", "GlobalID": "56fcff54-631c-43f1-9e23-75334eb3005b", "x": 3182994.5002822299, "y": 1665507.5539518101 }, "geometry": { "type": "Point", "coordinates": [ -104.85003521, 39.65881751 ] } },
{ "type": "Feature", "properties": { "OBJECTID": 114, "Name": "FAMILYDOLLAR", "Address Full": "3360 N Downing St Denver, CO 80205", "Address": "3360 N Downing St", "City": "Denver", "State": "CO", "County": "Denver", "Zip": 80205, "Lat": 39.76424351, "Long": -104.97277717, "Type": "Category 1: Convenience stores ", "SNAP": "Yes", "DUFB": "No", "WIC": "No", "Status": "Active", "GlobalID": "2c414e1b-ab9b-4e8b-b7c9-0de8779d1d14", "x": 3148214.6482541398, "y": 1703686.04419573 }, "geometry": { "type": "Point", "coordinates": [ -104.97277717, 39.76424351 ] } },
{ "type": "Feature", "properties": { "OBJECTID": 115, "Name": "BIGD", "Address Full": "3400 N Colorado Blvd Denver, CO 80205", "Address": "3400 N Colorado Blvd", "City": "Denver", "State": "CO", "County": "Denver", "Zip": 80205, "Lat": 39.7647835, "Long": -104.94017468, "Type": "Category 1: Convenience stores ", "SNAP": "No", "DUFB": "No", "WIC": "No", "Status": "Active", "GlobalID": "771e0ecd-bbdc-4a6f-830c-528c536e813d", "x": 3157378.6443618098, "y": 1703937.5791257301 }, "geometry": { "type": "Point", "coordinates": [ -104.94017468, 39.7647835 ] } },
{ "type": "Feature", "properties": { "OBJECTID": 116, "Name": "7-ELEVEN", "Address Full": "3400 N York St Denver, CO 80205", "Address": "3400 N York St", "City": "Denver", "State": "CO", "County": "Denver", "Zip": 80205, "Lat": 39.76476551, "Long": -104.95943018, "Type": "Category 1: Convenience stores ", "SNAP": "Yes", "DUFB": "No", "WIC": "No", "Status": "Active", "GlobalID": "4bbaa073-12f1-4571-aea1-38db1be27a01", "x": 3151965.6233637198, "y": 1703898.2422621399 }, "geometry": { "type": "Point", "coordinates": [ -104.95943018, 39.76476551 ] } },
{ "type": "Feature", "properties": { "OBJECTID": 117, "Name": "CONOCO", "Address Full": "3434 W Alameda Ave Denver, CO 80219", "Address": "3434 W Alameda Ave", "City": "Denver", "State": "CO", "County": "Denver", "Zip": 80219, "Lat": 39.71078352, "Long": -105.03198367, "Type": "Category 1: Convenience stores ", "SNAP": "Yes", "DUFB": "No", "WIC": "No", "Status": "Active", "GlobalID": "265c7c4d-f857-4af2-8912-c304fe43f149", "x": 3131670.7984678899, "y": 1684121.3300443899 }, "geometry": { "type": "Point", "coordinates": [ -105.03198367, 39.71078352 ] } },
{ "type": "Feature", "properties": { "OBJECTID": 118, "Name": "CIRCLEK2744090", "Address Full": "3490 N Colorado Blvd Denver, CO 80205", "Address": "3490 N Colorado Blvd", "City": "Denver", "State": "CO", "County": "Denver", "Zip": 80205, "Lat": 39.7653145, "Long": -104.94017918, "Type": "Category 1: Convenience stores ", "SNAP": "Yes", "DUFB": "No", "WIC": "No", "Status": "Active", "GlobalID": "7cf37c68-5c94-4166-b883-b5f2c66cdbad", "x": 3157376.1876738099, "y": 1704130.99638981 }, "geometry": { "type": "Point", "coordinates": [ -104.94017918, 39.7653145 ] } },
{ "type": "Feature", "properties": { "OBJECTID": 119, "Name": "7-ELEVEN", "Address Full": "3490 Park Ave W Denver, CO 80216", "Address": "3490 Park Ave W", "City": "Denver", "State": "CO", "County": "Denver", "Zip": 80216, "Lat": 39.76607951, "Long": -104.99409367, "Type": "Category 1: Convenience stores ", "SNAP": "Yes", "DUFB": "No", "WIC": "No", "Status": "Active", "GlobalID": "96b53a33-3563-4b73-9033-dc7a09cf2f7a", "x": 3142218.4210733902, "y": 1704320.76372682 }, "geometry": { "type": "Point", "coordinates": [ -104.99409367, 39.76607951 ] } },
{ "type": "Feature", "properties": { "OBJECTID": 120, "Name": "K&GSTORE", "Address Full": "3550 N Downing St Denver, CO 80205", "Address": "3550 N Downing St", "City": "Denver", "State": "CO", "County": "Denver", "Zip": 80205, "Lat": 39.76628651, "Long": -104.97290317, "Type": "Category 1: Convenience stores ", "SNAP": "Yes", "DUFB": "No", "WIC": "No", "Status": "Active", "GlobalID": "734f59ee-50a2-4167-997a-98ec4adb727e", "x": 3148174.90916039, "y": 1704430.03483373 }, "geometry": { "type": "Point", "coordinates": [ -104.97290317, 39.76628651 ] } },
{ "type": "Feature", "properties": { "OBJECTID": 121, "Name": "WALGREENS", "Address Full": "3555 N Colorado Blvd Denver, CO 80205", "Address": "3555 N Colorado Blvd", "City": "Denver", "State": "CO", "County": "Denver", "Zip": 80205, "Lat": 39.7666105, "Long": -104.94092618000001, "Type": "Category 1: Convenience stores ", "SNAP": null, "DUFB": null, "WIC": null, "Status": "Inactive", "GlobalID": "3603a32f-8514-4391-9a7b-d490dd43e022", "x": 3157163.2891494799, "y": 1704601.79137997 }, "geometry": { "type": "Point", "coordinates": [ -104.94092618, 39.7666105 ] } },
{ "type": "Feature", "properties": { "OBJECTID": 122, "Name": "CIRCLEKSTORESINC", "Address Full": "3595 S Yosemite St Denver, CO 80237", "Address": "3595 S Yosemite St", "City": "Denver", "State": "CO", "County": "Denver", "Zip": 80237, "Lat": 39.65134752, "Long": -104.88531971, "Type": "Category 1: Convenience stores ", "SNAP": "Yes", "DUFB": "No", "WIC": "No", "Status": "Active", "GlobalID": "5764eb8b-8b3d-4025-9e47-34d9970d768d", "x": 3173078.8833024702, "y": 1662717.4666842199 }, "geometry": { "type": "Point", "coordinates": [ -104.88531971, 39.65134752 ] } },
{ "type": "Feature", "properties": { "OBJECTID": 123, "Name": "CIRCLEKSTORE", "Address Full": "3600 W 38th Ave Denver, CO 80211", "Address": "3600 W 38th Ave", "City": "Denver", "State": "CO", "County": "Denver", "Zip": 80211, "Lat": 39.76928351, "Long": -105.03497616, "Type": "Category 1: Convenience stores ", "SNAP": "Yes", "DUFB": "No", "WIC": "No", "Status": "Active", "GlobalID": "4a1d29f6-a21b-4449-ae8e-057744d1c44c", "x": 3130719.8249761299, "y": 1705426.4632870599 }, "geometry": { "type": "Point", "coordinates": [ -105.03497616, 39.76928351 ] } },
{ "type": "Feature", "properties": { "OBJECTID": 124, "Name": "ALTA/CONOCO", "Address Full": "3701 W 44th Ave Denver, CO 80211", "Address": "3701 W 44th Ave", "City": "Denver", "State": "CO", "County": "Denver", "Zip": 80211, "Lat": 39.77694251, "Long": -105.03618666, "Type": "Category 1: Convenience stores ", "SNAP": "Yes", "DUFB": "No", "WIC": "No", "Status": "Active", "GlobalID": "75fb8fdf-1f6d-4d0c-ae02-ae60462d3680", "x": 3130365.30796863, "y": 1708214.6581699699 }, "geometry": { "type": "Point", "coordinates": [ -105.03618666, 39.77694251 ] } },
{ "type": "Feature", "properties": { "OBJECTID": 125, "Name": "PARKHILLSUPERMARKET", "Address Full": "3770 E 40th Ave Denver, CO 80205", "Address": "3770 E 40th Ave", "City": "Denver", "State": "CO", "County": "Denver", "Zip": 80205, "Lat": 39.7719475, "Long": -104.94347318, "Type": "Category 1: Convenience stores ", "SNAP": "Yes", "DUFB": "No", "WIC": "No", "Status": "Active", "GlobalID": "03cfc833-8f8e-42bd-bb9d-1b1caffa3193", "x": 3156435.3919832301, "y": 1706541.48369481 }, "geometry": { "type": "Point", "coordinates": [ -104.94347318, 39.7719475 ] } },
{ "type": "Feature", "properties": { "OBJECTID": 126, "Name": "7-ELEVEN", "Address Full": "380 E 17th Ave Denver, CO 80203", "Address": "380 E 17th Ave", "City": "Denver", "State": "CO", "County": "Denver", "Zip": 80203, "Lat": 39.74314751, "Long": -104.98251517, "Type": "Category 1: Convenience stores ", "SNAP": "Yes", "DUFB": "No", "WIC": "No", "Status": "Active", "GlobalID": "81decd22-829b-468f-81ee-e5099619a42b", "x": 3145520.87247372, "y": 1695985.7698981501 }, "geometry": { "type": "Point", "coordinates": [ -104.98251517, 39.74314751 ] } },
{ "type": "Feature", "properties": { "OBJECTID": 127, "Name": "7-ELEVEN", "Address Full": "3810 N Federal Blvd Denver, CO 80211", "Address": "3810 N Federal Blvd", "City": "Denver", "State": "CO", "County": "Denver", "Zip": 80211, "Lat": 39.76958951, "Long": -105.02489166, "Type": "Category 1: Convenience stores ", "SNAP": "No", "DUFB": "No", "WIC": "No", "Status": "Active", "GlobalID": "89f82519-5f67-4148-b21f-edf998411de0", "x": 3133554.0046752202, "y": 1705552.5972211501 }, "geometry": { "type": "Point", "coordinates": [ -105.02489166, 39.76958951 ] } },
{ "type": "Feature", "properties": { "OBJECTID": 128, "Name": "CONOCO", "Address Full": "3895 N Peoria St Denver, CO 80239", "Address": "3895 N Peoria St", "City": "Denver", "State": "CO", "County": "Denver", "Zip": 80239, "Lat": 39.7707415, "Long": -104.8475107, "Type": "Category 1: Convenience stores ", "SNAP": "Yes", "DUFB": "No", "WIC": "No", "Status": "Active", "GlobalID": "0d3b7ff8-0b62-4b0b-bdd3-92337d8c4a3b", "x": 3183412.4295644802, "y": 1706281.6735189001 }, "geometry": { "type": "Point", "coordinates": [ -104.8475107, 39.7707415 ] } },
{ "type": "Feature", "properties": { "OBJECTID": 129, "Name": "7-ELEVEN", "Address Full": "3990 E 35th Ave Denver, CO 80205", "Address": "3990 E 35th Ave", "City": "Denver", "State": "CO", "County": "Denver", "Zip": 80205, "Lat": 39.7652875, "Long": -104.94096668, "Type": "Category 1: Convenience stores ", "SNAP": "Yes", "DUFB": "No", "WIC": "No", "Status": "Active", "GlobalID": "9bb21887-e614-469d-a5fd-aa838876c263", "x": 3157154.8698749701, "y": 1704119.79792139 }, "geometry": { "type": "Point", "coordinates": [ -104.94096668, 39.7652875 ] } },
{ "type": "Feature", "properties": { "OBJECTID": 130, "Name": "7-ELEVEN", "Address Full": "3992 N Havana St Denver, CO 80239", "Address": "3992 N Havana St", "City": "Denver", "State": "CO", "County": "Denver", "Zip": 80239, "Lat": 39.7724785, "Long": -104.8651552, "Type": "Category 1: Convenience stores ", "SNAP": "Yes", "DUFB": "No", "WIC": "No", "Status": "Active", "GlobalID": "be18e5d9-5144-4376-8f46-d0366e17120c", "x": 3178448.2833248102, "y": 1706879.25926597 }, "geometry": { "type": "Point", "coordinates": [ -104.8651552, 39.7724785 ] } },
{ "type": "Feature", "properties": { "OBJECTID": 131, "Name": "JENNY'SMARKET/CONOCO", "Address Full": "3996 E Evans Ave Denver, CO 80210", "Address": "3996 E Evans Ave", "City": "Denver", "State": "CO", "County": "Denver", "Zip": 80210, "Lat": 39.67788852, "Long": -104.94123219, "Type": "Category 1: Convenience stores ", "SNAP": "Yes", "DUFB": "No", "WIC": "No", "Status": "Active", "GlobalID": "42c6b8a3-4886-4164-a8db-b392a71dc198", "x": 3157276.0464698798, "y": 1672283.41015072 }, "geometry": { "type": "Point", "coordinates": [ -104.94123219, 39.67788852 ] } },
{ "type": "Feature", "properties": { "OBJECTID": 132, "Name": "CONOCO", "Address Full": "4001 N Colorado Blvd Denver, CO 80216", "Address": "4001 N Colorado Blvd", "City": "Denver", "State": "CO", "County": "Denver", "Zip": 80216, "Lat": 39.7732435, "Long": -104.94125918, "Type": "Category 1: Convenience stores ", "SNAP": "Yes", "DUFB": "No", "WIC": "No", "Status": "Active", "GlobalID": "2be856c3-a4a6-46f6-8f8d-cd01fea2c747", "x": 3157054.81889397, "y": 1707017.3931760599 }, "geometry": { "type": "Point", "coordinates": [ -104.94125918, 39.7732435 ] } },
{ "type": "Feature", "properties": { "OBJECTID": 133, "Name": "7-ELEVEN", "Address Full": "4040 E 8th Ave Denver, CO 80220", "Address": "4040 E 8th Ave", "City": "Denver", "State": "CO", "County": "Denver", "Zip": 80220, "Lat": 39.72895451, "Long": -104.93968419, "Type": "Category 1: Convenience stores ", "SNAP": "Yes", "DUFB": "No", "WIC": "No", "Status": "Active", "GlobalID": "ea948824-ec2f-4230-b689-44b96cf2e0fb", "x": 3157597.02712713, "y": 1690887.25286423 }, "geometry": { "type": "Point", "coordinates": [ -104.93968419, 39.72895451 ] } },
{ "type": "Feature", "properties": { "OBJECTID": 134, "Name": "7-ELEVEN", "Address Full": "4085 E Mississippi Ave Denver, CO 80246", "Address": "4085 E Mississippi Ave", "City": "Denver", "State": "CO", "County": "Denver", "Zip": 80246, "Lat": 39.69695051, "Long": -104.94003969000001, "Type": "Category 1: Convenience stores ", "SNAP": "Yes", "DUFB": "No", "WIC": "No", "Status": "Active", "GlobalID": "9c5e4bc9-04c0-4b1e-8c1b-660f16e45879", "x": 3157568.8959498098, "y": 1679228.9061022301 }, "geometry": { "type": "Point", "coordinates": [ -104.94003969, 39.69695051 ] } },
{ "type": "Feature", "properties": { "OBJECTID": 135, "Name": "CIRCLEK", "Address Full": "411 W Florida Ave Denver, CO 80223", "Address": "411 W Florida Ave", "City": "Denver", "State": "CO", "County": "Denver", "Zip": 80223, "Lat": 39.68990352, "Long": -104.99302718, "Type": "Category 1: Convenience stores ", "SNAP": "Yes", "DUFB": "No", "WIC": "No", "Status": "Active", "GlobalID": "263e81e3-a675-4ff6-aeff-99c702178690", "x": 3142673.0763320499, "y": 1676574.4327366501 }, "geometry": { "type": "Point", "coordinates": [ -104.99302718, 39.68990352 ] } },
{ "type": "Feature", "properties": { "OBJECTID": 136, "Name": "MILEHIGHCONOCO", "Address Full": "4140 N Grape St Denver, CO 80216", "Address": "4140 N Grape St", "City": "Denver", "State": "CO", "County": "Denver", "Zip": 80216, "Lat": 39.7746025, "Long": -104.92434368000001, "Type": "Category 1: Convenience stores ", "SNAP": "Yes", "DUFB": "No", "WIC": "No", "Status": "Active", "GlobalID": "e00177e6-74b2-439a-a57b-daeaaa17103b", "x": 3161806.3474486298, "y": 1707542.1171922199 }, "geometry": { "type": "Point", "coordinates": [ -104.92434368, 39.7746025 ] } },
{ "type": "Feature", "properties": { "OBJECTID": 137, "Name": "JERRY'SROUNDTHECORNER", "Address Full": "4301 N Clayton St Denver, CO 80216", "Address": "4301 N Clayton St", "City": "Denver", "State": "CO", "County": "Denver", "Zip": 80216, "Lat": 39.7765555, "Long": -104.95446668, "Type": "Category 1: Convenience stores ", "SNAP": "Yes", "DUFB": "No", "WIC": "No", "Status": "Active", "GlobalID": "7ebd4eff-6f50-459b-980d-aa297301c58b", "x": 3153335.1616351302, "y": 1708201.28286864 }, "geometry": { "type": "Point", "coordinates": [ -104.95446668, 39.7765555 ] } },
{ "type": "Feature", "properties": { "OBJECTID": 138, "Name": "K-STOPGASANDGROCERIES", "Address Full": "4305 S Lowell Blvd Denver, CO 80236", "Address": "4305 S Lowell Blvd", "City": "Denver", "State": "CO", "County": "Denver", "Zip": 80236, "Lat": 39.63829753, "Long": -105.03515167, "Type": "Category 1: Convenience stores ", "SNAP": "Yes", "DUFB": "No", "WIC": "No", "Status": "Active", "GlobalID": "0a982ab2-36bb-4a7f-9044-545f6075220f", "x": 3130914.63167314, "y": 1657713.3146190599 }, "geometry": { "type": "Point", "coordinates": [ -105.03515167, 39.63829753 ] } },
{ "type": "Feature", "properties": { "OBJECTID": 139, "Name": "SLOAN'SLAKEMARKET", "Address Full": "4330 W Colfax Ave Denver, CO 80204", "Address": "4330 W Colfax Ave", "City": "Denver", "State": "CO", "County": "Denver", "Zip": 80204, "Lat": 39.74004251, "Long": -105.04335966, "Type": "Category 1: Convenience stores ", "SNAP": "No", "DUFB": "No", "WIC": "No", "Status": "Active", "GlobalID": "06dc6759-d773-488f-adfc-ccde87aead26", "x": 3128416.75445105, "y": 1694762.9947846399 }, "geometry": { "type": "Point", "coordinates": [ -105.04335966, 39.74004251 ] } },
{ "type": "Feature", "properties": { "OBJECTID": 140, "Name": "CONOCO", "Address Full": "4380 W 38th Ave Denver, CO 80212", "Address": "4380 W 38th Ave", "City": "Denver", "State": "CO", "County": "Denver", "Zip": 80212, "Lat": 39.76906751, "Long": -105.04369266, "Type": "Category 1: Convenience stores ", "SNAP": "Yes", "DUFB": "No", "WIC": "No", "Status": "Active", "GlobalID": "054f15cf-7c22-43eb-a16c-25a25bb7b294", "x": 3128270.00244798, "y": 1705335.35651389 }, "geometry": { "type": "Point", "coordinates": [ -105.04369266, 39.76906751 ] } },
{ "type": "Feature", "properties": { "OBJECTID": 141, "Name": "DOLLARTREE", "Address Full": "4385 W Florida Ave Denver, CO 80219", "Address": "4385 W Florida Ave", "City": "Denver", "State": "CO", "County": "Denver", "Zip": 80219, "Lat": 39.69056952, "Long": -105.04409767, "Type": "Category 1: Convenience stores ", "SNAP": "Yes", "DUFB": "No", "WIC": "No", "Status": "Active", "GlobalID": "17724b5b-971e-46d3-8905-cd885745fc70", "x": 3128299.65002647, "y": 1676740.8625218901 }, "geometry": { "type": "Point", "coordinates": [ -105.04409767, 39.69056952 ] } },
{ "type": "Feature", "properties": { "OBJECTID": 142, "Name": "FLORIDAMARKET", "Address Full": "4393 W Florida Ave Denver, CO 80219", "Address": "4393 W Florida Ave", "City": "Denver", "State": "CO", "County": "Denver", "Zip": 80219, "Lat": 39.68975052, "Long": -105.04338667, "Type": "Category 1: Convenience stores ", "SNAP": "No", "DUFB": "No", "WIC": "No", "Status": "Active", "GlobalID": "4d43c086-a236-4370-b994-71d3dd784bd5", "x": 3128501.2368936399, "y": 1676443.54028189 }, "geometry": { "type": "Point", "coordinates": [ -105.04338667, 39.68975052 ] } },
{ "type": "Feature", "properties": { "OBJECTID": 143, "Name": "MYGOODSMARKET", "Address Full": "4400 N Chambers Rd Denver, CO 80239", "Address": "4400 N Chambers Rd", "City": "Denver", "State": "CO", "County": "Denver", "Zip": 80239, "Lat": 39.77473749, "Long": -104.80923371, "Type": "Category 1: Convenience stores ", "SNAP": "Yes", "DUFB": "No", "WIC": "No", "Status": "Active", "GlobalID": "a98bc934-7c96-4b8b-95e9-f8807558ed29", "x": 3194160.6859550499, "y": 1707816.80988431 }, "geometry": { "type": "Point", "coordinates": [ -104.80923371, 39.77473749 ] } },
{ "type": "Feature", "properties": { "OBJECTID": 144, "Name": "HIMALAYANGROCERY", "Address Full": "4405 N Chambers Rd Denver, CO 80239", "Address": "4405 N Chambers Rd", "City": "Denver", "State": "CO", "County": "Denver", "Zip": 80239, "Lat": 39.77468349, "Long": -104.81066471, "Type": "Category 1: Convenience stores ", "SNAP": "Yes", "DUFB": "No", "WIC": "No", "Status": "Active", "GlobalID": "6cdec0ba-2f42-4bff-baf3-f259bfca29ae", "x": 3193758.61720538, "y": 1707794.08453606 }, "geometry": { "type": "Point", "coordinates": [ -104.81066471, 39.77468349 ] } },
{ "type": "Feature", "properties": { "OBJECTID": 145, "Name": "MYGOODSMARKET", "Address Full": "4495 N Peoria St Denver, CO 80239", "Address": "4495 N Peoria St", "City": "Denver", "State": "CO", "County": "Denver", "Zip": 80239, "Lat": 39.7776715, "Long": -104.8475917, "Type": "Category 1: Convenience stores ", "SNAP": "Yes", "DUFB": "No", "WIC": "No", "Status": "Active", "GlobalID": "b5445e01-ce57-4bc9-b29b-072f00ad33f2", "x": 3183371.5323365498, "y": 1708805.8613839 }, "geometry": { "type": "Point", "coordinates": [ -104.8475917, 39.7776715 ] } },
{ "type": "Feature", "properties": { "OBJECTID": 146, "Name": "VALERO-CIRCLEK", "Address Full": "4498 N Sheridan Blvd Denver, CO 80212", "Address": "4498 N Sheridan Blvd", "City": "Denver", "State": "CO", "County": "Denver", "Zip": 80212, "Lat": 39.77798651, "Long": -105.05283215, "Type": "Category 1: Convenience stores ", "SNAP": "Yes", "DUFB": "No", "WIC": "No", "Status": "Active", "GlobalID": "0ad7cfda-bf4a-4a57-a38c-4972a5e48c33", "x": 3125684.8803216401, "y": 1708571.4980074801 }, "geometry": { "type": "Point", "coordinates": [ -105.05283215, 39.77798651 ] } },
{ "type": "Feature", "properties": { "OBJECTID": 147, "Name": "7-ELEVEN", "Address Full": "450 N Federal Blvd Denver, CO 80204", "Address": "450 N Federal Blvd", "City": "Denver", "State": "CO", "County": "Denver", "Zip": 80204, "Lat": 39.72315852, "Long": -105.02474767, "Type": "Category 1: Convenience stores ", "SNAP": "Yes", "DUFB": "No", "WIC": "No", "Status": "Active", "GlobalID": "75e9b86b-04d8-475f-a003-65a6f8fc54ef", "x": 3133682.96045405, "y": 1688639.6287505601 }, "geometry": { "type": "Point", "coordinates": [ -105.02474767, 39.72315852 ] } },
{ "type": "Feature", "properties": { "OBJECTID": 148, "Name": "7-ELEVEN", "Address Full": "4500 N Peoria St Denver, CO 80239", "Address": "4500 N Peoria St", "City": "Denver", "State": "CO", "County": "Denver", "Zip": 80239, "Lat": 39.7785805, "Long": -104.8462282, "Type": "Category 1: Convenience stores ", "SNAP": "Yes", "DUFB": "No", "WIC": "No", "Status": "Active", "GlobalID": "ffbae0a4-fa70-4fc1-b6ef-cf39e8af85e3", "x": 3183752.3800000502, "y": 1709139.7330914701 }, "geometry": { "type": "Point", "coordinates": [ -104.8462282, 39.7785805 ] } },
{ "type": "Feature", "properties": { "OBJECTID": 149, "Name": "CSTORE", "Address Full": "4500 N Washington St Denver, CO 80216", "Address": "4500 N Washington St", "City": "Denver", "State": "CO", "County": "Denver", "Zip": 80216, "Lat": 39.7787065, "Long": -104.97872167, "Type": "Category 1: Convenience stores ", "SNAP": "Yes", "DUFB": "No", "WIC": "No", "Status": "Active", "GlobalID": "c81616e5-ee99-42f2-b07b-759102575c15", "x": 3146513.29831038, "y": 1708944.7951611399 }, "geometry": { "type": "Point", "coordinates": [ -104.97872167, 39.7787065 ] } },
{ "type": "Feature", "properties": { "OBJECTID": 150, "Name": "LITTLETONMYMART", "Address Full": "4550 S Kipling St Denver, CO 80123", "Address": "4550 S Kipling St", "City": "Denver", "State": "CO", "County": "Denver", "Zip": 80123, "Lat": 39.63362653, "Long": -105.10928016, "Type": "Category 1: Convenience stores ", "SNAP": "No", "DUFB": "No", "WIC": "No", "Status": "Active", "GlobalID": "2aa46209-aa6a-4706-9b08-684d4c6055fb", "x": 3110045.37977655, "y": 1655913.5859350599 }, "geometry": { "type": "Point", "coordinates": [ -105.10928016, 39.63362653 ] } },
{ "type": "Feature", "properties": { "OBJECTID": 151, "Name": "CIRCLEKSTORES", "Address Full": "4570 N Chambers Rd Denver, CO 80239", "Address": "4570 N Chambers Rd", "City": "Denver", "State": "CO", "County": "Denver", "Zip": 80239, "Lat": 39.77552049, "Long": -104.80899071, "Type": "Category 1: Convenience stores ", "SNAP": "Yes", "DUFB": "No", "WIC": "No", "Status": "Active", "GlobalID": "91ec59b5-969b-4896-b97b-3d0db9230c84", "x": 3194226.8177125598, "y": 1708102.5475018199 }, "geometry": { "type": "Point", "coordinates": [ -104.80899071, 39.77552049 ] } },
{ "type": "Feature", "properties": { "OBJECTID": 152, "Name": "EVERYDAYCONVIENENCE#5012", "Address Full": "4595 N Pecos St Denver, CO 80211", "Address": "4595 N Pecos St", "City": "Denver", "State": "CO", "County": "Denver", "Zip": 80211, "Lat": 39.77989451, "Long": -105.00684216000001, "Type": "Category 1: Convenience stores ", "SNAP": "No", "DUFB": "No", "WIC": "No", "Status": "Active", "GlobalID": "97f6e0c7-1c62-429f-9e7f-758fe7c0f147", "x": 3138607.33249505, "y": 1709333.42168048 }, "geometry": { "type": "Point", "coordinates": [ -105.00684216, 39.77989451 ] } },
{ "type": "Feature", "properties": { "OBJECTID": 153, "Name": "SHELL", "Address Full": "4650 N Peoria St Denver, CO 80239", "Address": "4650 N Peoria St", "City": "Denver", "State": "CO", "County": "Denver", "Zip": 80239, "Lat": 39.7807495, "Long": -104.8465657, "Type": "Category 1: Convenience stores ", "SNAP": "No", "DUFB": "No", "WIC": "No", "Status": "Active", "GlobalID": "b84d5242-5a19-44fd-a7c1-6a1b1921dda9", "x": 3183651.8391906298, "y": 1709929.1416176399 }, "geometry": { "type": "Point", "coordinates": [ -104.8465657, 39.7807495 ] } },
{ "type": "Feature", "properties": { "OBJECTID": 154, "Name": "7-ELEVEN", "Address Full": "4701 N Peoria St Denver, CO 80239", "Address": "4701 N Peoria St", "City": "Denver", "State": "CO", "County": "Denver", "Zip": 80239, "Lat": 39.7827385, "Long": -104.8484107, "Type": "Category 1: Convenience stores ", "SNAP": "Yes", "DUFB": "No", "WIC": "No", "Status": "Active", "GlobalID": "07db541e-fdaf-4d45-bc3b-82fffc08aa24", "x": 3183128.1023772201, "y": 1710649.9407009799 }, "geometry": { "type": "Point", "coordinates": [ -104.8484107, 39.7827385 ] } },
{ "type": "Feature", "properties": { "OBJECTID": 155, "Name": "FAMILYDOLLARSTORE", "Address Full": "4701 N Peoria St Denver, CO 80239", "Address": "4701 N Peoria St", "City": "Denver", "State": "CO", "County": "Denver", "Zip": 80239, "Lat": 39.7827385, "Long": -104.8484107, "Type": "Category 1: Convenience stores ", "SNAP": "Yes", "DUFB": "No", "WIC": "No", "Status": "Active", "GlobalID": "c3cbda9b-a8fd-4fa3-bc31-a3aae17394a9", "x": 3183128.1023772201, "y": 1710649.9407009799 }, "geometry": { "type": "Point", "coordinates": [ -104.8484107, 39.7827385 ] } },
{ "type": "Feature", "properties": { "OBJECTID": 156, "Name": "7-ELEVEN", "Address Full": "4708 N Washington St Denver, CO 80216", "Address": "4708 N Washington St", "City": "Denver", "State": "CO", "County": "Denver", "Zip": 80216, "Lat": 39.7820455, "Long": -104.97817267000001, "Type": "Category 1: Convenience stores ", "SNAP": "Yes", "DUFB": "No", "WIC": "No", "Status": "Active", "GlobalID": "735defb0-22f7-437c-8167-55e295333f2a", "x": 3146660.6149448901, "y": 1710161.9735010599 }, "geometry": { "type": "Point", "coordinates": [ -104.97817267, 39.7820455 ] } },
{ "type": "Feature", "properties": { "OBJECTID": 157, "Name": "7-ELEVEN", "Address Full": "4709 N Tower Rd Denver, CO 80249", "Address": "4709 N Tower Rd", "City": "Denver", "State": "CO", "County": "Denver", "Zip": 80249, "Lat": 39.78196449, "Long": -104.77271172, "Type": "Category 1: Convenience stores ", "SNAP": "Yes", "DUFB": "No", "WIC": "No", "Status": "Active", "GlobalID": "6f53f36b-3a2e-4fe5-90f7-ae81d5f087b3", "x": 3204405.0027367198, "y": 1710529.45537764 }, "geometry": { "type": "Point", "coordinates": [ -104.77271172, 39.78196449 ] } },
{ "type": "Feature", "properties": { "OBJECTID": 158, "Name": "KUM&GO", "Address Full": "4720 N Tower Rd Denver, CO 80249", "Address": "4720 N Tower Rd", "City": "Denver", "State": "CO", "County": "Denver", "Zip": 80249, "Lat": 39.78222549, "Long": -104.77138872, "Type": "Category 1: Convenience stores ", "SNAP": "Yes", "DUFB": "No", "WIC": "No", "Status": "Active", "GlobalID": "859e1309-4027-4222-8d1a-e0a5fc963595", "x": 3204776.06236206, "y": 1710627.5073468999 }, "geometry": { "type": "Point", "coordinates": [ -104.77138872, 39.78222549 ] } },
{ "type": "Feature", "properties": { "OBJECTID": 159, "Name": "7-ELEVEN", "Address Full": "4770 W Colfax Ave Denver, CO 80204", "Address": "4770 W Colfax Ave", "City": "Denver", "State": "CO", "County": "Denver", "Zip": 80204, "Lat": 39.74006051, "Long": -105.04833666, "Type": "Category 1: Convenience stores ", "SNAP": "Yes", "DUFB": "No", "WIC": "No", "Status": "Active", "GlobalID": "c698a192-0ac7-4447-b158-15ca427cfd9a", "x": 3127017.09747347, "y": 1694762.5548248901 }, "geometry": { "type": "Point", "coordinates": [ -105.04833666, 39.74006051 ] } },
{ "type": "Feature", "properties": { "OBJECTID": 160, "Name": "FAMILYDOLLAR", "Address Full": "4775 N Yampa St Denver, CO 80249", "Address": "4775 N Yampa St", "City": "Denver", "State": "CO", "County": "Denver", "Zip": 80249, "Lat": 39.78308049, "Long": -104.77482672, "Type": "Category 1: Convenience stores ", "SNAP": "Yes", "DUFB": "No", "WIC": "No", "Status": "Active", "GlobalID": "70545401-3ab6-487d-8571-9f783886dd10", "x": 3203807.3477640599, "y": 1710931.2213063999 }, "geometry": { "type": "Point", "coordinates": [ -104.77482672, 39.78308049 ] } },
{ "type": "Feature", "properties": { "OBJECTID": 161, "Name": "MYGOOD'SMARKET", "Address Full": "4785 N Federal Blvd Denver, CO 80211", "Address": "4785 N Federal Blvd", "City": "Denver", "State": "CO", "County": "Denver", "Zip": 80211, "Lat": 39.78355751, "Long": -105.02562066, "Type": "Category 1: Convenience stores ", "SNAP": "Yes", "DUFB": "No", "WIC": "No", "Status": "Active", "GlobalID": "c0718245-0931-41c4-bf70-e9dcb5e80efc", "x": 3133322.51366839, "y": 1710639.6362596501 }, "geometry": { "type": "Point", "coordinates": [ -105.02562066, 39.78355751 ] } },
{ "type": "Feature", "properties": { "OBJECTID": 162, "Name": "CircleKWadsworth", "Address Full": "4797 S Wadsworth Way Denver, CO 80123", "Address": "4797 S Wadsworth Way", "City": "Denver", "State": "CO", "County": "Denver", "Zip": 80123, "Lat": 39.63057553, "Long": -105.08743266, "Type": "Category 1: Convenience stores ", "SNAP": "No", "DUFB": "No", "WIC": "No", "Status": "Active", "GlobalID": "d0ccb056-cb4f-4d47-9b6e-fbd057e4a29d", "x": 3116203.6857013898, "y": 1654829.4591663 }, "geometry": { "type": "Point", "coordinates": [ -105.08743266, 39.63057553 ] } },
{ "type": "Feature", "properties": { "OBJECTID": 163, "Name": "GOOD2GOSTORE#714", "Address Full": "4817 N Salida St Denver, CO 80249", "Address": "4817 N Salida St", "City": "Denver", "State": "CO", "County": "Denver", "Zip": 80249, "Lat": 39.78416949, "Long": -104.78514972000001, "Type": "Category 1: Convenience stores ", "SNAP": "Yes", "DUFB": "No", "WIC": "No", "Status": "Active", "GlobalID": "d01283fb-3bbc-45b3-92d8-560ba44b95ff", "x": 3200903.0445175502, "y": 1711304.9101915699 }, "geometry": { "type": "Point", "coordinates": [ -104.78514972, 39.78416949 ] } },
{ "type": "Feature", "properties": { "OBJECTID": 164, "Name": "7-ELEVEN", "Address Full": "4855 N Pecos St Denver, CO 80221", "Address": "4855 N Pecos St", "City": "Denver", "State": "CO", "County": "Denver", "Zip": 80221, "Lat": 39.78479951, "Long": -105.00708066, "Type": "Category 1: Convenience stores ", "SNAP": "Yes", "DUFB": "No", "WIC": "No", "Status": "Active", "GlobalID": "ba9bf168-fe6a-46aa-b25c-5005e8a67be6", "x": 3138530.6052863002, "y": 1711119.7996694001 }, "geometry": { "type": "Point", "coordinates": [ -105.00708066, 39.78479951 ] } },
{ "type": "Feature", "properties": { "OBJECTID": 165, "Name": "7-ELEVEN", "Address Full": "4880 N Federal Blvd Denver, CO 80221", "Address": "4880 N Federal Blvd", "City": "Denver", "State": "CO", "County": "Denver", "Zip": 80221, "Lat": 39.78524951, "Long": -105.02462166, "Type": "Category 1: Convenience stores ", "SNAP": "No", "DUFB": "No", "WIC": "No", "Status": "Active", "GlobalID": "b863c7b2-b108-4f1b-9b69-4e188e152178", "x": 3133600.0511710499, "y": 1711257.44900039 }, "geometry": { "type": "Point", "coordinates": [ -105.02462166, 39.78524951 ] } },
{ "type": "Feature", "properties": { "OBJECTID": 166, "Name": "7-ELEVEN", "Address Full": "4908 N Havana St Denver, CO 80239", "Address": "4908 N Havana St", "City": "Denver", "State": "CO", "County": "Denver", "Zip": 80239, "Lat": 39.7871935, "Long": -104.8650022, "Type": "Category 1: Convenience stores ", "SNAP": "Yes", "DUFB": "No", "WIC": "No", "Status": "Active", "GlobalID": "3683fd3d-957d-4dff-841d-55f4a7bb9673", "x": 3178453.82202764, "y": 1712239.72754765 }, "geometry": { "type": "Point", "coordinates": [ -104.8650022, 39.7871935 ] } },
{ "type": "Feature", "properties": { "OBJECTID": 167, "Name": "7-ELEVEN", "Address Full": "4922 N Willow St Denver, CO 80238", "Address": "4922 N Willow St", "City": "Denver", "State": "CO", "County": "Denver", "Zip": 80238, "Lat": 39.7861315, "Long": -104.88754269, "Type": "Category 1: Convenience stores ", "SNAP": "Yes", "DUFB": "No", "WIC": "No", "Status": "Active", "GlobalID": "5fd4a6ec-5a7f-400e-83e7-9d38042cccb3", "x": 3172121.96034755, "y": 1711809.3842482299 }, "geometry": { "type": "Point", "coordinates": [ -104.88754269, 39.7861315 ] } },
{ "type": "Feature", "properties": { "OBJECTID": 168, "Name": "MURPHYEXPRESS", "Address Full": "4990 E Evans Ave Denver, CO 80222", "Address": "4990 E Evans Ave", "City": "Denver", "State": "CO", "County": "Denver", "Zip": 80222, "Lat": 39.67819452, "Long": -104.93008119, "Type": "Category 1: Convenience stores ", "SNAP": "Yes", "DUFB": "No", "WIC": "No", "Status": "Active", "GlobalID": "5b24bb3f-2382-4be6-86c8-512a3fda6864", "x": 3160413.9719525599, "y": 1672414.3692063999 }, "geometry": { "type": "Point", "coordinates": [ -104.93008119, 39.67819452 ] } },
{ "type": "Feature", "properties": { "OBJECTID": 169, "Name": "7-ELEVEN", "Address Full": "4990 E Hampden Ave Denver, CO 80222", "Address": "4990 E Hampden Ave", "City": "Denver", "State": "CO", "County": "Denver", "Zip": 80222, "Lat": 39.65273352, "Long": -104.9293837, "Type": "Category 1: Convenience stores ", "SNAP": "Yes", "DUFB": "No", "WIC": "No", "Status": "Active", "GlobalID": "715ae51b-f863-4741-8761-742c40962554", "x": 3160668.54362188, "y": 1663141.3769256501 }, "geometry": { "type": "Point", "coordinates": [ -104.9293837, 39.65273352 ] } },
{ "type": "Feature", "properties": { "OBJECTID": 170, "Name": "EVERYDAY5732", "Address Full": "5000 N Federal Blvd Denver, CO 80221", "Address": "5000 N Federal Blvd", "City": "Denver", "State": "CO", "County": "Denver", "Zip": 80221, "Lat": 39.78772451, "Long": -105.02478816, "Type": "Category 1: Convenience stores ", "SNAP": "No", "DUFB": "No", "WIC": "No", "Status": "Active", "GlobalID": "b01e2046-24f8-41c1-966b-23d8e4aee327", "x": 3133548.5424158, "y": 1712158.7733132199 }, "geometry": { "type": "Point", "coordinates": [ -105.02478816, 39.78772451 ] } },
{ "type": "Feature", "properties": { "OBJECTID": 171, "Name": "STINKERSTORES", "Address Full": "5000 N Federal Blvd Denver, CO 80221", "Address": "5000 N Federal Blvd", "City": "Denver", "State": "CO", "County": "Denver", "Zip": 80221, "Lat": 39.78772451, "Long": -105.02478816, "Type": "Category 1: Convenience stores ", "SNAP": "Yes", "DUFB": "No", "WIC": "No", "Status": "Active", "GlobalID": "bbf99855-f86d-466f-ace5-5b0c8af7f3a4", "x": 3133548.5424158, "y": 1712158.7733132199 }, "geometry": { "type": "Point", "coordinates": [ -105.02478816, 39.78772451 ] } },
{ "type": "Feature", "properties": { "OBJECTID": 172, "Name": "REGISCONVENIENCESTORE", "Address Full": "5001 N Lowell Blvd Denver, CO 80221", "Address": "5001 N Lowell Blvd", "City": "Denver", "State": "CO", "County": "Denver", "Zip": 80221, "Lat": 39.78758051, "Long": -105.03506616, "Type": "Category 1: Convenience stores ", "SNAP": "Yes", "DUFB": "No", "WIC": "No", "Status": "Active", "GlobalID": "4a8a7b46-5ec1-4d04-8808-c117f632c0d0", "x": 3130660.4149899799, "y": 1712091.37252939 }, "geometry": { "type": "Point", "coordinates": [ -105.03506616, 39.78758051 ] } },
{ "type": "Feature", "properties": { "OBJECTID": 173, "Name": "7-ELEVEN", "Address Full": "501 S Federal Blvd Denver, CO 80219", "Address": "501 S Federal Blvd", "City": "Denver", "State": "CO", "County": "Denver", "Zip": 80219, "Lat": 39.70746252, "Long": -105.02553967, "Type": "Category 1: Convenience stores ", "SNAP": "Yes", "DUFB": "No", "WIC": "No", "Status": "Active", "GlobalID": "27e7e3a2-e09f-447b-b746-abb1efb8a21e", "x": 3133490.0425328002, "y": 1682921.02667072 }, "geometry": { "type": "Point", "coordinates": [ -105.02553967, 39.70746252 ] } },
{ "type": "Feature", "properties": { "OBJECTID": 174, "Name": "ABPETROLEUM", "Address Full": "502 N Sheridan Blvd Denver, CO 80226", "Address": "502 N Sheridan Blvd", "City": "Denver", "State": "CO", "County": "Denver", "Zip": 80226, "Lat": 39.72432852, "Long": -105.05275566, "Type": "Category 1: Convenience stores ", "SNAP": "No", "DUFB": "No", "WIC": "No", "Status": "Active", "GlobalID": "41baf36a-ef75-474c-9d2d-af9ff498fd10", "x": 3125802.6054798798, "y": 1689025.81564222 }, "geometry": { "type": "Point", "coordinates": [ -105.05275566, 39.72432852 ] } },
{ "type": "Feature", "properties": { "OBJECTID": 175, "Name": "CHERRYCREEKCONOCO", "Address Full": "505 E Speer Blvd Denver, CO 80203", "Address": "505 E Speer Blvd", "City": "Denver", "State": "CO", "County": "Denver", "Zip": 80203, "Lat": 39.72229451, "Long": -104.98073768, "Type": "Category 1: Convenience stores ", "SNAP": "No", "DUFB": "No", "WIC": "No", "Status": "Active", "GlobalID": "62e9853a-0aad-491e-82d3-09479d41e7c4", "x": 3146064.1292612301, "y": 1688392.6643494801 }, "geometry": { "type": "Point", "coordinates": [ -104.98073768, 39.72229451 ] } },
{ "type": "Feature", "properties": { "OBJECTID": 176, "Name": "7-ELEVEN", "Address Full": "5090 N Federal Blvd Denver, CO 80221", "Address": "5090 N Federal Blvd", "City": "Denver", "State": "CO", "County": "Denver", "Zip": 80221, "Lat": 39.78895751, "Long": -105.02478366, "Type": "Category 1: Convenience stores ", "SNAP": "Yes", "DUFB": "No", "WIC": "No", "Status": "Active", "GlobalID": "c9253327-d366-47c5-9130-63518446fa47", "x": 3133547.4574442199, "y": 1712607.9256301399 }, "geometry": { "type": "Point", "coordinates": [ -105.02478366, 39.78895751 ] } },
{ "type": "Feature", "properties": { "OBJECTID": 177, "Name": "STINKER", "Address Full": "5100 W Dartmouth Ave Denver, CO 80236", "Address": "5100 W Dartmouth Ave", "City": "Denver", "State": "CO", "County": "Denver", "Zip": 80236, "Lat": 39.65627953, "Long": -105.04978567000001, "Type": "Category 1: Convenience stores ", "SNAP": "Yes", "DUFB": "No", "WIC": "No", "Status": "Active", "GlobalID": "d7db73df-37ec-4599-b813-48f9222bd05b", "x": 3126760.8509387202, "y": 1664242.5486078099 }, "geometry": { "type": "Point", "coordinates": [ -105.04978567, 39.65627953 ] } },
{ "type": "Feature", "properties": { "OBJECTID": 178, "Name": "SWANSEACORNERSTORE", "Address Full": "5101 N Saint Paul St Denver, CO 80216", "Address": "5101 N Saint Paul St", "City": "Denver", "State": "CO", "County": "Denver", "Zip": 80216, "Lat": 39.7893175, "Long": -104.95128068, "Type": "Category 1: Convenience stores ", "SNAP": "Yes", "DUFB": "No", "WIC": "No", "Status": "Active", "GlobalID": "badeb4c0-52aa-45c8-bd10-e5ffd19e8b4c", "x": 3154202.57262997, "y": 1712855.46745789 }, "geometry": { "type": "Point", "coordinates": [ -104.95128068, 39.7893175 ] } },
{ "type": "Feature", "properties": { "OBJECTID": 179, "Name": "WALGREENS", "Address Full": "5151 W Colfax Ave Denver, CO 80204", "Address": "5151 W Colfax Ave", "City": "Denver", "State": "CO", "County": "Denver", "Zip": 80204, "Lat": 39.74078051, "Long": -105.05264316, "Type": "Category 1: Convenience stores ", "SNAP": null, "DUFB": null, "WIC": null, "Status": "Inactive", "GlobalID": "81e0a32f-83d5-4070-8367-ef9c98e7d76d", "x": 3125804.7386777299, "y": 1695018.83285564 }, "geometry": { "type": "Point", "coordinates": [ -105.05264316, 39.74078051 ] } },
{ "type": "Feature", "properties": { "OBJECTID": 180, "Name": "7-ELEVEN", "Address Full": "5195 W Byron Pl Denver, CO 80212", "Address": "5195 W Byron Pl", "City": "Denver", "State": "CO", "County": "Denver", "Zip": 80212, "Lat": 39.75329951, "Long": -105.05287716, "Type": "Category 1: Convenience stores ", "SNAP": "Yes", "DUFB": "No", "WIC": "No", "Status": "Active", "GlobalID": "9f583352-fc29-4a85-ae0a-50deaa02e033", "x": 3125716.48951039, "y": 1699578.7495888199 }, "geometry": { "type": "Point", "coordinates": [ -105.05287716, 39.75329951 ] } },
{ "type": "Feature", "properties": { "OBJECTID": 181, "Name": "DIAMONDSHAMROCK", "Address Full": "5455 E Colfax Ave Denver, CO 80220", "Address": "5455 E Colfax Ave", "City": "Denver", "State": "CO", "County": "Denver", "Zip": 80220, "Lat": 39.74047451, "Long": -104.92391169, "Type": "Category 1: Convenience stores ", "SNAP": "Yes", "DUFB": "No", "WIC": "No", "Status": "Active", "GlobalID": "3e7f2b5a-f83d-4a97-990c-b04353dc2e54", "x": 3162006.60459405, "y": 1695111.2864109001 }, "geometry": { "type": "Point", "coordinates": [ -104.92391169, 39.74047451 ] } },
{ "type": "Feature", "properties": { "OBJECTID": 182, "Name": "MURPHYEXPRESS", "Address Full": "5640 N Central Park Blvd Denver, CO 80238", "Address": "5640 N Central Park Blvd", "City": "Denver", "State": "CO", "County": "Denver", "Zip": 80238, "Lat": 39.7991455, "Long": -104.88373569, "Type": "Category 1: Convenience stores ", "SNAP": "Yes", "DUFB": "No", "WIC": "No", "Status": "Active", "GlobalID": "0e8ad7f4-35f1-4753-b21c-744cd9f6bf22", "x": 3173159.6856343001, "y": 1716557.20152423 }, "geometry": { "type": "Point", "coordinates": [ -104.88373569, 39.7991455 ] } },
{ "type": "Feature", "properties": { "OBJECTID": 183, "Name": "7-ELEVEN", "Address Full": "580 N Josephine St Denver, CO 80206", "Address": "580 N Josephine St", "City": "Denver", "State": "CO", "County": "Denver", "Zip": 80206, "Lat": 39.72541751, "Long": -104.95793168, "Type": "Category 1: Convenience stores ", "SNAP": "Yes", "DUFB": "No", "WIC": "No", "Status": "Active", "GlobalID": "7b812d09-1f9d-4c22-8f9e-21c2a13dfbe9", "x": 3152472.40286197, "y": 1689567.7226948901 }, "geometry": { "type": "Point", "coordinates": [ -104.95793168, 39.72541751 ] } },
{ "type": "Feature", "properties": { "OBJECTID": 184, "Name": "GATEWAYCONVENIENCE", "Address Full": "5910 N Tower Rd Denver, CO 80249", "Address": "5910 N Tower Rd", "City": "Denver", "State": "CO", "County": "Denver", "Zip": 80249, "Lat": 39.80426649, "Long": -104.77118172, "Type": "Category 1: Convenience stores ", "SNAP": "Yes", "DUFB": "No", "WIC": "No", "Status": "Active", "GlobalID": "bd5a7856-99cf-4f40-b2b0-979748583453", "x": 3204769.82615405, "y": 1718656.73013356 }, "geometry": { "type": "Point", "coordinates": [ -104.77118172, 39.80426649 ] } },
{ "type": "Feature", "properties": { "OBJECTID": 185, "Name": "DOLLARTREE", "Address Full": "600 S Holly St Denver, CO 80246", "Address": "600 S Holly St", "City": "Denver", "State": "CO", "County": "Denver", "Zip": 80246, "Lat": 39.70591451, "Long": -104.92149969, "Type": "Category 1: Convenience stores ", "SNAP": "Yes", "DUFB": "No", "WIC": "No", "Status": "Active", "GlobalID": "24cfbca0-d9e8-48b8-b8cb-6236c086c326", "x": 3162765.0594419702, "y": 1682526.7912387301 }, "geometry": { "type": "Point", "coordinates": [ -104.92149969, 39.70591451 ] } },
{ "type": "Feature", "properties": { "OBJECTID": 186, "Name": "ACSCONOCO", "Address Full": "601 W Mississippi Ave Denver, CO 80223", "Address": "601 W Mississippi Ave", "City": "Denver", "State": "CO", "County": "Denver", "Zip": 80223, "Lat": 39.69691452, "Long": -104.99479118000001, "Type": "Category 1: Convenience stores ", "SNAP": "No", "DUFB": "No", "WIC": "No", "Status": "Active", "GlobalID": "ab117648-8c24-4182-bdf9-3b55f7a8295b", "x": 3142162.45169714, "y": 1679125.47520673 }, "geometry": { "type": "Point", "coordinates": [ -104.99479118, 39.69691452 ] } },
{ "type": "Feature", "properties": { "OBJECTID": 187, "Name": "7-ELEVEN", "Address Full": "607 E Alameda Ave Denver, CO 80209", "Address": "607 E Alameda Ave", "City": "Denver", "State": "CO", "County": "Denver", "Zip": 80209, "Lat": 39.71126051, "Long": -104.98018868, "Type": "Category 1: Convenience stores ", "SNAP": "Yes", "DUFB": "No", "WIC": "No", "Status": "Active", "GlobalID": "7a446d36-4b8f-45c4-b360-9f0482110b22", "x": 3146241.5544313001, "y": 1684374.3026355701 }, "geometry": { "type": "Point", "coordinates": [ -104.98018868, 39.71126051 ] } },
{ "type": "Feature", "properties": { "OBJECTID": 188, "Name": "WALGREENS", "Address Full": "6200 E Colfax Ave Denver, CO 80220", "Address": "6200 E Colfax Ave", "City": "Denver", "State": "CO", "County": "Denver", "Zip": 80220, "Lat": 39.73961051, "Long": -104.91570369, "Type": "Category 1: Convenience stores ", "SNAP": "Yes", "DUFB": "No", "WIC": "No", "Status": "Active", "GlobalID": "0c555ef0-1846-4321-b1c2-122598618fe3", "x": 3164316.8371783001, "y": 1694811.3060397201 }, "geometry": { "type": "Point", "coordinates": [ -104.91570369, 39.73961051 ] } },
{ "type": "Feature", "properties": { "OBJECTID": 189, "Name": "7-ELEVEN", "Address Full": "6201 E 14th Ave Denver, CO 80220", "Address": "6201 E 14th Ave", "City": "Denver", "State": "CO", "County": "Denver", "Zip": 80220, "Lat": 39.73878251, "Long": -104.91598269000001, "Type": "Category 1: Convenience stores ", "SNAP": "Yes", "DUFB": "No", "WIC": "No", "Status": "Active", "GlobalID": "37c72114-2010-4c4a-aeb6-6770e3ef7add", "x": 3164240.3163339598, "y": 1694509.1931268901 }, "geometry": { "type": "Point", "coordinates": [ -104.91598269, 39.73878251 ] } },
{ "type": "Feature", "properties": { "OBJECTID": 190, "Name": "WALGREENS", "Address Full": "6360 E Evans Ave Denver, CO 80222", "Address": "6360 E Evans Ave", "City": "Denver", "State": "CO", "County": "Denver", "Zip": 80222, "Lat": 39.67824851, "Long": -104.9140612, "Type": "Category 1: Convenience stores ", "SNAP": null, "DUFB": null, "WIC": null, "Status": "Inactive", "GlobalID": "a7ed9c27-674a-4b8e-a229-617b9da69148", "x": 3164922.8996144701, "y": 1672462.72048764 }, "geometry": { "type": "Point", "coordinates": [ -104.9140612, 39.67824851 ] } },
{ "type": "Feature", "properties": { "OBJECTID": 191, "Name": "QUIKTRIP", "Address Full": "6477 E Evans Ave Denver, CO 80222", "Address": "6477 E Evans Ave", "City": "Denver", "State": "CO", "County": "Denver", "Zip": 80222, "Lat": 39.67883352, "Long": -104.9137687, "Type": "Category 1: Convenience stores ", "SNAP": "Yes", "DUFB": "No", "WIC": "No", "Status": "Active", "GlobalID": "428ea3fb-6ae4-4690-81ca-2675ab4eb528", "x": 3165003.8528646398, "y": 1672676.3437480601 }, "geometry": { "type": "Point", "coordinates": [ -104.9137687, 39.67883352 ] } },
{ "type": "Feature", "properties": { "OBJECTID": 192, "Name": "SHOPFAST", "Address Full": "6504 E Alameda Ave Denver, CO 80224", "Address": "6504 E Alameda Ave", "City": "Denver", "State": "CO", "County": "Denver", "Zip": 80224, "Lat": 39.71094551, "Long": -104.91250869, "Type": "Category 1: Convenience stores ", "SNAP": "No", "DUFB": "No", "WIC": "No", "Status": "Active", "GlobalID": "81116adf-342e-44dd-bf14-59589240e545", "x": 3165282.8532908899, "y": 1684375.6034859701 }, "geometry": { "type": "Point", "coordinates": [ -104.91250869, 39.71094551 ] } },
{ "type": "Feature", "properties": { "OBJECTID": 193, "Name": "CLARK'SMARKETANDMUSTANG'SLIQUORSTORE", "Address Full": "7059 E Lowry Blvd Denver, CO 80230", "Address": "7059 E Lowry Blvd", "City": "Denver", "State": "CO", "County": "Denver", "Zip": 80230, "Lat": 39.71689451, "Long": -104.9063302, "Type": "Category 1: Convenience stores ", "SNAP": "Yes", "DUFB": "No", "WIC": "Yes", "Status": "Active", "GlobalID": "63a81569-eeae-44f9-9bc4-99cfdcce049e", "x": 3167006.9033204801, "y": 1686553.87307955 }, "geometry": { "type": "Point", "coordinates": [ -104.9063302, 39.71689451 ] } },
{ "type": "Feature", "properties": { "OBJECTID": 194, "Name": "7-ELEVEN", "Address Full": "7080 N Tower Rd Denver, CO 80249", "Address": "7080 N Tower Rd", "City": "Denver", "State": "CO", "County": "Denver", "Zip": 80249, "Lat": 39.82505648, "Long": -104.77110972, "Type": "Category 1: Convenience stores ", "SNAP": "Yes", "DUFB": "No", "WIC": "No", "Status": "Active", "GlobalID": "51c7ec51-fc61-4879-9840-cfa2314343f8", "x": 3204729.2917863, "y": 1726230.0125591501 }, "geometry": { "type": "Point", "coordinates": [ -104.77110972, 39.82505648 ] } },
{ "type": "Feature", "properties": { "OBJECTID": 195, "Name": "MURPHYEXPRESS", "Address Full": "7101 N Tower Rd Denver, CO 80249", "Address": "7101 N Tower Rd", "City": "Denver", "State": "CO", "County": "Denver", "Zip": 80249, "Lat": 39.82592948, "Long": -104.77234271, "Type": "Category 1: Convenience stores ", "SNAP": "Yes", "DUFB": "No", "WIC": "No", "Status": "Active", "GlobalID": "40de6dfc-9411-422c-97a5-b8e8bb65942a", "x": 3204380.4322477998, "y": 1726545.2432279 }, "geometry": { "type": "Point", "coordinates": [ -104.77234271, 39.82592948 ] } },
{ "type": "Feature", "properties": { "OBJECTID": 196, "Name": "FAMILYDOLLARSTORE", "Address Full": "7150 Leetsdale Dr Denver, CO 80224", "Address": "7150 Leetsdale Dr", "City": "Denver", "State": "CO", "County": "Denver", "Zip": 80224, "Lat": 39.69760751, "Long": -104.9051962, "Type": "Category 1: Convenience stores ", "SNAP": "Yes", "DUFB": "No", "WIC": "No", "Status": "Active", "GlobalID": "8488da4c-ccfc-4b42-9074-f9c457b76b05", "x": 3167371.9061993798, "y": 1679530.53673255 }, "geometry": { "type": "Point", "coordinates": [ -104.9051962, 39.69760751 ] } },
{ "type": "Feature", "properties": { "OBJECTID": 197, "Name": "WALGREENS", "Address Full": "7190 E Hampden Ave Denver, CO 80224", "Address": "7190 E Hampden Ave", "City": "Denver", "State": "CO", "County": "Denver", "Zip": 80224, "Lat": 39.65264352, "Long": -104.9050792, "Type": "Category 1: Convenience stores ", "SNAP": "Yes", "DUFB": "No", "WIC": "No", "Status": "Active", "GlobalID": "1c9e4f62-7704-49b4-833a-96949c5f7710", "x": 3167512.08538097, "y": 1663152.4940293899 }, "geometry": { "type": "Point", "coordinates": [ -104.9050792, 39.65264352 ] } },
{ "type": "Feature", "properties": { "OBJECTID": 198, "Name": "7-ELEVEN", "Address Full": "725 N Kalamath St Denver, CO 80204", "Address": "725 N Kalamath St", "City": "Denver", "State": "CO", "County": "Denver", "Zip": 80204, "Lat": 39.72778451, "Long": -105.00059617, "Type": "Category 1: Convenience stores ", "SNAP": "Yes", "DUFB": "No", "WIC": "No", "Status": "Active", "GlobalID": "292883ce-7f96-4151-8897-0850bb91b78c", "x": 3140467.1667018798, "y": 1690361.14171173 }, "geometry": { "type": "Point", "coordinates": [ -105.00059617, 39.72778451 ] } },
{ "type": "Feature", "properties": { "OBJECTID": 199, "Name": "7-ELEVEN", "Address Full": "7260 E 36th Ave Denver, CO 80207", "Address": "7260 E 36th Ave", "City": "Denver", "State": "CO", "County": "Denver", "Zip": 80207, "Lat": 39.7672405, "Long": -104.90395869, "Type": "Category 1: Convenience stores ", "SNAP": "Yes", "DUFB": "No", "WIC": "No", "Status": "Active", "GlobalID": "6a782ab4-219b-4403-9782-96be89f0d355", "x": 3167553.7053764798, "y": 1704897.3462350699 }, "geometry": { "type": "Point", "coordinates": [ -104.90395869, 39.7672405 ] } },
{ "type": "Feature", "properties": { "OBJECTID": 200, "Name": "7-ELEVEN", "Address Full": "7295 E 7th Ave Denver, CO 80220", "Address": "7295 E 7th Ave", "City": "Denver", "State": "CO", "County": "Denver", "Zip": 80220, "Lat": 39.72716351, "Long": -104.90383719, "Type": "Category 1: Convenience stores ", "SNAP": "Yes", "DUFB": "No", "WIC": "No", "Status": "Active", "GlobalID": "defe0341-246b-4cc3-ac1c-52d438c23b7d", "x": 3167683.66148138, "y": 1690299.0391456501 }, "geometry": { "type": "Point", "coordinates": [ -104.90383719, 39.72716351 ] } },
{ "type": "Feature", "properties": { "OBJECTID": 201, "Name": "WALGREENS", "Address Full": "7311 E 29th Dr Denver, CO 80238", "Address": "7311 E 29th Dr", "City": "Denver", "State": "CO", "County": "Denver", "Zip": 80238, "Lat": 39.7596895, "Long": -104.90252319, "Type": "Category 1: Convenience stores ", "SNAP": "Yes", "DUFB": "No", "WIC": "No", "Status": "Active", "GlobalID": "f7d60569-6d5c-4996-bfa0-c6cea38e9f34", "x": 3167975.3242838802, "y": 1702149.4370327301 }, "geometry": { "type": "Point", "coordinates": [ -104.90252319, 39.7596895 ] } },
{ "type": "Feature", "properties": { "OBJECTID": 202, "Name": "CVSPHARMACY", "Address Full": "750 16th St Denver, CO 80202", "Address": "750 16th St", "City": "Denver", "State": "CO", "County": "Denver", "Zip": 80202, "Lat": 39.74561351, "Long": -104.99295967, "Type": "Category 1: Convenience stores ", "SNAP": "Yes", "DUFB": "No", "WIC": "No", "Status": "Active", "GlobalID": "70b359aa-72c6-40f3-98be-c4b58e7bf3c1", "x": 3142578.8127410598, "y": 1696867.48335782 }, "geometry": { "type": "Point", "coordinates": [ -104.99295967, 39.74561351 ] } },
{ "type": "Feature", "properties": { "OBJECTID": 203, "Name": "GGCONVENIENCESTORE-RFE", "Address Full": "7520 E Colfax Ave Denver, CO 80220", "Address": "7520 E Colfax Ave", "City": "Denver", "State": "CO", "County": "Denver", "Zip": 80220, "Lat": 39.7398715, "Long": -104.90030019, "Type": "Category 1: Convenience stores ", "SNAP": "Yes", "DUFB": "No", "WIC": "No", "Status": "Active", "GlobalID": "8ee69c92-f895-41ea-ad1a-c0e303890898", "x": 3168647.9469543798, "y": 1694934.6027091399 }, "geometry": { "type": "Point", "coordinates": [ -104.90030019, 39.7398715 ] } },
{ "type": "Feature", "properties": { "OBJECTID": 204, "Name": "CVSPHARMACY", "Address Full": "7950 E Hampden Ave Denver, CO 80231", "Address": "7950 E Hampden Ave", "City": "Denver", "State": "CO", "County": "Denver", "Zip": 80231, "Lat": 39.65246352, "Long": -104.8992292, "Type": "Category 1: Convenience stores ", "SNAP": "Yes", "DUFB": "No", "WIC": "No", "Status": "Active", "GlobalID": "ceee0567-e458-428b-9dfa-5fe56825f11b", "x": 3169159.6818233002, "y": 1663097.76907323 }, "geometry": { "type": "Point", "coordinates": [ -104.8992292, 39.65246352 ] } },
{ "type": "Feature", "properties": { "OBJECTID": 205, "Name": "DOLLARTREE", "Address Full": "8000 E Quincy Ave Denver, CO 80237", "Address": "8000 E Quincy Ave", "City": "Denver", "State": "CO", "County": "Denver", "Zip": 80237, "Lat": 39.63771252, "Long": -104.89694321, "Type": "Category 1: Convenience stores ", "SNAP": "Yes", "DUFB": "No", "WIC": "No", "Status": "Active", "GlobalID": "38393a1d-bfbf-40b2-867d-0565bfe6eb61", "x": 3169839.0088767302, "y": 1657728.99962705 }, "geometry": { "type": "Point", "coordinates": [ -104.89694321, 39.63771252 ] } },
{ "type": "Feature", "properties": { "OBJECTID": 206, "Name": "WALGREENS", "Address Full": "801 16th St Denver, CO 80202", "Address": "801 16th St", "City": "Denver", "State": "CO", "County": "Denver", "Zip": 80202, "Lat": 39.74603651, "Long": -104.99305417, "Type": "Category 1: Convenience stores ", "SNAP": "Yes", "DUFB": "No", "WIC": "No", "Status": "Active", "GlobalID": "616ba419-9224-4eda-b1d7-5ecf069654aa", "x": 3142551.38005313, "y": 1697021.41874547 }, "geometry": { "type": "Point", "coordinates": [ -104.99305417, 39.74603651 ] } },
{ "type": "Feature", "properties": { "OBJECTID": 207, "Name": "SINCLAIR", "Address Full": "8275 E Colfax Ave Denver, CO 80220", "Address": "8275 E Colfax Ave", "City": "Denver", "State": "CO", "County": "Denver", "Zip": 80220, "Lat": 39.7404475, "Long": -104.8920607, "Type": "Category 1: Convenience stores ", "SNAP": "Yes", "DUFB": "No", "WIC": "No", "Status": "Active", "GlobalID": "3cc478e6-966a-4055-8a85-c1d9cfb16b07", "x": 3170963.6230973001, "y": 1695159.81780989 }, "geometry": { "type": "Point", "coordinates": [ -104.8920607, 39.7404475 ] } },
{ "type": "Feature", "properties": { "OBJECTID": 208, "Name": "7-ELEVEN", "Address Full": "85 W Alameda Ave Denver, CO 80223", "Address": "85 W Alameda Ave", "City": "Denver", "State": "CO", "County": "Denver", "Zip": 80223, "Lat": 39.71153951, "Long": -104.98974218, "Type": "Category 1: Convenience stores ", "SNAP": "Yes", "DUFB": "No", "WIC": "No", "Status": "Active", "GlobalID": "22cd0031-64de-49ac-a442-5b1c3142af52", "x": 3143553.2701097298, "y": 1684460.69353889 }, "geometry": { "type": "Point", "coordinates": [ -104.98974218, 39.71153951 ] } },
{ "type": "Feature", "properties": { "OBJECTID": 209, "Name": "CIRCLEKCrestline", "Address Full": "8500 W Crestline Ave Denver, CO 80123", "Address": "8500 W Crestline Ave", "City": "Denver", "State": "CO", "County": "Denver", "Zip": 80123, "Lat": 39.61756153, "Long": -105.09343566, "Type": "Category 1: Convenience stores ", "SNAP": "No", "DUFB": "No", "WIC": "No", "Status": "Active", "GlobalID": "d5712d6f-1fb2-4662-baae-43b0e1a69952", "x": 3114534.1073476402, "y": 1650081.4788329001 }, "geometry": { "type": "Point", "coordinates": [ -105.09343566, 39.61756153 ] } },
{ "type": "Feature", "properties": { "OBJECTID": 210, "Name": "DOLLARTREE", "Address Full": "8601 W Cross Dr Denver, CO 80123", "Address": "8601 W Cross Dr", "City": "Denver", "State": "CO", "County": "Denver", "Zip": 80123, "Lat": 39.61498753, "Long": -105.09249066, "Type": "Category 1: Convenience stores ", "SNAP": "No", "DUFB": "No", "WIC": "No", "Status": "Active", "GlobalID": "8c296592-16bc-4312-b142-89a2bc09d206", "x": 3114804.5293789702, "y": 1649145.0932384699 }, "geometry": { "type": "Point", "coordinates": [ -105.09249066, 39.61498753 ] } },
{ "type": "Feature", "properties": { "OBJECTID": 211, "Name": "7-ELEVEN", "Address Full": "8755 E Montview Blvd Denver, CO 80238", "Address": "8755 E Montview Blvd", "City": "Denver", "State": "CO", "County": "Denver", "Zip": 80238, "Lat": 39.7477375, "Long": -104.8864537, "Type": "Category 1: Convenience stores ", "SNAP": "Yes", "DUFB": "No", "WIC": "No", "Status": "Active", "GlobalID": "7917c1e2-fcdb-4b54-bd71-51ddad0b7387", "x": 3172522.45528147, "y": 1697825.88301581 }, "geometry": { "type": "Point", "coordinates": [ -104.8864537, 39.7477375 ] } },
{ "type": "Feature", "properties": { "OBJECTID": 212, "Name": "CONOCO", "Address Full": "8899 E Hampden Ave Denver, CO 80231", "Address": "8899 E Hampden Ave", "City": "Denver", "State": "CO", "County": "Denver", "Zip": 80231, "Lat": 39.65345352, "Long": -104.88528821, "Type": "Category 1: Convenience stores ", "SNAP": "No", "DUFB": "No", "WIC": "No", "Status": "Active", "GlobalID": "d454ec1a-12f4-469d-ab6f-1dc9a5e04e87", "x": 3173082.5621008901, "y": 1663484.6360816499 }, "geometry": { "type": "Point", "coordinates": [ -104.88528821, 39.65345352 ] } },
{ "type": "Feature", "properties": { "OBJECTID": 213, "Name": "7-ELEVEN", "Address Full": "890 S Federal Blvd Denver, CO 80219", "Address": "890 S Federal Blvd", "City": "Denver", "State": "CO", "County": "Denver", "Zip": 80219, "Lat": 39.70066752, "Long": -105.02464417, "Type": "Category 1: Convenience stores ", "SNAP": "Yes", "DUFB": "No", "WIC": "No", "Status": "Active", "GlobalID": "7dad969a-810d-404d-b7f3-9dc8e77462d4", "x": 3133754.94160931, "y": 1680447.2018939699 }, "geometry": { "type": "Point", "coordinates": [ -105.02464417, 39.70066752 ] } },
{ "type": "Feature", "properties": { "OBJECTID": 214, "Name": "YOSEMITECONOCO", "Address Full": "8900 E Hampden Ave Denver, CO 80231", "Address": "8900 E Hampden Ave", "City": "Denver", "State": "CO", "County": "Denver", "Zip": 80231, "Lat": 39.65277852, "Long": -104.88433871, "Type": "Category 1: Convenience stores ", "SNAP": "No", "DUFB": "No", "WIC": "No", "Status": "Active", "GlobalID": "9881149e-1f22-447e-8baf-1450cba74b72", "x": 3173351.5720615499, "y": 1663240.5781708099 }, "geometry": { "type": "Point", "coordinates": [ -104.88433871, 39.65277852 ] } },
{ "type": "Feature", "properties": { "OBJECTID": 215, "Name": "DOLLARTREE", "Address Full": "8962 E Hampden Ave Denver, CO 80231", "Address": "8962 E Hampden Ave", "City": "Denver", "State": "CO", "County": "Denver", "Zip": 80231, "Lat": 39.65202252, "Long": -104.88326321, "Type": "Category 1: Convenience stores ", "SNAP": "Yes", "DUFB": "No", "WIC": "No", "Status": "Active", "GlobalID": "2da4f22f-7b2c-4871-9e14-d88775cec792", "x": 3173656.26534981, "y": 1662967.25949173 }, "geometry": { "type": "Point", "coordinates": [ -104.88326321, 39.65202252 ] } },
{ "type": "Feature", "properties": { "OBJECTID": 216, "Name": "NEIGHBORHOODMARKET", "Address Full": "900 Park Ave W Denver, CO 80205", "Address": "900 Park Ave W", "City": "Denver", "State": "CO", "County": "Denver", "Zip": 80205, "Lat": 39.75306551, "Long": -104.98572817, "Type": "Category 1: Convenience stores ", "SNAP": "No", "DUFB": "No", "WIC": "No", "Status": "Active", "GlobalID": "788cfe26-bb6a-4fd3-88a8-abffb05cc13f", "x": 3144596.9090985502, "y": 1699593.41228914 }, "geometry": { "type": "Point", "coordinates": [ -104.98572817, 39.75306551 ] } },
{ "type": "Feature", "properties": { "OBJECTID": 217, "Name": "GMART", "Address Full": "911 15th St Denver, CO 80202", "Address": "911 15th St", "City": "Denver", "State": "CO", "County": "Denver", "Zip": 80202, "Lat": 39.74591951, "Long": -104.99533117, "Type": "Category 1: Convenience stores ", "SNAP": "Yes", "DUFB": "No", "WIC": "No", "Status": "Active", "GlobalID": "fe888989-15c4-4987-b7a1-69e467c2a298", "x": 3141911.33901039, "y": 1696975.23478273 }, "geometry": { "type": "Point", "coordinates": [ -104.99533117, 39.74591951 ] } },
{ "type": "Feature", "properties": { "OBJECTID": 218, "Name": "WALGREENS", "Address Full": "950 S Quebec St Denver, CO 80247", "Address": "950 S Quebec St", "City": "Denver", "State": "CO", "County": "Denver", "Zip": 80247, "Lat": 39.69882251, "Long": -104.9030137, "Type": "Category 1: Convenience stores ", "SNAP": "Yes", "DUFB": "No", "WIC": "No", "Status": "Active", "GlobalID": "a242902c-3916-4f43-b621-cc0e9026d59c", "x": 3167983.1228247099, "y": 1679977.1359049799 }, "geometry": { "type": "Point", "coordinates": [ -104.9030137, 39.69882251 ] } },
{ "type": "Feature", "properties": { "OBJECTID": 219, "Name": "NILEEXPRESSMARKET", "Address Full": "9660 E Alameda Ave Denver, CO 80247", "Address": "9660 E Alameda Ave", "City": "Denver", "State": "CO", "County": "Denver", "Zip": 80247, "Lat": 39.70830851, "Long": -104.8765807, "Type": "Category 1: Convenience stores ", "SNAP": "Yes", "DUFB": "Yes", "WIC": "No", "Status": "Active", "GlobalID": "7310b65d-de7f-4984-abb5-f0344f3909ea", "x": 3175397.1519598798, "y": 1683482.42416997 }, "geometry": { "type": "Point", "coordinates": [ -104.8765807, 39.70830851 ] } },
{ "type": "Feature", "properties": { "OBJECTID": 220, "Name": "CIRCLEKMONACO", "Address Full": "990 S Monaco Street Pkwy Denver, CO 80224", "Address": "990 S Monaco Street Pkwy", "City": "Denver", "State": "CO", "County": "Denver", "Zip": 80224, "Lat": 39.69875951, "Long": -104.9124322, "Type": "Category 1: Convenience stores ", "SNAP": "Yes", "DUFB": "No", "WIC": "No", "Status": "Active", "GlobalID": "a55887e9-ff9d-4002-9c32-8fa5f2d12ed4", "x": 3165333.0818649698, "y": 1679936.90927939 }, "geometry": { "type": "Point", "coordinates": [ -104.9124322, 39.69875951 ] } },
{ "type": "Feature", "properties": { "OBJECTID": 221, "Name": "DECATURFRESH", "Address Full": "995 N Decatur St Denver, CO 80204", "Address": "995 N Decatur St", "City": "Denver", "State": "CO", "County": "Denver", "Zip": 80204, "Lat": 39.73266251, "Long": -105.02189017000001, "Type": "Category 1: Convenience stores ", "SNAP": "Yes", "DUFB": "Yes", "WIC": "No", "Status": "Active", "GlobalID": "dc64750a-de76-45d2-abdf-3efd8d5456cd", "x": 3134468.5146572101, "y": 1692105.7920938099 }, "geometry": { "type": "Point", "coordinates": [ -105.02189017, 39.73266251 ] } },
{ "type": "Feature", "properties": { "OBJECTID": 222, "Name": "FAMILYDOLLAR", "Address Full": "998 N Sheridan Blvd Denver, CO 80214", "Address": "998 N Sheridan Blvd", "City": "Denver", "State": "CO", "County": "Denver", "Zip": 80214, "Lat": 39.73287852, "Long": -105.05261616, "Type": "Category 1: Convenience stores ", "SNAP": null, "DUFB": null, "WIC": null, "Status": "Inactive", "GlobalID": "18a6100e-26cf-486e-bae1-4569e76e63fb", "x": 3125826.5066788001, "y": 1692140.4583630599 }, "geometry": { "type": "Point", "coordinates": [ -105.05261616, 39.73287852 ] } },
{ "type": "Feature", "properties": { "OBJECTID": 223, "Name": "MECCAMARKET", "Address Full": "10015 E Hampden Ave Denver, CO 80231", "Address": "10015 E Hampden Ave", "City": "Denver", "State": "CO", "County": "Denver", "Zip": 80231, "Lat": 39.65357052, "Long": -104.87091971, "Type": "Category 2: Specialty Food Stores", "SNAP": "Yes", "DUFB": "No", "WIC": "No", "Status": "Active", "GlobalID": "d3ccb597-3f08-4209-a5ab-0b9534487585", "x": 3177127.8988264701, "y": 1663554.9482769801 }, "geometry": { "type": "Point", "coordinates": [ -104.87091971, 39.65357052 ] } },
{ "type": "Feature", "properties": { "OBJECTID": 224, "Name": "INDOCHINA", "Address Full": "1045 S Federal Blvd Denver, CO 80219", "Address": "1045 S Federal Blvd", "City": "Denver", "State": "CO", "County": "Denver", "Zip": 80219, "Lat": 39.69758952, "Long": -105.02542717, "Type": "Category 2: Specialty Food Stores", "SNAP": "Yes", "DUFB": "No", "WIC": "No", "Status": "Active", "GlobalID": "4d1defe9-27fd-493c-99ff-29bdd9401e19", "x": 3133540.4814082999, "y": 1679324.8619470601 }, "geometry": { "type": "Point", "coordinates": [ -105.02542717, 39.69758952 ] } },
{ "type": "Feature", "properties": { "OBJECTID": 225, "Name": "NEWSAIGONMARKET", "Address Full": "1076 S Federal Blvd Denver, CO 80219", "Address": "1076 S Federal Blvd", "City": "Denver", "State": "CO", "County": "Denver", "Zip": 80219, "Lat": 39.69749052, "Long": -105.02472517, "Type": "Category 2: Specialty Food Stores", "SNAP": "Yes", "DUFB": "No", "WIC": "No", "Status": "Active", "GlobalID": "a5458934-d80f-41ce-a099-730d3b08541d", "x": 3133738.2047661399, "y": 1679289.8328176399 }, "geometry": { "type": "Point", "coordinates": [ -105.02472517, 39.69749052 ] } },
{ "type": "Feature", "properties": { "OBJECTID": 226, "Name": "HAUGIANGMARKET", "Address Full": "1095 S Federal Blvd Denver, CO 80219", "Address": "1095 S Federal Blvd", "City": "Denver", "State": "CO", "County": "Denver", "Zip": 80219, "Lat": 39.69694152, "Long": -105.02541817, "Type": "Category 2: Specialty Food Stores", "SNAP": "Yes", "DUFB": "No", "WIC": "No", "Status": "Active", "GlobalID": "848073a4-6390-4fe5-b1e1-5dac00570209", "x": 3133544.2468207199, "y": 1679088.83551623 }, "geometry": { "type": "Point", "coordinates": [ -105.02541817, 39.69694152 ] } },
{ "type": "Feature", "properties": { "OBJECTID": 227, "Name": "GLOBALGROCERYMARKET", "Address Full": "1133 N Yosemite St Denver, CO 80220", "Address": "1133 N Yosemite St", "City": "Denver", "State": "CO", "County": "Denver", "Zip": 80220, "Lat": 39.7335355, "Long": -104.8850137, "Type": "Category 2: Specialty Food Stores", "SNAP": "Yes", "DUFB": "No", "WIC": "No", "Status": "Active", "GlobalID": "4826fe40-c1c0-4a05-8036-294faf9ddacb", "x": 3172962.38222314, "y": 1692655.3894198099 }, "geometry": { "type": "Point", "coordinates": [ -104.8850137, 39.7335355 ] } },
{ "type": "Feature", "properties": { "OBJECTID": 228, "Name": "CRAWFISHMARKET", "Address Full": "1175 S Federal Blvd Denver, CO 80219", "Address": "1175 S Federal Blvd", "City": "Denver", "State": "CO", "County": "Denver", "Zip": 80219, "Lat": 39.69541152, "Long": -105.02549917, "Type": "Category 2: Specialty Food Stores", "SNAP": "Yes", "DUFB": "No", "WIC": "No", "Status": "Active", "GlobalID": "3b77ab86-216f-43dc-aed3-927bc00575af", "x": 3133524.3652988099, "y": 1678531.40126364 }, "geometry": { "type": "Point", "coordinates": [ -105.02549917, 39.69541152 ] } },
{ "type": "Feature", "properties": { "OBJECTID": 229, "Name": "TORTILLERIACUAUHTEMOC", "Address Full": "1550 S Federal Blvd Denver, CO 80219", "Address": "1550 S Federal Blvd", "City": "Denver", "State": "CO", "County": "Denver", "Zip": 80219, "Lat": 39.68883252, "Long": -105.02430217, "Type": "Category 2: Specialty Food Stores", "SNAP": "No", "DUFB": "No", "WIC": "No", "Status": "Active", "GlobalID": "518f675f-533d-4c3d-b2b3-faca1ad9da47", "x": 3133873.74616171, "y": 1676136.71117115 }, "geometry": { "type": "Point", "coordinates": [ -105.02430217, 39.68883252 ] } },
{ "type": "Feature", "properties": { "OBJECTID": 230, "Name": "CHICKPEAINCdbaRUBY'SMARKET", "Address Full": "1569 S Pearl St Denver, CO 80210", "Address": "1569 S Pearl St", "City": "Denver", "State": "CO", "County": "Denver", "Zip": 80210, "Lat": 39.68809452, "Long": -104.98062968000001, "Type": "Category 2: Specialty Food Stores", "SNAP": "No", "DUFB": "No", "WIC": "No", "Status": "Active", "GlobalID": "464a1fc0-4f0a-4698-bf76-1d533e4d67dd", "x": 3146165.7297798102, "y": 1675935.2010754801 }, "geometry": { "type": "Point", "coordinates": [ -104.98062968, 39.68809452 ] } },
{ "type": "Feature", "properties": { "OBJECTID": 231, "Name": "OLIVER'SMEATMARKET", "Address Full": "1718 E 6th Ave Denver, CO 80218", "Address": "1718 E 6th Ave", "City": "Denver", "State": "CO", "County": "Denver", "Zip": 80218, "Lat": 39.72545351, "Long": -104.96660318000001, "Type": "Category 2: Specialty Food Stores", "SNAP": "No", "DUFB": "No", "WIC": "No", "Status": "Active", "GlobalID": "47e5ad87-c2a3-47d9-8116-db99c0e0369a", "x": 3150033.2440263899, "y": 1689566.39855056 }, "geometry": { "type": "Point", "coordinates": [ -104.96660318, 39.72545351 ] } },
{ "type": "Feature", "properties": { "OBJECTID": 232, "Name": "TORTILLERIACOLORADO", "Address Full": "2050 W Mississippi Ave Denver, CO 80223", "Address": "2050 W Mississippi Ave", "City": "Denver", "State": "CO", "County": "Denver", "Zip": 80223, "Lat": 39.69650952, "Long": -105.01334017000001, "Type": "Category 2: Specialty Food Stores", "SNAP": "No", "DUFB": "No", "WIC": "No", "Status": "Active", "GlobalID": "f8229578-03c0-4c33-9ffb-6e5b4e7bbd2d", "x": 3136943.7285388098, "y": 1678949.4565299 }, "geometry": { "type": "Point", "coordinates": [ -105.01334017, 39.69650952 ] } },
{ "type": "Feature", "properties": { "OBJECTID": 233, "Name": "COCO2MIL", "Address Full": "2135 W Evans Ave Denver, CO 80223", "Address": "2135 W Evans Ave", "City": "Denver", "State": "CO", "County": "Denver", "Zip": 80223, "Lat": 39.67895952, "Long": -105.01233217, "Type": "Category 2: Specialty Food Stores", "SNAP": "Yes", "DUFB": "No", "WIC": "No", "Status": "Active", "GlobalID": "54b9864f-eff4-4095-8e67-19e50bee0818", "x": 3137261.68886089, "y": 1672558.2685249001 }, "geometry": { "type": "Point", "coordinates": [ -105.01233217, 39.67895952 ] } },
{ "type": "Feature", "properties": { "OBJECTID": 234, "Name": "KOLBEMARKETANDBAKERY", "Address Full": "2160 S Holly St Denver, CO 80222", "Address": "2160 S Holly St", "City": "Denver", "State": "CO", "County": "Denver", "Zip": 80222, "Lat": 39.67704252, "Long": -104.9217022, "Type": "Category 2: Specialty Food Stores", "SNAP": "Yes", "DUFB": "No", "WIC": "No", "Status": "Active", "GlobalID": "c194333d-8f11-4e80-93dc-191ccfd2bae2", "x": 3162775.0298944698, "y": 1672009.6534804001 }, "geometry": { "type": "Point", "coordinates": [ -104.9217022, 39.67704252 ] } },
{ "type": "Feature", "properties": { "OBJECTID": 235, "Name": "LEEVERSLOCAVORE", "Address Full": "2630 W 38th Ave Denver, CO 80211", "Address": "2630 W 38th Ave", "City": "Denver", "State": "CO", "County": "Denver", "Zip": 80211, "Lat": 39.76894151, "Long": -105.01990116, "Type": "Category 2: Specialty Food Stores", "SNAP": "Yes", "DUFB": "No", "WIC": "No", "Status": "Active", "GlobalID": "18af0df5-4d4b-4dd4-8c16-0764b842c89d", "x": 3134958.07962297, "y": 1705323.92674673 }, "geometry": { "type": "Point", "coordinates": [ -105.01990116, 39.76894151 ] } },
{ "type": "Feature", "properties": { "OBJECTID": 236, "Name": "TORTILLERIALAS3AMERICAS", "Address Full": "2690 S Federal Blvd Denver, CO 80219", "Address": "2690 S Federal Blvd", "City": "Denver", "State": "CO", "County": "Denver", "Zip": 80219, "Lat": 39.66797052, "Long": -105.02459467, "Type": "Category 2: Specialty Food Stores", "SNAP": "No", "DUFB": "No", "WIC": "No", "Status": "Active", "GlobalID": "511589be-8f2b-499c-80f4-e583af1817c2", "x": 3133831.1970342202, "y": 1668537.1712521501 }, "geometry": { "type": "Point", "coordinates": [ -105.02459467, 39.66797052 ] } },
{ "type": "Feature", "properties": { "OBJECTID": 237, "Name": "SUPERCARNICERIACOMPARE", "Address Full": "2796 S Federal Blvd Denver, CO 80236", "Address": "2796 S Federal Blvd", "City": "Denver", "State": "CO", "County": "Denver", "Zip": 80236, "Lat": 39.66589152, "Long": -105.02449567, "Type": "Category 2: Specialty Food Stores", "SNAP": "Yes", "DUFB": "No", "WIC": "No", "Status": "Active", "GlobalID": "754f73f7-dcf8-48a4-890e-19f0c6e70d33", "x": 3133863.0299757998, "y": 1667780.03201839 }, "geometry": { "type": "Point", "coordinates": [ -105.02449567, 39.66589152 ] } },
{ "type": "Feature", "properties": { "OBJECTID": 238, "Name": "TOWNGROCERY", "Address Full": "2815 N Downing St Denver, CO 80205", "Address": "2815 N Downing St", "City": "Denver", "State": "CO", "County": "Denver", "Zip": 80205, "Lat": 39.75734051, "Long": -104.97351518000001, "Type": "Category 2: Specialty Food Stores", "SNAP": "No", "DUFB": "No", "WIC": "No", "Status": "Active", "GlobalID": "28fdef11-b1a7-4081-9e44-0adb1c5fd28b", "x": 3148021.7513302299, "y": 1701170.31497523 }, "geometry": { "type": "Point", "coordinates": [ -104.97351518, 39.75734051 ] } },
{ "type": "Feature", "properties": { "OBJECTID": 239, "Name": "CARNICERIALASIERRA", "Address Full": "3170 W Alameda Ave Denver, CO 80219", "Address": "3170 W Alameda Ave", "City": "Denver", "State": "CO", "County": "Denver", "Zip": 80219, "Lat": 39.71101752, "Long": -105.02790667, "Type": "Category 2: Specialty Food Stores", "SNAP": "Yes", "DUFB": "No", "WIC": "No", "Status": "Active", "GlobalID": "f94e9e2d-bda2-4cc4-8913-5802534b0be9", "x": 3132817.3604792198, "y": 1684212.5017780699 }, "geometry": { "type": "Point", "coordinates": [ -105.02790667, 39.71101752 ] } },
{ "type": "Feature", "properties": { "OBJECTID": 240, "Name": "STKILIANSCHEESESHOP", "Address Full": "3211 N Lowell Blvd Denver, CO 80211", "Address": "3211 N Lowell Blvd", "City": "Denver", "State": "CO", "County": "Denver", "Zip": 80211, "Lat": 39.76242551, "Long": -105.03472416, "Type": "Category 2: Specialty Food Stores", "SNAP": "No", "DUFB": "No", "WIC": "No", "Status": "Active", "GlobalID": "42927b48-912f-4e76-8b57-0c3f521594bb", "x": 3130803.45702672, "y": 1702928.6776002201 }, "geometry": { "type": "Point", "coordinates": [ -105.03472416, 39.76242551 ] } },
{ "type": "Feature", "properties": { "OBJECTID": 241, "Name": "CARNICERIAJALISCO", "Address Full": "3300 N Downing St Denver, CO 80205", "Address": "3300 N Downing St", "City": "Denver", "State": "CO", "County": "Denver", "Zip": 80205, "Lat": 39.76350551, "Long": -104.97295717, "Type": "Category 2: Specialty Food Stores", "SNAP": "Yes", "DUFB": "No", "WIC": "No", "Status": "Active", "GlobalID": "65d991d9-2e06-4a0e-afc9-8429a89c0baf", "x": 3148165.6060293899, "y": 1703416.92235865 }, "geometry": { "type": "Point", "coordinates": [ -104.97295717, 39.76350551 ] } },
{ "type": "Feature", "properties": { "OBJECTID": 242, "Name": "NUDEFOODSMARKET", "Address Full": "3538 W 44th Ave Denver, CO 80211", "Address": "3538 W 44th Ave", "City": "Denver", "State": "CO", "County": "Denver", "Zip": 80211, "Lat": 39.77653751, "Long": -105.03422916, "Type": "Category 2: Specialty Food Stores", "SNAP": "Yes", "DUFB": "No", "WIC": "Yes ", "Status": "Active", "GlobalID": "6958e845-4489-4ff0-bbec-78bb43fec628", "x": 3130916.2596226302, "y": 1708069.9442205599 }, "geometry": { "type": "Point", "coordinates": [ -105.03422916, 39.77653751 ] } },
{ "type": "Feature", "properties": { "OBJECTID": 243, "Name": "JASFOODMART", "Address Full": "412 N Federal Blvd Denver, CO 80204", "Address": "412 N Federal Blvd", "City": "Denver", "State": "CO", "County": "Denver", "Zip": 80204, "Lat": 39.72238452, "Long": -105.02477467, "Type": "Category 2: Specialty Food Stores", "SNAP": "No", "DUFB": "No", "WIC": "No", "Status": "Active", "GlobalID": "88c008fe-4d9c-4971-ad06-621e83801424", "x": 3133676.8403875502, "y": 1688357.6503118901 }, "geometry": { "type": "Point", "coordinates": [ -105.02477467, 39.72238452 ] } },
{ "type": "Feature", "properties": { "OBJECTID": 244, "Name": "TOWN&COUNTRYMARKET", "Address Full": "4300 E Colfax Ave Denver, CO 80220", "Address": "4300 E Colfax Ave", "City": "Denver", "State": "CO", "County": "Denver", "Zip": 80220, "Lat": 39.73992551, "Long": -104.93697968, "Type": "Category 2: Specialty Food Stores", "SNAP": "No", "DUFB": "No", "WIC": "No", "Status": "Active", "GlobalID": "afe113d0-97b7-47fc-bde3-f1b787512d76", "x": 3158332.9328075498, "y": 1694888.2665157299 }, "geometry": { "type": "Point", "coordinates": [ -104.93697968, 39.73992551 ] } },
{ "type": "Feature", "properties": { "OBJECTID": 245, "Name": "MAVERIK5340", "Address Full": "450 S Santa Fe Dr Denver, CO 80223", "Address": "450 S Santa Fe Dr", "City": "Denver", "State": "CO", "County": "Denver", "Zip": 80223, "Lat": 39.70874052, "Long": -104.99536267000001, "Type": "Category 2: Specialty Food Stores", "SNAP": "Yes", "DUFB": "No", "WIC": "No", "Status": "Active", "GlobalID": "4134520e-f68e-4833-8579-184bbb1c66e4", "x": 3141977.7109248899, "y": 1683432.30255106 }, "geometry": { "type": "Point", "coordinates": [ -104.99536267, 39.70874052 ] } },
{ "type": "Feature", "properties": { "OBJECTID": 246, "Name": "ASIANSTORE", "Address Full": "4600 N Tower Rd Denver, CO 80249", "Address": "4600 N Tower Rd", "City": "Denver", "State": "CO", "County": "Denver", "Zip": 80249, "Lat": 39.78048849, "Long": -104.77166772, "Type": "Category 2: Specialty Food Stores", "SNAP": "Yes", "DUFB": "No", "WIC": "No", "Status": "Active", "GlobalID": "5b0bcaf6-f901-409a-852c-022d04dd4e7f", "x": 3204702.7239260501, "y": 1709994.1539548 }, "geometry": { "type": "Point", "coordinates": [ -104.77166772, 39.78048849 ] } },
{ "type": "Feature", "properties": { "OBJECTID": 247, "Name": "ELANGELTORTILLERIA", "Address Full": "4600 N Tower Rd Denver, CO 80249", "Address": "4600 N Tower Rd", "City": "Denver", "State": "CO", "County": "Denver", "Zip": 80249, "Lat": 39.78048849, "Long": -104.77166772, "Type": "Category 2: Specialty Food Stores", "SNAP": "No", "DUFB": "No", "WIC": "No", "Status": "Active", "GlobalID": "b64050c0-acc8-4c88-b13a-dc263282801a", "x": 3204702.7239260501, "y": 1709994.1539548 }, "geometry": { "type": "Point", "coordinates": [ -104.77166772, 39.78048849 ] } },
{ "type": "Feature", "properties": { "OBJECTID": 248, "Name": "CARNICERIALALUZ", "Address Full": "4701 N Peoria St Denver, CO 80239", "Address": "4701 N Peoria St", "City": "Denver", "State": "CO", "County": "Denver", "Zip": 80239, "Lat": 39.7827385, "Long": -104.8484107, "Type": "Category 2: Specialty Food Stores", "SNAP": "Yes", "DUFB": "No", "WIC": "No", "Status": "Active", "GlobalID": "78a3b7a8-1f93-418b-a97b-2e0118231bb2", "x": 3183128.1023772201, "y": 1710649.9407009799 }, "geometry": { "type": "Point", "coordinates": [ -104.8484107, 39.7827385 ] } },
{ "type": "Feature", "properties": { "OBJECTID": 249, "Name": "CARNICERIAYTAQUERIALAPOPULARLLC", "Address Full": "4812 N Chambers Rd Denver, CO 80239", "Address": "4812 N Chambers Rd", "City": "Denver", "State": "CO", "County": "Denver", "Zip": 80239, "Lat": 39.78415149, "Long": -104.80773521, "Type": "Category 2: Specialty Food Stores", "SNAP": "No", "DUFB": "No", "WIC": "No", "Status": "Active", "GlobalID": "cd7b40f8-5579-49ab-b837-2ae7a89704d0", "x": 3194555.7448762199, "y": 1711249.1957360699 }, "geometry": { "type": "Point", "coordinates": [ -104.80773521, 39.78415149 ] } },
{ "type": "Feature", "properties": { "OBJECTID": 250, "Name": "ABBARROTESGLORIAMARKET", "Address Full": "4845 Morrison Rd Denver, CO 80219", "Address": "4845 Morrison Rd", "City": "Denver", "State": "CO", "County": "Denver", "Zip": 80219, "Lat": 39.69981252, "Long": -105.04918266, "Type": "Category 2: Specialty Food Stores", "SNAP": "No", "DUFB": "No", "WIC": "No", "Status": "Active", "GlobalID": "21e764da-0816-4a2d-8aee-f3eed673a31a", "x": 3126851.9403234702, "y": 1680100.5641358001 }, "geometry": { "type": "Point", "coordinates": [ -105.04918266, 39.69981252 ] } },
{ "type": "Feature", "properties": { "OBJECTID": 251, "Name": "MARKETGUERRERO", "Address Full": "490 S Federal Blvd Denver, CO 80219", "Address": "490 S Federal Blvd", "City": "Denver", "State": "CO", "County": "Denver", "Zip": 80219, "Lat": 39.70771452, "Long": -105.02469367, "Type": "Category 2: Specialty Food Stores", "SNAP": "No", "DUFB": "No", "WIC": "No", "Status": "Active", "GlobalID": "9a387605-6f61-495e-9b75-7bd4ee086700", "x": 3133727.5833963002, "y": 1683014.0645424 }, "geometry": { "type": "Point", "coordinates": [ -105.02469367, 39.70771452 ] } },
{ "type": "Feature", "properties": { "OBJECTID": 252, "Name": "CARNICERIAHERNANDEZ", "Address Full": "5 N Federal Blvd Denver, CO 80219", "Address": "5 N Federal Blvd", "City": "Denver", "State": "CO", "County": "Denver", "Zip": 80219, "Lat": 39.71675052, "Long": -105.02547667, "Type": "Category 2: Specialty Food Stores", "SNAP": "Yes", "DUFB": "No", "WIC": "No", "Status": "Active", "GlobalID": "a3f91296-a563-44f0-9e87-aa83f8945293", "x": 3133490.0953542101, "y": 1686304.3696415599 }, "geometry": { "type": "Point", "coordinates": [ -105.02547667, 39.71675052 ] } },
{ "type": "Feature", "properties": { "OBJECTID": 253, "Name": "MARCZYKFINEFOODS", "Address Full": "5100 E Colfax Ave Denver, CO 80220", "Address": "5100 E Colfax Ave", "City": "Denver", "State": "CO", "County": "Denver", "Zip": 80220, "Lat": 39.73979051, "Long": -104.92775019, "Type": "Category 2: Specialty Food Stores", "SNAP": "Yes", "DUFB": "No", "WIC": "No", "Status": "Active", "GlobalID": "50532c15-95f1-4f83-b0f9-45f0b370755c", "x": 3160928.7317498, "y": 1694855.30890448 }, "geometry": { "type": "Point", "coordinates": [ -104.92775019, 39.73979051 ] } },
{ "type": "Feature", "properties": { "OBJECTID": 254, "Name": "TIENDASALVADORENA", "Address Full": "5128 E Colfax Ave Denver, CO 80220", "Address": "5128 E Colfax Ave", "City": "Denver", "State": "CO", "County": "Denver", "Zip": 80220, "Lat": 39.73998851, "Long": -104.92729119000001, "Type": "Category 2: Specialty Food Stores", "SNAP": "No", "DUFB": "No", "WIC": "No", "Status": "Active", "GlobalID": "e8b7f62b-6cc3-49e3-aa9e-86a8336081f0", "x": 3161057.3558363901, "y": 1694928.24609455 }, "geometry": { "type": "Point", "coordinates": [ -104.92729119, 39.73998851 ] } },
{ "type": "Feature", "properties": { "OBJECTID": 255, "Name": "COLORADOPREMIUMFOODS", "Address Full": "5140 N Race Ct Denver, CO 80216", "Address": "5140 N Race Ct", "City": "Denver", "State": "CO", "County": "Denver", "Zip": 80216, "Lat": 39.7897855, "Long": -104.96691817, "Type": "Category 2: Specialty Food Stores", "SNAP": "No", "DUFB": "No", "WIC": "No", "Status": "Active", "GlobalID": "cfc56950-a9a0-4f18-bcbb-f50a232a9bd2", "x": 3149807.1342423898, "y": 1712999.7808175499 }, "geometry": { "type": "Point", "coordinates": [ -104.96691817, 39.7897855 ] } },
{ "type": "Feature", "properties": { "OBJECTID": 256, "Name": "JACKMARKET", "Address Full": "518 E Colfax Ave Denver, CO 80203", "Address": "518 E Colfax Ave", "City": "Denver", "State": "CO", "County": "Denver", "Zip": 80203, "Lat": 39.73988951, "Long": -104.98056667, "Type": "Category 2: Specialty Food Stores", "SNAP": "Yes", "DUFB": "No", "WIC": "No", "Status": "Active", "GlobalID": "130d2970-f89f-42dc-8dde-c376f9a6ffa9", "x": 3146075.5859312299, "y": 1694802.12725231 }, "geometry": { "type": "Point", "coordinates": [ -104.98056667, 39.73988951 ] } },
{ "type": "Feature", "properties": { "OBJECTID": 257, "Name": "MERHABAINTERNATIONALMARKET", "Address Full": "6879 Leetsdale Dr Denver, CO 80224", "Address": "6879 Leetsdale Dr", "City": "Denver", "State": "CO", "County": "Denver", "Zip": 80224, "Lat": 39.70067651, "Long": -104.9086972, "Type": "Category 2: Specialty Food Stores", "SNAP": "No", "DUFB": "No", "WIC": "No", "Status": "Active", "GlobalID": "04f9b472-a10b-49be-8e99-6d507f0a5b3f", "x": 3166379.4970949702, "y": 1680642.0072786501 }, "geometry": { "type": "Point", "coordinates": [ -104.9086972, 39.70067651 ] } },
{ "type": "Feature", "properties": { "OBJECTID": 258, "Name": "MERKATOMARKET", "Address Full": "7227 E Colfax Ave Denver, CO 80220", "Address": "7227 E Colfax Ave", "City": "Denver", "State": "CO", "County": "Denver", "Zip": 80220, "Lat": 39.74041151, "Long": -104.90432769, "Type": "Category 2: Specialty Food Stores", "SNAP": "Yes", "DUFB": "No", "WIC": "No", "Status": "Active", "GlobalID": "8ddada6f-18ec-4f24-9ab8-339992c0555b", "x": 3167514.0574898901, "y": 1695123.8556114701 }, "geometry": { "type": "Point", "coordinates": [ -104.90432769, 39.74041151 ] } },
{ "type": "Feature", "properties": { "OBJECTID": 259, "Name": "LATIENDITADEKATHY", "Address Full": "7501 E Colfax Ave Denver, CO 80220", "Address": "7501 E Colfax Ave", "City": "Denver", "State": "CO", "County": "Denver", "Zip": 80220, "Lat": 39.74031251, "Long": -104.90086269, "Type": "Category 2: Specialty Food Stores", "SNAP": "Yes", "DUFB": "No", "WIC": "No", "Status": "Active", "GlobalID": "252a40f8-9544-4121-b973-d0fc2fe09f06", "x": 3168488.7031783899, "y": 1695094.2014713101 }, "geometry": { "type": "Point", "coordinates": [ -104.90086269, 39.74031251 ] } },
{ "type": "Feature", "properties": { "OBJECTID": 260, "Name": "MARCZYKFINEFOODS", "Address Full": "770 E 17th Ave Denver, CO 80203", "Address": "770 E 17th Ave", "City": "Denver", "State": "CO", "County": "Denver", "Zip": 80203, "Lat": 39.74311151, "Long": -104.97790268, "Type": "Category 2: Specialty Food Stores", "SNAP": "Yes", "DUFB": "No", "WIC": "No", "Status": "Active", "GlobalID": "51d9138d-a14c-4dcc-9a75-7986dba30ca0", "x": 3146818.0027534701, "y": 1695980.07765231 }, "geometry": { "type": "Point", "coordinates": [ -104.97790268, 39.74311151 ] } },
{ "type": "Feature", "properties": { "OBJECTID": 261, "Name": "SUPERCARNICERIALAHACIENDA", "Address Full": "845 S Federal Blvd Denver, CO 80219", "Address": "845 S Federal Blvd", "City": "Denver", "State": "CO", "County": "Denver", "Zip": 80219, "Lat": 39.70156752, "Long": -105.02547667, "Type": "Category 2: Specialty Food Stores", "SNAP": "Yes", "DUFB": "No", "WIC": "No", "Status": "Active", "GlobalID": "e0b77a2a-ccbf-4ade-aae9-78bf46d36a3a", "x": 3133518.98374788, "y": 1680773.81016465 }, "geometry": { "type": "Point", "coordinates": [ -105.02547667, 39.70156752 ] } },
{ "type": "Feature", "properties": { "OBJECTID": 262, "Name": "TRIOCEANMARKET", "Address Full": "903 S Federal Blvd Denver, CO 80219", "Address": "903 S Federal Blvd", "City": "Denver", "State": "CO", "County": "Denver", "Zip": 80219, "Lat": 39.70034352, "Long": -105.02527867000001, "Type": "Category 2: Specialty Food Stores", "SNAP": "Yes", "DUFB": "No", "WIC": "No", "Status": "Active", "GlobalID": "de2f06ed-d80d-48ef-8c3f-23802cb8fd43", "x": 3133577.0252984799, "y": 1680328.24839173 }, "geometry": { "type": "Point", "coordinates": [ -105.02527867, 39.70034352 ] } },
{ "type": "Feature", "properties": { "OBJECTID": 263, "Name": "TORTILLERIALAPASADITA", "Address Full": "932 S Federal Blvd Denver, CO 80219", "Address": "932 S Federal Blvd", "City": "Denver", "State": "CO", "County": "Denver", "Zip": 80219, "Lat": 39.69977652, "Long": -105.02465767, "Type": "Category 2: Specialty Food Stores", "SNAP": "Yes", "DUFB": "No", "WIC": "No", "Status": "Active", "GlobalID": "6b8aff55-9488-4848-b216-4d6c19967467", "x": 3133752.8415478901, "y": 1680122.6274118901 }, "geometry": { "type": "Point", "coordinates": [ -105.02465767, 39.69977652 ] } },
{ "type": "Feature", "properties": { "OBJECTID": 264, "Name": "PLAZAFIESTA", "Address Full": "998 N Sheridan Blvd Denver, CO 80214", "Address": "998 N Sheridan Blvd", "City": "Denver", "State": "CO", "County": "Denver", "Zip": 80214, "Lat": 39.73287852, "Long": -105.05261616, "Type": "Category 2: Specialty Food Stores", "SNAP": "No", "DUFB": "No", "WIC": "No", "Status": "Active", "GlobalID": "16401eb0-07ec-4baa-9898-7177f94cb920", "x": 3125826.5066788001, "y": 1692140.4583630599 }, "geometry": { "type": "Point", "coordinates": [ -105.05261616, 39.73287852 ] } },
{ "type": "Feature", "properties": { "OBJECTID": 265, "Name": "LOWES", "Address Full": "1320 S Federal Blvd Denver, CO 80219", "Address": "1320 S Federal Blvd", "City": "Denver", "State": "CO", "County": "Denver", "Zip": 80219, "Lat": 39.69248652, "Long": -105.02427517, "Type": "Category 3: Small Supermarkets and Other Grocery ", "SNAP": "Yes", "DUFB": "No", "WIC": "Yes", "Status": "Active", "GlobalID": "998e3610-dd9c-441c-b4b1-36a466884f79", "x": 3133874.3747693901, "y": 1677467.7478791501 }, "geometry": { "type": "Point", "coordinates": [ -105.02427517, 39.69248652 ] } },
{ "type": "Feature", "properties": { "OBJECTID": 266, "Name": "NATURALGROCERSBYVITAMINCOTTAGE", "Address Full": "18471 Green Valley Ranch Blvd Denver, CO 80249", "Address": "18471 Green Valley Ranch Blvd", "City": "Denver", "State": "CO", "County": "Denver", "Zip": 80249, "Lat": 39.78412449, "Long": -104.77266222, "Type": "Category 3: Small Supermarkets and Other Grocery ", "SNAP": "Yes", "DUFB": "No", "WIC": "No", "Status": "Active", "GlobalID": "05155463-8eea-44d2-8286-e598ddbbcafc", "x": 3204412.6149262199, "y": 1711316.3753917201 }, "geometry": { "type": "Point", "coordinates": [ -104.77266222, 39.78412449 ] } },
{ "type": "Feature", "properties": { "OBJECTID": 267, "Name": "SAVEALOT", "Address Full": "1951 S Federal Blvd Denver, CO 80219", "Address": "1951 S Federal Blvd", "City": "Denver", "State": "CO", "County": "Denver", "Zip": 80219, "Lat": 39.68149752, "Long": -105.02571067, "Type": "Category 3: Small Supermarkets and Other Grocery ", "SNAP": "Yes", "DUFB": "No", "WIC": "Yes", "Status": "Active", "GlobalID": "950aa1cf-4c8b-480f-8c17-31eabd2964bc", "x": 3133491.3105748901, "y": 1673462.8142879801 }, "geometry": { "type": "Point", "coordinates": [ -105.02571067, 39.68149752 ] } },
{ "type": "Feature", "properties": { "OBJECTID": 268, "Name": "SPROUTSFARMERSMARKET", "Address Full": "197 E Mississippi Ave Denver, CO 80209", "Address": "197 E Mississippi Ave", "City": "Denver", "State": "CO", "County": "Denver", "Zip": 80209, "Lat": 39.69686952, "Long": -104.98528718, "Type": "Category 3: Small Supermarkets and Other Grocery ", "SNAP": "Yes", "DUFB": "No", "WIC": "No", "Status": "Active", "GlobalID": "0a103b88-b4e3-422f-8d81-a5ac068669bf", "x": 3144836.8794191298, "y": 1679124.0959443899 }, "geometry": { "type": "Point", "coordinates": [ -104.98528718, 39.69686952 ] } },
{ "type": "Feature", "properties": { "OBJECTID": 269, "Name": "NATURALGROCERSBYVITAMINCOTTAGE", "Address Full": "2053 S Colorado Blvd Denver, CO 80222", "Address": "2053 S Colorado Blvd", "City": "Denver", "State": "CO", "County": "Denver", "Zip": 80222, "Lat": 39.67907652, "Long": -104.94219519000001, "Type": "Category 3: Small Supermarkets and Other Grocery ", "SNAP": "Yes", "DUFB": "No", "WIC": "No", "Status": "Active", "GlobalID": "f2c76f8d-44e4-46e4-8f89-a4d53b70c99d", "x": 3157002.3376997299, "y": 1672714.4781862199 }, "geometry": { "type": "Point", "coordinates": [ -104.94219519, 39.67907652 ] } },
{ "type": "Feature", "properties": { "OBJECTID": 270, "Name": "SPROUTSFARMERSMARKET", "Address Full": "2880 S Colorado Blvd Denver, CO 80222", "Address": "2880 S Colorado Blvd", "City": "Denver", "State": "CO", "County": "Denver", "Zip": 80222, "Lat": 39.66439752, "Long": -104.93944119, "Type": "Category 3: Small Supermarkets and Other Grocery ", "SNAP": "Yes", "DUFB": "No", "WIC": "No", "Status": "Active", "GlobalID": "efdaeb5d-43ee-431a-b71d-64581818b4f1", "x": 3157810.4745348799, "y": 1667372.37633765 }, "geometry": { "type": "Point", "coordinates": [ -104.93944119, 39.66439752 ] } },
{ "type": "Feature", "properties": { "OBJECTID": 271, "Name": "SPROUTSFARMERSMARKET", "Address Full": "3555 N Central Park Blvd Denver, CO 80238", "Address": "3555 N Central Park Blvd", "City": "Denver", "State": "CO", "County": "Denver", "Zip": 80238, "Lat": 39.7663495, "Long": -104.89122819000001, "Type": "Category 3: Small Supermarkets and Other Grocery ", "SNAP": "Yes", "DUFB": "No", "WIC": "No", "Status": "Active", "GlobalID": "20a161d4-73e2-43db-b8e3-902fb71c5a96", "x": 3171134.5095665599, "y": 1704596.51678422 }, "geometry": { "type": "Point", "coordinates": [ -104.89122819, 39.7663495 ] } },
{ "type": "Feature", "properties": { "OBJECTID": 272, "Name": "SPROUTSFARMERSMARKET", "Address Full": "3625 E Colfax Ave Denver, CO 80206", "Address": "3625 E Colfax Ave", "City": "Denver", "State": "CO", "County": "Denver", "Zip": 80206, "Lat": 39.74033051, "Long": -104.94439118, "Type": "Category 3: Small Supermarkets and Other Grocery ", "SNAP": "Yes", "DUFB": "No", "WIC": "No", "Status": "Active", "GlobalID": "896d62cf-da58-479d-a545-129434f05824", "x": 3156247.7899962198, "y": 1695022.9604720599 }, "geometry": { "type": "Point", "coordinates": [ -104.94439118, 39.74033051 ] } },
{ "type": "Feature", "properties": { "OBJECTID": 273, "Name": "NATURALGROCERS", "Address Full": "368 S Broadway Denver, CO 80209", "Address": "368 S Broadway", "City": "Denver", "State": "CO", "County": "Denver", "Zip": 80209, "Lat": 39.70975751, "Long": -104.98735718, "Type": "Category 3: Small Supermarkets and Other Grocery ", "SNAP": "Yes", "DUFB": "No", "WIC": "No", "Status": "Active", "GlobalID": "d5d5d86d-4653-40c1-a844-5a9656195261", "x": 3144227.90950847, "y": 1683815.3608400701 }, "geometry": { "type": "Point", "coordinates": [ -104.98735718, 39.70975751 ] } },
{ "type": "Feature", "properties": { "OBJECTID": 274, "Name": "NATURALGROCERS", "Address Full": "3757 N Brighton Blvd Denver, CO 80216", "Address": "3757 N Brighton Blvd", "City": "Denver", "State": "CO", "County": "Denver", "Zip": 80216, "Lat": 39.77299151, "Long": -104.97590467000001, "Type": "Category 3: Small Supermarkets and Other Grocery ", "SNAP": "Yes", "DUFB": "No", "WIC": "No", "Status": "Active", "GlobalID": "0800bc2a-7e9c-42a7-a61c-6c432d4b78df", "x": 3147317.0608104798, "y": 1706867.5634232301 }, "geometry": { "type": "Point", "coordinates": [ -104.97590467, 39.77299151 ] } },
{ "type": "Feature", "properties": { "OBJECTID": 275, "Name": "NATURALGROCERSBYVITAMINCOTTAGE", "Address Full": "3825 N Tennyson St Denver, CO 80212", "Address": "3825 N Tennyson St", "City": "Denver", "State": "CO", "County": "Denver", "Zip": 80212, "Lat": 39.76995851, "Long": -105.04429566, "Type": "Category 3: Small Supermarkets and Other Grocery ", "SNAP": "Yes", "DUFB": "No", "WIC": "No", "Status": "Active", "GlobalID": "5b3442e4-9775-43ca-984d-e1f069c93fad", "x": 3128098.8695881399, "y": 1705659.0687929799 }, "geometry": { "type": "Point", "coordinates": [ -105.04429566, 39.76995851 ] } },
{ "type": "Feature", "properties": { "OBJECTID": 276, "Name": "SAVEALOT", "Address Full": "4255 W Florida Ave Denver, CO 80219", "Address": "4255 W Florida Ave", "City": "Denver", "State": "CO", "County": "Denver", "Zip": 80219, "Lat": 39.69038952, "Long": -105.04182517, "Type": "Category 3: Small Supermarkets and Other Grocery ", "SNAP": "Yes", "DUFB": "No", "WIC": "No", "Status": "Active", "GlobalID": "33eafda5-7ff3-4140-8c4d-a371f7cc9c69", "x": 3128939.5004528002, "y": 1676678.51356523 }, "geometry": { "type": "Point", "coordinates": [ -105.04182517, 39.69038952 ] } },
{ "type": "Feature", "properties": { "OBJECTID": 277, "Name": "SPROUTSFARMERSMARKET", "Address Full": "4700 W 38th Ave Denver, CO 80212", "Address": "4700 W 38th Ave", "City": "Denver", "State": "CO", "County": "Denver", "Zip": 80212, "Lat": 39.76895051, "Long": -105.04814766, "Type": "Category 3: Small Supermarkets and Other Grocery ", "SNAP": "Yes", "DUFB": "No", "WIC": "No", "Status": "Active", "GlobalID": "00067899-28d0-46c7-9fa3-f5c928e26677", "x": 3127017.9045584602, "y": 1705286.47767465 }, "geometry": { "type": "Point", "coordinates": [ -105.04814766, 39.76895051 ] } },
{ "type": "Feature", "properties": { "OBJECTID": 278, "Name": "SAVEALOT", "Address Full": "4860 N Pecos St Denver, CO 80221", "Address": "4860 N Pecos St", "City": "Denver", "State": "CO", "County": "Denver", "Zip": 80221, "Lat": 39.78472751, "Long": -105.00586116, "Type": "Category 3: Small Supermarkets and Other Grocery ", "SNAP": "Yes", "DUFB": "No", "WIC": "Yes", "Status": "Active", "GlobalID": "d0f21a84-24de-4758-8535-84df60f09a0b", "x": 3138873.4743512301, "y": 1711095.43423256 }, "geometry": { "type": "Point", "coordinates": [ -105.00586116, 39.78472751 ] } },
{ "type": "Feature", "properties": { "OBJECTID": 279, "Name": "SAVEALOT", "Address Full": "4874 N Chambers Rd Denver, CO 80239", "Address": "4874 N Chambers Rd", "City": "Denver", "State": "CO", "County": "Denver", "Zip": 80239, "Lat": 39.78593349, "Long": -104.80825271, "Type": "Category 3: Small Supermarkets and Other Grocery ", "SNAP": "Yes", "DUFB": "No", "WIC": "Yes", "Status": "Active", "GlobalID": "0b7dc3a5-58b1-43eb-8ef4-acffdb29a6d9", "x": 3194405.36558381, "y": 1711897.20723531 }, "geometry": { "type": "Point", "coordinates": [ -104.80825271, 39.78593349 ] } },
{ "type": "Feature", "properties": { "OBJECTID": 280, "Name": "TRADERJOE'S#302", "Address Full": "661 N Logan St Denver, CO 80203", "Address": "661 N Logan St", "City": "Denver", "State": "CO", "County": "Denver", "Zip": 80203, "Lat": 39.72676751, "Long": -104.98254218, "Type": "Category 3: Small Supermarkets and Other Grocery ", "SNAP": "Yes", "DUFB": "No", "WIC": "No", "Status": "Active", "GlobalID": "36317f63-1a6b-46b4-a191-9e2a2616fc93", "x": 3145547.2631689799, "y": 1690019.1076189 }, "geometry": { "type": "Point", "coordinates": [ -104.98254218, 39.72676751 ] } },
{ "type": "Feature", "properties": { "OBJECTID": 281, "Name": "SAVEALOT", "Address Full": "7150 Leetsdale Dr Denver, CO 80224", "Address": "7150 Leetsdale Dr", "City": "Denver", "State": "CO", "County": "Denver", "Zip": 80224, "Lat": 39.69760751, "Long": -104.9051962, "Type": "Category 3: Small Supermarkets and Other Grocery ", "SNAP": "Yes", "DUFB": "No", "WIC": "Yes", "Status": "Active", "GlobalID": "a85caee3-e33d-479f-9269-fcd392ae3a57", "x": 3167371.9061993798, "y": 1679530.53673255 }, "geometry": { "type": "Point", "coordinates": [ -104.9051962, 39.69760751 ] } },
{ "type": "Feature", "properties": { "OBJECTID": 282, "Name": "TRADERJOE'S#310", "Address Full": "750 N Colorado Blvd Denver, CO 80206", "Address": "750 N Colorado Blvd", "City": "Denver", "State": "CO", "County": "Denver", "Zip": 80206, "Lat": 39.72853151, "Long": -104.94040869, "Type": "Category 3: Small Supermarkets and Other Grocery ", "SNAP": "Yes", "DUFB": "No", "WIC": "No", "Status": "Active", "GlobalID": "5ebbb6c1-cd8a-4288-9875-26749edb6395", "x": 3157394.20240155, "y": 1690731.91459222 }, "geometry": { "type": "Point", "coordinates": [ -104.94040869, 39.72853151 ] } },
{ "type": "Feature", "properties": { "OBJECTID": 283, "Name": "IDEALMARKET", "Address Full": "900 E 11th Ave Denver, CO 80218", "Address": "900 E 11th Ave", "City": "Denver", "State": "CO", "County": "Denver", "Zip": 80218, "Lat": 39.73330151, "Long": -104.97585518, "Type": "Category 3: Small Supermarkets and Other Grocery ", "SNAP": "No", "DUFB": "No", "WIC": "No", "Status": "Active", "GlobalID": "73cab499-57f7-40f1-94e1-c5975120efc3", "x": 3147414.3873874699, "y": 1692409.97586864 }, "geometry": { "type": "Point", "coordinates": [ -104.97585518, 39.73330151 ] } },
{ "type": "Feature", "properties": { "OBJECTID": 284, "Name": "KINGSOOPERS", "Address Full": "10406 E Martin Luther King Jr Blvd Denver, CO 80238", "Address": "10406 E Martin Luther King Jr Blvd", "City": "Denver", "State": "CO", "County": "Denver", "Zip": 80238, "Lat": 39.7594465, "Long": -104.8668337, "Type": "Category 4: Large Supermarkets and Other Grocery ", "SNAP": "Yes", "DUFB": "No", "WIC": "Yes", "Status": "Active", "GlobalID": "5bd3561a-12bb-4460-85e0-ac3489ad35a1", "x": 3178009.5679948898, "y": 1702128.8822838101 }, "geometry": { "type": "Point", "coordinates": [ -104.8668337, 39.7594465 ] } },
{ "type": "Feature", "properties": { "OBJECTID": 285, "Name": "WHOLEFOODS", "Address Full": "1111 S Washington St Denver, CO 80210", "Address": "1111 S Washington St", "City": "Denver", "State": "CO", "County": "Denver", "Zip": 80210, "Lat": 39.69580752, "Long": -104.97974318, "Type": "Category 4: Large Supermarkets and Other Grocery ", "SNAP": "No", "DUFB": "No", "WIC": "No", "Status": "Active", "GlobalID": "c401b946-fbbd-4d83-828f-942c60c3c8e0", "x": 3146399.1239980599, "y": 1678746.14099164 }, "geometry": { "type": "Point", "coordinates": [ -104.97974318, 39.69580752 ] } },
{ "type": "Feature", "properties": { "OBJECTID": 286, "Name": "KINGSOOPERS", "Address Full": "1155 E 9th Ave Denver, CO 80218", "Address": "1155 E 9th Ave", "City": "Denver", "State": "CO", "County": "Denver", "Zip": 80218, "Lat": 39.73090751, "Long": -104.97347918, "Type": "Category 4: Large Supermarkets and Other Grocery ", "SNAP": "No", "DUFB": "No", "WIC": "Yes", "Status": "Active", "GlobalID": "4134938e-f076-48b5-b455-e4b6118551a3", "x": 3148087.6780356299, "y": 1691541.7971588101 }, "geometry": { "type": "Point", "coordinates": [ -104.97347918, 39.73090751 ] } },
{ "type": "Feature", "properties": { "OBJECTID": 287, "Name": "KINGSOOPERS", "Address Full": "1331 N Speer Blvd Denver, CO 80204", "Address": "1331 N Speer Blvd", "City": "Denver", "State": "CO", "County": "Denver", "Zip": 80204, "Lat": 39.73754051, "Long": -104.99795017, "Type": "Category 4: Large Supermarkets and Other Grocery ", "SNAP": "Yes", "DUFB": "No", "WIC": "Yes", "Status": "Active", "GlobalID": "2e827372-daf9-4d61-b05b-8938e9487479", "x": 3141191.7590847202, "y": 1693918.9885986401 }, "geometry": { "type": "Point", "coordinates": [ -104.99795017, 39.73754051 ] } },
{ "type": "Feature", "properties": { "OBJECTID": 288, "Name": "KINGSOOPERS", "Address Full": "1355 N Krameria St Denver, CO 80220", "Address": "1355 N Krameria St", "City": "Denver", "State": "CO", "County": "Denver", "Zip": 80220, "Lat": 39.73756751, "Long": -104.91735069000001, "Type": "Category 4: Large Supermarkets and Other Grocery ", "SNAP": "Yes", "DUFB": "No", "WIC": "Yes", "Status": "Active", "GlobalID": "0672174a-0501-4f01-9ec2-20fcbe901d38", "x": 3163858.44439431, "y": 1694064.14513248 }, "geometry": { "type": "Point", "coordinates": [ -104.91735069, 39.73756751 ] } },
{ "type": "Feature", "properties": { "OBJECTID": 289, "Name": "SAFEWAY", "Address Full": "1653 S Colorado Blvd Denver, CO 80222", "Address": "1653 S Colorado Blvd", "City": "Denver", "State": "CO", "County": "Denver", "Zip": 80222, "Lat": 39.68705051, "Long": -104.94219969, "Type": "Category 4: Large Supermarkets and Other Grocery ", "SNAP": null, "DUFB": null, "WIC": null, "Status": "Inactive", "GlobalID": "fc2a123f-c846-4032-b05d-5327e2fad72e", "x": 3156983.23668805, "y": 1675619.0340568901 }, "geometry": { "type": "Point", "coordinates": [ -104.94219969, 39.68705051 ] } },
{ "type": "Feature", "properties": { "OBJECTID": 290, "Name": "WHOLEFOODS", "Address Full": "1701 Wewatta St Denver, CO 80202", "Address": "1701 Wewatta St", "City": "Denver", "State": "CO", "County": "Denver", "Zip": 80202, "Lat": 39.75447851, "Long": -105.00136117, "Type": "Category 4: Large Supermarkets and Other Grocery ", "SNAP": "Yes", "DUFB": "No", "WIC": "No", "Status": "Active", "GlobalID": "c6815691-464f-44c5-9365-592bf3d782f1", "x": 3140198.6255723098, "y": 1700083.6150489 }, "geometry": { "type": "Point", "coordinates": [ -105.00136117, 39.75447851 ] } },
{ "type": "Feature", "properties": { "OBJECTID": 291, "Name": "KINGSOOPERS", "Address Full": "18605 Green Valley Ranch Blvd Denver, CO 80249", "Address": "18605 Green Valley Ranch Blvd", "City": "Denver", "State": "CO", "County": "Denver", "Zip": 80249, "Lat": 39.78505149, "Long": -104.77015572000001, "Type": "Category 4: Large Supermarkets and Other Grocery ", "SNAP": "Yes", "DUFB": "No", "WIC": "Yes", "Status": "Active", "GlobalID": "e5866f1d-fa4b-4f0e-907b-1028c1dec160", "x": 3205114.3192314701, "y": 1711659.6968835599 }, "geometry": { "type": "Point", "coordinates": [ -104.77015572, 39.78505149 ] } },
{ "type": "Feature", "properties": { "OBJECTID": 292, "Name": "KINGSOOPERS", "Address Full": "1950 Chestnut Pl Denver, CO 80202", "Address": "1950 Chestnut Pl", "City": "Denver", "State": "CO", "County": "Denver", "Zip": 80202, "Lat": 39.75723251, "Long": -104.99895817, "Type": "Category 4: Large Supermarkets and Other Grocery ", "SNAP": "No", "DUFB": "No", "WIC": "Yes", "Status": "Active", "GlobalID": "38f26e5f-aced-4338-95c0-224c9b2c616c", "x": 3140868.7197045502, "y": 1701090.5198592199 }, "geometry": { "type": "Point", "coordinates": [ -104.99895817, 39.75723251 ] } },
{ "type": "Feature", "properties": { "OBJECTID": 293, "Name": "SAFEWAY", "Address Full": "2150 S Downing St Denver, CO 80210", "Address": "2150 S Downing St", "City": "Denver", "State": "CO", "County": "Denver", "Zip": 80210, "Lat": 39.67756452, "Long": -104.97238568, "Type": "Category 4: Large Supermarkets and Other Grocery ", "SNAP": "Yes", "DUFB": "No", "WIC": "Yes", "Status": "Active", "GlobalID": "4e3c2a7f-f190-4186-80db-c1810162e947", "x": 3148508.0787696401, "y": 1672112.96101657 }, "geometry": { "type": "Point", "coordinates": [ -104.97238568, 39.67756452 ] } },
{ "type": "Feature", "properties": { "OBJECTID": 294, "Name": "KINGSOOPERS", "Address Full": "2223 S Monaco Pkwy Denver, CO 80224", "Address": "2223 S Monaco Pkwy", "City": "Denver", "State": "CO", "County": "Denver", "Zip": 80224, "Lat": 39.67757351, "Long": -104.9132827, "Type": "Category 4: Large Supermarkets and Other Grocery ", "SNAP": null, "DUFB": null, "WIC": null, "Status": "Inactive", "GlobalID": "8ebeb854-d3b8-4523-9a27-6ba076ae125b", "x": 3165143.6071783002, "y": 1672218.26362747 }, "geometry": { "type": "Point", "coordinates": [ -104.9132827, 39.67757351 ] } },
{ "type": "Feature", "properties": { "OBJECTID": 295, "Name": "TARGET", "Address Full": "2490 S Colorado Blvd Denver, CO 80222", "Address": "2490 S Colorado Blvd", "City": "Denver", "State": "CO", "County": "Denver", "Zip": 80222, "Lat": 39.67129152, "Long": -104.93990019, "Type": "Category 4: Large Supermarkets and Other Grocery ", "SNAP": "Yes", "DUFB": "No", "WIC": "No", "Status": "Active", "GlobalID": "7b1eee17-cb96-47ce-91ed-1681d49643e5", "x": 3157665.7743649799, "y": 1669882.7377867301 }, "geometry": { "type": "Point", "coordinates": [ -104.93990019, 39.67129152 ] } },
{ "type": "Feature", "properties": { "OBJECTID": 296, "Name": "SAFEWAY", "Address Full": "2660 N Federal Blvd Denver, CO 80211", "Address": "2660 N Federal Blvd", "City": "Denver", "State": "CO", "County": "Denver", "Zip": 80211, "Lat": 39.75545051, "Long": -105.02456766, "Type": "Category 4: Large Supermarkets and Other Grocery ", "SNAP": null, "DUFB": null, "WIC": null, "Status": "Inactive", "GlobalID": "b92536d5-40b0-4347-90f9-4750ed95a91d", "x": 3133672.0349509702, "y": 1700402.70168106 }, "geometry": { "type": "Point", "coordinates": [ -105.02456766, 39.75545051 ] } },
{ "type": "Feature", "properties": { "OBJECTID": 297, "Name": "KINGSOOPERS", "Address Full": "2727 W Evans Ave Denver, CO 80219", "Address": "2727 W Evans Ave", "City": "Denver", "State": "CO", "County": "Denver", "Zip": 80219, "Lat": 39.67967952, "Long": -105.02140867, "Type": "Category 4: Large Supermarkets and Other Grocery ", "SNAP": "Yes", "DUFB": "No", "WIC": "Yes", "Status": "Active", "GlobalID": "ffb94861-773f-4456-b974-a270291a0b4e", "x": 3134705.6093273899, "y": 1672806.9465052299 }, "geometry": { "type": "Point", "coordinates": [ -105.02140867, 39.67967952 ] } },
{ "type": "Feature", "properties": { "OBJECTID": 298, "Name": "KINGSOOPERS", "Address Full": "2750 S Colorado Blvd Denver, CO 80222", "Address": "2750 S Colorado Blvd", "City": "Denver", "State": "CO", "County": "Denver", "Zip": 80222, "Lat": 39.66671952, "Long": -104.93726769, "Type": "Category 4: Large Supermarkets and Other Grocery ", "SNAP": "Yes", "DUFB": "No", "WIC": "Yes", "Status": "Active", "GlobalID": "2585ca9f-8a57-4b68-b156-817135868f35", "x": 3158417.1186628002, "y": 1668221.9533786499 }, "geometry": { "type": "Point", "coordinates": [ -104.93726769, 39.66671952 ] } },
{ "type": "Feature", "properties": { "OBJECTID": 299, "Name": "WALMART", "Address Full": "2770 W Evans Ave Denver, CO 80219", "Address": "2770 W Evans Ave", "City": "Denver", "State": "CO", "County": "Denver", "Zip": 80219, "Lat": 39.67758252, "Long": -105.02189917, "Type": "Category 4: Large Supermarkets and Other Grocery ", "SNAP": "Yes", "DUFB": "No", "WIC": "Yes", "Status": "Active", "GlobalID": "4a4b7eab-451d-459e-bd5b-3aea908442a0", "x": 3134571.57317814, "y": 1672042.37487164 }, "geometry": { "type": "Point", "coordinates": [ -105.02189917, 39.67758252 ] } },
{ "type": "Feature", "properties": { "OBJECTID": 300, "Name": "KINGSOOPERS", "Address Full": "2810 N Quebec St Denver, CO 80207", "Address": "2810 N Quebec St", "City": "Denver", "State": "CO", "County": "Denver", "Zip": 80207, "Lat": 39.7566025, "Long": -104.90184819, "Type": "Category 4: Large Supermarkets and Other Grocery ", "SNAP": "Yes", "DUFB": "No", "WIC": "Yes", "Status": "Active", "GlobalID": "34927762-595b-4772-b8d6-44159c20ff1f", "x": 3168172.4958055499, "y": 1701026.20404297 }, "geometry": { "type": "Point", "coordinates": [ -104.90184819, 39.7566025 ] } },
{ "type": "Feature", "properties": { "OBJECTID": 301, "Name": "KINGSOOPERS", "Address Full": "3100 S Sheridan Blvd Denver, CO 80227", "Address": "3100 S Sheridan Blvd", "City": "Denver", "State": "CO", "County": "Denver", "Zip": 80227, "Lat": 39.65461453, "Long": -105.05276467, "Type": "Category 4: Large Supermarkets and Other Grocery ", "SNAP": "Yes", "DUFB": "No", "WIC": "Yes", "Status": "Active", "GlobalID": "bc109b6a-51ce-41cb-94f1-0055f227e5f8", "x": 3125925.0862060501, "y": 1663631.9235167201 }, "geometry": { "type": "Point", "coordinates": [ -105.05276467, 39.65461453 ] } },
{ "type": "Feature", "properties": { "OBJECTID": 302, "Name": "SAFEWAY", "Address Full": "323 S Broadway Denver, CO 80209", "Address": "323 S Broadway", "City": "Denver", "State": "CO", "County": "Denver", "Zip": 80209, "Lat": 39.71036952, "Long": -104.98883768, "Type": "Category 4: Large Supermarkets and Other Grocery ", "SNAP": null, "DUFB": null, "WIC": null, "Status": "Inactive", "GlobalID": "c930c6b8-5f76-4d09-b7cb-ffa747c9f13b", "x": 3143810.1327849799, "y": 1684035.94406031 }, "geometry": { "type": "Point", "coordinates": [ -104.98883768, 39.71036952 ] } },
{ "type": "Feature", "properties": { "OBJECTID": 303, "Name": "SAFEWAY", "Address Full": "3800 W 44th Ave Denver, CO 80211", "Address": "3800 W 44th Ave", "City": "Denver", "State": "CO", "County": "Denver", "Zip": 80211, "Lat": 39.77618651, "Long": -105.03663666, "Type": "Category 4: Large Supermarkets and Other Grocery ", "SNAP": null, "DUFB": null, "WIC": null, "Status": "Inactive", "GlobalID": "11a7df78-1db2-41a2-bbc2-e4c2e8335f08", "x": 3130240.2311190502, "y": 1707938.62525748 }, "geometry": { "type": "Point", "coordinates": [ -105.03663666, 39.77618651 ] } },
{ "type": "Feature", "properties": { "OBJECTID": 304, "Name": "COSTCOBUSINESSCENTER", "Address Full": "400 S Zuni St Denver, CO 80223", "Address": "400 S Zuni St", "City": "Denver", "State": "CO", "County": "Denver", "Zip": 80223, "Lat": 39.70816452, "Long": -105.01463167, "Type": "Category 4: Large Supermarkets and Other Grocery ", "SNAP": "Yes", "DUFB": "No", "WIC": "No", "Status": "Active", "GlobalID": "28fa928f-ebc6-4759-8db3-add1ddb8d7f5", "x": 3136557.62760498, "y": 1683192.94968331 }, "geometry": { "type": "Point", "coordinates": [ -105.01463167, 39.70816452 ] } },
{ "type": "Feature", "properties": { "OBJECTID": 305, "Name": "KINGSOOPERS", "Address Full": "4600 Leetsdale Dr Denver, CO 80246", "Address": "4600 Leetsdale Dr", "City": "Denver", "State": "CO", "County": "Denver", "Zip": 80246, "Lat": 39.708008, "Long": -104.93258803000001, "Type": "Category 4: Large Supermarkets and Other Grocery ", "SNAP": "Yes", "DUFB": "No", "WIC": "No", "Status": "Active", "GlobalID": "99c79f79-c91b-4695-9f9a-d66959518cc4", "x": 3159640.55617656, "y": 1683269.68476605 }, "geometry": { "type": "Point", "coordinates": [ -104.93258803, 39.708008 ] } },
{ "type": "Feature", "properties": { "OBJECTID": 306, "Name": "COSTCOWHOLESALE#1652", "Address Full": "4741 N Airport Way Denver, CO 80239", "Address": "4741 N Airport Way", "City": "Denver", "State": "CO", "County": "Denver", "Zip": 80239, "Lat": 39.78083049, "Long": -104.79636821, "Type": "Category 4: Large Supermarkets and Other Grocery ", "SNAP": "Yes", "DUFB": "No", "WIC": "No", "Status": "Active", "GlobalID": "b26774e9-e3d3-4cb7-857e-235542d76ff3", "x": 3197759.66038439, "y": 1710064.01864448 }, "geometry": { "type": "Point", "coordinates": [ -104.79636821, 39.78083049 ] } },
{ "type": "Feature", "properties": { "OBJECTID": 307, "Name": "SAM'SCLUB", "Address Full": "505 S Broadway Denver, CO 80209", "Address": "505 S Broadway", "City": "Denver", "State": "CO", "County": "Denver", "Zip": 80209, "Lat": 39.70745352, "Long": -104.98895018, "Type": "Category 4: Large Supermarkets and Other Grocery ", "SNAP": "Yes", "DUFB": "No", "WIC": "No", "Status": "Active", "GlobalID": "ede926e3-c4e2-482d-a5fe-d03148865adb", "x": 3143784.4576394702, "y": 1682973.58627689 }, "geometry": { "type": "Point", "coordinates": [ -104.98895018, 39.70745352 ] } },
{ "type": "Feature", "properties": { "OBJECTID": 308, "Name": "KINGSOOPERS", "Address Full": "5125 W Florida Ave Denver, CO 80219", "Address": "5125 W Florida Ave", "City": "Denver", "State": "CO", "County": "Denver", "Zip": 80219, "Lat": 39.69062352, "Long": -105.05208516, "Type": "Category 4: Large Supermarkets and Other Grocery ", "SNAP": "Yes", "DUFB": "No", "WIC": "Yes", "Status": "Active", "GlobalID": "ef773803-0a07-4a80-97af-99a11af6a5d9", "x": 3126051.7388398899, "y": 1676749.3510219799 }, "geometry": { "type": "Point", "coordinates": [ -105.05208516, 39.69062352 ] } },
{ "type": "Feature", "properties": { "OBJECTID": 309, "Name": "WALMARTNEIGHBORHOODMARKET", "Address Full": "5141 N Chambers Rd Denver, CO 80239", "Address": "5141 N Chambers Rd", "City": "Denver", "State": "CO", "County": "Denver", "Zip": 80239, "Lat": 39.78592449, "Long": -104.81123171, "Type": "Category 4: Large Supermarkets and Other Grocery ", "SNAP": "Yes", "DUFB": "No", "WIC": "Yes", "Status": "Active", "GlobalID": "31544e6b-dc24-4b5d-ac73-6a72efaf1362", "x": 3193568.2025599801, "y": 1711887.5678188901 }, "geometry": { "type": "Point", "coordinates": [ -104.81123171, 39.78592449 ] } },
{ "type": "Feature", "properties": { "OBJECTID": 310, "Name": "SAFEWAY", "Address Full": "560 N Corona St Denver, CO 80218", "Address": "560 N Corona St", "City": "Denver", "State": "CO", "County": "Denver", "Zip": 80218, "Lat": 39.72516551, "Long": -104.97348818, "Type": "Category 4: Large Supermarkets and Other Grocery ", "SNAP": null, "DUFB": null, "WIC": null, "Status": "Inactive", "GlobalID": "9382a4c7-9bca-4012-9237-1ce524b36722", "x": 3148097.2688957201, "y": 1689450.1940585701 }, "geometry": { "type": "Point", "coordinates": [ -104.97348818, 39.72516551 ] } },
{ "type": "Feature", "properties": { "OBJECTID": 311, "Name": "SAFEWAY", "Address Full": "6220 E 14th Ave Denver, CO 80220", "Address": "6220 E 14th Ave", "City": "Denver", "State": "CO", "County": "Denver", "Zip": 80220, "Lat": 39.73745951, "Long": -104.91561819, "Type": "Category 4: Large Supermarkets and Other Grocery ", "SNAP": null, "DUFB": null, "WIC": null, "Status": "Inactive", "GlobalID": "fa30f8ac-0773-49f5-b18e-3c5d7e5861c5", "x": 3164345.9217658001, "y": 1694027.9345749801 }, "geometry": { "type": "Point", "coordinates": [ -104.91561819, 39.73745951 ] } },
{ "type": "Feature", "properties": { "OBJECTID": 312, "Name": "SAFEWAY", "Address Full": "6460 E Yale Ave Denver, CO 80222", "Address": "6460 E Yale Ave", "City": "Denver", "State": "CO", "County": "Denver", "Zip": 80222, "Lat": 39.66650352, "Long": -104.9144707, "Type": "Category 4: Large Supermarkets and Other Grocery ", "SNAP": "Yes", "DUFB": "No", "WIC": "Yes", "Status": "Active", "GlobalID": "f3b0c7bb-cdfa-4970-8f6c-4d01b270538e", "x": 3164835.2144223899, "y": 1668183.8333761401 }, "geometry": { "type": "Point", "coordinates": [ -104.9144707, 39.66650352 ] } },
{ "type": "Feature", "properties": { "OBJECTID": 313, "Name": "KINGSOOPERS", "Address Full": "6470 E Hampden Ave Denver, CO 80222", "Address": "6470 E Hampden Ave", "City": "Denver", "State": "CO", "County": "Denver", "Zip": 80222, "Lat": 39.65209452, "Long": -104.9141332, "Type": "Category 4: Large Supermarkets and Other Grocery ", "SNAP": "Yes", "DUFB": "No", "WIC": "Yes", "Status": "Active", "GlobalID": "12ebb1c0-471a-4415-9ce5-3f38da4ceebb", "x": 3164964.0724323802, "y": 1662935.9531239001 }, "geometry": { "type": "Point", "coordinates": [ -104.9141332, 39.65209452 ] } },
{ "type": "Feature", "properties": { "OBJECTID": 314, "Name": "SAFEWAY", "Address Full": "757 E 20th Ave Denver, CO 80205", "Address": "757 E 20th Ave", "City": "Denver", "State": "CO", "County": "Denver", "Zip": 80205, "Lat": 39.74808851, "Long": -104.97753817, "Type": "Category 4: Large Supermarkets and Other Grocery ", "SNAP": "Yes", "DUFB": "Yes ", "WIC": "Yes", "Status": "Active", "GlobalID": "e36e2d13-4abb-42ae-b42e-4524513ca50c", "x": 3146910.0783567298, "y": 1697793.6078178899 }, "geometry": { "type": "Point", "coordinates": [ -104.97753817, 39.74808851 ] } },
{ "type": "Feature", "properties": { "OBJECTID": 315, "Name": "WALMART", "Address Full": "7700 W Quincy Ave Denver, CO 80123", "Address": "7700 W Quincy Ave", "City": "Denver", "State": "CO", "County": "Denver", "Zip": 80123, "Lat": 39.63650653, "Long": -105.08307666, "Type": "Category 4: Large Supermarkets and Other Grocery ", "SNAP": "No", "DUFB": "No", "WIC": "Yes", "Status": "Active", "GlobalID": "96007c4b-2c11-4c76-b46e-0d5a826ae282", "x": 3117420.67309681, "y": 1656995.4364616401 }, "geometry": { "type": "Point", "coordinates": [ -105.08307666, 39.63650653 ] } },
{ "type": "Feature", "properties": { "OBJECTID": 316, "Name": "TARGET", "Address Full": "7777 E Hampden Ave Denver, CO 80231", "Address": "7777 E Hampden Ave", "City": "Denver", "State": "CO", "County": "Denver", "Zip": 80231, "Lat": 39.65540652, "Long": -104.9002507, "Type": "Category 4: Large Supermarkets and Other Grocery ", "SNAP": "Yes", "DUFB": "No", "WIC": "Yes", "Status": "Active", "GlobalID": "a4a6c8ba-fc8c-4b96-8c64-d72146dbbc88", "x": 3168864.9839218901, "y": 1664167.85649997 }, "geometry": { "type": "Point", "coordinates": [ -104.9002507, 39.65540652 ] } },
{ "type": "Feature", "properties": { "OBJECTID": 317, "Name": "WALMART", "Address Full": "7800 E Smith Rd Denver, CO 80207", "Address": "7800 E Smith Rd", "City": "Denver", "State": "CO", "County": "Denver", "Zip": 80207, "Lat": 39.7696885, "Long": -104.89794669, "Type": "Category 4: Large Supermarkets and Other Grocery ", "SNAP": "Yes", "DUFB": "No", "WIC": "Yes", "Status": "Active", "GlobalID": "2dd8c11b-a060-4374-aa04-4c1754c30ba0", "x": 3169237.8099478902, "y": 1705800.21089914 }, "geometry": { "type": "Point", "coordinates": [ -104.89794669, 39.7696885 ] } },
{ "type": "Feature", "properties": { "OBJECTID": 318, "Name": "SAM'SCLUB", "Address Full": "7805 E 35th Ave Denver, CO 80238", "Address": "7805 E 35th Ave", "City": "Denver", "State": "CO", "County": "Denver", "Zip": 80238, "Lat": 39.7662235, "Long": -104.89803219, "Type": "Category 4: Large Supermarkets and Other Grocery ", "SNAP": "Yes", "DUFB": "No", "WIC": "No", "Status": "Active", "GlobalID": "c278423c-f451-4ae4-985c-d7ec74b39042", "x": 3169222.13970363, "y": 1704537.87385689 }, "geometry": { "type": "Point", "coordinates": [ -104.89803219, 39.7662235 ] } },
{ "type": "Feature", "properties": { "OBJECTID": 319, "Name": "COSTCOWHOLESALE#443", "Address Full": "7900 W Quincy Ave Denver, CO 80123", "Address": "7900 W Quincy Ave", "City": "Denver", "State": "CO", "County": "Denver", "Zip": 80123, "Lat": 39.63733453, "Long": -105.08617266, "Type": "Category 4: Large Supermarkets and Other Grocery ", "SNAP": "No", "DUFB": "No", "WIC": "No", "Status": "Active", "GlobalID": "141e64e5-8288-4ab5-85dd-6d97887e1458", "x": 3116547.3598827999, "y": 1657293.05036773 }, "geometry": { "type": "Point", "coordinates": [ -105.08617266, 39.63733453 ] } },
{ "type": "Feature", "properties": { "OBJECTID": 320, "Name": "TARGET", "Address Full": "7930 E Northfield Blvd Denver, CO 80238", "Address": "7930 E Northfield Blvd", "City": "Denver", "State": "CO", "County": "Denver", "Zip": 80238, "Lat": 39.7836115, "Long": -104.89502619, "Type": "Category 4: Large Supermarkets and Other Grocery ", "SNAP": "No", "DUFB": "No", "WIC": "No", "Status": "Active", "GlobalID": "1edd9f08-1ea2-4861-933e-e4cc0a146737", "x": 3170024.9789772201, "y": 1710877.3391963099 }, "geometry": { "type": "Point", "coordinates": [ -104.89502619, 39.7836115 ] } },
{ "type": "Feature", "properties": { "OBJECTID": 321, "Name": "KINGSOOPERS", "Address Full": "825 S Colorado Blvd Denver, CO 80246", "Address": "825 S Colorado Blvd", "City": "Denver", "State": "CO", "County": "Denver", "Zip": 80246, "Lat": 39.70216151, "Long": -104.94127269000001, "Type": "Category 4: Large Supermarkets and Other Grocery ", "SNAP": "Yes", "DUFB": "No", "WIC": "Yes", "Status": "Active", "GlobalID": "b5811d5c-3454-4054-8798-f9b4c763435d", "x": 3157210.2683862098, "y": 1681124.9121527199 }, "geometry": { "type": "Point", "coordinates": [ -104.94127269, 39.70216151 ] } },
{ "type": "Feature", "properties": { "OBJECTID": 322, "Name": "TARGET", "Address Full": "93 N Quebec St Denver, CO 80230", "Address": "93 N Quebec St", "City": "Denver", "State": "CO", "County": "Denver", "Zip": 80230, "Lat": 39.71808251, "Long": -104.90473719000001, "Type": "Category 4: Large Supermarkets and Other Grocery ", "SNAP": "Yes", "DUFB": "No", "WIC": "No", "Status": "Active", "GlobalID": "56e8b0fd-395e-4a28-a3aa-bd6790857c04", "x": 3167452.1954088798, "y": 1686989.54412423 }, "geometry": { "type": "Point", "coordinates": [ -104.90473719, 39.71808251 ] } },
{ "type": "Feature", "properties": { "OBJECTID": 323, "Name": "DIAMONDSHAMROCK", "Address Full": "10098 E Alameda Ave Denver, CO 80247", "Address": "10098 E Alameda Ave", "City": "Denver", "State": "CO", "County": "Denver", "Zip": 80247, "Lat": 39.70956017, "Long": -104.87108558, "Type": "Category 1: Convenience stores ", "SNAP": "Yes", "DUFB": "No", "WIC": "No", "Status": "Active", "GlobalID": "afa47673-86b2-452b-9e7b-b82d9d1e6e25", "x": 3176940.0068138102, "y": 1683949.00525782 }, "geometry": { "type": "Point", "coordinates": [ -104.87108558, 39.70956017 ] } },
{ "type": "Feature", "properties": { "OBJECTID": 324, "Name": "STINKER", "Address Full": "1015 N Sheridan Blvd Denver, CO 80214", "Address": "1015 N Sheridan Blvd", "City": "Denver", "State": "CO", "County": "Denver", "Zip": 80214, "Lat": 39.7333476, "Long": -105.05357147, "Type": "Category 1: Convenience stores ", "SNAP": "Yes", "DUFB": "No", "WIC": "No", "Status": "Active", "GlobalID": "897153a7-bb42-4f59-b074-d30a099e6624", "x": 3125556.9888451402, "y": 1692310.0052680699 }, "geometry": { "type": "Point", "coordinates": [ -105.05357147, 39.7333476 ] } },
{ "type": "Feature", "properties": { "OBJECTID": 325, "Name": "BARNSTORE#12,THE", "Address Full": "1201 S Broadway Denver, CO 80210", "Address": "1201 S Broadway", "City": "Denver", "State": "CO", "County": "Denver", "Zip": 80210, "Lat": 39.69449748, "Long": -104.98784504, "Type": "Category 1: Convenience stores ", "SNAP": "No", "DUFB": "No", "WIC": "No", "Status": "Active", "GlobalID": "b1bea641-718b-4c33-a31e-28ca3d1bde85", "x": 3144121.99305363, "y": 1678255.9949902999 }, "geometry": { "type": "Point", "coordinates": [ -104.98784504, 39.69449748 ] } },
{ "type": "Feature", "properties": { "OBJECTID": 326, "Name": "CONOCO", "Address Full": "1201 S Broadway Denver, CO 80210", "Address": "1201 S Broadway", "City": "Denver", "State": "CO", "County": "Denver", "Zip": 80210, "Lat": 39.69449748, "Long": -104.98784504, "Type": "Category 1: Convenience stores ", "SNAP": "No", "DUFB": "No", "WIC": "No", "Status": "Active", "GlobalID": "e1561236-b3a3-4f12-9ba9-fd7175c71802", "x": 3144121.99305363, "y": 1678255.9949902999 }, "geometry": { "type": "Point", "coordinates": [ -104.98784504, 39.69449748 ] } },
{ "type": "Feature", "properties": { "OBJECTID": 327, "Name": "CROWNMARKET", "Address Full": "14125 E 52nd Ave Denver, CO 80239", "Address": "14125 E 52nd Ave", "City": "Denver", "State": "CO", "County": "Denver", "Zip": 80239, "Lat": 39.79060461, "Long": -104.82420015, "Type": "Category 1: Convenience stores ", "SNAP": "Yes", "DUFB": "No", "WIC": "No", "Status": "Active", "GlobalID": "c12b5a86-74c5-4d5a-9efc-cc65714e2e75", "x": 3189910.9989163899, "y": 1713565.00212806 }, "geometry": { "type": "Point", "coordinates": [ -104.82420015, 39.79060461 ] } },
{ "type": "Feature", "properties": { "OBJECTID": 328, "Name": "TANAGROCERYSTORE", "Address Full": "1440 N Poplar St Denver, CO 80220", "Address": "1440 N Poplar St", "City": "Denver", "State": "CO", "County": "Denver", "Zip": 80220, "Lat": 39.7395274, "Long": -104.90442123, "Type": "Category 1: Convenience stores ", "SNAP": "Yes", "DUFB": "No", "WIC": "No", "Status": "Active", "GlobalID": "7c528ef9-6f2d-465f-b386-eb70e26a4cf2", "x": 3167489.8639687202, "y": 1694801.63611156 }, "geometry": { "type": "Point", "coordinates": [ -104.90442123, 39.7395274 ] } },
{ "type": "Feature", "properties": { "OBJECTID": 329, "Name": "7-ELEVEN", "Address Full": "1504 N Colorado Blvd Denver, CO 80220", "Address": "1504 N Colorado Blvd", "City": "Denver", "State": "CO", "County": "Denver", "Zip": 80220, "Lat": 39.74068515, "Long": -104.93984307, "Type": "Category 1: Convenience stores ", "SNAP": "No", "DUFB": "No", "WIC": "No", "Status": "Active", "GlobalID": "c4dd137f-149d-4f10-ba2b-54b974054f54", "x": 3157525.9924923, "y": 1695159.99661531 }, "geometry": { "type": "Point", "coordinates": [ -104.93984307, 39.74068515 ] } },
{ "type": "Feature", "properties": { "OBJECTID": 330, "Name": "7-ELEVEN", "Address Full": "1600 E Evans Ave Denver, CO 80210", "Address": "1600 E Evans Ave", "City": "Denver", "State": "CO", "County": "Denver", "Zip": 80210, "Lat": 39.67825239, "Long": -104.96843717, "Type": "Category 1: Convenience stores ", "SNAP": "No", "DUFB": "No", "WIC": "No", "Status": "Active", "GlobalID": "2d257d5b-aab0-4820-8936-315f691c4508", "x": 3149617.9909198899, "y": 1672369.9998725699 }, "geometry": { "type": "Point", "coordinates": [ -104.96843717, 39.67825239 ] } },
{ "type": "Feature", "properties": { "OBJECTID": 331, "Name": "DENVERMARKET", "Address Full": "1700 W 40th Ave Denver, CO 80211", "Address": "1700 W 40th Ave", "City": "Denver", "State": "CO", "County": "Denver", "Zip": 80211, "Lat": 39.77161932, "Long": -105.00658479000001, "Type": "Category 1: Convenience stores ", "SNAP": "Yes", "DUFB": "No", "WIC": "No", "Status": "Active", "GlobalID": "6542fabf-46fe-4bdb-91f1-06b445eb66f0", "x": 3138696.0406509601, "y": 1706319.4234433901 }, "geometry": { "type": "Point", "coordinates": [ -105.00658479, 39.77161932 ] } },
{ "type": "Feature", "properties": { "OBJECTID": 332, "Name": "QUIKTRIP", "Address Full": "18602 E Maxwell Pl Denver, CO 80249", "Address": "18602 E Maxwell Pl", "City": "Denver", "State": "CO", "County": "Denver", "Zip": 80249, "Lat": 39.79618766, "Long": -104.77113341, "Type": "Category 1: Convenience stores ", "SNAP": "No", "DUFB": "No", "WIC": "No", "Status": "Active", "GlobalID": "97a4d420-d647-4753-b5cf-2d891761d977", "x": 3204807.0101347999, "y": 1715713.99947047 }, "geometry": { "type": "Point", "coordinates": [ -104.77113341, 39.79618766 ] } },
{ "type": "Feature", "properties": { "OBJECTID": 333, "Name": "CONOCO", "Address Full": "2001 S University Blvd Denver, CO 80210", "Address": "2001 S University Blvd", "City": "Denver", "State": "CO", "County": "Denver", "Zip": 80210, "Lat": 39.67998086, "Long": -104.95976559, "Type": "Category 1: Convenience stores ", "SNAP": "No", "DUFB": "No", "WIC": "No", "Status": "Active", "GlobalID": "e211b86f-dba6-452b-9731-ebe9d1de48c6", "x": 3152054.9916233001, "y": 1673014.0008811499 }, "geometry": { "type": "Point", "coordinates": [ -104.95976559, 39.67998086 ] } },
{ "type": "Feature", "properties": { "OBJECTID": 334, "Name": "AMPMGAS&CONVIENENCE", "Address Full": "2105 N Federal Blvd Denver, CO 80211", "Address": "2105 N Federal Blvd", "City": "Denver", "State": "CO", "County": "Denver", "Zip": 80211, "Lat": 39.74914962, "Long": -105.02558849, "Type": "Category 1: Convenience stores ", "SNAP": "No", "DUFB": "No", "WIC": "No", "Status": "Active", "GlobalID": "1c3aa7f7-6a32-4ee7-a1a8-ee7f632a8b91", "x": 3133397.0079419799, "y": 1698106.0028623899 }, "geometry": { "type": "Point", "coordinates": [ -105.02558849, 39.74914962 ] } },
{ "type": "Feature", "properties": { "OBJECTID": 335, "Name": "DOLLARTREE", "Address Full": "2223 S Monaco Street Pkwy Denver, CO 80222", "Address": "2223 S Monaco Street Pkwy", "City": "Denver", "State": "CO", "County": "Denver", "Zip": 80222, "Lat": 39.67757106, "Long": -104.91328259, "Type": "Category 1: Convenience stores ", "SNAP": "Yes", "DUFB": "No", "WIC": "No", "Status": "Active", "GlobalID": "ccea9693-62a1-442f-8436-83312c9ea0da", "x": 3165143.6439236398, "y": 1672217.3715688901 }, "geometry": { "type": "Point", "coordinates": [ -104.91328259, 39.67757106 ] } },
{ "type": "Feature", "properties": { "OBJECTID": 336, "Name": "DOWNTOWNPHILLIPS", "Address Full": "2757 N Speer Blvd Denver, CO 80211", "Address": "2757 N Speer Blvd", "City": "Denver", "State": "CO", "County": "Denver", "Zip": 80211, "Lat": 39.75619528, "Long": -105.01636806, "Type": "Category 1: Convenience stores ", "SNAP": "No", "DUFB": "No", "WIC": "No", "Status": "Active", "GlobalID": "20c2eb75-8688-4d9e-abb6-bfef7fed8aaa", "x": 3135975.9594769799, "y": 1700686.1650248901 }, "geometry": { "type": "Point", "coordinates": [ -105.01636806, 39.75619528 ] } },
{ "type": "Feature", "properties": { "OBJECTID": 337, "Name": "FIVEBELOW", "Address Full": "2780 S Colorado Blvd Denver, CO 80222", "Address": "2780 S Colorado Blvd", "City": "Denver", "State": "CO", "County": "Denver", "Zip": 80222, "Lat": 39.6659014, "Long": -104.9383925, "Type": "Category 1: Convenience stores ", "SNAP": "No", "DUFB": "No", "WIC": "No", "Status": "Active", "GlobalID": "aee94b4e-9ace-4bfe-8eb2-ac303cbe5b72", "x": 3158102.3151585599, "y": 1667921.99170823 }, "geometry": { "type": "Point", "coordinates": [ -104.9383925, 39.6659014 ] } },
{ "type": "Feature", "properties": { "OBJECTID": 338, "Name": "BROTHERSGASMART", "Address Full": "2900 S Wadsworth Blvd Denver, CO 80227", "Address": "2900 S Wadsworth Blvd", "City": "Denver", "State": "CO", "County": "Denver", "Zip": 80227, "Lat": 39.66400253, "Long": -105.08078189, "Type": "Category 1: Convenience stores ", "SNAP": "No", "DUFB": "No", "WIC": "No", "Status": "Active", "GlobalID": "2d5341e7-26b1-48e1-b79f-b47180126f3e", "x": 3118020.7407943001, "y": 1667013.92757948 }, "geometry": { "type": "Point", "coordinates": [ -105.08078189, 39.66400253 ] } },
{ "type": "Feature", "properties": { "OBJECTID": 339, "Name": "SKYEMARKET", "Address Full": "2907 N Inca St Denver, CO 80202", "Address": "2907 N Inca St", "City": "Denver", "State": "CO", "County": "Denver", "Zip": 80202, "Lat": 39.7585762, "Long": -104.99856792, "Type": "Category 1: Convenience stores ", "SNAP": "No", "DUFB": "No", "WIC": "No", "Status": "Active", "GlobalID": "4f9ce47b-5a50-4450-b9d0-b8c716d116ec", "x": 3140975.7362227999, "y": 1701580.5858082301 }, "geometry": { "type": "Point", "coordinates": [ -104.99856792, 39.7585762 ] } },
{ "type": "Feature", "properties": { "OBJECTID": 340, "Name": "MINIMARKET", "Address Full": "2960 S Federal Blvd Denver, CO 80236", "Address": "2960 S Federal Blvd", "City": "Denver", "State": "CO", "County": "Denver", "Zip": 80236, "Lat": 39.66243293, "Long": -105.02465065, "Type": "Category 1: Convenience stores ", "SNAP": "No", "DUFB": "No", "WIC": "No", "Status": "Active", "GlobalID": "69bfef64-9cb0-46a1-a3c2-fee4e72251d0", "x": 3133825.9926482998, "y": 1666519.99779306 }, "geometry": { "type": "Point", "coordinates": [ -105.02465065, 39.66243293 ] } },
{ "type": "Feature", "properties": { "OBJECTID": 341, "Name": "LITTLESTARMART", "Address Full": "300 E 6th Ave Denver, CO 80203", "Address": "300 E 6th Ave", "City": "Denver", "State": "CO", "County": "Denver", "Zip": 80203, "Lat": 39.72552074, "Long": -104.98311966, "Type": "Category 1: Convenience stores ", "SNAP": "No", "DUFB": "No", "WIC": "No", "Status": "Active", "GlobalID": "01002ed0-e56e-4f44-86d2-a4e786628ea8", "x": 3145387.4190004799, "y": 1689564.03306973 }, "geometry": { "type": "Point", "coordinates": [ -104.98311966, 39.72552074 ] } },
{ "type": "Feature", "properties": { "OBJECTID": 342, "Name": "RUSSELL'S#204", "Address Full": "303 16th St Denver, CO 80202", "Address": "303 16th St", "City": "Denver", "State": "CO", "County": "Denver", "Zip": 80202, "Lat": 39.74280527, "Long": -104.98877585, "Type": "Category 1: Convenience stores ", "SNAP": "No", "DUFB": "No", "WIC": "No", "Status": "Active", "GlobalID": "15251003-a47a-4d7f-8f3c-06131c1c377f", "x": 3143761.03937922, "y": 1695851.1363091499 }, "geometry": { "type": "Point", "coordinates": [ -104.98877585, 39.74280527 ] } },
{ "type": "Feature", "properties": { "OBJECTID": 343, "Name": "DIAMONDSHAMROCK", "Address Full": "330 S Kalamath St Denver, CO 80223", "Address": "330 S Kalamath St", "City": "Denver", "State": "CO", "County": "Denver", "Zip": 80223, "Lat": 39.7103311, "Long": -104.99708475, "Type": "Category 1: Convenience stores ", "SNAP": "Yes", "DUFB": "No", "WIC": "No", "Status": "Active", "GlobalID": "de0d3f1a-5881-44e6-98ca-a60d1660f8ac", "x": 3141490.0078320499, "y": 1684008.9995603999 }, "geometry": { "type": "Point", "coordinates": [ -104.99708475, 39.7103311 ] } },
{ "type": "Feature", "properties": { "OBJECTID": 344, "Name": "7-ELEVEN", "Address Full": "3445 W Colfax Ave Denver, CO 80204", "Address": "3445 W Colfax Ave", "City": "Denver", "State": "CO", "County": "Denver", "Zip": 80204, "Lat": 39.74061864, "Long": -105.03277245, "Type": "Category 1: Convenience stores ", "SNAP": "No", "DUFB": "No", "WIC": "No", "Status": "Active", "GlobalID": "45f710a0-ca27-49dd-814f-a201a533e4c7", "x": 3131392.99259305, "y": 1694987.9976154701 }, "geometry": { "type": "Point", "coordinates": [ -105.03277245, 39.74061864 ] } },
{ "type": "Feature", "properties": { "OBJECTID": 345, "Name": "CONTINENTAL10", "Address Full": "3635 S Monaco Street Pkwy Denver, CO 80237", "Address": "3635 S Monaco Street Pkwy", "City": "Denver", "State": "CO", "County": "Denver", "Zip": 80237, "Lat": 39.65078468, "Long": -104.91625397, "Type": "Category 1: Convenience stores ", "SNAP": "No", "DUFB": "No", "WIC": "No", "Status": "Active", "GlobalID": "795d506d-238d-4d43-b436-b0071f8daa0d", "x": 3164369.9955365499, "y": 1662454.99968947 }, "geometry": { "type": "Point", "coordinates": [ -104.91625397, 39.65078468 ] } },
{ "type": "Feature", "properties": { "OBJECTID": 346, "Name": "CVSPHARMACY", "Address Full": "3770 N Sheridan Blvd Denver, CO 80212", "Address": "3770 N Sheridan Blvd", "City": "Denver", "State": "CO", "County": "Denver", "Zip": 80212, "Lat": 39.7688066, "Long": -105.05306025, "Type": "Category 1: Convenience stores ", "SNAP": "No", "DUFB": "No", "WIC": "No", "Status": "Active", "GlobalID": "95533427-e4c5-4098-b12d-67f7aa90f851", "x": 3125637.2206400498, "y": 1705227.22451231 }, "geometry": { "type": "Point", "coordinates": [ -105.05306025, 39.7688066 ] } },
{ "type": "Feature", "properties": { "OBJECTID": 347, "Name": "CONVENIENCESTORE", "Address Full": "4116 E Colfax Ave Denver, CO 80220", "Address": "4116 E Colfax Ave", "City": "Denver", "State": "CO", "County": "Denver", "Zip": 80220, "Lat": 39.73996313, "Long": -104.93905005000001, "Type": "Category 1: Convenience stores ", "SNAP": "No", "DUFB": "No", "WIC": "No", "Status": "Active", "GlobalID": "984ecb24-a5c1-41fc-b2cf-60b1eded4eb3", "x": 3157750.6249170601, "y": 1694898.3682015501 }, "geometry": { "type": "Point", "coordinates": [ -104.93905005, 39.73996313 ] } },
{ "type": "Feature", "properties": { "OBJECTID": 348, "Name": "7-ELEVEN", "Address Full": "4351 S TAMARAC PKWY Denver, CO 80237", "Address": "4351 S TAMARAC PKWY", "City": "Denver", "State": "CO", "County": "Denver", "Zip": 80237, "Lat": 39.63765615, "Long": -104.89505824, "Type": "Category 1: Convenience stores ", "SNAP": "Yes", "DUFB": "No", "WIC": "No", "Status": "Active", "GlobalID": "9be28bd6-4416-479c-af69-676ad39a1d27", "x": 3170370.0022373102, "y": 1657711.9967083 }, "geometry": { "type": "Point", "coordinates": [ -104.89505824, 39.63765615 ] } },
{ "type": "Feature", "properties": { "OBJECTID": 349, "Name": "CONU'SCORNER", "Address Full": "4400 W 29th Ave Denver, CO 80212", "Address": "4400 W 29th Ave", "City": "Denver", "State": "CO", "County": "Denver", "Zip": 80212, "Lat": 39.75820727, "Long": -105.04430075, "Type": "Category 1: Convenience stores ", "SNAP": "No", "DUFB": "No", "WIC": "No", "Status": "Active", "GlobalID": "c8880dae-4ceb-44d6-ab14-e2afc1936caf", "x": 3128118.91121472, "y": 1701378.4644933001 }, "geometry": { "type": "Point", "coordinates": [ -105.04430075, 39.75820727 ] } },
{ "type": "Feature", "properties": { "OBJECTID": 350, "Name": "7-ELEVEN", "Address Full": "4406 N Sheridan Blvd Denver, CO 80212", "Address": "4406 N Sheridan Blvd", "City": "Denver", "State": "CO", "County": "Denver", "Zip": 80212, "Lat": 39.77677691, "Long": -105.05293905000001, "Type": "Category 1: Convenience stores ", "SNAP": "No", "DUFB": "No", "WIC": "No", "Status": "Active", "GlobalID": "e9bce502-adbc-453f-b76e-b874f28640b3", "x": 3125657.0027527199, "y": 1708130.72953206 }, "geometry": { "type": "Point", "coordinates": [ -105.05293905, 39.77677691 ] } },
{ "type": "Feature", "properties": { "OBJECTID": 351, "Name": "GASMART", "Address Full": "5050 N Washington St Denver, CO 80216", "Address": "5050 N Washington St", "City": "Denver", "State": "CO", "County": "Denver", "Zip": 80216, "Lat": 39.78846501, "Long": -104.97780327, "Type": "Category 1: Convenience stores ", "SNAP": "No", "DUFB": "No", "WIC": "No", "Status": "Active", "GlobalID": "9e011d0e-7f6f-4642-86a3-a3f4cd22f3f1", "x": 3146750.9927168898, "y": 1712500.9996628901 }, "geometry": { "type": "Point", "coordinates": [ -104.97780327, 39.78846501 ] } },
{ "type": "Feature", "properties": { "OBJECTID": 352, "Name": "BRYANTCONVENIENCE", "Address Full": "510 N Bryant St Denver, CO 80204", "Address": "510 N Bryant St", "City": "Denver", "State": "CO", "County": "Denver", "Zip": 80204, "Lat": 39.72410529, "Long": -105.01833831, "Type": "Category 1: Convenience stores ", "SNAP": "No", "DUFB": "No", "WIC": "No", "Status": "Active", "GlobalID": "ffebddec-34ed-486d-93a2-4f68feb6dd32", "x": 3135483.9935973901, "y": 1688993.9958239801 }, "geometry": { "type": "Point", "coordinates": [ -105.01833831, 39.72410529 ] } },
{ "type": "Feature", "properties": { "OBJECTID": 353, "Name": "HOLLYMARKET", "Address Full": "5538 E 33rd Ave Denver, CO 80207", "Address": "5538 E 33rd Ave", "City": "Denver", "State": "CO", "County": "Denver", "Zip": 80207, "Lat": 39.76364389, "Long": -104.92331664, "Type": "Category 1: Convenience stores ", "SNAP": "Yes", "DUFB": "No", "WIC": "No", "Status": "Active", "GlobalID": "1b287149-c9ca-4f05-ab3a-c971519e0ac6", "x": 3162120.3658494698, "y": 1703552.10319065 }, "geometry": { "type": "Point", "coordinates": [ -104.92331664, 39.76364389 ] } },
{ "type": "Feature", "properties": { "OBJECTID": 354, "Name": "FAST&FRIENDLYFOODMARKET", "Address Full": "5595 E Florida Ave Denver, CO 80222", "Address": "5595 E Florida Ave", "City": "Denver", "State": "CO", "County": "Denver", "Zip": 80222, "Lat": 39.68958652, "Long": -104.92274315, "Type": "Category 1: Convenience stores ", "SNAP": "No", "DUFB": "No", "WIC": "No", "Status": "Active", "GlobalID": "2bdf07db-a98f-41ac-995d-3ccf92a9491a", "x": 3162453.0006828899, "y": 1676576.9953955601 }, "geometry": { "type": "Point", "coordinates": [ -104.92274315, 39.68958652 ] } },
{ "type": "Feature", "properties": { "OBJECTID": 355, "Name": "LITTLEBODEGA", "Address Full": "613 22nd St Denver, CO 80205", "Address": "613 22nd St", "City": "Denver", "State": "CO", "County": "Denver", "Zip": 80205, "Lat": 39.7504447, "Long": -104.98426965, "Type": "Category 1: Convenience stores ", "SNAP": "No", "DUFB": "No", "WIC": "No", "Status": "Active", "GlobalID": "be512e0c-5c28-48a3-9be5-b928753c7314", "x": 3145012.4138449701, "y": 1698641.0683933001 }, "geometry": { "type": "Point", "coordinates": [ -104.98426965, 39.7504447 ] } },
{ "type": "Feature", "properties": { "OBJECTID": 356, "Name": "MILEHIGHMARKET", "Address Full": "6390 E Colfax Ave Denver, CO 80220", "Address": "6390 E Colfax Ave", "City": "Denver", "State": "CO", "County": "Denver", "Zip": 80220, "Lat": 39.73987164, "Long": -104.91427852, "Type": "Category 1: Convenience stores ", "SNAP": "No", "DUFB": "No", "WIC": "No", "Status": "Active", "GlobalID": "e1ae9d24-dc49-4996-9bc6-18a45ed05cc5", "x": 3164717.0073097199, "y": 1694909.0063036401 }, "geometry": { "type": "Point", "coordinates": [ -104.91427852, 39.73987164 ] } },
{ "type": "Feature", "properties": { "OBJECTID": 357, "Name": "CIRCLEKHAMPDEN", "Address Full": "7045 E Hampden Ave Denver, CO 80224", "Address": "7045 E Hampden Ave", "City": "Denver", "State": "CO", "County": "Denver", "Zip": 80224, "Lat": 39.65346659, "Long": -104.9074166, "Type": "Category 1: Convenience stores ", "SNAP": "No", "DUFB": "No", "WIC": "No", "Status": "Active", "GlobalID": "c47bd5cd-9e7a-45d6-bd8f-09b2e3d20ab3", "x": 3166851.99647805, "y": 1663447.9960630501 }, "geometry": { "type": "Point", "coordinates": [ -104.9074166, 39.65346659 ] } },
{ "type": "Feature", "properties": { "OBJECTID": 358, "Name": "SHELL", "Address Full": "7285 E Hampden Ave Denver, CO 80224", "Address": "7285 E Hampden Ave", "City": "Denver", "State": "CO", "County": "Denver", "Zip": 80224, "Lat": 39.65348487, "Long": -104.90397491, "Type": "Category 1: Convenience stores ", "SNAP": "Yes", "DUFB": "No", "WIC": "No", "Status": "Active", "GlobalID": "88cf7a06-0eb7-4561-94fa-3d55a2e4b8b1", "x": 3167821.0056948802, "y": 1663460.99406856 }, "geometry": { "type": "Point", "coordinates": [ -104.90397491, 39.65348487 ] } },
{ "type": "Feature", "properties": { "OBJECTID": 359, "Name": "FIVEBELOW", "Address Full": "7757 E 36th Ave Denver, CO 80238", "Address": "7757 E 36th Ave", "City": "Denver", "State": "CO", "County": "Denver", "Zip": 80238, "Lat": 39.76826445, "Long": -104.89767011000001, "Type": "Category 1: Convenience stores ", "SNAP": "No", "DUFB": "No", "WIC": "No", "Status": "Active", "GlobalID": "9a1efdb9-12da-471f-9788-be295f795b8f", "x": 3169318.99482489, "y": 1705281.99474397 }, "geometry": { "type": "Point", "coordinates": [ -104.89767011, 39.76826445 ] } },
{ "type": "Feature", "properties": { "OBJECTID": 360, "Name": "SINCLAIR", "Address Full": "785 N Colorado Blvd Denver, CO 80206", "Address": "785 N Colorado Blvd", "City": "Denver", "State": "CO", "County": "Denver", "Zip": 80206, "Lat": 39.72879022, "Long": -104.94107931000001, "Type": "Category 1: Convenience stores ", "SNAP": "Yes", "DUFB": "No", "WIC": "No", "Status": "Active", "GlobalID": "b2ad5320-34cc-4e9e-a694-7f5a267d140c", "x": 3157205.00232063, "y": 1690824.99117772 }, "geometry": { "type": "Point", "coordinates": [ -104.94107931, 39.72879022 ] } },
{ "type": "Feature", "properties": { "OBJECTID": 361, "Name": "7-ELEVEN", "Address Full": "820 16th St Denver, CO 80202", "Address": "820 16th St", "City": "Denver", "State": "CO", "County": "Denver", "Zip": 80202, "Lat": 39.7461434, "Long": -104.9939225, "Type": "Category 1: Convenience stores ", "SNAP": "Yes", "DUFB": "No", "WIC": "No", "Status": "Active", "GlobalID": "f38feec5-2bcd-4eb3-8338-17f3364836b1", "x": 3142306.9943870599, "y": 1697058.99347347 }, "geometry": { "type": "Point", "coordinates": [ -104.9939225, 39.7461434 ] } },
{ "type": "Feature", "properties": { "OBJECTID": 362, "Name": "SAMSCORNERSTORE", "Address Full": "883 S Federal Blvd Denver, CO 80219", "Address": "883 S Federal Blvd", "City": "Denver", "State": "CO", "County": "Denver", "Zip": 80219, "Lat": 39.70087254, "Long": -105.02550752000001, "Type": "Category 1: Convenience stores ", "SNAP": "No", "DUFB": "No", "WIC": "No", "Status": "Active", "GlobalID": "b7832023-0345-4486-88a8-f09c8a8e0db8", "x": 3133511.62582298, "y": 1680520.61218023 }, "geometry": { "type": "Point", "coordinates": [ -105.02550752, 39.70087254 ] } },
{ "type": "Feature", "properties": { "OBJECTID": 363, "Name": "QUIKTRIP", "Address Full": "9111 E 40th Ave Denver, CO 80238", "Address": "9111 E 40th Ave", "City": "Denver", "State": "CO", "County": "Denver", "Zip": 80238, "Lat": 39.77410433, "Long": -104.88087018, "Type": "Category 1: Convenience stores ", "SNAP": "Yes", "DUFB": "No", "WIC": "No", "Status": "Active", "GlobalID": "29ab6ac1-9eaf-4258-85d7-444a969db609", "x": 3174026.9985322198, "y": 1707441.0058458899 }, "geometry": { "type": "Point", "coordinates": [ -104.88087018, 39.77410433 ] } },
{ "type": "Feature", "properties": { "OBJECTID": 364, "Name": "RUSSELL'S", "Address Full": "999 18th St Denver, CO 80202", "Address": "999 18th St", "City": "Denver", "State": "CO", "County": "Denver", "Zip": 80202, "Lat": 39.74913315, "Long": -104.99204798, "Type": "Category 1: Convenience stores ", "SNAP": "No", "DUFB": "No", "WIC": "No", "Status": "Active", "GlobalID": "43cc37d9-739b-49dd-b6c6-55b0ce4a73ee", "x": 3142828.00712456, "y": 1698150.99457031 }, "geometry": { "type": "Point", "coordinates": [ -104.99204798, 39.74913315 ] } },
{ "type": "Feature", "properties": { "OBJECTID": 365, "Name": "ARIAINTERNATIONALMARKET", "Address Full": "10890 E Dartmouth Ave Denver, CO 80014", "Address": "10890 E Dartmouth Ave", "City": "Denver", "State": "CO", "County": "Denver", "Zip": 80014, "Lat": 39.65972037, "Long": -104.86075548, "Type": "Category 2: Specialty Food Stores", "SNAP": "No", "DUFB": "No", "WIC": "No", "Status": "Active", "GlobalID": "1e5df79a-d007-48a1-b081-f6172eb39de0", "x": 3179973.9951683902, "y": 1665815.0044523899 }, "geometry": { "type": "Point", "coordinates": [ -104.86075548, 39.65972037 ] } },
{ "type": "Feature", "properties": { "OBJECTID": 366, "Name": "SEVENSEASIMPORTS", "Address Full": "10890 E Dartmouth Ave Denver, CO 80014", "Address": "10890 E Dartmouth Ave", "City": "Denver", "State": "CO", "County": "Denver", "Zip": 80014, "Lat": 39.65972037, "Long": -104.86075548, "Type": "Category 2: Specialty Food Stores", "SNAP": "No", "DUFB": "No", "WIC": "No", "Status": "Active", "GlobalID": "9820f4b1-a98c-49a0-84cb-43f4c260ccae", "x": 3179973.9951683902, "y": 1665815.0044523899 }, "geometry": { "type": "Point", "coordinates": [ -104.86075548, 39.65972037 ] } },
{ "type": "Feature", "properties": { "OBJECTID": 367, "Name": "GOUDY'sDELI&MARKET", "Address Full": "1207 E Alameda Ave Denver, CO 80209", "Address": "1207 E Alameda Ave", "City": "Denver", "State": "CO", "County": "Denver", "Zip": 80209, "Lat": 39.71122909, "Long": -104.97310681, "Type": "Category 2: Specialty Food Stores", "SNAP": "No", "DUFB": "No", "WIC": "No", "Status": "Active", "GlobalID": "5c49d21c-493c-4396-b149-f09f1dba80f1", "x": 3148233.9825330498, "y": 1684374.3354439 }, "geometry": { "type": "Point", "coordinates": [ -104.97310681, 39.71122909 ] } },
{ "type": "Feature", "properties": { "OBJECTID": 368, "Name": "PRIMOSPECIALTYFOODS", "Address Full": "1225 S Lipan St Denver, CO 80223", "Address": "1225 S Lipan St", "City": "Denver", "State": "CO", "County": "Denver", "Zip": 80223, "Lat": 39.69428018, "Long": -105.00175204, "Type": "Category 2: Specialty Food Stores", "SNAP": "No", "DUFB": "No", "WIC": "No", "Status": "Active", "GlobalID": "5a4d1ec1-8766-43e6-b2e7-779d4bc48715", "x": 3140208.9939898802, "y": 1678155.0785254801 }, "geometry": { "type": "Point", "coordinates": [ -105.00175204, 39.69428018 ] } },
{ "type": "Feature", "properties": { "OBJECTID": 369, "Name": "EVOOMARKETPLACE", "Address Full": "1338 15th St Denver, CO 80202", "Address": "1338 15th St", "City": "Denver", "State": "CO", "County": "Denver", "Zip": 80202, "Lat": 39.748756, "Long": -104.99949077, "Type": "Category 2: Specialty Food Stores", "SNAP": "No", "DUFB": "No", "WIC": "No", "Status": "Active", "GlobalID": "d13c9ce9-a117-4080-9fb6-bf67acb6f604", "x": 3140735.9912954699, "y": 1698001.9965087301 }, "geometry": { "type": "Point", "coordinates": [ -104.99949077, 39.748756 ] } },
{ "type": "Feature", "properties": { "OBJECTID": 370, "Name": "THELOCALBUTCHER", "Address Full": "1441 S Holly St Denver, CO 80222", "Address": "1441 S Holly St", "City": "Denver", "State": "CO", "County": "Denver", "Zip": 80222, "Lat": 39.69045664, "Long": -104.92326719, "Type": "Category 2: Specialty Food Stores", "SNAP": "No", "DUFB": "No", "WIC": "No", "Status": "Active", "GlobalID": "8acc4031-f916-49b9-ba46-4a497cfef0f7", "x": 3162303.5141052199, "y": 1676893.00460605 }, "geometry": { "type": "Point", "coordinates": [ -104.92326719, 39.69045664 ] } },
{ "type": "Feature", "properties": { "OBJECTID": 371, "Name": "PRIMEMEATMARKET", "Address Full": "1945 S Sheridan Blvd Denver, CO 80227", "Address": "1945 S Sheridan Blvd", "City": "Denver", "State": "CO", "County": "Denver", "Zip": 80227, "Lat": 39.68200648, "Long": -105.05522002, "Type": "Category 2: Specialty Food Stores", "SNAP": "No", "DUFB": "No", "WIC": "No", "Status": "Active", "GlobalID": "5ec0be97-dcc4-421e-92ae-7f26b54647d6", "x": 3125184.90428747, "y": 1673606.1939224701 }, "geometry": { "type": "Point", "coordinates": [ -105.05522002, 39.68200648 ] } },
{ "type": "Feature", "properties": { "OBJECTID": 372, "Name": "CARNICERIASINFRONTERAS", "Address Full": "2283 S Monaco Street Pkwy Denver, CO 80222", "Address": "2283 S Monaco Street Pkwy", "City": "Denver", "State": "CO", "County": "Denver", "Zip": 80222, "Lat": 39.67518456, "Long": -104.91448304, "Type": "Category 2: Specialty Food Stores", "SNAP": "No", "DUFB": "No", "WIC": "No", "Status": "Active", "GlobalID": "a1dfa5e8-f7dc-40ca-94c2-b435a36d4b25", "x": 3164811.3601393802, "y": 1671345.90152706 }, "geometry": { "type": "Point", "coordinates": [ -104.91448304, 39.67518456 ] } },
{ "type": "Feature", "properties": { "OBJECTID": 373, "Name": "CARNICERIASANCHEZ", "Address Full": "2630 E 46th Ave Denver, CO 80216", "Address": "2630 E 46th Ave", "City": "Denver", "State": "CO", "County": "Denver", "Zip": 80216, "Lat": 39.78015188, "Long": -105.0197385, "Type": "Category 2: Specialty Food Stores", "SNAP": "Yes", "DUFB": "No", "WIC": "No", "Status": "Active", "GlobalID": "9f095e3c-71cb-46e5-a392-e8e9a64b961e", "x": 3134982.2154014702, "y": 1709407.75486514 }, "geometry": { "type": "Point", "coordinates": [ -105.0197385, 39.78015188 ] } },
{ "type": "Feature", "properties": { "OBJECTID": 374, "Name": "TAMMEN'SFISHMARKET", "Address Full": "2669 Larimer St Denver, CO 80205", "Address": "2669 Larimer St", "City": "Denver", "State": "CO", "County": "Denver", "Zip": 80205, "Lat": 39.75937839, "Long": -104.98451332, "Type": "Category 2: Specialty Food Stores", "SNAP": "No", "DUFB": "No", "WIC": "No", "Status": "Active", "GlobalID": "dac7adac-c6c5-4743-bd1e-033929107d61", "x": 3144925.43403205, "y": 1701894.9116231501 }, "geometry": { "type": "Point", "coordinates": [ -104.98451332, 39.75937839 ] } },
{ "type": "Feature", "properties": { "OBJECTID": 375, "Name": "LITTLESAIGONMARKET", "Address Full": "375 S Federal Blvd Denver, CO 80219", "Address": "375 S Federal Blvd", "City": "Denver", "State": "CO", "County": "Denver", "Zip": 80219, "Lat": 39.70984369, "Long": -105.02533268000001, "Type": "Category 2: Specialty Food Stores", "SNAP": "Yes", "DUFB": "No", "WIC": "No", "Status": "Active", "GlobalID": "28462330-1e85-4edd-a4c0-e20c438af099", "x": 3133543.7468217202, "y": 1683788.6958671401 }, "geometry": { "type": "Point", "coordinates": [ -105.02533268, 39.70984369 ] } },
{ "type": "Feature", "properties": { "OBJECTID": 376, "Name": "KIMBOMARKET", "Address Full": "3925 W 6th Ave Denver, CO 80204", "Address": "3925 W 6th Ave", "City": "Denver", "State": "CO", "County": "Denver", "Zip": 80204, "Lat": 39.72587953, "Long": -105.03908872, "Type": "Category 2: Specialty Food Stores", "SNAP": "No", "DUFB": "No", "WIC": "No", "Status": "Active", "GlobalID": "850d1f5e-3844-4510-a5d7-81c451b3b4da", "x": 3129643.9960910501, "y": 1689610.0050906399 }, "geometry": { "type": "Point", "coordinates": [ -105.03908872, 39.72587953 ] } },
{ "type": "Feature", "properties": { "OBJECTID": 377, "Name": "EASTEUROPEMARKET", "Address Full": "4015 E Arkansas Ave Denver, CO 80222", "Address": "4015 E Arkansas Ave", "City": "Denver", "State": "CO", "County": "Denver", "Zip": 80222, "Lat": 39.69130271, "Long": -104.93984626, "Type": "Category 2: Specialty Food Stores", "SNAP": "No", "DUFB": "No", "WIC": "No", "Status": "Active", "GlobalID": "e742f205-9ef2-46c0-82f3-4462bbbedf71", "x": 3157636.0099888002, "y": 1677171.9961740701 }, "geometry": { "type": "Point", "coordinates": [ -104.93984626, 39.69130271 ] } },
{ "type": "Feature", "properties": { "OBJECTID": 378, "Name": "POCHITOSTORTILLAFACTORY", "Address Full": "4200 N Jason St Denver, CO 80211", "Address": "4200 N Jason St", "City": "Denver", "State": "CO", "County": "Denver", "Zip": 80211, "Lat": 39.77440056, "Long": -104.99913688, "Type": "Category 2: Specialty Food Stores", "SNAP": "No", "DUFB": "No", "WIC": "No", "Status": "Active", "GlobalID": "d3f94d26-febe-40b6-b7a9-3696ee33bbff", "x": 3140783.9964488, "y": 1707343.99685356 }, "geometry": { "type": "Point", "coordinates": [ -104.99913688, 39.77440056 ] } },
{ "type": "Feature", "properties": { "OBJECTID": 379, "Name": "WHOLESALECOLO-PACPRODUCE", "Address Full": "4345 N Oneida St Denver, CO 80216", "Address": "4345 N Oneida St", "City": "Denver", "State": "CO", "County": "Denver", "Zip": 80216, "Lat": 39.77714508, "Long": -104.90899322, "Type": "Category 2: Specialty Food Stores", "SNAP": "No", "DUFB": "No", "WIC": "No", "Status": "Active", "GlobalID": "9e5beb88-825a-42f9-9b80-154770ddd142", "x": 3166114.99237464, "y": 1708495.9984865601 }, "geometry": { "type": "Point", "coordinates": [ -104.90899322, 39.77714508 ] } },
{ "type": "Feature", "properties": { "OBJECTID": 380, "Name": "ELTEPETATE", "Address Full": "4555 N Thompson Ct Denver, CO 80216", "Address": "4555 N Thompson Ct", "City": "Denver", "State": "CO", "County": "Denver", "Zip": 80216, "Lat": 39.77986526, "Long": -104.95560498, "Type": "Category 2: Specialty Food Stores", "SNAP": "Yes", "DUFB": "No", "WIC": "No", "Status": "Active", "GlobalID": "184cd203-5593-43c1-a14c-308908d99731", "x": 3153007.9943104698, "y": 1709405.0022459801 }, "geometry": { "type": "Point", "coordinates": [ -104.95560498, 39.77986526 ] } },
{ "type": "Feature", "properties": { "OBJECTID": 381, "Name": "MERFSCONDIMENTS", "Address Full": "460 S Navajo St Denver, CO 80223", "Address": "460 S Navajo St", "City": "Denver", "State": "CO", "County": "Denver", "Zip": 80223, "Lat": 39.70820097, "Long": -105.0035974, "Type": "Category 2: Specialty Food Stores", "SNAP": "No", "DUFB": "No", "WIC": "No", "Status": "Active", "GlobalID": "a806a55d-14cd-4daa-9551-6cdc88eb26da", "x": 3139661.9993489701, "y": 1683223.0017885601 }, "geometry": { "type": "Point", "coordinates": [ -105.0035974, 39.70820097 ] } },
{ "type": "Feature", "properties": { "OBJECTID": 382, "Name": "SPINELLI'SMARKET", "Address Full": "4621 E 23rd Ave Denver, CO 80207", "Address": "4621 E 23rd Ave", "City": "Denver", "State": "CO", "County": "Denver", "Zip": 80207, "Lat": 39.75118084, "Long": -104.93330376, "Type": "Category 2: Specialty Food Stores", "SNAP": "No", "DUFB": "No", "WIC": "No", "Status": "Active", "GlobalID": "0dbd9c37-6b1a-4f5e-b298-944d2abfaa1a", "x": 3159341.0885996399, "y": 1698994.5909802299 }, "geometry": { "type": "Point", "coordinates": [ -104.93330376, 39.75118084 ] } },
{ "type": "Feature", "properties": { "OBJECTID": 383, "Name": "CARNICERIACHIHUA", "Address Full": "4644 N Peoria St Denver, CO 80239", "Address": "4644 N Peoria St", "City": "Denver", "State": "CO", "County": "Denver", "Zip": 80239, "Lat": 39.78050928, "Long": -104.84652635, "Type": "Category 2: Specialty Food Stores", "SNAP": "No", "DUFB": "No", "WIC": "No", "Status": "Active", "GlobalID": "fc065032-5246-4d4c-88a5-73bfb558bbb0", "x": 3183663.5278155501, "y": 1709841.71725181 }, "geometry": { "type": "Point", "coordinates": [ -104.84652635, 39.78050928 ] } },
{ "type": "Feature", "properties": { "OBJECTID": 384, "Name": "LombardiBrothersMeats", "Address Full": "4720 N Tejon St Denver, CO 80211", "Address": "4720 N Tejon St", "City": "Denver", "State": "CO", "County": "Denver", "Zip": 80211, "Lat": 39.78184235, "Long": -105.01076132, "Type": "Category 2: Specialty Food Stores", "SNAP": "No", "DUFB": "No", "WIC": "No", "Status": "Active", "GlobalID": "66158300-009b-4a3b-931d-c5ed54fe2d55", "x": 3137501.99973197, "y": 1710037.0042628001 }, "geometry": { "type": "Point", "coordinates": [ -105.01076132, 39.78184235 ] } },
{ "type": "Feature", "properties": { "OBJECTID": 385, "Name": "CARNICERIALAGUADALAJARA", "Address Full": "5185 W 1st Ave Denver, CO 80219", "Address": "5185 W 1st Ave", "City": "Denver", "State": "CO", "County": "Denver", "Zip": 80219, "Lat": 39.71859453, "Long": -105.05272833, "Type": "Category 2: Specialty Food Stores", "SNAP": "Yes", "DUFB": "No", "WIC": "No", "Status": "Active", "GlobalID": "dd271d10-3372-4f00-905f-7360343f1aa2", "x": 3125820.57657255, "y": 1686937.17775914 }, "geometry": { "type": "Point", "coordinates": [ -105.05272833, 39.71859453 ] } },
{ "type": "Feature", "properties": { "OBJECTID": 386, "Name": "CARNICERIAZACATECAS", "Address Full": "70 S KNOX CT Denver, CO 80219", "Address": "70 S KNOX CT", "City": "Denver", "State": "CO", "County": "Denver", "Zip": 80219, "Lat": 39.71787414, "Long": -105.03210274, "Type": "Category 2: Specialty Food Stores", "SNAP": "Yes", "DUFB": "No", "WIC": "No", "Status": "Active", "GlobalID": "7af748f8-00a1-454d-98ae-22b5a41cf74d", "x": 3131623.9970522998, "y": 1686703.9925299699 }, "geometry": { "type": "Point", "coordinates": [ -105.03210274, 39.71787414 ] } },
{ "type": "Feature", "properties": { "OBJECTID": 387, "Name": "CARNICERIAYFRUTERIALAMEXICANA", "Address Full": "706 N Sheridan Blvd Denver, CO 80214", "Address": "706 N Sheridan Blvd", "City": "Denver", "State": "CO", "County": "Denver", "Zip": 80214, "Lat": 39.72803003, "Long": -105.0528145, "Type": "Category 2: Specialty Food Stores", "SNAP": "No", "DUFB": "No", "WIC": "No", "Status": "Active", "GlobalID": "886ea237-b4d5-4bec-8e33-060db986d8dc", "x": 3125779.4178622202, "y": 1690374.0563840601 }, "geometry": { "type": "Point", "coordinates": [ -105.0528145, 39.72803003 ] } },
{ "type": "Feature", "properties": { "OBJECTID": 388, "Name": "CASTLEROCKMEATS", "Address Full": "707 E 50th Ave Denver, CO 80216", "Address": "707 E 50th Ave", "City": "Denver", "State": "CO", "County": "Denver", "Zip": 80216, "Lat": 39.78773528, "Long": -104.97729272, "Type": "Category 2: Specialty Food Stores", "SNAP": "No", "DUFB": "No", "WIC": "No", "Status": "Active", "GlobalID": "ff0dff14-e48f-4a90-9ffe-a00478e8dece", "x": 3146895.9983323799, "y": 1712236.0064264799 }, "geometry": { "type": "Point", "coordinates": [ -104.97729272, 39.78773528 ] } },
{ "type": "Feature", "properties": { "OBJECTID": 389, "Name": "INDIAEXPRESS", "Address Full": "727 N Colorado Blvd Denver, CO 80206", "Address": "727 N Colorado Blvd", "City": "Denver", "State": "CO", "County": "Denver", "Zip": 80206, "Lat": 39.72803258, "Long": -104.94108535, "Type": "Category 2: Specialty Food Stores", "SNAP": "No", "DUFB": "No", "WIC": "No", "Status": "Active", "GlobalID": "9abc5770-96b7-4542-8003-ff8193f30661", "x": 3157205.0013363799, "y": 1690549.00255647 }, "geometry": { "type": "Point", "coordinates": [ -104.94108535, 39.72803258 ] } },
{ "type": "Feature", "properties": { "OBJECTID": 390, "Name": "M&IINTERNATIONALMARKET", "Address Full": "909 S Oneida St Denver, CO 80224", "Address": "909 S Oneida St", "City": "Denver", "State": "CO", "County": "Denver", "Zip": 80224, "Lat": 39.69980284, "Long": -104.90913606, "Type": "Category 2: Specialty Food Stores", "SNAP": "Yes", "DUFB": "No", "WIC": "No", "Status": "Active", "GlobalID": "b59612d0-9f62-4651-838f-2076da3adf86", "x": 3166258.0829677102, "y": 1680322.9642815599 }, "geometry": { "type": "Point", "coordinates": [ -104.90913606, 39.69980284 ] } },
{ "type": "Feature", "properties": { "OBJECTID": 391, "Name": "BarakahHalalMarket-970SOneidaSt#3a,Denver,CO80224", "Address Full": "970 S Oneida St Denver, CO 80224", "Address": "970 S Oneida St", "City": "Denver", "State": "CO", "County": "Denver", "Zip": 80224, "Lat": 39.69896943, "Long": -104.90716388, "Type": "Category 2: Specialty Food Stores", "SNAP": "Yes", "DUFB": "No", "WIC": "No", "Status": "Active", "GlobalID": "28e6d91f-a3ab-4992-b578-6e11ad86639f", "x": 3166814.9909746302, "y": 1680023.00490773 }, "geometry": { "type": "Point", "coordinates": [ -104.90716388, 39.69896943 ] } },
{ "type": "Feature", "properties": { "OBJECTID": 392, "Name": "NATURALGROCERS", "Address Full": "1433 N Washington St Denver, CO 80203", "Address": "1433 N Washington St", "City": "Denver", "State": "CO", "County": "Denver", "Zip": 80203, "Lat": 39.73936618, "Long": -104.97888236, "Type": "Category 3: Small Supermarkets and Other Grocery ", "SNAP": null, "DUFB": null, "WIC": null, "Status": "Inactive", "GlobalID": "dedb99f8-211d-4865-99ef-7b22e9c9b3af", "x": 3146550.33760639, "y": 1694614.20997722 }, "geometry": { "type": "Point", "coordinates": [ -104.97888236, 39.73936618 ] } },
{ "type": "Feature", "properties": { "OBJECTID": 393, "Name": "SPROUTSFARMERSMARKET", "Address Full": "5670 N TOWER RD Denver, CO 80249", "Address": "5670 N TOWER RD", "City": "Denver", "State": "CO", "County": "Denver", "Zip": 80249, "Lat": 39.79963082, "Long": -104.77047048, "Type": "Category 3: Small Supermarkets and Other Grocery ", "SNAP": "Yes", "DUFB": "No", "WIC": "No", "Status": "Active", "GlobalID": "c7e31e4f-9543-486b-bace-2e3aa6f60650", "x": 3204983.2131944699, "y": 1716969.7180876399 }, "geometry": { "type": "Point", "coordinates": [ -104.77047048, 39.79963082 ] } },
{ "type": "Feature", "properties": { "OBJECTID": 394, "Name": "SPROUTSFARMERSMARKET", "Address Full": "8555 W Belleview Ave Denver, CO 80123", "Address": "8555 W Belleview Ave", "City": "Denver", "State": "CO", "County": "Denver", "Zip": 80123, "Lat": 39.62560684, "Long": -105.09341786, "Type": "Category 3: Small Supermarkets and Other Grocery ", "SNAP": "Yes ", "DUFB": "No", "WIC": "No", "Status": "Active", "GlobalID": "bab24032-cc6c-478d-ac30-709dea2126ba", "x": 3114526.0063139601, "y": 1653012.0080768201 }, "geometry": { "type": "Point", "coordinates": [ -105.09341786, 39.62560684 ] } },
{ "type": "Feature", "properties": { "OBJECTID": 395, "Name": "TARGET", "Address Full": "1600 California St Denver, CO 80202", "Address": "1600 California St", "City": "Denver", "State": "CO", "County": "Denver", "Zip": 80202, "Lat": 39.74523313, "Long": -104.99163886, "Type": "Category 4: Large Supermarkets and Other Grocery ", "SNAP": "Yes", "DUFB": "No", "WIC": "No", "Status": "Active", "GlobalID": "89a59b3e-1686-471a-9605-c20a5ee29c65", "x": 3142950.99375522, "y": 1696731.00003497 }, "geometry": { "type": "Point", "coordinates": [ -104.99163886, 39.74523313 ] } },
{ "type": "Feature", "properties": { "OBJECTID": 396, "Name": "SAFEWAY", "Address Full": "200 N Quebec St Denver, CO 80230", "Address": "200 N Quebec St", "City": "Denver", "State": "CO", "County": "Denver", "Zip": 80230, "Lat": 39.72065722, "Long": -104.9028068, "Type": "Category 4: Large Supermarkets and Other Grocery ", "SNAP": null, "DUFB": null, "WIC": null, "Status": "Inactive", "GlobalID": "923236fe-765a-4a38-8223-70b4cd3471ab", "x": 3167989.0565398899, "y": 1687930.9680943899 }, "geometry": { "type": "Point", "coordinates": [ -104.9028068, 39.72065722 ] } },
{ "type": "Feature", "properties": { "OBJECTID": 397, "Name": "WHOLEFOODS", "Address Full": "2375 E 1st Ave Denver, CO 80206", "Address": "2375 E 1st Ave", "City": "Denver", "State": "CO", "County": "Denver", "Zip": 80206, "Lat": 39.7184597, "Long": -104.95800271, "Type": "Category 4: Large Supermarkets and Other Grocery ", "SNAP": "Yes ", "DUFB": "No", "WIC": null, "Status": "Active", "GlobalID": "089a4e9b-5c17-4587-ae18-e22fd7b8fa44", "x": 3152467.5449320502, "y": 1687033.1503362199 }, "geometry": { "type": "Point", "coordinates": [ -104.95800271, 39.7184597 ] } },
{ "type": "Feature", "properties": { "OBJECTID": 398, "Name": "WHOLEFOODS", "Address Full": "7400 E Hampden Ave Denver, CO 80231", "Address": "7400 E Hampden Ave", "City": "Denver", "State": "CO", "County": "Denver", "Zip": 80231, "Lat": 39.65225914, "Long": -104.90178614, "Type": "Category 4: Large Supermarkets and Other Grocery ", "SNAP": "Yes", "DUFB": "No", "WIC": "No", "Status": "Active", "GlobalID": "fc08b24d-c1ab-4fa5-a0c9-0f8cb3e73593", "x": 3168440.2223042198, "y": 1663018.5727093101 }, "geometry": { "type": "Point", "coordinates": [ -104.90178614, 39.65225914 ] } },
{ "type": "Feature", "properties": { "OBJECTID": 399, "Name": "KINGSOOPERS", "Address Full": "890 S MONACO PKWY Denver, CO 80224", "Address": "890 S MONACO PKWY", "City": "Denver", "State": "CO", "County": "Denver", "Zip": 80224, "Lat": 39.70078541, "Long": -104.91120706, "Type": "Category 4: Large Supermarkets and Other Grocery ", "SNAP": "No", "DUFB": "No", "WIC": "Yes", "Status": "Active", "GlobalID": "670b98b4-cbf3-4020-9285-97fcdc5a1fea", "x": 3165673.0306601399, "y": 1680677.08791715 }, "geometry": { "type": "Point", "coordinates": [ -104.91120706, 39.70078541 ] } }
]
}
