{
"type": "FeatureCollection",
"name": "Health_Facilities",
"crs": { "type": "name", "properties": { "name": "urn:ogc:def:crs:OGC:1.3:CRS84" } },
"features": [
{ "type": "Feature", "properties": { "OBJECTID": 1, "Facility ID": "10420", "Facility Name": "KINDRED HOSPITAL-DENVER", "Facility Type Code": "15", "Facility Type": "Hospital", "Map Symbol": "Hospital", "Facility Type Detail": "LONG TERM", "Facility Type Abbreviation": "HOSP-LT", "Licensed Beds Total": 81, "Telephone": "(303) 320-5871", "County": "DENVER", "Address Full": "1920 N HIGH ST, DENVER, CO 80218", "Latitude": 39.7463, "Longitude": -104.964645, "CDPHE HFEMS Licensed": "Licensed", "Operating Status": "Active", "Date Data Updated": "2025-10-27T07:00:00Z", "Source": "CDPHE Health Facilities and Emergency Medical Services Division", "GlobalID": "ddd3148a-f969-47e3-a7c8-d16eaa909749", "x": 3150542.059, "y": 1697160.877 }, "geometry": { "type": "Point", "coordinates": [ -104.964645, 39.7463 ] } },
{ "type": "Feature", "properties": { "OBJECTID": 2, "Facility ID": "10424", "Facility Name": "ADVENTHEALTH PORTER", "Facility Type Code": "11", "Facility Type": "Hospital", "Map Symbol": "Hospital", "Facility Type Detail": "SHORT TERM", "Facility Type Abbreviation": "HOSP-ACU", "Licensed Beds Total": 368, "Telephone": "(303) 778-1955", "County": "DENVER", "Address Full": "2525 S DOWNING ST, DENVER, CO 80210", "Latitude": 39.670654, "Longitude": -104.973557, "CDPHE HFEMS Licensed": "Licensed", "Operating Status": "Active", "Date Data Updated": "2025-10-27T07:00:00Z", "Source": "CDPHE Health Facilities and Emergency Medical Services Division", "GlobalID": "f73d8f97-f08d-45d3-8579-f016f9e60a63", "x": 3148195.754, "y": 1669591.517 }, "geometry": { "type": "Point", "coordinates": [ -104.973557, 39.670654 ] } },
{ "type": "Feature", "properties": { "OBJECTID": 3, "Facility ID": "10428", "Facility Name": "HCA HEALTHONE ROSE", "Facility Type Code": "11", "Facility Type": "Hospital", "Map Symbol": "Hospital", "Facility Type Detail": "SHORT TERM", "Facility Type Abbreviation": "HOSP-ACU", "Licensed Beds Total": 422, "Telephone": "(303) 320-2121", "County": "DENVER", "Address Full": "4567 E 9TH AVE, DENVER, CO 80220", "Latitude": 39.731113, "Longitude": -104.934334, "CDPHE HFEMS Licensed": "Licensed", "Operating Status": "Active", "Date Data Updated": "2025-10-27T07:00:00Z", "Source": "CDPHE Health Facilities and Emergency Medical Services Division", "GlobalID": "509ca3bf-e4a9-468e-a678-52d292b0e88b", "x": 3159099.706, "y": 1691680.484 }, "geometry": { "type": "Point", "coordinates": [ -104.934334, 39.731113 ] } },
{ "type": "Feature", "properties": { "OBJECTID": 4, "Facility ID": "10430", "Facility Name": "INTERMOUNTAIN HEALTH SAINT JOSEPH HOSPITAL", "Facility Type Code": "11", "Facility Type": "Hospital", "Map Symbol": "Hospital", "Facility Type Detail": "SHORT TERM", "Facility Type Abbreviation": "HOSP-ACU", "Licensed Beds Total": 400, "Telephone": "(303) 812-2000", "County": "DENVER", "Address Full": "1375 E 19TH AVE, DENVER, CO 80218", "Latitude": 39.745815, "Longitude": -104.971222, "CDPHE HFEMS Licensed": "Licensed", "Operating Status": "Active", "Date Data Updated": "2025-10-27T07:00:00Z", "Source": "CDPHE Health Facilities and Emergency Medical Services Division", "GlobalID": "541b192c-43d3-4e18-af42-6673572e7c05", "x": 3148693.687, "y": 1696973.378 }, "geometry": { "type": "Point", "coordinates": [ -104.971222, 39.745815 ] } },
{ "type": "Feature", "properties": { "OBJECTID": 5, "Facility ID": "10431", "Facility Name": "HCA HEALTHONE PRESBYTERIAN ST. LUKE'S", "Facility Type Code": "11", "Facility Type": "Hospital", "Map Symbol": "Hospital", "Facility Type Detail": "SHORT TERM", "Facility Type Abbreviation": "HOSP-ACU", "Licensed Beds Total": 680, "Telephone": "(303) 839-6000", "County": "DENVER", "Address Full": "1719 E 19TH AVE, DENVER, CO 80218-1281", "Latitude": 39.746143, "Longitude": -104.966728, "CDPHE HFEMS Licensed": "Licensed", "Operating Status": "Active", "Date Data Updated": "2025-10-27T07:00:00Z", "Source": "CDPHE Health Facilities and Emergency Medical Services Division", "GlobalID": "1ffaa3b1-5f2b-40b7-8a06-b7ac000a79d7", "x": 3149956.671, "y": 1697100.243 }, "geometry": { "type": "Point", "coordinates": [ -104.966728, 39.746143 ] } },
{ "type": "Feature", "properties": { "OBJECTID": 6, "Facility ID": "10444", "Facility Name": "DENVER HEALTH MEDICAL CENTER", "Facility Type Code": "11", "Facility Type": "Hospital", "Map Symbol": "Hospital", "Facility Type Detail": "SHORT TERM", "Facility Type Abbreviation": "HOSP-ACU", "Licensed Beds Total": 555, "Telephone": "(303) 436-4927", "County": "DENVER", "Address Full": "777 BANNOCK ST, DENVER, CO 80204", "Latitude": 39.728134, "Longitude": -104.990257, "CDPHE HFEMS Licensed": "Licensed", "Operating Status": "Active", "Date Data Updated": "2025-10-27T07:00:00Z", "Source": "CDPHE Health Facilities and Emergency Medical Services Division", "GlobalID": "ecb72aea-8c83-437f-b897-e8c146686f98", "x": 3143377.294, "y": 1690502.252 }, "geometry": { "type": "Point", "coordinates": [ -104.990257, 39.728134 ] } },
{ "type": "Feature", "properties": { "OBJECTID": 7, "Facility ID": "10486", "Facility Name": "PAM SPECIALTY HOSPITAL OF DENVER", "Facility Type Code": "15", "Facility Type": "Hospital", "Map Symbol": "Hospital", "Facility Type Detail": "LONG TERM", "Facility Type Abbreviation": "HOSP-LT", "Licensed Beds Total": 63, "Telephone": "(303) 264-6900", "County": "DENVER", "Address Full": "1690 MEADE ST, DENVER, CO 80204", "Latitude": 39.744026, "Longitude": -105.035728, "CDPHE HFEMS Licensed": "Licensed", "Operating Status": "Active", "Date Data Updated": "2025-10-27T07:00:00Z", "Source": "CDPHE Health Facilities and Emergency Medical Services Division", "GlobalID": "0372a230-728d-416e-84ae-9cc729723de0", "x": 3130558.28, "y": 1696222.568 }, "geometry": { "type": "Point", "coordinates": [ -105.035728, 39.744026 ] } },
{ "type": "Feature", "properties": { "OBJECTID": 8, "Facility ID": "10493", "Facility Name": "COLORADO MENTAL HEALTH HOSPITAL IN FORT LOGAN", "Facility Type Code": "12", "Facility Type": "Hospital", "Map Symbol": "Hospital", "Facility Type Detail": "PSYCHIATRIC", "Facility Type Abbreviation": "HOSP-PSY", "Licensed Beds Total": 138, "Telephone": "(303) 866-7080", "County": "DENVER", "Address Full": "3520 W OXFORD AVE, DENVER, CO 80236", "Latitude": 39.642212, "Longitude": -105.033424, "CDPHE HFEMS Licensed": "Licensed", "Operating Status": "Active", "Date Data Updated": "2025-10-27T07:00:00Z", "Source": "CDPHE Health Facilities and Emergency Medical Services Division", "GlobalID": "e790fe31-714b-4eb0-9472-4eab491f9420", "x": 3131396.645, "y": 1659139.316 }, "geometry": { "type": "Point", "coordinates": [ -105.033424, 39.642212 ] } },
{ "type": "Feature", "properties": { "OBJECTID": 9, "Facility ID": "0104MJ", "Facility Name": "KINDRED HOSPITAL - DENVER SOUTH", "Facility Type Code": "15", "Facility Type": "Hospital", "Map Symbol": "Hospital", "Facility Type Detail": "LONG TERM", "Facility Type Abbreviation": "HOSP-LT", "Licensed Beds Total": 28, "Telephone": "(303) 715-7373", "County": "DENVER", "Address Full": "2525 S DOWNING ST 3RD FLOOR, DENVER, CO 80210", "Latitude": 39.670654, "Longitude": -104.973557, "CDPHE HFEMS Licensed": "Licensed", "Operating Status": "Pending", "Date Data Updated": "2025-10-27T07:00:00Z", "Source": "CDPHE Health Facilities and Emergency Medical Services Division", "GlobalID": "43c34739-59ba-4450-8b18-b5e89c1be04c", "x": 3148195.754, "y": 1669591.517 }, "geometry": { "type": "Point", "coordinates": [ -104.973557, 39.670654 ] } },
{ "type": "Feature", "properties": { "OBJECTID": 10, "Facility ID": "0104MU", "Facility Name": "NATIONAL JEWISH HEALTH", "Facility Type Code": "11", "Facility Type": "Hospital", "Map Symbol": "Hospital", "Facility Type Detail": "SHORT TERM", "Facility Type Abbreviation": "HOSP-ACU", "Licensed Beds Total": 46, "Telephone": "(303) 388-4461", "County": "DENVER", "Address Full": "1400 JACKSON ST, DENVER, CO 80206", "Latitude": 39.73912, "Longitude": -104.942513, "CDPHE HFEMS Licensed": "Licensed", "Operating Status": "Active", "Date Data Updated": "2025-10-27T07:00:00Z", "Source": "CDPHE Health Facilities and Emergency Medical Services Division", "GlobalID": "ac14843b-a2bf-44b6-8498-1762c4a7afa1", "x": 3156781.444, "y": 1694582.905 }, "geometry": { "type": "Point", "coordinates": [ -104.942513, 39.73912 ] } },
{ "type": "Feature", "properties": { "OBJECTID": 11, "Facility ID": "018DRG", "Facility Name": "REUNION REHABILITATION HOSPITAL DENVER", "Facility Type Code": "13", "Facility Type": "Hospital", "Map Symbol": "Hospital", "Facility Type Detail": "REHABILITATION", "Facility Type Abbreviation": "HOSP-RHB", "Licensed Beds Total": 40, "Telephone": "(720) 734-3500", "County": "DENVER", "Address Full": "4650 CENTRAL PARK BLVD, DENVER, CO 80238", "Latitude": 39.779007, "Longitude": -104.882668, "CDPHE HFEMS Licensed": "Licensed", "Operating Status": "Active", "Date Data Updated": "2025-10-27T07:00:00Z", "Source": "CDPHE Health Facilities and Emergency Medical Services Division", "GlobalID": "55582661-e1b7-4840-8b1f-1ba0e8ab6dae", "x": 3173512.306, "y": 1709221.091 }, "geometry": { "type": "Point", "coordinates": [ -104.882668, 39.779007 ] } },
{ "type": "Feature", "properties": { "OBJECTID": 12, "Facility ID": "01C959", "Facility Name": "EATING RECOVERY CENTER     A BEHAVIORAL HOSPITAL", "Facility Type Code": "01C", "Facility Type": "Hospital", "Map Symbol": "Hospital", "Facility Type Detail": "LICENSED PSYCH", "Facility Type Abbreviation": "LICPSY", "Licensed Beds Total": 36, "Telephone": "(720) 258-4031", "County": "DENVER", "Address Full": "1830 N FRANKLIN ST STE 500, DENVER, CO 80218", "Latitude": 39.745224, "Longitude": -104.968376, "CDPHE HFEMS Licensed": "Licensed", "Operating Status": "Active", "Date Data Updated": "2025-10-27T07:00:00Z", "Source": "CDPHE Health Facilities and Emergency Medical Services Division", "GlobalID": "4d6cd636-909a-438d-8dcf-bcfa40ee5217", "x": 3149495.225, "y": 1696762.768 }, "geometry": { "type": "Point", "coordinates": [ -104.968376, 39.745224 ] } },
{ "type": "Feature", "properties": { "OBJECTID": 13, "Facility ID": "01H140", "Facility Name": "EATING RECOVERY CENTER", "Facility Type Code": "01C", "Facility Type": "Hospital", "Map Symbol": "Hospital", "Facility Type Detail": "LICENSED PSYCH", "Facility Type Abbreviation": "LICPSY", "Licensed Beds Total": 72, "Telephone": "(303) 825-8584", "County": "DENVER", "Address Full": "8199 E 1ST AVE, DENVER, CO 80230", "Latitude": 39.722897, "Longitude": -104.891685, "CDPHE HFEMS Licensed": "Licensed", "Operating Status": "Active", "Date Data Updated": "2025-10-27T07:00:00Z", "Source": "CDPHE Health Facilities and Emergency Medical Services Division", "GlobalID": "8d8915c7-ce43-4b62-bfe7-947b58ff5108", "x": 3171114.856, "y": 1688765.237 }, "geometry": { "type": "Point", "coordinates": [ -104.891685, 39.722897 ] } },
{ "type": "Feature", "properties": { "OBJECTID": 14, "Facility ID": "20403", "Facility Name": "BROOKSHIRE POST ACUTE", "Facility Type Code": "21", "Facility Type": "Nursing Facilities", "Map Symbol": "Nursing Home/Skilled Nursing Facility", "Facility Type Detail": "SNF/NF DUAL CERT", "Facility Type Abbreviation": "SNF/NF", "Licensed Beds Total": 67, "Telephone": "(303) 756-1546", "County": "DENVER", "Address Full": "4660 E ASBURY CIR, DENVER, CO 80222", "Latitude": 39.679543, "Longitude": -104.9328, "CDPHE HFEMS Licensed": "Licensed", "Operating Status": "Active", "Date Data Updated": "2025-10-27T07:00:00Z", "Source": "CDPHE Health Facilities and Emergency Medical Services Division", "GlobalID": "6249c148-ca2e-4ee7-9f31-c1a219b0df9b", "x": 3159648.432, "y": 1672898.424 }, "geometry": { "type": "Point", "coordinates": [ -104.9328, 39.679543 ] } },
{ "type": "Feature", "properties": { "OBJECTID": 15, "Facility ID": "20405", "Facility Name": "HEIGHTS POST ACUTE, THE", "Facility Type Code": "21", "Facility Type": "Nursing Facilities", "Map Symbol": "Nursing Home/Skilled Nursing Facility", "Facility Type Detail": "SNF/NF DUAL CERT", "Facility Type Abbreviation": "SNF/NF", "Licensed Beds Total": 110, "Telephone": "(303) 761-0260", "County": "DENVER", "Address Full": "3131 S FEDERAL BLVD, DENVER, CO 80236", "Latitude": 39.658192, "Longitude": -105.025261, "CDPHE HFEMS Licensed": "Licensed", "Operating Status": "Active", "Date Data Updated": "2025-10-27T07:00:00Z", "Source": "CDPHE Health Facilities and Emergency Medical Services Division", "GlobalID": "884aff0d-bc81-4315-be32-c963a8c14c45", "x": 3133665.013, "y": 1664971.98 }, "geometry": { "type": "Point", "coordinates": [ -105.025261, 39.658192 ] } },
{ "type": "Feature", "properties": { "OBJECTID": 16, "Facility ID": "20412", "Facility Name": "HOLLY HEIGHTS CARE AND REHABILITATION", "Facility Type Code": "22", "Facility Type": "Nursing Facilities", "Map Symbol": "Nursing Home/Skilled Nursing Facility", "Facility Type Detail": "SNF/NF DISTINCT PART", "Facility Type Abbreviation": "S/NF DP", "Licensed Beds Total": 133, "Telephone": "(303) 757-5441", "County": "DENVER", "Address Full": "6000 E ILIFF AVE, DENVER, CO 80222", "Latitude": 39.674789, "Longitude": -104.919197, "CDPHE HFEMS Licensed": "Licensed", "Operating Status": "Active", "Date Data Updated": "2025-10-27T07:00:00Z", "Source": "CDPHE Health Facilities and Emergency Medical Services Division", "GlobalID": "11f0b61f-c9e2-4742-8677-386761da51fe", "x": 3163488.188, "y": 1671190.955 }, "geometry": { "type": "Point", "coordinates": [ -104.919197, 39.674789 ] } },
{ "type": "Feature", "properties": { "OBJECTID": 17, "Facility ID": "20413", "Facility Name": "WESTWOOD POST ACUTE", "Facility Type Code": "21", "Facility Type": "Nursing Facilities", "Map Symbol": "Nursing Home/Skilled Nursing Facility", "Facility Type Detail": "SNF/NF DUAL CERT", "Facility Type Abbreviation": "SNF/NF", "Licensed Beds Total": 85, "Telephone": "(303) 922-1169", "County": "DENVER", "Address Full": "3185 W ARKANSAS AVE, DENVER, CO 80219", "Latitude": 39.691357, "Longitude": -105.028343, "CDPHE HFEMS Licensed": "Licensed", "Operating Status": "Active", "Date Data Updated": "2025-10-27T07:00:00Z", "Source": "CDPHE Health Facilities and Emergency Medical Services Division", "GlobalID": "ac05b545-7eb8-4bc3-b4ca-fb7bbba2e7b7", "x": 3132734.566, "y": 1677047.996 }, "geometry": { "type": "Point", "coordinates": [ -105.028343, 39.691357 ] } },
{ "type": "Feature", "properties": { "OBJECTID": 18, "Facility ID": "20416", "Facility Name": "SOUTH VALLEY POST ACUTE REHABILITATION", "Facility Type Code": "21", "Facility Type": "Nursing Facilities", "Map Symbol": "Nursing Home/Skilled Nursing Facility", "Facility Type Detail": "SNF/NF DUAL CERT", "Facility Type Abbreviation": "SNF/NF", "Licensed Beds Total": 106, "Telephone": "(303) 757-7438", "County": "DENVER", "Address Full": "4450 E JEWELL AVE, DENVER, CO 80222", "Latitude": 39.682034, "Longitude": -104.935074, "CDPHE HFEMS Licensed": "Licensed", "Operating Status": "Active", "Date Data Updated": "2025-10-27T07:00:00Z", "Source": "CDPHE Health Facilities and Emergency Medical Services Division", "GlobalID": "84f0f24e-0e8b-4b0e-b091-666b4c03254c", "x": 3159002.751, "y": 1673801.793 }, "geometry": { "type": "Point", "coordinates": [ -104.935074, 39.682034 ] } },
{ "type": "Feature", "properties": { "OBJECTID": 19, "Facility ID": "20419", "Facility Name": "BERKLEY MANOR CARE CENTER", "Facility Type Code": "21", "Facility Type": "Nursing Facilities", "Map Symbol": "Nursing Home/Skilled Nursing Facility", "Facility Type Detail": "SNF/NF DUAL CERT", "Facility Type Abbreviation": "SNF/NF", "Licensed Beds Total": 118, "Telephone": "(303) 320-4377", "County": "DENVER", "Address Full": "735 S LOCUST ST, DENVER, CO 80224", "Latitude": 39.702862, "Longitude": -104.914185, "CDPHE HFEMS Licensed": "Licensed", "Operating Status": "Active", "Date Data Updated": "2025-10-27T07:00:00Z", "Source": "CDPHE Health Facilities and Emergency Medical Services Division", "GlobalID": "c4f8faa5-702b-4eb6-98f4-cbac3801d76e", "x": 3164833.014, "y": 1681425.736 }, "geometry": { "type": "Point", "coordinates": [ -104.914185, 39.702862 ] } },
{ "type": "Feature", "properties": { "OBJECTID": 20, "Facility ID": "20424", "Facility Name": "JUNIPER VILLAGE - THE SPEARLY CENTER", "Facility Type Code": "21", "Facility Type": "Nursing Facilities", "Map Symbol": "Nursing Home/Skilled Nursing Facility", "Facility Type Detail": "SNF/NF DUAL CERT", "Facility Type Abbreviation": "SNF/NF", "Licensed Beds Total": 135, "Telephone": "(303) 458-1112", "County": "DENVER", "Address Full": "2205 W 29TH AVE, DENVER, CO 80211", "Latitude": 39.758472, "Longitude": -105.013916, "CDPHE HFEMS Licensed": "Licensed", "Operating Status": "Active", "Date Data Updated": "2025-10-27T07:00:00Z", "Source": "CDPHE Health Facilities and Emergency Medical Services Division", "GlobalID": "7334d6e3-ad88-474d-bd14-9b3492be14be", "x": 3136663.704, "y": 1701516.827 }, "geometry": { "type": "Point", "coordinates": [ -105.013916, 39.758472 ] } },
{ "type": "Feature", "properties": { "OBJECTID": 21, "Facility ID": "20437", "Facility Name": "HIGHLINE POST ACUTE", "Facility Type Code": "21", "Facility Type": "Nursing Facilities", "Map Symbol": "Nursing Home/Skilled Nursing Facility", "Facility Type Detail": "SNF/NF DUAL CERT", "Facility Type Abbreviation": "SNF/NF", "Licensed Beds Total": 135, "Telephone": "(303) 759-4221", "County": "DENVER", "Address Full": "6060 E ILIFF AVE, DENVER, CO 80222", "Latitude": 39.674789, "Longitude": -104.918694, "CDPHE HFEMS Licensed": "Licensed", "Operating Status": "Active", "Date Data Updated": "2025-10-27T07:00:00Z", "Source": "CDPHE Health Facilities and Emergency Medical Services Division", "GlobalID": "bc856ac4-9935-4092-81d8-f51cbf09992f", "x": 3163629.772, "y": 1671191.861 }, "geometry": { "type": "Point", "coordinates": [ -104.918694, 39.674789 ] } },
{ "type": "Feature", "properties": { "OBJECTID": 22, "Facility ID": "20439", "Facility Name": "HEALTH CENTER AT FRANKLIN PARK", "Facility Type Code": "21", "Facility Type": "Nursing Facilities", "Map Symbol": "Nursing Home/Skilled Nursing Facility", "Facility Type Detail": "SNF/NF DUAL CERT", "Facility Type Abbreviation": "SNF/NF", "Licensed Beds Total": 86, "Telephone": "(303) 479-3692", "County": "DENVER", "Address Full": "1535 PARK AVE, DENVER, CO 80218", "Latitude": 39.74081, "Longitude": -104.969421, "CDPHE HFEMS Licensed": "Licensed", "Operating Status": "Active", "Date Data Updated": "2025-10-27T07:00:00Z", "Source": "CDPHE Health Facilities and Emergency Medical Services Division", "GlobalID": "a4778681-c0e9-4f25-bed5-2a13f023b214", "x": 3149210.765, "y": 1695153.193 }, "geometry": { "type": "Point", "coordinates": [ -104.969421, 39.74081 ] } },
{ "type": "Feature", "properties": { "OBJECTID": 23, "Facility ID": "20440", "Facility Name": "PARKVIEW CARE CENTER", "Facility Type Code": "21", "Facility Type": "Nursing Facilities", "Map Symbol": "Nursing Home/Skilled Nursing Facility", "Facility Type Detail": "SNF/NF DUAL CERT", "Facility Type Abbreviation": "SNF/NF", "Licensed Beds Total": 73, "Telephone": "(303) 936-3497", "County": "DENVER", "Address Full": "3105 W ARKANSAS AVE, DENVER, CO 80219", "Latitude": 39.691357, "Longitude": -105.026932, "CDPHE HFEMS Licensed": "Licensed", "Operating Status": "Active", "Date Data Updated": "2025-10-27T07:00:00Z", "Source": "CDPHE Health Facilities and Emergency Medical Services Division", "GlobalID": "83806e5f-9f5a-4635-a889-5adc6d3cb7af", "x": 3133131.641, "y": 1677050.061 }, "geometry": { "type": "Point", "coordinates": [ -105.026932, 39.691357 ] } },
{ "type": "Feature", "properties": { "OBJECTID": 24, "Facility ID": "20444", "Facility Name": "DENVER NORTH CARE CENTER", "Facility Type Code": "21", "Facility Type": "Nursing Facilities", "Map Symbol": "Nursing Home/Skilled Nursing Facility", "Facility Type Detail": "SNF/NF DUAL CERT", "Facility Type Abbreviation": "SNF/NF", "Licensed Beds Total": 82, "Telephone": "(303) 861-4825", "County": "DENVER", "Address Full": "2201 N DOWNING ST, DENVER, CO 80205", "Latitude": 39.749561, "Longitude": -104.973442, "CDPHE HFEMS Licensed": "Licensed", "Operating Status": "Active", "Date Data Updated": "2025-10-27T07:00:00Z", "Source": "CDPHE Health Facilities and Emergency Medical Services Division", "GlobalID": "1b375147-6bba-4aff-b47b-4a0eb56c8d2f", "x": 3148061.527, "y": 1698334.284 }, "geometry": { "type": "Point", "coordinates": [ -104.973442, 39.749561 ] } },
{ "type": "Feature", "properties": { "OBJECTID": 25, "Facility ID": "20448", "Facility Name": "CITY PARK HEALTHCARE AND REHABILITATION CENTER", "Facility Type Code": "21", "Facility Type": "Nursing Facilities", "Map Symbol": "Nursing Home/Skilled Nursing Facility", "Facility Type Detail": "SNF/NF DUAL CERT", "Facility Type Abbreviation": "SNF/NF", "Licensed Beds Total": 150, "Telephone": "(303) 399-2040", "County": "DENVER", "Address Full": "1667 SAINT PAUL ST, DENVER, CO 80206", "Latitude": 39.743191, "Longitude": -104.951309, "CDPHE HFEMS Licensed": "Licensed", "Operating Status": "Active", "Date Data Updated": "2025-10-27T07:00:00Z", "Source": "CDPHE Health Facilities and Emergency Medical Services Division", "GlobalID": "8ec27fa9-93fd-4d26-b640-ece1e0f65d2e", "x": 3154298.873, "y": 1696050.758 }, "geometry": { "type": "Point", "coordinates": [ -104.951309, 39.743191 ] } },
{ "type": "Feature", "properties": { "OBJECTID": 26, "Facility ID": "20452", "Facility Name": "UPTOWN CARE CENTER", "Facility Type Code": "21", "Facility Type": "Nursing Facilities", "Map Symbol": "Nursing Home/Skilled Nursing Facility", "Facility Type Detail": "SNF/NF DUAL CERT", "Facility Type Abbreviation": "SNF/NF", "Licensed Beds Total": 80, "Telephone": "(303) 860-0500", "County": "DENVER", "Address Full": "745 E 18TH AVE, DENVER, CO 80203", "Latitude": 39.744915, "Longitude": -104.977921, "CDPHE HFEMS Licensed": "Licensed", "Operating Status": "Active", "Date Data Updated": "2025-10-27T07:00:00Z", "Source": "CDPHE Health Facilities and Emergency Medical Services Division", "GlobalID": "140fe468-6abc-4fc5-b844-cc33b48d0662", "x": 3146811.852, "y": 1696634.645 }, "geometry": { "type": "Point", "coordinates": [ -104.977921, 39.744915 ] } },
{ "type": "Feature", "properties": { "OBJECTID": 27, "Facility ID": "20453", "Facility Name": "HALLMARK NURSING CENTER", "Facility Type Code": "21", "Facility Type": "Nursing Facilities", "Map Symbol": "Nursing Home/Skilled Nursing Facility", "Facility Type Detail": "SNF/NF DUAL CERT", "Facility Type Abbreviation": "SNF/NF", "Licensed Beds Total": 143, "Telephone": "(303) 794-6484", "County": "DENVER", "Address Full": "3701 W RADCLIFF AVE, DENVER, CO 80236", "Latitude": 39.636574, "Longitude": -105.035889, "CDPHE HFEMS Licensed": "Licensed", "Operating Status": "Active", "Date Data Updated": "2025-10-27T07:00:00Z", "Source": "CDPHE Health Facilities and Emergency Medical Services Division", "GlobalID": "6861e717-dd2f-4afa-9a83-e9d470ace10e", "x": 3130712.967, "y": 1657082.111 }, "geometry": { "type": "Point", "coordinates": [ -105.035889, 39.636574 ] } },
{ "type": "Feature", "properties": { "OBJECTID": 28, "Facility ID": "20454", "Facility Name": "SUITES AT CLERMONT PARK CARE CENTER", "Facility Type Code": "22", "Facility Type": "Nursing Facilities", "Map Symbol": "Nursing Home/Skilled Nursing Facility", "Facility Type Detail": "SNF/NF DISTINCT PART", "Facility Type Abbreviation": "S/NF DP", "Licensed Beds Total": 63, "Telephone": "(720) 974-3700", "County": "DENVER", "Address Full": "2480 S CLERMONT ST, DENVER, CO 80222", "Latitude": 39.670979, "Longitude": -104.935257, "CDPHE HFEMS Licensed": "Licensed", "Operating Status": "Active", "Date Data Updated": "2025-10-27T07:00:00Z", "Source": "CDPHE Health Facilities and Emergency Medical Services Division", "GlobalID": "8c9f9558-f56c-4dd9-8d8d-5e0d3544e96e", "x": 3158976.279, "y": 1669774.649 }, "geometry": { "type": "Point", "coordinates": [ -104.935257, 39.670979 ] } },
{ "type": "Feature", "properties": { "OBJECTID": 29, "Facility ID": "20459", "Facility Name": "ROWAN COMMUNITY, INC.", "Facility Type Code": "22", "Facility Type": "Nursing Facilities", "Map Symbol": "Nursing Home/Skilled Nursing Facility", "Facility Type Detail": "SNF/NF DISTINCT PART", "Facility Type Abbreviation": "S/NF DP", "Licensed Beds Total": 65, "Telephone": "(303) 757-1228", "County": "DENVER", "Address Full": "4601 E ASBURY CIR, DENVER, CO 80222-4722", "Latitude": 39.679688, "Longitude": -104.933495, "CDPHE HFEMS Licensed": "Licensed", "Operating Status": "Active", "Date Data Updated": "2025-10-27T07:00:00Z", "Source": "CDPHE Health Facilities and Emergency Medical Services Division", "GlobalID": "257abcbb-2ce1-4869-8a32-f5083f8565e9", "x": 3159452.488, "y": 1672950.02 }, "geometry": { "type": "Point", "coordinates": [ -104.933495, 39.679688 ] } },
{ "type": "Feature", "properties": { "OBJECTID": 30, "Facility ID": "20460", "Facility Name": "AMBERWOOD POST ACUTE", "Facility Type Code": "21", "Facility Type": "Nursing Facilities", "Map Symbol": "Nursing Home/Skilled Nursing Facility", "Facility Type Detail": "SNF/NF DUAL CERT", "Facility Type Abbreviation": "SNF/NF", "Licensed Beds Total": 88, "Telephone": "(303) 756-1566", "County": "DENVER", "Address Full": "4686 E ASBURY CIR, DENVER, CO 80222", "Latitude": 39.679893, "Longitude": -104.932655, "CDPHE HFEMS Licensed": "Licensed", "Operating Status": "Active", "Date Data Updated": "2025-10-27T07:00:00Z", "Source": "CDPHE Health Facilities and Emergency Medical Services Division", "GlobalID": "ae3e602e-5668-4be3-9f92-a8bc47626923", "x": 3159688.447, "y": 1673026.168 }, "geometry": { "type": "Point", "coordinates": [ -104.932655, 39.679893 ] } },
{ "type": "Feature", "properties": { "OBJECTID": 31, "Facility ID": "20470", "Facility Name": "BRIARWOOD HEALTH CARE CENTER", "Facility Type Code": "21", "Facility Type": "Nursing Facilities", "Map Symbol": "Nursing Home/Skilled Nursing Facility", "Facility Type Detail": "SNF/NF DUAL CERT", "Facility Type Abbreviation": "SNF/NF", "Licensed Beds Total": 201, "Telephone": "(303) 399-0350", "County": "DENVER", "Address Full": "1440 VINE ST, DENVER, CO 80206", "Latitude": 39.739063, "Longitude": -104.962166, "CDPHE HFEMS Licensed": "Licensed", "Operating Status": "Active", "Date Data Updated": "2025-10-27T07:00:00Z", "Source": "CDPHE Health Facilities and Emergency Medical Services Division", "GlobalID": "ecdb242b-6049-482d-932b-2b4506269369", "x": 3151254.74, "y": 1694528.823 }, "geometry": { "type": "Point", "coordinates": [ -104.962166, 39.739063 ] } },
{ "type": "Feature", "properties": { "OBJECTID": 32, "Facility ID": "20476", "Facility Name": "HILLTOP PARK POST ACUTE", "Facility Type Code": "22", "Facility Type": "Nursing Facilities", "Map Symbol": "Nursing Home/Skilled Nursing Facility", "Facility Type Detail": "SNF/NF DISTINCT PART", "Facility Type Abbreviation": "S/NF DP", "Licensed Beds Total": 160, "Telephone": "(303) 355-2525", "County": "DENVER", "Address Full": "290 S MONACO PRKY, DENVER, CO 80224", "Latitude": 39.711815, "Longitude": -104.91272, "CDPHE HFEMS Licensed": "Licensed", "Operating Status": "Active", "Date Data Updated": "2025-10-27T07:00:00Z", "Source": "CDPHE Health Facilities and Emergency Medical Services Division", "GlobalID": "740653e3-b9f3-4b54-aa76-f2ddedc399c7", "x": 3165224.131, "y": 1684689.591 }, "geometry": { "type": "Point", "coordinates": [ -104.91272, 39.711815 ] } },
{ "type": "Feature", "properties": { "OBJECTID": 33, "Facility ID": "20494", "Facility Name": "ASPEN SIESTA", "Facility Type Code": "02A", "Facility Type": "Nursing Facilities", "Map Symbol": "Nursing Home/Skilled Nursing Facility", "Facility Type Detail": "PRIVATE", "Facility Type Abbreviation": "NCF-LIC", "Licensed Beds Total": 37, "Telephone": "(303) 757-1209", "County": "DENVER", "Address Full": "5353 E YALE AVE, DENVER, CO 80222", "Latitude": 39.667721, "Longitude": -104.924629, "CDPHE HFEMS Licensed": "Licensed", "Operating Status": "Active", "Date Data Updated": "2025-10-27T07:00:00Z", "Source": "CDPHE Health Facilities and Emergency Medical Services Division", "GlobalID": "c2954986-a8dc-4c83-9929-d2d06643d746", "x": 3161975.507, "y": 1668606.687 }, "geometry": { "type": "Point", "coordinates": [ -104.924629, 39.667721 ] } },
{ "type": "Feature", "properties": { "OBJECTID": 34, "Facility ID": "20497", "Facility Name": "CRESTMOOR CARE CENTER", "Facility Type Code": "22", "Facility Type": "Nursing Facilities", "Map Symbol": "Nursing Home/Skilled Nursing Facility", "Facility Type Detail": "SNF/NF DISTINCT PART", "Facility Type Abbreviation": "S/NF DP", "Licensed Beds Total": 108, "Telephone": "(303) 321-3110", "County": "DENVER", "Address Full": "895 S MONACO PKWY, DENVER, CO 80224", "Latitude": 39.700603, "Longitude": -104.912987, "CDPHE HFEMS Licensed": "Licensed", "Operating Status": "Active", "Date Data Updated": "2025-10-27T07:00:00Z", "Source": "CDPHE Health Facilities and Emergency Medical Services Division", "GlobalID": "dc50e5d4-e469-4a06-a7b6-577eb2af37e5", "x": 3165175.406, "y": 1680605.057 }, "geometry": { "type": "Point", "coordinates": [ -104.912987, 39.700603 ] } },
{ "type": "Feature", "properties": { "OBJECTID": 35, "Facility ID": "02G500", "Facility Name": "CENTER AT LOWRY, LLC", "Facility Type Code": "21", "Facility Type": "Nursing Facilities", "Map Symbol": "Nursing Home/Skilled Nursing Facility", "Facility Type Detail": "SNF/NF DUAL CERT", "Facility Type Abbreviation": "SNF/NF", "Licensed Beds Total": 96, "Telephone": "(303) 676-4000", "County": "DENVER", "Address Full": "8550 E LOWRY BLVD, DENVER, CO 80230", "Latitude": 39.721149, "Longitude": -104.888184, "CDPHE HFEMS Licensed": "Licensed", "Operating Status": "Active", "Date Data Updated": "2025-10-27T07:00:00Z", "Source": "CDPHE Health Facilities and Emergency Medical Services Division", "GlobalID": "bd3f95a6-22b6-48f6-860f-938be7aa37a7", "x": 3172103.921, "y": 1688135.127 }, "geometry": { "type": "Point", "coordinates": [ -104.888184, 39.721149 ] } },
{ "type": "Feature", "properties": { "OBJECTID": 36, "Facility ID": "02H516", "Facility Name": "FOREST STREET COMPASSIONATE CARE CENTER", "Facility Type Code": "21", "Facility Type": "Nursing Facilities", "Map Symbol": "Nursing Home/Skilled Nursing Facility", "Facility Type Detail": "SNF/NF DUAL CERT", "Facility Type Abbreviation": "SNF/NF", "Licensed Beds Total": 60, "Telephone": "(303) 393-7600", "County": "DENVER", "Address Full": "3345 FOREST ST, DENVER, CO 80207", "Latitude": 39.764194, "Longitude": -104.927017, "CDPHE HFEMS Licensed": "Licensed", "Operating Status": "Active", "Date Data Updated": "2025-10-27T07:00:00Z", "Source": "CDPHE Health Facilities and Emergency Medical Services Division", "GlobalID": "c632567b-9bc4-4caa-909b-93902403ddbf", "x": 3161081.624, "y": 1703743.557 }, "geometry": { "type": "Point", "coordinates": [ -104.927017, 39.764194 ] } },
{ "type": "Feature", "properties": { "OBJECTID": 37, "Facility ID": "02Q649", "Facility Name": "SLOAN'S LAKE REHABILITATION CENTER", "Facility Type Code": "23", "Facility Type": "Nursing Facilities", "Map Symbol": "Nursing Home/Skilled Nursing Facility", "Facility Type Detail": "SNF ONLY", "Facility Type Abbreviation": "SNF", "Licensed Beds Total": 42, "Telephone": "(303) 534-2211", "County": "DENVER", "Address Full": "1601 LOWELL BLVD, DENVER, CO 80204", "Latitude": 39.742802, "Longitude": -105.034676, "CDPHE HFEMS Licensed": "Licensed", "Operating Status": "Active", "Date Data Updated": "2025-10-27T07:00:00Z", "Source": "CDPHE Health Facilities and Emergency Medical Services Division", "GlobalID": "19b5fd8d-c3da-4e90-9413-8f603a666dee", "x": 3130856.389, "y": 1695778.221 }, "geometry": { "type": "Point", "coordinates": [ -105.034676, 39.742802 ] } },
{ "type": "Feature", "properties": { "OBJECTID": 38, "Facility ID": "40439", "Facility Name": "BAYADA HOME HEALTH CARE INC", "Facility Type Code": "51", "Facility Type": "Home Health Agency", "Map Symbol": "Home Health", "Facility Type Detail": "MEDICARE/MEDICAID", "Facility Type Abbreviation": "HHA-1819", "Licensed Beds Total": 0, "Telephone": "(303) 782-0900", "County": "DENVER", "Address Full": "1325 S COLORADO BLVD  BLDG B STE 507, DENVER, CO 80222", "Latitude": 39.692509, "Longitude": -104.940804, "CDPHE HFEMS Licensed": "Licensed", "Operating Status": "Active", "Date Data Updated": "2025-10-27T07:00:00Z", "Source": "CDPHE Health Facilities and Emergency Medical Services Division", "GlobalID": "13090987-e19b-4615-8a4e-dc9f6c4d4227", "x": 3157366.561, "y": 1677607.388 }, "geometry": { "type": "Point", "coordinates": [ -104.940804, 39.692509 ] } },
{ "type": "Feature", "properties": { "OBJECTID": 39, "Facility ID": "04049Y", "Facility Name": "MAHDI HOME HEALTH CARE INC", "Facility Type Code": "51", "Facility Type": "Home Health Agency", "Map Symbol": "Home Health", "Facility Type Detail": "MEDICARE/MEDICAID", "Facility Type Abbreviation": "HHA-1819", "Licensed Beds Total": 0, "Telephone": "(303) 388-4555", "County": "DENVER", "Address Full": "6850 E EVANS AVE STE 101, DENVER, CO 80224", "Latitude": 39.678394, "Longitude": -104.909103, "CDPHE HFEMS Licensed": "Licensed", "Operating Status": "Active", "Date Data Updated": "2025-10-27T07:00:00Z", "Source": "CDPHE Health Facilities and Emergency Medical Services Division", "GlobalID": "b866195f-6036-4766-920e-9a371e183b81", "x": 3166320.883, "y": 1672522.41 }, "geometry": { "type": "Point", "coordinates": [ -104.909103, 39.678394 ] } },
{ "type": "Feature", "properties": { "OBJECTID": 40, "Facility ID": "0404MV", "Facility Name": "AMI - WELLNESS", "Facility Type Code": "51", "Facility Type": "Home Health Agency", "Map Symbol": "Home Health", "Facility Type Detail": "MEDICARE/MEDICAID", "Facility Type Abbreviation": "HHA-1819", "Licensed Beds Total": 0, "Telephone": "(303) 722-2208", "County": "DENVER", "Address Full": "1385 S COLORADO BLVD  STE A306, DENVER, CO 80222", "Latitude": 39.69152, "Longitude": -104.941188, "CDPHE HFEMS Licensed": "Licensed", "Operating Status": "Active", "Date Data Updated": "2025-10-27T07:00:00Z", "Source": "CDPHE Health Facilities and Emergency Medical Services Division", "GlobalID": "746ce9ae-f822-4dd1-a83f-bedd5e260a9a", "x": 3157260.717, "y": 1677246.474 }, "geometry": { "type": "Point", "coordinates": [ -104.941188, 39.69152 ] } },
{ "type": "Feature", "properties": { "OBJECTID": 41, "Facility ID": "0404PS", "Facility Name": "INTERMOUNTAIN HEALTH HOMECARE - DENVER", "Facility Type Code": "51", "Facility Type": "Home Health Agency", "Map Symbol": "Home Health", "Facility Type Detail": "MEDICARE/MEDICAID", "Facility Type Abbreviation": "HHA-1819", "Licensed Beds Total": 0, "Telephone": "(303) 403-6000", "County": "DENVER", "Address Full": "1960 N OGDEN ST STE 280, DENVER, CO 80033", "Latitude": 39.747013, "Longitude": -104.97467, "CDPHE HFEMS Licensed": "Licensed", "Operating Status": "Active", "Date Data Updated": "2025-10-27T07:00:00Z", "Source": "CDPHE Health Facilities and Emergency Medical Services Division", "GlobalID": "8b3e0684-f5ec-4a14-b7d6-c63c53f4238b", "x": 3147721.606, "y": 1697404.14 }, "geometry": { "type": "Point", "coordinates": [ -104.97467, 39.747013 ] } },
{ "type": "Feature", "properties": { "OBJECTID": 42, "Facility ID": "0404SK", "Facility Name": "COMFORCARE HOME CARE CENTRAL DENVER", "Facility Type Code": "05A", "Facility Type": "Home Health Agency", "Map Symbol": "Home Health", "Facility Type Detail": "HHA LICENSE ONLY - CERT ELIGIBLE", "Facility Type Abbreviation": "HHA-LCE", "Licensed Beds Total": 0, "Telephone": "(720) 226-6632", "County": "DENVER", "Address Full": "1776 S JACKSON ST STE 1108, DENVER, CO 80210", "Latitude": 39.684907, "Longitude": -104.942676, "CDPHE HFEMS Licensed": "Licensed", "Operating Status": "Active", "Date Data Updated": "2025-10-27T07:00:00Z", "Source": "CDPHE Health Facilities and Emergency Medical Services Division", "GlobalID": "33d84288-cddc-45e9-904f-a9420dee901d", "x": 3156856.755, "y": 1674835.081 }, "geometry": { "type": "Point", "coordinates": [ -104.942676, 39.684907 ] } },
{ "type": "Feature", "properties": { "OBJECTID": 43, "Facility ID": "040JZX", "Facility Name": "FIRST COLORADO HOME HEALTH CARE INC", "Facility Type Code": "51", "Facility Type": "Home Health Agency", "Map Symbol": "Home Health", "Facility Type Detail": "MEDICARE/MEDICAID", "Facility Type Abbreviation": "HHA-1819", "Licensed Beds Total": 0, "Telephone": "(720) 505-5517", "County": "DENVER", "Address Full": "2121 S ONEIDA ST STE 332, DENVER, CO 80224", "Latitude": 39.678001, "Longitude": -104.908287, "CDPHE HFEMS Licensed": "Licensed", "Operating Status": "Active", "Date Data Updated": "2025-10-27T07:00:00Z", "Source": "CDPHE Health Facilities and Emergency Medical Services Division", "GlobalID": "9c8c7a76-4d2e-4f2c-89ae-1485a28810d6", "x": 3166551.49, "y": 1672380.754 }, "geometry": { "type": "Point", "coordinates": [ -104.908287, 39.678001 ] } },
{ "type": "Feature", "properties": { "OBJECTID": 44, "Facility ID": "041NL0", "Facility Name": "GENTLER HOMECARE LLC", "Facility Type Code": "05D", "Facility Type": "Home Care Agency", "Map Symbol": "Home Health", "Facility Type Detail": "HCA LICENSE - PERSONAL CARE HOMEMAKER", "Facility Type Abbreviation": "HCA-PHS", "Licensed Beds Total": 0, "Telephone": "(917) 565-1260", "County": "DENVER", "Address Full": "1390 TENNYSON ST, DENVER, CO 80204", "Latitude": 39.738262, "Longitude": -105.043945, "CDPHE HFEMS Licensed": "Licensed", "Operating Status": "Active", "Date Data Updated": "2025-10-27T07:00:00Z", "Source": "CDPHE Health Facilities and Emergency Medical Services Division", "GlobalID": "cc1c5d86-e146-4bb8-895b-23be6aba8ba0", "x": 3128258.181, "y": 1694111.243 }, "geometry": { "type": "Point", "coordinates": [ -105.043945, 39.738262 ] } },
{ "type": "Feature", "properties": { "OBJECTID": 45, "Facility ID": "041O4Z", "Facility Name": "SIMPL CARE SERVICES LLC", "Facility Type Code": "05C", "Facility Type": "Home Care Agency", "Map Symbol": "Home Health", "Facility Type Detail": "HCA LICENSE ONLY", "Facility Type Abbreviation": "HCA-LIC", "Licensed Beds Total": 0, "Telephone": "(801) 709-0083", "County": "DENVER", "Address Full": "1560 BROADWAY  OFFICE #1777, DENVER, CO 80202", "Latitude": 39.741158, "Longitude": -104.98732, "CDPHE HFEMS Licensed": "Licensed", "Operating Status": "Pending", "Date Data Updated": "2025-10-27T07:00:00Z", "Source": "CDPHE Health Facilities and Emergency Medical Services Division", "GlobalID": "4091442d-a6c6-4a04-a124-4b32353fcb53", "x": 3144176.597, "y": 1695251.055 }, "geometry": { "type": "Point", "coordinates": [ -104.98732, 39.741158 ] } },
{ "type": "Feature", "properties": { "OBJECTID": 46, "Facility ID": "041TDD", "Facility Name": "UNIVERSAL HOME CARE LTD", "Facility Type Code": "05E", "Facility Type": "Home Care Agency", "Map Symbol": "Home Health", "Facility Type Detail": "HCA LICENSE - IN-HOME SUPPORT SERVICES", "Facility Type Abbreviation": "HCA-IHSS", "Licensed Beds Total": 0, "Telephone": "Phone Number Not Avaliable", "County": "DENVER", "Address Full": "2055 S ONEIDA ST STE 372, DENVER, CO 80224", "Latitude": 39.678986, "Longitude": -104.908287, "CDPHE HFEMS Licensed": "Sublicense", "Operating Status": "Pending", "Date Data Updated": "2025-10-27T07:00:00Z", "Source": "CDPHE Health Facilities and Emergency Medical Services Division", "GlobalID": "3be8e5af-1417-4f57-aef4-50f2cce510c3", "x": 3166549.153, "y": 1672739.543 }, "geometry": { "type": "Point", "coordinates": [ -104.908287, 39.678986 ] } },
{ "type": "Feature", "properties": { "OBJECTID": 47, "Facility ID": "042DN6", "Facility Name": "BLUE DIVINE CARE LLC", "Facility Type Code": "SE1", "Facility Type": "All Other Factypes", "Map Symbol": "Home Care Placement", "Facility Type Detail": "HOME CARE PLACEMENT AGENCY", "Facility Type Abbreviation": "HCPA", "Licensed Beds Total": 0, "Telephone": "(720) 819-5822", "County": "DENVER", "Address Full": "1312 17TH ST SUITE 2433, DENVER, CO 80202", "Latitude": 39.750324, "Longitude": -104.996498, "CDPHE HFEMS Licensed": "Licensed", "Operating Status": "Active", "Date Data Updated": "2025-10-27T07:00:00Z", "Source": "CDPHE Health Facilities and Emergency Medical Services Division", "GlobalID": "c1e8c57e-be0f-457e-8c4a-0b044926d6d2", "x": 3141577.118, "y": 1698575.465 }, "geometry": { "type": "Point", "coordinates": [ -104.996498, 39.750324 ] } },
{ "type": "Feature", "properties": { "OBJECTID": 48, "Facility ID": "042GN4", "Facility Name": "AIDALY CARE", "Facility Type Code": "05D", "Facility Type": "Home Care Agency", "Map Symbol": "Home Health", "Facility Type Detail": "HCA LICENSE - PERSONAL CARE HOMEMAKER", "Facility Type Abbreviation": "HCA-PHS", "Licensed Beds Total": 0, "Telephone": "Phone Number Not Avaliable", "County": "DENVER", "Address Full": "1200 17TH ST 10TH FL, DENVER, CO 80202", "Latitude": 39.749359, "Longitude": -104.995285, "CDPHE HFEMS Licensed": "Sublicense", "Operating Status": "Active", "Date Data Updated": "2025-10-27T07:00:00Z", "Source": "CDPHE Health Facilities and Emergency Medical Services Division", "GlobalID": "6e05a3f3-6124-4990-8956-0f77e0ca6bf1", "x": 3141920.138, "y": 1698225.842 }, "geometry": { "type": "Point", "coordinates": [ -104.995285, 39.749359 ] } },
{ "type": "Feature", "properties": { "OBJECTID": 49, "Facility ID": "0431O0", "Facility Name": "#1 NOOR HOME CARE", "Facility Type Code": "05A", "Facility Type": "Home Health Agency", "Map Symbol": "Home Health", "Facility Type Detail": "HHA LICENSE ONLY - CERT ELIGIBLE", "Facility Type Abbreviation": "HHA-LCE", "Licensed Beds Total": 0, "Telephone": "(720) 324-3242", "County": "DENVER", "Address Full": "7900 E UNION AVE STE 1100, DENVER, CO 80237", "Latitude": 39.62867, "Longitude": -104.896881, "CDPHE HFEMS Licensed": "Licensed", "Operating Status": "Active", "Date Data Updated": "2025-10-27T07:00:00Z", "Source": "CDPHE Health Facilities and Emergency Medical Services Division", "GlobalID": "dc9be52b-f295-4b83-999d-3cc4200e4595", "x": 3169881.17, "y": 1654433.06 }, "geometry": { "type": "Point", "coordinates": [ -104.896881, 39.62867 ] } },
{ "type": "Feature", "properties": { "OBJECTID": 50, "Facility ID": "43753", "Facility Name": "CONNECT HOME HEALTH COLORADO LLC", "Facility Type Code": "05A", "Facility Type": "Home Health Agency", "Map Symbol": "Home Health", "Facility Type Detail": "HHA LICENSE ONLY - CERT ELIGIBLE", "Facility Type Abbreviation": "HHA-LCE", "Licensed Beds Total": 0, "Telephone": "(817) 247-8437", "County": "DENVER", "Address Full": "3773 CHERRY CREEK NORTH DR EAST TOWER STE 801, DENVER, CO 80209", "Latitude": 39.708672, "Longitude": -104.943588, "CDPHE HFEMS Licensed": "Licensed", "Operating Status": "Active", "Date Data Updated": "2025-10-27T07:00:00Z", "Source": "CDPHE Health Facilities and Emergency Medical Services Division", "GlobalID": "32d12b46-5b3b-4100-b21e-6d2e5e503931", "x": 3156547.063, "y": 1683490.063 }, "geometry": { "type": "Point", "coordinates": [ -104.943588, 39.708672 ] } },
{ "type": "Feature", "properties": { "OBJECTID": 51, "Facility ID": "043K0M", "Facility Name": "ANOVA CARE", "Facility Type Code": "05E", "Facility Type": "Home Care Agency", "Map Symbol": "Home Health", "Facility Type Detail": "HCA LICENSE - IN-HOME SUPPORT SERVICES", "Facility Type Abbreviation": "HCA-IHSS", "Licensed Beds Total": 0, "Telephone": "Phone Number Not Avaliable", "County": "DENVER", "Address Full": "4900 E CHERRY CREEK SOUTH DR STE 6, DENVER, CO 80246", "Latitude": 39.702724, "Longitude": -104.930031, "CDPHE HFEMS Licensed": "Sublicense", "Operating Status": "Active", "Date Data Updated": "2025-10-27T07:00:00Z", "Source": "CDPHE Health Facilities and Emergency Medical Services Division", "GlobalID": "ea7a3f23-04e1-4b90-a0dc-cefad50dcd84", "x": 3160374.815, "y": 1681347.107 }, "geometry": { "type": "Point", "coordinates": [ -104.930031, 39.702724 ] } },
{ "type": "Feature", "properties": { "OBJECTID": 52, "Facility ID": "043KNC", "Facility Name": "FIRST COLORADO HOME HEALTH CARE INC", "Facility Type Code": "05D", "Facility Type": "Home Care Agency", "Map Symbol": "Home Health", "Facility Type Detail": "HCA LICENSE - PERSONAL CARE HOMEMAKER", "Facility Type Abbreviation": "HCA-PHS", "Licensed Beds Total": 0, "Telephone": "(720) 505-5517", "County": "DENVER", "Address Full": "2121 S ONEIDA ST STE 332, DENVER, CO 80224", "Latitude": 39.678001, "Longitude": -104.908287, "CDPHE HFEMS Licensed": "Sublicense", "Operating Status": "Active", "Date Data Updated": "2025-10-27T07:00:00Z", "Source": "CDPHE Health Facilities and Emergency Medical Services Division", "GlobalID": "ccde7a30-0905-47d0-b864-99beb4e90b7a", "x": 3166551.49, "y": 1672380.754 }, "geometry": { "type": "Point", "coordinates": [ -104.908287, 39.678001 ] } },
{ "type": "Feature", "properties": { "OBJECTID": 53, "Facility ID": "044A8R", "Facility Name": "EMPOWERED LIVING HOME CARE LLC", "Facility Type Code": "05C", "Facility Type": "Home Care Agency", "Map Symbol": "Home Health", "Facility Type Detail": "HCA LICENSE ONLY", "Facility Type Abbreviation": "HCA-LIC", "Licensed Beds Total": 0, "Telephone": "(303) 968-7016", "County": "DENVER", "Address Full": "7535 E HAMPDEN AVE STE 400 OFC 429, DENVER, CO 80231", "Latitude": 39.653275, "Longitude": -104.902466, "CDPHE HFEMS Licensed": "Licensed", "Operating Status": "Pending", "Date Data Updated": "2025-10-27T07:00:00Z", "Source": "CDPHE Health Facilities and Emergency Medical Services Division", "GlobalID": "d239834a-1213-41a3-8728-bab71d58601f", "x": 3168249.136, "y": 1663384.997 }, "geometry": { "type": "Point", "coordinates": [ -104.902466, 39.653275 ] } },
{ "type": "Feature", "properties": { "OBJECTID": 54, "Facility ID": "044AFQ", "Facility Name": "ALERT AGENCY LLC", "Facility Type Code": "05D", "Facility Type": "Home Care Agency", "Map Symbol": "Home Health", "Facility Type Detail": "HCA LICENSE - PERSONAL CARE HOMEMAKER", "Facility Type Abbreviation": "HCA-PHS", "Licensed Beds Total": 0, "Telephone": "(720) 352-0470", "County": "DENVER", "Address Full": "20631 E 48TH PL, DENVER, CO 80249", "Latitude": 39.782982, "Longitude": -104.74614, "CDPHE HFEMS Licensed": "Licensed", "Operating Status": "Active", "Date Data Updated": "2025-10-27T07:00:00Z", "Source": "CDPHE Health Facilities and Emergency Medical Services Division", "GlobalID": "31fcbc53-6aee-401d-a1ce-3ec9d2ba59f1", "x": 3211872.53, "y": 1710958.625 }, "geometry": { "type": "Point", "coordinates": [ -104.74614, 39.782982 ] } },
{ "type": "Feature", "properties": { "OBJECTID": 55, "Facility ID": "044JCZ", "Facility Name": "LIVE WELL HOME CARE", "Facility Type Code": "05C", "Facility Type": "Home Care Agency", "Map Symbol": "Home Health", "Facility Type Detail": "HCA LICENSE ONLY", "Facility Type Abbreviation": "HCA-LIC", "Licensed Beds Total": 0, "Telephone": "(915) 247-6129", "County": "DENVER", "Address Full": "7900 E UNION AVE STE 1164, DENVER, CO 80237", "Latitude": 39.62867, "Longitude": -104.896881, "CDPHE HFEMS Licensed": "Licensed", "Operating Status": "Active", "Date Data Updated": "2025-10-27T07:00:00Z", "Source": "CDPHE Health Facilities and Emergency Medical Services Division", "GlobalID": "f1350be7-f6d5-4ae4-a89c-0e19b9cc2d17", "x": 3169881.17, "y": 1654433.06 }, "geometry": { "type": "Point", "coordinates": [ -104.896881, 39.62867 ] } },
{ "type": "Feature", "properties": { "OBJECTID": 56, "Facility ID": "044O7A", "Facility Name": "LOVE CHRISTIAN FELLOWSHIP", "Facility Type Code": "05D", "Facility Type": "Home Care Agency", "Map Symbol": "Home Health", "Facility Type Detail": "HCA LICENSE - PERSONAL CARE HOMEMAKER", "Facility Type Abbreviation": "HCA-PHS", "Licensed Beds Total": 0, "Telephone": "(303) 564-5271", "County": "DENVER", "Address Full": "13155 E ELK PL, DENVER, CO 80239", "Latitude": 39.784081, "Longitude": -104.834732, "CDPHE HFEMS Licensed": "Licensed", "Operating Status": "Active", "Date Data Updated": "2025-10-27T07:00:00Z", "Source": "CDPHE Health Facilities and Emergency Medical Services Division", "GlobalID": "717bf62d-86c9-4a8e-8ac6-f56b9180487d", "x": 3186971.6, "y": 1711164.48 }, "geometry": { "type": "Point", "coordinates": [ -104.834732, 39.784081 ] } },
{ "type": "Feature", "properties": { "OBJECTID": 57, "Facility ID": "044OHZ", "Facility Name": "PRIME CARE HOME HEALTH INC", "Facility Type Code": "51", "Facility Type": "Home Health Agency", "Map Symbol": "Home Health", "Facility Type Detail": "MEDICARE/MEDICAID", "Facility Type Abbreviation": "HHA-1819", "Licensed Beds Total": 0, "Telephone": "(720) 975-8448", "County": "DENVER", "Address Full": "2121 S ONEIDA ST STE 100, DENVER, CO 80224", "Latitude": 39.678001, "Longitude": -104.908287, "CDPHE HFEMS Licensed": "Licensed", "Operating Status": "Active", "Date Data Updated": "2025-10-27T07:00:00Z", "Source": "CDPHE Health Facilities and Emergency Medical Services Division", "GlobalID": "4f2df464-1f9c-4f69-80a0-461f43c3c02c", "x": 3166551.49, "y": 1672380.754 }, "geometry": { "type": "Point", "coordinates": [ -104.908287, 39.678001 ] } },
{ "type": "Feature", "properties": { "OBJECTID": 58, "Facility ID": "044RSM", "Facility Name": "ATMANS COLORADO HEALTH CARE LLC", "Facility Type Code": "05E", "Facility Type": "Home Care Agency", "Map Symbol": "Home Health", "Facility Type Detail": "HCA LICENSE - IN-HOME SUPPORT SERVICES", "Facility Type Abbreviation": "HCA-IHSS", "Licensed Beds Total": 0, "Telephone": "Phone Number Not Avaliable", "County": "DENVER", "Address Full": "1776 S JACKSON ST STE 480, DENVER, CO 80210", "Latitude": 39.684837, "Longitude": -104.942947, "CDPHE HFEMS Licensed": "Sublicense", "Operating Status": "Active", "Date Data Updated": "2025-10-27T07:00:00Z", "Source": "CDPHE Health Facilities and Emergency Medical Services Division", "GlobalID": "260641b9-8428-46d9-9cfb-762d20eef560", "x": 3156780.642, "y": 1674809.116 }, "geometry": { "type": "Point", "coordinates": [ -104.942947, 39.684837 ] } },
{ "type": "Feature", "properties": { "OBJECTID": 59, "Facility ID": "045ANZ", "Facility Name": "LIVE STAR HOME CARE LLC", "Facility Type Code": "05D", "Facility Type": "Home Care Agency", "Map Symbol": "Home Health", "Facility Type Detail": "HCA LICENSE - PERSONAL CARE HOMEMAKER", "Facility Type Abbreviation": "HCA-PHS", "Licensed Beds Total": 0, "Telephone": "(720) 365-7168", "County": "DENVER", "Address Full": "20321 KELLY PL, DENVER, CO 80249", "Latitude": 39.776302, "Longitude": -104.750519, "CDPHE HFEMS Licensed": "Licensed", "Operating Status": "Active", "Date Data Updated": "2025-10-27T07:00:00Z", "Source": "CDPHE Health Facilities and Emergency Medical Services Division", "GlobalID": "980fee0b-f090-461d-a93c-e1cc193e61e4", "x": 3210661.931, "y": 1708515.173 }, "geometry": { "type": "Point", "coordinates": [ -104.750519, 39.776302 ] } },
{ "type": "Feature", "properties": { "OBJECTID": 60, "Facility ID": "045B88", "Facility Name": "CENTENNIAL HOME HEALTH CARE INC", "Facility Type Code": "05A", "Facility Type": "Home Health Agency", "Map Symbol": "Home Health", "Facility Type Detail": "HHA LICENSE ONLY - CERT ELIGIBLE", "Facility Type Abbreviation": "HHA-LCE", "Licensed Beds Total": 0, "Telephone": "(303) 503-6903", "County": "DENVER", "Address Full": "6440 E COLFAX AVE STE B, DENVER, CO 80220", "Latitude": 39.74004, "Longitude": -104.912895, "CDPHE HFEMS Licensed": "Licensed", "Operating Status": "Active", "Date Data Updated": "2025-10-27T07:00:00Z", "Source": "CDPHE Health Facilities and Emergency Medical Services Division", "GlobalID": "f5c7b5f2-fff7-4046-834a-45dd2095b203", "x": 3165108.454, "y": 1694970.497 }, "geometry": { "type": "Point", "coordinates": [ -104.912895, 39.74004 ] } },
{ "type": "Feature", "properties": { "OBJECTID": 61, "Facility ID": "045BTQ", "Facility Name": "BLESSINGS IN DISGUISE INC", "Facility Type Code": "05D", "Facility Type": "Home Care Agency", "Map Symbol": "Home Health", "Facility Type Detail": "HCA LICENSE - PERSONAL CARE HOMEMAKER", "Facility Type Abbreviation": "HCA-PHS", "Licensed Beds Total": 0, "Telephone": "(303) 715-8853", "County": "DENVER", "Address Full": "4912 JASPER ST, DENVER, CO 80239", "Latitude": 39.785599, "Longitude": -104.805939, "CDPHE HFEMS Licensed": "Licensed", "Operating Status": "Active", "Date Data Updated": "2025-10-27T07:00:00Z", "Source": "CDPHE Health Facilities and Emergency Medical Services Division", "GlobalID": "70655b3d-1c23-4864-bdd7-8675b77a72d4", "x": 3195059.287, "y": 1711777.974 }, "geometry": { "type": "Point", "coordinates": [ -104.805939, 39.785599 ] } },
{ "type": "Feature", "properties": { "OBJECTID": 62, "Facility ID": "046X4B", "Facility Name": "ATLEE HOME CARE LLC", "Facility Type Code": "SE1", "Facility Type": "All Other Factypes", "Map Symbol": "Home Care Placement", "Facility Type Detail": "HOME CARE PLACEMENT AGENCY", "Facility Type Abbreviation": "HCPA", "Licensed Beds Total": 0, "Telephone": "(314) 604-2928", "County": "DENVER", "Address Full": "891 14TH ST UNIT 1902, DENVER, CO 80202", "Latitude": 39.744564, "Longitude": -104.996101, "CDPHE HFEMS Licensed": "Licensed", "Operating Status": "Active", "Date Data Updated": "2025-10-27T07:00:00Z", "Source": "CDPHE Health Facilities and Emergency Medical Services Division", "GlobalID": "5d60ece1-32ef-4a1e-9448-0dd16e9e7b8e", "x": 3141700.383, "y": 1696477.92 }, "geometry": { "type": "Point", "coordinates": [ -104.996101, 39.744564 ] } },
{ "type": "Feature", "properties": { "OBJECTID": 63, "Facility ID": "046ZEX", "Facility Name": "FIRST TLC HOMECARE LLC", "Facility Type Code": "05A", "Facility Type": "Home Health Agency", "Map Symbol": "Home Health", "Facility Type Detail": "HHA LICENSE ONLY - CERT ELIGIBLE", "Facility Type Abbreviation": "HHA-LCE", "Licensed Beds Total": 0, "Telephone": "(720) 226-3296", "County": "DENVER", "Address Full": "4700 URAVAN ST, DENVER, CO 80249", "Latitude": 39.781872, "Longitude": -104.780029, "CDPHE HFEMS Licensed": "Licensed", "Operating Status": "Active", "Date Data Updated": "2025-10-27T07:00:00Z", "Source": "CDPHE Health Facilities and Emergency Medical Services Division", "GlobalID": "e9899641-42e8-4871-899e-7815f420387c", "x": 3202351.553, "y": 1710477.034 }, "geometry": { "type": "Point", "coordinates": [ -104.780029, 39.781872 ] } },
{ "type": "Feature", "properties": { "OBJECTID": 64, "Facility ID": "047FEV", "Facility Name": "FAMILY TOUCH HOME HEALTHCARE LLC", "Facility Type Code": "05C", "Facility Type": "Home Care Agency", "Map Symbol": "Home Health", "Facility Type Detail": "HCA LICENSE ONLY", "Facility Type Abbreviation": "HCA-LIC", "Licensed Beds Total": 0, "Telephone": "(720) 937-7272", "County": "DENVER", "Address Full": "8259 E KENYON AVE, DENVER, CO 80237", "Latitude": 39.649178, "Longitude": -104.892738, "CDPHE HFEMS Licensed": "Licensed", "Operating Status": "Pending", "Date Data Updated": "2025-10-27T07:00:00Z", "Source": "CDPHE Health Facilities and Emergency Medical Services Division", "GlobalID": "0b5c8fa3-1dd2-493e-87a7-651efb5ced1e", "x": 3170998.163, "y": 1661910.83 }, "geometry": { "type": "Point", "coordinates": [ -104.892738, 39.649178 ] } },
{ "type": "Feature", "properties": { "OBJECTID": 65, "Facility ID": "047G1N", "Facility Name": "EZY HOME HEALTH LLC", "Facility Type Code": "05E", "Facility Type": "Home Care Agency", "Map Symbol": "Home Health", "Facility Type Detail": "HCA LICENSE - IN-HOME SUPPORT SERVICES", "Facility Type Abbreviation": "HCA-IHSS", "Licensed Beds Total": 0, "Telephone": "Phone Number Not Avaliable", "County": "DENVER", "Address Full": "21438 RANDOLPH PL, DENVER, CO 80249", "Latitude": 39.797657, "Longitude": -104.738319, "CDPHE HFEMS Licensed": "Sublicense", "Operating Status": "Active", "Date Data Updated": "2025-10-27T07:00:00Z", "Source": "CDPHE Health Facilities and Emergency Medical Services Division", "GlobalID": "eb55868c-5cb6-4a5d-809a-6284248847da", "x": 3214025.724, "y": 1716322.521 }, "geometry": { "type": "Point", "coordinates": [ -104.738319, 39.797657 ] } },
{ "type": "Feature", "properties": { "OBJECTID": 66, "Facility ID": "047IO6", "Facility Name": "AIDALY CARE", "Facility Type Code": "05E", "Facility Type": "Home Care Agency", "Map Symbol": "Home Health", "Facility Type Detail": "HCA LICENSE - IN-HOME SUPPORT SERVICES", "Facility Type Abbreviation": "HCA-IHSS", "Licensed Beds Total": 0, "Telephone": "Phone Number Not Avaliable", "County": "DENVER", "Address Full": "1200 17TH ST 10TH FL, DENVER, CO 80202", "Latitude": 39.749359, "Longitude": -104.995285, "CDPHE HFEMS Licensed": "Sublicense", "Operating Status": "Active", "Date Data Updated": "2025-10-27T07:00:00Z", "Source": "CDPHE Health Facilities and Emergency Medical Services Division", "GlobalID": "6cc70deb-e7c1-43e1-a641-22a824f60969", "x": 3141920.138, "y": 1698225.842 }, "geometry": { "type": "Point", "coordinates": [ -104.995285, 39.749359 ] } },
{ "type": "Feature", "properties": { "OBJECTID": 67, "Facility ID": "04804L", "Facility Name": "RWW HOME & COMMUNITY REHAB SERVICES INC", "Facility Type Code": "05A", "Facility Type": "Home Health Agency", "Map Symbol": "Home Health", "Facility Type Detail": "HHA LICENSE ONLY - CERT ELIGIBLE", "Facility Type Abbreviation": "HHA-LCE", "Licensed Beds Total": 0, "Telephone": "(303) 427-5020", "County": "DENVER", "Address Full": "1325 S COLORADO AVE BLDG B STE 602, DENVER, CO 80222", "Latitude": 39.692484, "Longitude": -104.941259, "CDPHE HFEMS Licensed": "Licensed", "Operating Status": "Active", "Date Data Updated": "2025-10-27T07:00:00Z", "Source": "CDPHE Health Facilities and Emergency Medical Services Division", "GlobalID": "0a411ad7-127d-410b-9afd-a7a344d7552f", "x": 3157238.577, "y": 1677597.494 }, "geometry": { "type": "Point", "coordinates": [ -104.941259, 39.692484 ] } },
{ "type": "Feature", "properties": { "OBJECTID": 68, "Facility ID": "048N33", "Facility Name": "HOME CARE FOREVER YOUNG", "Facility Type Code": "05D", "Facility Type": "Home Care Agency", "Map Symbol": "Home Health", "Facility Type Detail": "HCA LICENSE - PERSONAL CARE HOMEMAKER", "Facility Type Abbreviation": "HCA-PHS", "Licensed Beds Total": 0, "Telephone": "(720) 933-4410", "County": "DENVER", "Address Full": "5110 MORRISON RD #101, DENVER, CO 80219", "Latitude": 39.697262, "Longitude": -105.052559, "CDPHE HFEMS Licensed": "Licensed", "Operating Status": "Active", "Date Data Updated": "2025-10-27T07:00:00Z", "Source": "CDPHE Health Facilities and Emergency Medical Services Division", "GlobalID": "819193ea-75b3-4bdc-a1be-cae2f075ce37", "x": 3125909.262, "y": 1679164.47 }, "geometry": { "type": "Point", "coordinates": [ -105.052559, 39.697262 ] } },
{ "type": "Feature", "properties": { "OBJECTID": 69, "Facility ID": "0496RZ", "Facility Name": "HONOR CARE SERVICES COLORADO INC", "Facility Type Code": "05C", "Facility Type": "Home Care Agency", "Map Symbol": "Home Health", "Facility Type Detail": "HCA LICENSE ONLY", "Facility Type Abbreviation": "HCA-LIC", "Licensed Beds Total": 0, "Telephone": "(402) 498-4466", "County": "DENVER", "Address Full": "7535 E HAMPDEN AVE STE 400 OFFICE 406, DENVER, CO 80231", "Latitude": 39.653275, "Longitude": -104.902466, "CDPHE HFEMS Licensed": "Licensed", "Operating Status": "Active", "Date Data Updated": "2025-10-27T07:00:00Z", "Source": "CDPHE Health Facilities and Emergency Medical Services Division", "GlobalID": "fa45f69b-63ac-44b8-b5b7-dc0b1498b95b", "x": 3168249.136, "y": 1663384.997 }, "geometry": { "type": "Point", "coordinates": [ -104.902466, 39.653275 ] } },
{ "type": "Feature", "properties": { "OBJECTID": 70, "Facility ID": "049DVW", "Facility Name": "BRIGHT STAR HOME CARE EXPRESS SERVICES", "Facility Type Code": "05C", "Facility Type": "Home Care Agency", "Map Symbol": "Home Health", "Facility Type Detail": "HCA LICENSE ONLY", "Facility Type Abbreviation": "HCA-LIC", "Licensed Beds Total": 0, "Telephone": "(720) 539-9980", "County": "DENVER", "Address Full": "8001 E 11TH AVE UNIT 2-106, DENVER, CO 80220", "Latitude": 39.732937, "Longitude": -104.895325, "CDPHE HFEMS Licensed": "Licensed", "Operating Status": "Pending", "Date Data Updated": "2025-10-27T07:00:00Z", "Source": "CDPHE Health Facilities and Emergency Medical Services Division", "GlobalID": "79d05c0f-88bf-47a3-971d-35cb5dd6a772", "x": 3170066.639, "y": 1692415.565 }, "geometry": { "type": "Point", "coordinates": [ -104.895325, 39.732937 ] } },
{ "type": "Feature", "properties": { "OBJECTID": 71, "Facility ID": "049IRW", "Facility Name": "TABITHA HOME CARE", "Facility Type Code": "05E", "Facility Type": "Home Care Agency", "Map Symbol": "Home Health", "Facility Type Detail": "HCA LICENSE - IN-HOME SUPPORT SERVICES", "Facility Type Abbreviation": "HCA-IHSS", "Licensed Beds Total": 0, "Telephone": "Phone Number Not Avaliable", "County": "DENVER", "Address Full": "8525 E HAMPDEN AVE APT 1209, DENVER, CO 80231", "Latitude": 39.653152, "Longitude": -104.888985, "CDPHE HFEMS Licensed": "Sublicense", "Operating Status": "Active", "Date Data Updated": "2025-10-27T07:00:00Z", "Source": "CDPHE Health Facilities and Emergency Medical Services Division", "GlobalID": "65ce3620-9cdc-4329-b16b-612ec9140c1c", "x": 3172045.196, "y": 1663365.442 }, "geometry": { "type": "Point", "coordinates": [ -104.888985, 39.653152 ] } },
{ "type": "Feature", "properties": { "OBJECTID": 72, "Facility ID": "049JG4", "Facility Name": "VICTORY HOME CARE LLC", "Facility Type Code": "05A", "Facility Type": "Home Health Agency", "Map Symbol": "Home Health", "Facility Type Detail": "HHA LICENSE ONLY - CERT ELIGIBLE", "Facility Type Abbreviation": "HHA-LCE", "Licensed Beds Total": 0, "Telephone": "(832) 971-5204", "County": "DENVER", "Address Full": "4739 JOPLIN ST, DENVER, CO 80239", "Latitude": 39.780869, "Longitude": -104.805079, "CDPHE HFEMS Licensed": "Licensed", "Operating Status": "Pending", "Date Data Updated": "2025-10-27T07:00:00Z", "Source": "CDPHE Health Facilities and Emergency Medical Services Division", "GlobalID": "03e3fe4e-5953-44f4-b446-249e22f7bbf6", "x": 3195314.154, "y": 1710056.852 }, "geometry": { "type": "Point", "coordinates": [ -104.805079, 39.780869 ] } },
{ "type": "Feature", "properties": { "OBJECTID": 73, "Facility ID": "049KVQ", "Facility Name": "UC HOME HEALTH CARE INC", "Facility Type Code": "51", "Facility Type": "Home Health Agency", "Map Symbol": "Home Health", "Facility Type Detail": "MEDICARE/MEDICAID", "Facility Type Abbreviation": "HHA-1819", "Licensed Beds Total": 0, "Telephone": "(303) 815-6285", "County": "DENVER", "Address Full": "10890 E DARTMOUTH AVE UNIT H/I, DENVER, CO 80014", "Latitude": 39.660164, "Longitude": -104.860229, "CDPHE HFEMS Licensed": "Licensed", "Operating Status": "Active", "Date Data Updated": "2025-10-27T07:00:00Z", "Source": "CDPHE Health Facilities and Emergency Medical Services Division", "GlobalID": "06937291-711e-46de-9cb1-b9fe0869ead0", "x": 3180123.853, "y": 1665975.296 }, "geometry": { "type": "Point", "coordinates": [ -104.860229, 39.660164 ] } },
{ "type": "Feature", "properties": { "OBJECTID": 74, "Facility ID": "049QTJ", "Facility Name": "SKYVIEW HOME HEALTH CARE INC", "Facility Type Code": "05A", "Facility Type": "Home Health Agency", "Map Symbol": "Home Health", "Facility Type Detail": "HHA LICENSE ONLY - CERT ELIGIBLE", "Facility Type Abbreviation": "HHA-LCE", "Licensed Beds Total": 0, "Telephone": "(303) 640-4056", "County": "DENVER", "Address Full": "2121 S ONEIDA ST  STE 100, DENVER, CO 80224", "Latitude": 39.678001, "Longitude": -104.908287, "CDPHE HFEMS Licensed": "Licensed", "Operating Status": "Active", "Date Data Updated": "2025-10-27T07:00:00Z", "Source": "CDPHE Health Facilities and Emergency Medical Services Division", "GlobalID": "0124c10e-d411-44b4-bdc2-dd52cc13e9e1", "x": 3166551.49, "y": 1672380.754 }, "geometry": { "type": "Point", "coordinates": [ -104.908287, 39.678001 ] } },
{ "type": "Feature", "properties": { "OBJECTID": 75, "Facility ID": "04A409", "Facility Name": "MAXIM HEALTHCARE SERVICES INC", "Facility Type Code": "51", "Facility Type": "Home Health Agency", "Map Symbol": "Home Health", "Facility Type Detail": "MEDICARE/MEDICAID", "Facility Type Abbreviation": "HHA-1819", "Licensed Beds Total": 0, "Telephone": "(303) 487-7143", "County": "DENVER", "Address Full": "455 SHERMAN ST STE 510, DENVER, CO 80202", "Latitude": 39.723427, "Longitude": -104.9851, "CDPHE HFEMS Licensed": "Licensed", "Operating Status": "Active", "Date Data Updated": "2025-10-27T07:00:00Z", "Source": "CDPHE Health Facilities and Emergency Medical Services Division", "GlobalID": "13b9ec96-3500-44f8-9df9-ff7c1deac351", "x": 3144837.497, "y": 1688795.854 }, "geometry": { "type": "Point", "coordinates": [ -104.9851, 39.723427 ] } },
{ "type": "Feature", "properties": { "OBJECTID": 76, "Facility ID": "04A411", "Facility Name": "TALEM HOME CARE", "Facility Type Code": "05D", "Facility Type": "Home Care Agency", "Map Symbol": "Home Health", "Facility Type Detail": "HCA LICENSE - PERSONAL CARE HOMEMAKER", "Facility Type Abbreviation": "HCA-PHS", "Licensed Beds Total": 0, "Telephone": "(303) 647-1800", "County": "DENVER", "Address Full": "3600 S BEELER ST STE 320, DENVER, CO 80237", "Latitude": 39.651066, "Longitude": -104.88102, "CDPHE HFEMS Licensed": "Licensed", "Operating Status": "Active", "Date Data Updated": "2025-10-27T07:00:00Z", "Source": "CDPHE Health Facilities and Emergency Medical Services Division", "GlobalID": "512ccac5-863e-49f4-86d0-6ccd19da5088", "x": 3174293.029, "y": 1662620.801 }, "geometry": { "type": "Point", "coordinates": [ -104.88102, 39.651066 ] } },
{ "type": "Feature", "properties": { "OBJECTID": 77, "Facility ID": "04A43G", "Facility Name": "PORTVILLE HOME CARE SERVICES", "Facility Type Code": "05D", "Facility Type": "Home Care Agency", "Map Symbol": "Home Health", "Facility Type Detail": "HCA LICENSE - PERSONAL CARE HOMEMAKER", "Facility Type Abbreviation": "HCA-PHS", "Licensed Beds Total": 0, "Telephone": "(323) 636-7944", "County": "DENVER", "Address Full": "5568 HANNIBAL CT, DENVER, CO 80239-5696", "Latitude": 39.79731, "Longitude": -104.807953, "CDPHE HFEMS Licensed": "Licensed", "Operating Status": "Active", "Date Data Updated": "2025-10-27T07:00:00Z", "Source": "CDPHE Health Facilities and Emergency Medical Services Division", "GlobalID": "d5b5895d-c9c8-4015-ba9d-6b2d20c79c1f", "x": 3194460.793, "y": 1716039.569 }, "geometry": { "type": "Point", "coordinates": [ -104.807953, 39.79731 ] } },
{ "type": "Feature", "properties": { "OBJECTID": 78, "Facility ID": "04A482", "Facility Name": "PAM HEALTH AT HOME", "Facility Type Code": "05E", "Facility Type": "Home Care Agency", "Map Symbol": "Home Health", "Facility Type Detail": "HCA LICENSE - IN-HOME SUPPORT SERVICES", "Facility Type Abbreviation": "HCA-IHSS", "Licensed Beds Total": 0, "Telephone": "(720) 808-0001", "County": "DENVER", "Address Full": "9025 E KENYON AVE  UNIT 100, DENVER, CO 80237", "Latitude": 39.649635, "Longitude": -104.883247, "CDPHE HFEMS Licensed": "Sublicense", "Operating Status": "Active", "Date Data Updated": "2025-10-27T07:00:00Z", "Source": "CDPHE Health Facilities and Emergency Medical Services Division", "GlobalID": "44f3bd79-a350-47fe-b73b-0040a1072fbc", "x": 3173669.507, "y": 1662095.295 }, "geometry": { "type": "Point", "coordinates": [ -104.883247, 39.649635 ] } },
{ "type": "Feature", "properties": { "OBJECTID": 79, "Facility ID": "04ALWK", "Facility Name": "HEART HOME HEALTH CARE LLC", "Facility Type Code": "05C", "Facility Type": "Home Care Agency", "Map Symbol": "Home Health", "Facility Type Detail": "HCA LICENSE ONLY", "Facility Type Abbreviation": "HCA-LIC", "Licensed Beds Total": 0, "Telephone": "(720) 751-3194", "County": "DENVER", "Address Full": "8354 NORTHFIELD BLVD   BUILDING G SUITE 3700, DENVER, CO 80238", "Latitude": 39.785404, "Longitude": -104.890236, "CDPHE HFEMS Licensed": "Licensed", "Operating Status": "Pending", "Date Data Updated": "2025-10-27T07:00:00Z", "Source": "CDPHE Health Facilities and Emergency Medical Services Division", "GlobalID": "d04157a4-6228-4a5c-a646-485c886cdb74", "x": 3171369.609, "y": 1711536.938 }, "geometry": { "type": "Point", "coordinates": [ -104.890236, 39.785404 ] } },
{ "type": "Feature", "properties": { "OBJECTID": 80, "Facility ID": "04AMZX", "Facility Name": "LIVE STAR HOME CARE LLC", "Facility Type Code": "05E", "Facility Type": "Home Care Agency", "Map Symbol": "Home Health", "Facility Type Detail": "HCA LICENSE - IN-HOME SUPPORT SERVICES", "Facility Type Abbreviation": "HCA-IHSS", "Licensed Beds Total": 0, "Telephone": "Phone Number Not Avaliable", "County": "DENVER", "Address Full": "20321 KELLY PL, DENVER, CO 80249", "Latitude": 39.776302, "Longitude": -104.750519, "CDPHE HFEMS Licensed": "Sublicense", "Operating Status": "Active", "Date Data Updated": "2025-10-27T07:00:00Z", "Source": "CDPHE Health Facilities and Emergency Medical Services Division", "GlobalID": "2b0de754-c9f6-4e8e-a12a-8bf7a59c8697", "x": 3210661.931, "y": 1708515.173 }, "geometry": { "type": "Point", "coordinates": [ -104.750519, 39.776302 ] } },
{ "type": "Feature", "properties": { "OBJECTID": 81, "Facility ID": "04AO74", "Facility Name": "PRIME CARE HOME HEALTH INC", "Facility Type Code": "05D", "Facility Type": "Home Care Agency", "Map Symbol": "Home Health", "Facility Type Detail": "HCA LICENSE - PERSONAL CARE HOMEMAKER", "Facility Type Abbreviation": "HCA-PHS", "Licensed Beds Total": 0, "Telephone": "Phone Number Not Avaliable", "County": "DENVER", "Address Full": "2121 S ONEIDA ST STE 100, DENVER, CO 80224", "Latitude": 39.678001, "Longitude": -104.908287, "CDPHE HFEMS Licensed": "Sublicense", "Operating Status": "Active", "Date Data Updated": "2025-10-27T07:00:00Z", "Source": "CDPHE Health Facilities and Emergency Medical Services Division", "GlobalID": "b18841a7-b13c-407c-83f1-f0f89f8405aa", "x": 3166551.49, "y": 1672380.754 }, "geometry": { "type": "Point", "coordinates": [ -104.908287, 39.678001 ] } },
{ "type": "Feature", "properties": { "OBJECTID": 82, "Facility ID": "04B1CE", "Facility Name": "BEST HOMECARE LLC", "Facility Type Code": "05D", "Facility Type": "Home Care Agency", "Map Symbol": "Home Health", "Facility Type Detail": "HCA LICENSE - PERSONAL CARE HOMEMAKER", "Facility Type Abbreviation": "HCA-PHS", "Licensed Beds Total": 0, "Telephone": "(720) 725-6789", "County": "DENVER", "Address Full": "9141 E MANSFIELD AVE, DENVER, CO 80237", "Latitude": 39.645966, "Longitude": -104.883858, "CDPHE HFEMS Licensed": "Licensed", "Operating Status": "Active", "Date Data Updated": "2025-10-27T07:00:00Z", "Source": "CDPHE Health Facilities and Emergency Medical Services Division", "GlobalID": "53405fa9-22f2-4acd-b34c-bba55d171269", "x": 3173506.527, "y": 1660757.699 }, "geometry": { "type": "Point", "coordinates": [ -104.883858, 39.645966 ] } },
{ "type": "Feature", "properties": { "OBJECTID": 83, "Facility ID": "04B345", "Facility Name": "SUMMIT HOME CARE INC", "Facility Type Code": "05D", "Facility Type": "Home Care Agency", "Map Symbol": "Home Health", "Facility Type Detail": "HCA LICENSE - PERSONAL CARE HOMEMAKER", "Facility Type Abbreviation": "HCA-PHS", "Licensed Beds Total": 0, "Telephone": "(303) 995-4133", "County": "DENVER", "Address Full": "390 S DAYTON ST, DENVER, CO 80247", "Latitude": 39.708038, "Longitude": -104.875298, "CDPHE HFEMS Licensed": "Licensed", "Operating Status": "Active", "Date Data Updated": "2025-10-27T07:00:00Z", "Source": "CDPHE Health Facilities and Emergency Medical Services Division", "GlobalID": "78a58a04-bf40-4ca2-9285-222fb647f6a1", "x": 3175761.48, "y": 1683384.022 }, "geometry": { "type": "Point", "coordinates": [ -104.875298, 39.708038 ] } },
{ "type": "Feature", "properties": { "OBJECTID": 84, "Facility ID": "04B353", "Facility Name": "A ARIEL HOME CARE", "Facility Type Code": "05E", "Facility Type": "Home Care Agency", "Map Symbol": "Home Health", "Facility Type Detail": "HCA LICENSE - IN-HOME SUPPORT SERVICES", "Facility Type Abbreviation": "HCA-IHSS", "Licensed Beds Total": 0, "Telephone": "(303) 399-0003", "County": "DENVER", "Address Full": "6795 E TENNESSEE AVE #154 #154, DENVER, CO 80224", "Latitude": 39.698505, "Longitude": -104.910103, "CDPHE HFEMS Licensed": "Sublicense", "Operating Status": "Active", "Date Data Updated": "2025-10-27T07:00:00Z", "Source": "CDPHE Health Facilities and Emergency Medical Services Division", "GlobalID": "4938871e-4d1e-41d6-a55d-2b0769a77010", "x": 3165991.852, "y": 1679846.104 }, "geometry": { "type": "Point", "coordinates": [ -104.910103, 39.698505 ] } },
{ "type": "Feature", "properties": { "OBJECTID": 85, "Facility ID": "04B438", "Facility Name": "SPARK HOME HEALTH LLC", "Facility Type Code": "51", "Facility Type": "Home Health Agency", "Map Symbol": "Home Health", "Facility Type Detail": "MEDICARE/MEDICAID", "Facility Type Abbreviation": "HHA-1819", "Licensed Beds Total": 0, "Telephone": "(720) 951-0258", "County": "DENVER", "Address Full": "1325 S COLORADO BLVD  STE B312, DENVER, CO 80222", "Latitude": 39.691996, "Longitude": -104.94256, "CDPHE HFEMS Licensed": "Licensed", "Operating Status": "Active", "Date Data Updated": "2025-10-27T07:00:00Z", "Source": "CDPHE Health Facilities and Emergency Medical Services Division", "GlobalID": "b872b83e-3def-4446-a8de-fe7389004af9", "x": 3156873.556, "y": 1677417.488 }, "geometry": { "type": "Point", "coordinates": [ -104.94256, 39.691996 ] } },
{ "type": "Feature", "properties": { "OBJECTID": 86, "Facility ID": "04B473", "Facility Name": "WORLDWIDE HOME CARE INC", "Facility Type Code": "05E", "Facility Type": "Home Care Agency", "Map Symbol": "Home Health", "Facility Type Detail": "HCA LICENSE - IN-HOME SUPPORT SERVICES", "Facility Type Abbreviation": "HCA-IHSS", "Licensed Beds Total": 0, "Telephone": "(303) 815-6285", "County": "DENVER", "Address Full": "10890 E DARTMOUTH AVE  UNITS H & I, DENVER, CO 80014", "Latitude": 39.659739, "Longitude": -104.860643, "CDPHE HFEMS Licensed": "Sublicense", "Operating Status": "Active", "Date Data Updated": "2025-10-27T07:00:00Z", "Source": "CDPHE Health Facilities and Emergency Medical Services Division", "GlobalID": "c0fb35c2-e65d-4f14-b9bc-39c330512d04", "x": 3180008.387, "y": 1665819.67 }, "geometry": { "type": "Point", "coordinates": [ -104.860643, 39.659739 ] } },
{ "type": "Feature", "properties": { "OBJECTID": 87, "Facility ID": "04B678", "Facility Name": "UNIVERSAL HOME HEALTH CARE INC", "Facility Type Code": "05D", "Facility Type": "Home Care Agency", "Map Symbol": "Home Health", "Facility Type Detail": "HCA LICENSE - PERSONAL CARE HOMEMAKER", "Facility Type Abbreviation": "HCA-PHS", "Licensed Beds Total": 0, "Telephone": "(720) 535-1504", "County": "DENVER", "Address Full": "2121 S ONEIDA ST STE 470, DENVER, CO 80224", "Latitude": 39.678001, "Longitude": -104.908287, "CDPHE HFEMS Licensed": "Sublicense", "Operating Status": "Active", "Date Data Updated": "2025-10-27T07:00:00Z", "Source": "CDPHE Health Facilities and Emergency Medical Services Division", "GlobalID": "f15220be-1ad9-4914-8fe9-8926f1d4ee45", "x": 3166551.49, "y": 1672380.754 }, "geometry": { "type": "Point", "coordinates": [ -104.908287, 39.678001 ] } },
{ "type": "Feature", "properties": { "OBJECTID": 88, "Facility ID": "04B856", "Facility Name": "IMPLANTED PUMP MANAGEMENT LLC", "Facility Type Code": "05B", "Facility Type": "Home Health Agency", "Map Symbol": "Home Health", "Facility Type Detail": "HHA LICENSE ONLY - NOT CERT ELIGIBLE", "Facility Type Abbreviation": "HHA-LNCE", "Licensed Beds Total": 0, "Telephone": "(201) 475-9635", "County": "DENVER", "Address Full": "7900 E UNION AVE STE 1100 OFFICE 1122, DENVER, CO 80237", "Latitude": 39.62867, "Longitude": -104.896881, "CDPHE HFEMS Licensed": "Licensed", "Operating Status": "Active", "Date Data Updated": "2025-10-27T07:00:00Z", "Source": "CDPHE Health Facilities and Emergency Medical Services Division", "GlobalID": "304e337b-56cb-4ad3-aecf-bc8f7de2fcdf", "x": 3169881.17, "y": 1654433.06 }, "geometry": { "type": "Point", "coordinates": [ -104.896881, 39.62867 ] } },
{ "type": "Feature", "properties": { "OBJECTID": 89, "Facility ID": "04B946", "Facility Name": "COMING FULL CIRCLE LLC", "Facility Type Code": "05E", "Facility Type": "Home Care Agency", "Map Symbol": "Home Health", "Facility Type Detail": "HCA LICENSE - IN-HOME SUPPORT SERVICES", "Facility Type Abbreviation": "HCA-IHSS", "Licensed Beds Total": 0, "Telephone": "(303) 307-8855", "County": "DENVER", "Address Full": "4705 PARIS ST #100, DENVER, CO 80239", "Latitude": 39.783218, "Longitude": -104.848915, "CDPHE HFEMS Licensed": "Sublicense", "Operating Status": "Active", "Date Data Updated": "2025-10-27T07:00:00Z", "Source": "CDPHE Health Facilities and Emergency Medical Services Division", "GlobalID": "dbbd167c-2aa2-4657-9065-4f94265ec972", "x": 3182987.891, "y": 1710821.24 }, "geometry": { "type": "Point", "coordinates": [ -104.848915, 39.783218 ] } },
{ "type": "Feature", "properties": { "OBJECTID": 90, "Facility ID": "04BMD3", "Facility Name": "MAXIM HEALTHCARE SERVICES INC", "Facility Type Code": "05D", "Facility Type": "Home Care Agency", "Map Symbol": "Home Health", "Facility Type Detail": "HCA LICENSE - PERSONAL CARE HOMEMAKER", "Facility Type Abbreviation": "HCA-PHS", "Licensed Beds Total": 0, "Telephone": "Phone Number Not Avaliable", "County": "DENVER", "Address Full": "2460 W 26TH AVE  STE 217C, DENVER, CO 80211", "Latitude": 39.754772, "Longitude": -105.017265, "CDPHE HFEMS Licensed": "Sublicense", "Operating Status": "Active", "Date Data Updated": "2025-10-27T07:00:00Z", "Source": "CDPHE Health Facilities and Emergency Medical Services Division", "GlobalID": "4d88cd94-5eb3-43b8-a34c-14a10621ebb6", "x": 3135729.315, "y": 1700164.022 }, "geometry": { "type": "Point", "coordinates": [ -105.017265, 39.754772 ] } },
{ "type": "Feature", "properties": { "OBJECTID": 91, "Facility ID": "04BSIP", "Facility Name": "ABBY CARE CO", "Facility Type Code": "05D", "Facility Type": "Home Care Agency", "Map Symbol": "Home Health", "Facility Type Detail": "HCA LICENSE - PERSONAL CARE HOMEMAKER", "Facility Type Abbreviation": "HCA-PHS", "Licensed Beds Total": 0, "Telephone": "Phone Number Not Avaliable", "County": "DENVER", "Address Full": "950 S CHERRY ST STE 714, DENVER, CO 80246", "Latitude": 39.699303, "Longitude": -104.934029, "CDPHE HFEMS Licensed": "Sublicense", "Operating Status": "Active", "Date Data Updated": "2025-10-27T07:00:00Z", "Source": "CDPHE Health Facilities and Emergency Medical Services Division", "GlobalID": "b24b2ef3-e6c9-4371-a227-5e5f91d39b60", "x": 3159257.676, "y": 1680093.951 }, "geometry": { "type": "Point", "coordinates": [ -104.934029, 39.699303 ] } },
{ "type": "Feature", "properties": { "OBJECTID": 92, "Facility ID": "04BZQN", "Facility Name": "TRUE CARE LLC", "Facility Type Code": "05E", "Facility Type": "Home Care Agency", "Map Symbol": "Home Health", "Facility Type Detail": "HCA LICENSE - IN-HOME SUPPORT SERVICES", "Facility Type Abbreviation": "HCA-IHSS", "Licensed Beds Total": 0, "Telephone": "Phone Number Not Avaliable", "County": "DENVER", "Address Full": "1385 S COLORADO BLVD STE 209, DENVER, CO 80222", "Latitude": 39.691406, "Longitude": -104.940804, "CDPHE HFEMS Licensed": "Sublicense", "Operating Status": "Active", "Date Data Updated": "2025-10-27T07:00:00Z", "Source": "CDPHE Health Facilities and Emergency Medical Services Division", "GlobalID": "95a9ca93-ca20-418c-b6aa-32405a1082fc", "x": 3157369.034, "y": 1677205.614 }, "geometry": { "type": "Point", "coordinates": [ -104.940804, 39.691406 ] } },
{ "type": "Feature", "properties": { "OBJECTID": 93, "Facility ID": "04C0O0", "Facility Name": "ATMANS COLORADO HEALTH CARE LLC", "Facility Type Code": "51", "Facility Type": "Home Health Agency", "Map Symbol": "Home Health", "Facility Type Detail": "MEDICARE/MEDICAID", "Facility Type Abbreviation": "HHA-1819", "Licensed Beds Total": 0, "Telephone": "(303) 656-9966", "County": "DENVER", "Address Full": "1776 S JACKSON ST STE 480, DENVER, CO 80210", "Latitude": 39.684837, "Longitude": -104.942947, "CDPHE HFEMS Licensed": "Licensed", "Operating Status": "Active", "Date Data Updated": "2025-10-27T07:00:00Z", "Source": "CDPHE Health Facilities and Emergency Medical Services Division", "GlobalID": "e64059c0-b3f7-486a-8913-9ffffc057765", "x": 3156780.642, "y": 1674809.116 }, "geometry": { "type": "Point", "coordinates": [ -104.942947, 39.684837 ] } },
{ "type": "Feature", "properties": { "OBJECTID": 94, "Facility ID": "04C439", "Facility Name": "ACCESS HOME CARE LLC", "Facility Type Code": "05D", "Facility Type": "Home Care Agency", "Map Symbol": "Home Health", "Facility Type Detail": "HCA LICENSE - PERSONAL CARE HOMEMAKER", "Facility Type Abbreviation": "HCA-PHS", "Licensed Beds Total": 0, "Telephone": "(720) 638-6603", "County": "DENVER", "Address Full": "9725 E HAMPDEN AVE STE 102A, DENVER, CO 80231", "Latitude": 39.653118, "Longitude": -104.875374, "CDPHE HFEMS Licensed": "Licensed", "Operating Status": "Active", "Date Data Updated": "2025-10-27T07:00:00Z", "Source": "CDPHE Health Facilities and Emergency Medical Services Division", "GlobalID": "4c0643f6-9e64-4f27-9eb7-2f0e41d5725a", "x": 3175877.646, "y": 1663379.121 }, "geometry": { "type": "Point", "coordinates": [ -104.875374, 39.653118 ] } },
{ "type": "Feature", "properties": { "OBJECTID": 95, "Facility ID": "04C442", "Facility Name": "ABSOLUTE HOME CARE LLC", "Facility Type Code": "05D", "Facility Type": "Home Care Agency", "Map Symbol": "Home Health", "Facility Type Detail": "HCA LICENSE - PERSONAL CARE HOMEMAKER", "Facility Type Abbreviation": "HCA-PHS", "Licensed Beds Total": 0, "Telephone": "(720) 999-7774", "County": "DENVER", "Address Full": "9725 E HAMPDEN AVE STE 102-F, DENVER, CO 80231", "Latitude": 39.653118, "Longitude": -104.875374, "CDPHE HFEMS Licensed": "Sublicense", "Operating Status": "Active", "Date Data Updated": "2025-10-27T07:00:00Z", "Source": "CDPHE Health Facilities and Emergency Medical Services Division", "GlobalID": "6a277488-f0b8-42ad-bee7-2471d2aaccac", "x": 3175877.646, "y": 1663379.121 }, "geometry": { "type": "Point", "coordinates": [ -104.875374, 39.653118 ] } },
{ "type": "Feature", "properties": { "OBJECTID": 96, "Facility ID": "04C869", "Facility Name": "RELIABLE HOME CARE LLC", "Facility Type Code": "05D", "Facility Type": "Home Care Agency", "Map Symbol": "Home Health", "Facility Type Detail": "HCA LICENSE - PERSONAL CARE HOMEMAKER", "Facility Type Abbreviation": "HCA-PHS", "Licensed Beds Total": 0, "Telephone": "(720) 232-3363", "County": "DENVER", "Address Full": "6000 E EVANS AVE #3-320, DENVER, CO 80222", "Latitude": 39.678413, "Longitude": -104.91803, "CDPHE HFEMS Licensed": "Licensed", "Operating Status": "Active", "Date Data Updated": "2025-10-27T07:00:00Z", "Source": "CDPHE Health Facilities and Emergency Medical Services Division", "GlobalID": "ea314461-41f5-444f-9069-fa6240c0977e", "x": 3163808.216, "y": 1672513.111 }, "geometry": { "type": "Point", "coordinates": [ -104.91803, 39.678413 ] } },
{ "type": "Feature", "properties": { "OBJECTID": 97, "Facility ID": "04C969", "Facility Name": "ABLECARE INC", "Facility Type Code": "05D", "Facility Type": "Home Care Agency", "Map Symbol": "Home Health", "Facility Type Detail": "HCA LICENSE - PERSONAL CARE HOMEMAKER", "Facility Type Abbreviation": "HCA-PHS", "Licensed Beds Total": 0, "Telephone": "(303) 296-1095", "County": "DENVER", "Address Full": "8973 E KENYON AVE  #250, DENVER, CO 80237", "Latitude": 39.649635, "Longitude": -104.883568, "CDPHE HFEMS Licensed": "Licensed", "Operating Status": "Active", "Date Data Updated": "2025-10-27T07:00:00Z", "Source": "CDPHE Health Facilities and Emergency Medical Services Division", "GlobalID": "75e01b26-3acf-4c04-9342-61729768fdf4", "x": 3173579.12, "y": 1662094.682 }, "geometry": { "type": "Point", "coordinates": [ -104.883568, 39.649635 ] } },
{ "type": "Feature", "properties": { "OBJECTID": 98, "Facility ID": "04D1NT", "Facility Name": "SKYVIEW HOME HEALTH CARE INC", "Facility Type Code": "05D", "Facility Type": "Home Care Agency", "Map Symbol": "Home Health", "Facility Type Detail": "HCA LICENSE - PERSONAL CARE HOMEMAKER", "Facility Type Abbreviation": "HCA-PHS", "Licensed Beds Total": 0, "Telephone": "Phone Number Not Avaliable", "County": "DENVER", "Address Full": "2121 S ONEIDA ST STE 100, DENVER, CO 80224", "Latitude": 39.678001, "Longitude": -104.908287, "CDPHE HFEMS Licensed": "Sublicense", "Operating Status": "Active", "Date Data Updated": "2025-10-27T07:00:00Z", "Source": "CDPHE Health Facilities and Emergency Medical Services Division", "GlobalID": "fa33b7b2-3b20-4d24-9219-c02bcaed84b7", "x": 3166551.49, "y": 1672380.754 }, "geometry": { "type": "Point", "coordinates": [ -104.908287, 39.678001 ] } },
{ "type": "Feature", "properties": { "OBJECTID": 99, "Facility ID": "04D337", "Facility Name": "PROGRESSIVE HOME HEALTH SERVICES LLC", "Facility Type Code": "05D", "Facility Type": "Home Care Agency", "Map Symbol": "Home Health", "Facility Type Detail": "HCA LICENSE - PERSONAL CARE HOMEMAKER", "Facility Type Abbreviation": "HCA-PHS", "Licensed Beds Total": 0, "Telephone": "(720) 339-2129", "County": "DENVER", "Address Full": "6000 E EVANS AVE  BLDG 1 STE 010, DENVER, CO 80222", "Latitude": 39.678413, "Longitude": -104.91803, "CDPHE HFEMS Licensed": "Sublicense", "Operating Status": "Active", "Date Data Updated": "2025-10-27T07:00:00Z", "Source": "CDPHE Health Facilities and Emergency Medical Services Division", "GlobalID": "68349498-5e88-4126-a39e-c21a4a7442f0", "x": 3163808.216, "y": 1672513.111 }, "geometry": { "type": "Point", "coordinates": [ -104.91803, 39.678413 ] } },
{ "type": "Feature", "properties": { "OBJECTID": 100, "Facility ID": "04D462", "Facility Name": "AZIN HOME CARE INC", "Facility Type Code": "05D", "Facility Type": "Home Care Agency", "Map Symbol": "Home Health", "Facility Type Detail": "HCA LICENSE - PERSONAL CARE HOMEMAKER", "Facility Type Abbreviation": "HCA-PHS", "Licensed Beds Total": 0, "Telephone": "(720) 485-4690", "County": "DENVER", "Address Full": "2175 S JASMINE ST  UNIT 215, DENVER, CO 80222", "Latitude": 39.676881, "Longitude": -104.919276, "CDPHE HFEMS Licensed": "Licensed", "Operating Status": "Active", "Date Data Updated": "2025-10-27T07:00:00Z", "Source": "CDPHE Health Facilities and Emergency Medical Services Division", "GlobalID": "7551e450-c60a-4ba2-b372-15a98a1a78dd", "x": 3163461.08, "y": 1671952.831 }, "geometry": { "type": "Point", "coordinates": [ -104.919276, 39.676881 ] } },
{ "type": "Feature", "properties": { "OBJECTID": 101, "Facility ID": "04D464", "Facility Name": "ESTRELLA HOME HEALTH CARE INC", "Facility Type Code": "05E", "Facility Type": "Home Care Agency", "Map Symbol": "Home Health", "Facility Type Detail": "HCA LICENSE - IN-HOME SUPPORT SERVICES", "Facility Type Abbreviation": "HCA-IHSS", "Licensed Beds Total": 0, "Telephone": "(303) 756-6756", "County": "DENVER", "Address Full": "4155 E JEWELL AVE  STE 809, DENVER, CO 80222", "Latitude": 39.682148, "Longitude": -104.937157, "CDPHE HFEMS Licensed": "Sublicense", "Operating Status": "Active", "Date Data Updated": "2025-10-27T07:00:00Z", "Source": "CDPHE Health Facilities and Emergency Medical Services Division", "GlobalID": "169f180d-bd8a-4a36-b0e2-ac78ee408440", "x": 3158416.236, "y": 1673839.679 }, "geometry": { "type": "Point", "coordinates": [ -104.937157, 39.682148 ] } },
{ "type": "Feature", "properties": { "OBJECTID": 102, "Facility ID": "04D467", "Facility Name": "ABSOLUTE EXPERT CARE", "Facility Type Code": "05E", "Facility Type": "Home Care Agency", "Map Symbol": "Home Health", "Facility Type Detail": "HCA LICENSE - IN-HOME SUPPORT SERVICES", "Facility Type Abbreviation": "HCA-IHSS", "Licensed Beds Total": 0, "Telephone": "(303) 340-3390", "County": "DENVER", "Address Full": "2175 S JASMINE ST STE 110, DENVER, CO 80222", "Latitude": 39.67672, "Longitude": -104.918861, "CDPHE HFEMS Licensed": "Sublicense", "Operating Status": "Active", "Date Data Updated": "2025-10-27T07:00:00Z", "Source": "CDPHE Health Facilities and Emergency Medical Services Division", "GlobalID": "7a857129-ba8c-40db-a1fb-23fa9aa6175f", "x": 3163578.265, "y": 1671894.933 }, "geometry": { "type": "Point", "coordinates": [ -104.918861, 39.67672 ] } },
{ "type": "Feature", "properties": { "OBJECTID": 103, "Facility ID": "04D978", "Facility Name": "UNIVERSAL HOME HEALTH CARE INC", "Facility Type Code": "51", "Facility Type": "Home Health Agency", "Map Symbol": "Home Health", "Facility Type Detail": "MEDICARE/MEDICAID", "Facility Type Abbreviation": "HHA-1819", "Licensed Beds Total": 0, "Telephone": "(720) 420-9774", "County": "DENVER", "Address Full": "2121 S ONEIDA ST STE 470, DENVER, CO 80224", "Latitude": 39.678001, "Longitude": -104.908287, "CDPHE HFEMS Licensed": "Licensed", "Operating Status": "Active", "Date Data Updated": "2025-10-27T07:00:00Z", "Source": "CDPHE Health Facilities and Emergency Medical Services Division", "GlobalID": "0658fc1b-8daf-4c25-be7d-41502e03f871", "x": 3166551.49, "y": 1672380.754 }, "geometry": { "type": "Point", "coordinates": [ -104.908287, 39.678001 ] } },
{ "type": "Feature", "properties": { "OBJECTID": 104, "Facility ID": "04DFBC", "Facility Name": "1 MILE HIGH SENIOR HOME CARE LLC", "Facility Type Code": "05E", "Facility Type": "Home Care Agency", "Map Symbol": "Home Health", "Facility Type Detail": "HCA LICENSE - IN-HOME SUPPORT SERVICES", "Facility Type Abbreviation": "HCA-IHSS", "Licensed Beds Total": 0, "Telephone": "Phone Number Not Avaliable", "County": "DENVER", "Address Full": "6603 LEETSDALE DR UNIT G, DENVER, CO 80224", "Latitude": 39.702332, "Longitude": -104.911903, "CDPHE HFEMS Licensed": "Sublicense", "Operating Status": "Active", "Date Data Updated": "2025-10-27T07:00:00Z", "Source": "CDPHE Health Facilities and Emergency Medical Services Division", "GlobalID": "7142951f-76f6-42b8-83f7-5fd0b01f15d9", "x": 3165476.339, "y": 1681236.829 }, "geometry": { "type": "Point", "coordinates": [ -104.911903, 39.702332 ] } },
{ "type": "Feature", "properties": { "OBJECTID": 105, "Facility ID": "04DJW9", "Facility Name": "BRING CARE FOR A BETTER LIFE LLC", "Facility Type Code": "05A", "Facility Type": "Home Health Agency", "Map Symbol": "Home Health", "Facility Type Detail": "HHA LICENSE ONLY - CERT ELIGIBLE", "Facility Type Abbreviation": "HHA-LCE", "Licensed Beds Total": 0, "Telephone": "(720) 575-5700", "County": "DENVER", "Address Full": "7535 E HAMPDEN AVE STE 400, DENVER, CO 80231", "Latitude": 39.653275, "Longitude": -104.902466, "CDPHE HFEMS Licensed": "Licensed", "Operating Status": "Active", "Date Data Updated": "2025-10-27T07:00:00Z", "Source": "CDPHE Health Facilities and Emergency Medical Services Division", "GlobalID": "d33852ff-9038-4434-bdca-62718ce2a771", "x": 3168249.136, "y": 1663384.997 }, "geometry": { "type": "Point", "coordinates": [ -104.902466, 39.653275 ] } },
{ "type": "Feature", "properties": { "OBJECTID": 106, "Facility ID": "04E2EB", "Facility Name": "FAMILY TOUCH HOME CARE", "Facility Type Code": "05D", "Facility Type": "Home Care Agency", "Map Symbol": "Home Health", "Facility Type Detail": "HCA LICENSE - PERSONAL CARE HOMEMAKER", "Facility Type Abbreviation": "HCA-PHS", "Licensed Beds Total": 0, "Telephone": "(303) 359-9903", "County": "DENVER", "Address Full": "5415 PERTH CT, DENVER, CO 80249", "Latitude": 39.794956, "Longitude": -104.735252, "CDPHE HFEMS Licensed": "Licensed", "Operating Status": "Active", "Date Data Updated": "2025-10-27T07:00:00Z", "Source": "CDPHE Health Facilities and Emergency Medical Services Division", "GlobalID": "1798eb73-cfac-4898-b57a-7de44f10c9b8", "x": 3214895.775, "y": 1715345.884 }, "geometry": { "type": "Point", "coordinates": [ -104.735252, 39.794956 ] } },
{ "type": "Feature", "properties": { "OBJECTID": 107, "Facility ID": "04E4V5", "Facility Name": "COMPLEX HOME CARE SOLUTION", "Facility Type Code": "05D", "Facility Type": "Home Care Agency", "Map Symbol": "Home Health", "Facility Type Detail": "HCA LICENSE - PERSONAL CARE HOMEMAKER", "Facility Type Abbreviation": "HCA-PHS", "Licensed Beds Total": 0, "Telephone": "(303) 953-2309", "County": "DENVER", "Address Full": "7200 E HAMPDEN AVE STE 101, DENVER, CO 80224", "Latitude": 39.653015, "Longitude": -104.904633, "CDPHE HFEMS Licensed": "Licensed", "Operating Status": "Active", "Date Data Updated": "2025-10-27T07:00:00Z", "Source": "CDPHE Health Facilities and Emergency Medical Services Division", "GlobalID": "c78fdb46-27c8-49a3-9dd3-f730a1cec580", "x": 3167639.608, "y": 1663286.285 }, "geometry": { "type": "Point", "coordinates": [ -104.904633, 39.653015 ] } },
{ "type": "Feature", "properties": { "OBJECTID": 108, "Facility ID": "04E902", "Facility Name": "QUEEN'S CARE IN HOME, INC", "Facility Type Code": "05E", "Facility Type": "Home Care Agency", "Map Symbol": "Home Health", "Facility Type Detail": "HCA LICENSE - IN-HOME SUPPORT SERVICES", "Facility Type Abbreviation": "HCA-IHSS", "Licensed Beds Total": 0, "Telephone": "(303) 371-6588", "County": "DENVER", "Address Full": "5054 BILLINGS STREET, DENVER, CO 80239", "Latitude": 39.78828, "Longitude": -104.830605, "CDPHE HFEMS Licensed": "Sublicense", "Operating Status": "Active", "Date Data Updated": "2025-10-27T07:00:00Z", "Source": "CDPHE Health Facilities and Emergency Medical Services Division", "GlobalID": "cbf9b86c-7b27-4818-9109-daab3fc2355b", "x": 3188120.172, "y": 1712702.55 }, "geometry": { "type": "Point", "coordinates": [ -104.830605, 39.78828 ] } },
{ "type": "Feature", "properties": { "OBJECTID": 109, "Facility ID": "04E913", "Facility Name": "PAM HEALTH AT HOME", "Facility Type Code": "51", "Facility Type": "Home Health Agency", "Map Symbol": "Home Health", "Facility Type Detail": "MEDICARE/MEDICAID", "Facility Type Abbreviation": "HHA-1819", "Licensed Beds Total": 0, "Telephone": "(512) 761-2279", "County": "DENVER", "Address Full": "9025 E KENYON UNIT 100, DENVER, CO 80237", "Latitude": 39.649635, "Longitude": -104.883247, "CDPHE HFEMS Licensed": "Licensed", "Operating Status": "Active", "Date Data Updated": "2025-10-27T07:00:00Z", "Source": "CDPHE Health Facilities and Emergency Medical Services Division", "GlobalID": "88cc64c8-218d-4607-b968-5edd61f5a8f6", "x": 3173669.507, "y": 1662095.295 }, "geometry": { "type": "Point", "coordinates": [ -104.883247, 39.649635 ] } },
{ "type": "Feature", "properties": { "OBJECTID": 110, "Facility ID": "04E993", "Facility Name": "ABBY CARE CO", "Facility Type Code": "51", "Facility Type": "Home Health Agency", "Map Symbol": "Home Health", "Facility Type Detail": "MEDICARE/MEDICAID", "Facility Type Abbreviation": "HHA-1819", "Licensed Beds Total": 0, "Telephone": "(720) 505-9942", "County": "DENVER", "Address Full": "950 S CHERRY ST STE 714, DENVER, CO 80246", "Latitude": 39.699303, "Longitude": -104.934029, "CDPHE HFEMS Licensed": "Licensed", "Operating Status": "Active", "Date Data Updated": "2025-10-27T07:00:00Z", "Source": "CDPHE Health Facilities and Emergency Medical Services Division", "GlobalID": "9ec31bd0-64b3-443f-9a32-c738a9c705eb", "x": 3159257.676, "y": 1680093.951 }, "geometry": { "type": "Point", "coordinates": [ -104.934029, 39.699303 ] } },
{ "type": "Feature", "properties": { "OBJECTID": 111, "Facility ID": "04EDRD", "Facility Name": "A DAUGHTERS LOVE LLC", "Facility Type Code": "05E", "Facility Type": "Home Care Agency", "Map Symbol": "Home Health", "Facility Type Detail": "HCA LICENSE - IN-HOME SUPPORT SERVICES", "Facility Type Abbreviation": "HCA-IHSS", "Licensed Beds Total": 0, "Telephone": "Phone Number Not Avaliable", "County": "DENVER", "Address Full": "5021 JEBEL ST, DENVER, CO 80249", "Latitude": 39.783081, "Longitude": -104.74868, "CDPHE HFEMS Licensed": "Sublicense", "Operating Status": "Active", "Date Data Updated": "2025-10-27T07:00:00Z", "Source": "CDPHE Health Facilities and Emergency Medical Services Division", "GlobalID": "d500c0d8-5e43-4a96-a2c0-fa6943dfb9ea", "x": 3211158.39, "y": 1710988.774 }, "geometry": { "type": "Point", "coordinates": [ -104.74868, 39.783081 ] } },
{ "type": "Feature", "properties": { "OBJECTID": 112, "Facility ID": "04EE0U", "Facility Name": "HOME CARE FOREVER YOUNG", "Facility Type Code": "05E", "Facility Type": "Home Care Agency", "Map Symbol": "Home Health", "Facility Type Detail": "HCA LICENSE - IN-HOME SUPPORT SERVICES", "Facility Type Abbreviation": "HCA-IHSS", "Licensed Beds Total": 0, "Telephone": "Phone Number Not Avaliable", "County": "DENVER", "Address Full": "5110 MORRISON RD #101, DENVER, CO 80219", "Latitude": 39.697262, "Longitude": -105.052559, "CDPHE HFEMS Licensed": "Sublicense", "Operating Status": "Active", "Date Data Updated": "2025-10-27T07:00:00Z", "Source": "CDPHE Health Facilities and Emergency Medical Services Division", "GlobalID": "71599d31-0c28-4717-8fe6-79c2795d564b", "x": 3125909.262, "y": 1679164.47 }, "geometry": { "type": "Point", "coordinates": [ -105.052559, 39.697262 ] } },
{ "type": "Feature", "properties": { "OBJECTID": 113, "Facility ID": "04EK7U", "Facility Name": "ARISE SUPPORT SERVICES LLC", "Facility Type Code": "51", "Facility Type": "Home Health Agency", "Map Symbol": "Home Health", "Facility Type Detail": "MEDICARE/MEDICAID", "Facility Type Abbreviation": "HHA-1819", "Licensed Beds Total": 0, "Telephone": "(720) 400-2706", "County": "DENVER", "Address Full": "19557 E 39TH AVE, DENVER, CO 80249", "Latitude": 39.769855, "Longitude": -104.758644, "CDPHE HFEMS Licensed": "Licensed", "Operating Status": "Active", "Date Data Updated": "2025-10-27T07:00:00Z", "Source": "CDPHE Health Facilities and Emergency Medical Services Division", "GlobalID": "6dc99309-5d7b-4901-9e12-cbfd053f24c5", "x": 3208397.425, "y": 1706148.041 }, "geometry": { "type": "Point", "coordinates": [ -104.758644, 39.769855 ] } },
{ "type": "Feature", "properties": { "OBJECTID": 114, "Facility ID": "04F108", "Facility Name": "ASPEN COMPLETE HEALTH CARE INC", "Facility Type Code": "05E", "Facility Type": "Home Care Agency", "Map Symbol": "Home Health", "Facility Type Detail": "HCA LICENSE - IN-HOME SUPPORT SERVICES", "Facility Type Abbreviation": "HCA-IHSS", "Licensed Beds Total": 0, "Telephone": "(720) 377-9000", "County": "DENVER", "Address Full": "8810 E HAMPDEN AVE  # 100, DENVER, CO 80231", "Latitude": 39.653034, "Longitude": -104.885895, "CDPHE HFEMS Licensed": "Sublicense", "Operating Status": "Active", "Date Data Updated": "2025-10-27T07:00:00Z", "Source": "CDPHE Health Facilities and Emergency Medical Services Division", "GlobalID": "d3cb5a23-a6c6-4174-ba5e-875fa36aecb5", "x": 3172915.519, "y": 1663328.327 }, "geometry": { "type": "Point", "coordinates": [ -104.885895, 39.653034 ] } },
{ "type": "Feature", "properties": { "OBJECTID": 115, "Facility ID": "04F1AH", "Facility Name": "ABC HOME SERVICES INC", "Facility Type Code": "05E", "Facility Type": "Home Care Agency", "Map Symbol": "Home Health", "Facility Type Detail": "HCA LICENSE - IN-HOME SUPPORT SERVICES", "Facility Type Abbreviation": "HCA-IHSS", "Licensed Beds Total": 0, "Telephone": "Phone Number Not Avaliable", "County": "DENVER", "Address Full": "7808 CHERRY CREEK S DR UNIT 407, DENVER, CO 80231", "Latitude": 39.679035, "Longitude": -104.896782, "CDPHE HFEMS Licensed": "Sublicense", "Operating Status": "Active", "Date Data Updated": "2025-10-27T07:00:00Z", "Source": "CDPHE Health Facilities and Emergency Medical Services Division", "GlobalID": "c711d48e-b448-4316-b49b-11b75aa661c5", "x": 3169787.239, "y": 1672778.688 }, "geometry": { "type": "Point", "coordinates": [ -104.896782, 39.679035 ] } },
{ "type": "Feature", "properties": { "OBJECTID": 116, "Facility ID": "04F397", "Facility Name": "QUEEN'S CARE IN HOME INC", "Facility Type Code": "05D", "Facility Type": "Home Care Agency", "Map Symbol": "Home Health", "Facility Type Detail": "HCA LICENSE - PERSONAL CARE HOMEMAKER", "Facility Type Abbreviation": "HCA-PHS", "Licensed Beds Total": 0, "Telephone": "(303) 371-6588", "County": "DENVER", "Address Full": "5054 BILLINGS ST, DENVER, CO 80239", "Latitude": 39.78828, "Longitude": -104.830605, "CDPHE HFEMS Licensed": "Licensed", "Operating Status": "Active", "Date Data Updated": "2025-10-27T07:00:00Z", "Source": "CDPHE Health Facilities and Emergency Medical Services Division", "GlobalID": "17aecfc6-7e4e-4030-93dc-769dd56a074d", "x": 3188120.172, "y": 1712702.55 }, "geometry": { "type": "Point", "coordinates": [ -104.830605, 39.78828 ] } },
{ "type": "Feature", "properties": { "OBJECTID": 117, "Facility ID": "04F483", "Facility Name": "L&R HOME CARE", "Facility Type Code": "05D", "Facility Type": "Home Care Agency", "Map Symbol": "Home Health", "Facility Type Detail": "HCA LICENSE - PERSONAL CARE HOMEMAKER", "Facility Type Abbreviation": "HCA-PHS", "Licensed Beds Total": 0, "Telephone": "(720) 206-8467", "County": "DENVER", "Address Full": "671 S CANOSA CT, DENVER, CO 80219", "Latitude": 39.704453, "Longitude": -105.019295, "CDPHE HFEMS Licensed": "Sublicense", "Operating Status": "Pending", "Date Data Updated": "2025-10-27T07:00:00Z", "Source": "CDPHE Health Facilities and Emergency Medical Services Division", "GlobalID": "17387c7a-031f-402d-a811-dd7ada06172b", "x": 3135255.551, "y": 1681831.67 }, "geometry": { "type": "Point", "coordinates": [ -105.019295, 39.704453 ] } },
{ "type": "Feature", "properties": { "OBJECTID": 118, "Facility ID": "04F534", "Facility Name": "ACE HOME HEALTHCARE LLC", "Facility Type Code": "05D", "Facility Type": "Home Care Agency", "Map Symbol": "Home Health", "Facility Type Detail": "HCA LICENSE - PERSONAL CARE HOMEMAKER", "Facility Type Abbreviation": "HCA-PHS", "Licensed Beds Total": 0, "Telephone": "(720) 909-8180", "County": "DENVER", "Address Full": "4582 S ULSTER ST  SUITE 206, DENVER, CO 80237", "Latitude": 39.632633, "Longitude": -104.899086, "CDPHE HFEMS Licensed": "Sublicense", "Operating Status": "Active", "Date Data Updated": "2025-10-27T07:00:00Z", "Source": "CDPHE Health Facilities and Emergency Medical Services Division", "GlobalID": "6e39470b-a9cd-491d-9dcb-bfb56903ce58", "x": 3169250.556, "y": 1655872.455 }, "geometry": { "type": "Point", "coordinates": [ -104.899086, 39.632633 ] } },
{ "type": "Feature", "properties": { "OBJECTID": 119, "Facility ID": "04FEEO", "Facility Name": "ONE YOU LOVE HOMECARE DENVER", "Facility Type Code": "05C", "Facility Type": "Home Care Agency", "Map Symbol": "Home Health", "Facility Type Detail": "HCA LICENSE ONLY", "Facility Type Abbreviation": "HCA-LIC", "Licensed Beds Total": 0, "Telephone": "(720) 502-0300", "County": "DENVER", "Address Full": "2301 BLAKE ST STE 100 OFF 234, DENVER, CO 80205", "Latitude": 39.757198, "Longitude": -104.990685, "CDPHE HFEMS Licensed": "Licensed", "Operating Status": "Pending", "Date Data Updated": "2025-10-27T07:00:00Z", "Source": "CDPHE Health Facilities and Emergency Medical Services Division", "GlobalID": "30a1531f-c58c-4bd9-95a3-eead9a4fd826", "x": 3143197.558, "y": 1701088.534 }, "geometry": { "type": "Point", "coordinates": [ -104.990685, 39.757198 ] } },
{ "type": "Feature", "properties": { "OBJECTID": 120, "Facility ID": "04FXDU", "Facility Name": "WHITE DIAMOND HCC LLC", "Facility Type Code": "05A", "Facility Type": "Home Health Agency", "Map Symbol": "Home Health", "Facility Type Detail": "HHA LICENSE ONLY - CERT ELIGIBLE", "Facility Type Abbreviation": "HHA-LCE", "Licensed Beds Total": 0, "Telephone": "(303) 999-8498", "County": "DENVER", "Address Full": "10175 E HAMPDEN AVE, DENVER, CO 80231", "Latitude": 39.653374, "Longitude": -104.869034, "CDPHE HFEMS Licensed": "Licensed", "Operating Status": "Active", "Date Data Updated": "2025-10-27T07:00:00Z", "Source": "CDPHE Health Facilities and Emergency Medical Services Division", "GlobalID": "37924665-6bfe-4baf-9127-66d8ddcda1c6", "x": 3177662.113, "y": 1663484.705 }, "geometry": { "type": "Point", "coordinates": [ -104.869034, 39.653374 ] } },
{ "type": "Feature", "properties": { "OBJECTID": 121, "Facility ID": "04G515", "Facility Name": "ABBY SENIOR CARE LLC", "Facility Type Code": "05C", "Facility Type": "Home Care Agency", "Map Symbol": "Home Health", "Facility Type Detail": "HCA LICENSE ONLY", "Facility Type Abbreviation": "HCA-LIC", "Licensed Beds Total": 0, "Telephone": "(303) 699-8840", "County": "DENVER", "Address Full": "9101 E KENYON AVE #3400, DENVER, CO 80237", "Latitude": 39.649632, "Longitude": -104.882866, "CDPHE HFEMS Licensed": "Licensed", "Operating Status": "Active", "Date Data Updated": "2025-10-27T07:00:00Z", "Source": "CDPHE Health Facilities and Emergency Medical Services Division", "GlobalID": "bf2c798f-e681-4b97-b16e-538ac57e3a04", "x": 3173776.796, "y": 1662094.931 }, "geometry": { "type": "Point", "coordinates": [ -104.882866, 39.649632 ] } },
{ "type": "Feature", "properties": { "OBJECTID": 122, "Facility ID": "04G933", "Facility Name": "COMFORT KEEPERS", "Facility Type Code": "05A", "Facility Type": "Home Health Agency", "Map Symbol": "Home Health", "Facility Type Detail": "HHA LICENSE ONLY - CERT ELIGIBLE", "Facility Type Abbreviation": "HHA-LCE", "Licensed Beds Total": 0, "Telephone": "(303) 722-3242", "County": "DENVER", "Address Full": "10200 E GIRARD AVE STE B450, DENVER, CO 80231", "Latitude": 39.656151, "Longitude": -104.868362, "CDPHE HFEMS Licensed": "Licensed", "Operating Status": "Active", "Date Data Updated": "2025-10-27T07:00:00Z", "Source": "CDPHE Health Facilities and Emergency Medical Services Division", "GlobalID": "c7e74f58-f5a4-4b02-9fe3-eb930fbd490b", "x": 3177844.29, "y": 1664497.54 }, "geometry": { "type": "Point", "coordinates": [ -104.868362, 39.656151 ] } },
{ "type": "Feature", "properties": { "OBJECTID": 123, "Facility ID": "04GSQZ", "Facility Name": "SAFE HOMECARE", "Facility Type Code": "05C", "Facility Type": "Home Care Agency", "Map Symbol": "Home Health", "Facility Type Detail": "HCA LICENSE ONLY", "Facility Type Abbreviation": "HCA-LIC", "Licensed Beds Total": 0, "Telephone": "(303) 997-4288", "County": "DENVER", "Address Full": "1001 S MONACO PKWY #350, DENVER, CO 80224", "Latitude": 39.698383, "Longitude": -104.912994, "CDPHE HFEMS Licensed": "Licensed", "Operating Status": "Active", "Date Data Updated": "2025-10-27T07:00:00Z", "Source": "CDPHE Health Facilities and Emergency Medical Services Division", "GlobalID": "fc231b9c-e576-459d-b479-923498883cde", "x": 3165178.662, "y": 1679796.395 }, "geometry": { "type": "Point", "coordinates": [ -104.912994, 39.698383 ] } },
{ "type": "Feature", "properties": { "OBJECTID": 124, "Facility ID": "04GTHP", "Facility Name": "AMERICAN TRUSTED NURSES", "Facility Type Code": "05D", "Facility Type": "Home Care Agency", "Map Symbol": "Home Health", "Facility Type Detail": "HCA LICENSE - PERSONAL CARE HOMEMAKER", "Facility Type Abbreviation": "HCA-PHS", "Licensed Beds Total": 0, "Telephone": "Phone Number Not Avaliable", "County": "DENVER", "Address Full": "600 17TH ST STE 2800, DENVER, CO 80202", "Latitude": 39.745468, "Longitude": -104.990234, "CDPHE HFEMS Licensed": "Sublicense", "Operating Status": "Active", "Date Data Updated": "2025-10-27T07:00:00Z", "Source": "CDPHE Health Facilities and Emergency Medical Services Division", "GlobalID": "174b4a42-0955-4c8e-8c8b-d889af2af33a", "x": 3143348.333, "y": 1696816.419 }, "geometry": { "type": "Point", "coordinates": [ -104.990234, 39.745468 ] } },
{ "type": "Feature", "properties": { "OBJECTID": 125, "Facility ID": "04GTTU", "Facility Name": "EXECUTIVE HOME CARE OF AURORA", "Facility Type Code": "05C", "Facility Type": "Home Care Agency", "Map Symbol": "Home Health", "Facility Type Detail": "HCA LICENSE ONLY", "Facility Type Abbreviation": "HCA-LIC", "Licensed Beds Total": 0, "Telephone": "(720) 296-4214", "County": "DENVER", "Address Full": "3773 E CHERRY CREEK NORTH DR STE 801 OFC 826, DENVER, CO 80209", "Latitude": 39.708603, "Longitude": -104.944939, "CDPHE HFEMS Licensed": "Licensed", "Operating Status": "Pending", "Date Data Updated": "2025-10-27T07:00:00Z", "Source": "CDPHE Health Facilities and Emergency Medical Services Division", "GlobalID": "586ac52d-e5d0-4781-8388-44143b4a3d68", "x": 3156167.123, "y": 1683462.604 }, "geometry": { "type": "Point", "coordinates": [ -104.944939, 39.708603 ] } },
{ "type": "Feature", "properties": { "OBJECTID": 126, "Facility ID": "04H1EJ", "Facility Name": "ARISE SUPPORT SERVICES LLC", "Facility Type Code": "05D", "Facility Type": "Home Care Agency", "Map Symbol": "Home Health", "Facility Type Detail": "HCA LICENSE - PERSONAL CARE HOMEMAKER", "Facility Type Abbreviation": "HCA-PHS", "Licensed Beds Total": 0, "Telephone": "(720) 400-2706", "County": "DENVER", "Address Full": "19557 E 39TH AVE, DENVER, CO 80249", "Latitude": 39.769855, "Longitude": -104.758644, "CDPHE HFEMS Licensed": "Sublicense", "Operating Status": "Active", "Date Data Updated": "2025-10-27T07:00:00Z", "Source": "CDPHE Health Facilities and Emergency Medical Services Division", "GlobalID": "879e14a7-81d9-4cf3-99d6-487f150719d8", "x": 3208397.425, "y": 1706148.041 }, "geometry": { "type": "Point", "coordinates": [ -104.758644, 39.769855 ] } },
{ "type": "Feature", "properties": { "OBJECTID": 127, "Facility ID": "04H1VB", "Facility Name": "PUREHEARTHOMECARE LLC", "Facility Type Code": "05D", "Facility Type": "Home Care Agency", "Map Symbol": "Home Health", "Facility Type Detail": "HCA LICENSE - PERSONAL CARE HOMEMAKER", "Facility Type Abbreviation": "HCA-PHS", "Licensed Beds Total": 0, "Telephone": "(720) 709-4718", "County": "DENVER", "Address Full": "8354 NORTHFIELD BLVD BLDG G STE 3700, DENVER, CO 80238", "Latitude": 39.785404, "Longitude": -104.890236, "CDPHE HFEMS Licensed": "Licensed", "Operating Status": "Active", "Date Data Updated": "2025-10-27T07:00:00Z", "Source": "CDPHE Health Facilities and Emergency Medical Services Division", "GlobalID": "c1ca6572-a943-4c82-bd44-eddd6b388985", "x": 3171369.609, "y": 1711536.938 }, "geometry": { "type": "Point", "coordinates": [ -104.890236, 39.785404 ] } },
{ "type": "Feature", "properties": { "OBJECTID": 128, "Facility ID": "04H4W1", "Facility Name": "CROSSROADS HOME CARE LLC", "Facility Type Code": "05D", "Facility Type": "Home Care Agency", "Map Symbol": "Home Health", "Facility Type Detail": "HCA LICENSE - PERSONAL CARE HOMEMAKER", "Facility Type Abbreviation": "HCA-PHS", "Licensed Beds Total": 0, "Telephone": "(619) 277-9863", "County": "DENVER", "Address Full": "5544 HAILIFAX CT, DENVER, CO 80249", "Latitude": 39.796238, "Longitude": -104.754959, "CDPHE HFEMS Licensed": "Licensed", "Operating Status": "Active", "Date Data Updated": "2025-10-27T07:00:00Z", "Source": "CDPHE Health Facilities and Emergency Medical Services Division", "GlobalID": "a78818d1-5db6-4a15-9bb6-e2765b96abc8", "x": 3209354.435, "y": 1715766.855 }, "geometry": { "type": "Point", "coordinates": [ -104.754959, 39.796238 ] } },
{ "type": "Feature", "properties": { "OBJECTID": 129, "Facility ID": "04H521", "Facility Name": "GATEWAY HOME HEALTH - DENVER", "Facility Type Code": "51", "Facility Type": "Home Health Agency", "Map Symbol": "Home Health", "Facility Type Detail": "MEDICARE/MEDICAID", "Facility Type Abbreviation": "HHA-1819", "Licensed Beds Total": 0, "Telephone": "(303) 495-2578", "County": "DENVER", "Address Full": "2696 S COLORADO BLVD  STE 420, DENVER, CO 80222", "Latitude": 39.668644, "Longitude": -104.940544, "CDPHE HFEMS Licensed": "Licensed", "Operating Status": "Active", "Date Data Updated": "2025-10-27T07:00:00Z", "Source": "CDPHE Health Facilities and Emergency Medical Services Division", "GlobalID": "74afd122-2402-4097-90a2-4126ee604719", "x": 3157493.261, "y": 1668914.909 }, "geometry": { "type": "Point", "coordinates": [ -104.940544, 39.668644 ] } },
{ "type": "Feature", "properties": { "OBJECTID": 130, "Facility ID": "04H561", "Facility Name": "VANTAGE PLUS INC", "Facility Type Code": "05D", "Facility Type": "Home Care Agency", "Map Symbol": "Home Health", "Facility Type Detail": "HCA LICENSE - PERSONAL CARE HOMEMAKER", "Facility Type Abbreviation": "HCA-PHS", "Licensed Beds Total": 0, "Telephone": "(720) 280-0807", "County": "DENVER", "Address Full": "6825 E TENNESSEE AVE STE 525, DENVER, CO 80224", "Latitude": 39.698505, "Longitude": -104.909645, "CDPHE HFEMS Licensed": "Licensed", "Operating Status": "Active", "Date Data Updated": "2025-10-27T07:00:00Z", "Source": "CDPHE Health Facilities and Emergency Medical Services Division", "GlobalID": "0792ada1-557a-4511-b6b5-09283550fef0", "x": 3166120.725, "y": 1679846.941 }, "geometry": { "type": "Point", "coordinates": [ -104.909645, 39.698505 ] } },
{ "type": "Feature", "properties": { "OBJECTID": 131, "Facility ID": "04H772", "Facility Name": "BROOKDALE AT HOME DENVER", "Facility Type Code": "05A", "Facility Type": "Home Health Agency", "Map Symbol": "Home Health", "Facility Type Detail": "HHA LICENSE ONLY - CERT ELIGIBLE", "Facility Type Abbreviation": "HHA-LCE", "Licensed Beds Total": 0, "Telephone": "(303) 777-0463", "County": "DENVER", "Address Full": "111 EMERSON ST  STE 562, DENVER, CO 80210", "Latitude": 39.719064, "Longitude": -104.978362, "CDPHE HFEMS Licensed": "Licensed", "Operating Status": "Active", "Date Data Updated": "2025-10-27T07:00:00Z", "Source": "CDPHE Health Facilities and Emergency Medical Services Division", "GlobalID": "d071ad7d-7c8f-44d4-94af-6e9a951107d1", "x": 3146741.914, "y": 1687217.398 }, "geometry": { "type": "Point", "coordinates": [ -104.978362, 39.719064 ] } },
{ "type": "Feature", "properties": { "OBJECTID": 132, "Facility ID": "04H951", "Facility Name": "FIRST CARE OF COLORADO INC", "Facility Type Code": "05D", "Facility Type": "Home Care Agency", "Map Symbol": "Home Health", "Facility Type Detail": "HCA LICENSE - PERSONAL CARE HOMEMAKER", "Facility Type Abbreviation": "HCA-PHS", "Licensed Beds Total": 0, "Telephone": "(720) 440-9226", "County": "DENVER", "Address Full": "6825 E TENNESSEE AVE  STE 500A, DENVER, CO 80224", "Latitude": 39.698505, "Longitude": -104.909645, "CDPHE HFEMS Licensed": "Licensed", "Operating Status": "Active", "Date Data Updated": "2025-10-27T07:00:00Z", "Source": "CDPHE Health Facilities and Emergency Medical Services Division", "GlobalID": "54e7090c-5621-4e75-9f43-8f1d84760307", "x": 3166120.725, "y": 1679846.941 }, "geometry": { "type": "Point", "coordinates": [ -104.909645, 39.698505 ] } },
{ "type": "Feature", "properties": { "OBJECTID": 133, "Facility ID": "04H956", "Facility Name": "ALL THE COMFORT OF HOME INC", "Facility Type Code": "05C", "Facility Type": "Home Care Agency", "Map Symbol": "Home Health", "Facility Type Detail": "HCA LICENSE ONLY", "Facility Type Abbreviation": "HCA-LIC", "Licensed Beds Total": 0, "Telephone": "(303) 346-1292", "County": "DENVER", "Address Full": "4800 HAPPY CANYON RD STE 250, DENVER, CO 80237", "Latitude": 39.652905, "Longitude": -104.931664, "CDPHE HFEMS Licensed": "Licensed", "Operating Status": "Active", "Date Data Updated": "2025-10-27T07:00:00Z", "Source": "CDPHE Health Facilities and Emergency Medical Services Division", "GlobalID": "7bbb1469-aa1d-43f9-af31-49417fb6be31", "x": 3160028.872, "y": 1663197.47 }, "geometry": { "type": "Point", "coordinates": [ -104.931664, 39.652905 ] } },
{ "type": "Feature", "properties": { "OBJECTID": 134, "Facility ID": "04HR9K", "Facility Name": "COMPREHENSIVE COMMUNITY BASED SERVICES LLC", "Facility Type Code": "05D", "Facility Type": "Home Care Agency", "Map Symbol": "Home Health", "Facility Type Detail": "HCA LICENSE - PERSONAL CARE HOMEMAKER", "Facility Type Abbreviation": "HCA-PHS", "Licensed Beds Total": 0, "Telephone": "(720) 298-3990", "County": "DENVER", "Address Full": "3041 S ROSEMARY ST, DENVER, CO 80231", "Latitude": 39.662384, "Longitude": -104.899796, "CDPHE HFEMS Licensed": "Licensed", "Operating Status": "Active", "Date Data Updated": "2025-10-27T07:00:00Z", "Source": "CDPHE Health Facilities and Emergency Medical Services Division", "GlobalID": "ba932072-022d-452b-9422-cd227c86403a", "x": 3168978.989, "y": 1666707.909 }, "geometry": { "type": "Point", "coordinates": [ -104.899796, 39.662384 ] } },
{ "type": "Feature", "properties": { "OBJECTID": 135, "Facility ID": "04HSBH", "Facility Name": "COLLAGE HOME AND COMMUNITY", "Facility Type Code": "05A", "Facility Type": "Home Health Agency", "Map Symbol": "Home Health", "Facility Type Detail": "HHA LICENSE ONLY - CERT ELIGIBLE", "Facility Type Abbreviation": "HHA-LCE", "Licensed Beds Total": 0, "Telephone": "(303) 753-0309", "County": "DENVER", "Address Full": "1780 S BELLAIRE ST STE 410, DENVER, CO 80222", "Latitude": 39.684628, "Longitude": -104.937248, "CDPHE HFEMS Licensed": "Licensed", "Operating Status": "Active", "Date Data Updated": "2025-10-27T07:00:00Z", "Source": "CDPHE Health Facilities and Emergency Medical Services Division", "GlobalID": "e7497b66-3c38-4688-9a88-de599b17a71e", "x": 3158385.028, "y": 1674742.872 }, "geometry": { "type": "Point", "coordinates": [ -104.937248, 39.684628 ] } },
{ "type": "Feature", "properties": { "OBJECTID": 136, "Facility ID": "04HVB2", "Facility Name": "EZY HOME HEALTH LLC", "Facility Type Code": "05A", "Facility Type": "Home Health Agency", "Map Symbol": "Home Health", "Facility Type Detail": "HHA LICENSE ONLY - CERT ELIGIBLE", "Facility Type Abbreviation": "HHA-LCE", "Licensed Beds Total": 0, "Telephone": "(301) 213-2483", "County": "DENVER", "Address Full": "21438 RANDOLPH PL, DENVER, CO 80249", "Latitude": 39.797657, "Longitude": -104.738319, "CDPHE HFEMS Licensed": "Licensed", "Operating Status": "Active", "Date Data Updated": "2025-10-27T07:00:00Z", "Source": "CDPHE Health Facilities and Emergency Medical Services Division", "GlobalID": "3d138e4e-87e9-42cd-a05b-c1456fe0b627", "x": 3214025.724, "y": 1716322.521 }, "geometry": { "type": "Point", "coordinates": [ -104.738319, 39.797657 ] } },
{ "type": "Feature", "properties": { "OBJECTID": 137, "Facility ID": "04I0ZS", "Facility Name": "ACCENTCARE PERSONAL CARE SERVICES OF COLORADO", "Facility Type Code": "05C", "Facility Type": "Home Care Agency", "Map Symbol": "Home Health", "Facility Type Detail": "HCA LICENSE ONLY", "Facility Type Abbreviation": "HCA-LIC", "Licensed Beds Total": 0, "Telephone": "(303) 446-7462", "County": "DENVER", "Address Full": "455 SHERMAN ST STE 465, DENVER, CO 80203", "Latitude": 39.723427, "Longitude": -104.9851, "CDPHE HFEMS Licensed": "Licensed", "Operating Status": "Active", "Date Data Updated": "2025-10-27T07:00:00Z", "Source": "CDPHE Health Facilities and Emergency Medical Services Division", "GlobalID": "a5330b13-ba02-41b2-aa43-3ad40eda0790", "x": 3144837.497, "y": 1688795.854 }, "geometry": { "type": "Point", "coordinates": [ -104.9851, 39.723427 ] } },
{ "type": "Feature", "properties": { "OBJECTID": 138, "Facility ID": "04I211", "Facility Name": "BAYADA HOME HEALTH CARE INC", "Facility Type Code": "05A", "Facility Type": "Home Health Agency", "Map Symbol": "Home Health", "Facility Type Detail": "HHA LICENSE ONLY - CERT ELIGIBLE", "Facility Type Abbreviation": "HHA-LCE", "Licensed Beds Total": 0, "Telephone": "(303) 333-2900", "County": "DENVER", "Address Full": "1355 S COLORADO BLVD BLDG C STE 404, DENVER, CO 80222", "Latitude": 39.691959, "Longitude": -104.940804, "CDPHE HFEMS Licensed": "Licensed", "Operating Status": "Active", "Date Data Updated": "2025-10-27T07:00:00Z", "Source": "CDPHE Health Facilities and Emergency Medical Services Division", "GlobalID": "dc65983c-d9a2-4004-81e9-e64059f5e70a", "x": 3157367.794, "y": 1677407.048 }, "geometry": { "type": "Point", "coordinates": [ -104.940804, 39.691959 ] } },
{ "type": "Feature", "properties": { "OBJECTID": 139, "Facility ID": "04I219", "Facility Name": "BAFFLINK HOME HEALTH SERVICES", "Facility Type Code": "05D", "Facility Type": "Home Care Agency", "Map Symbol": "Home Health", "Facility Type Detail": "HCA LICENSE - PERSONAL CARE HOMEMAKER", "Facility Type Abbreviation": "HCA-PHS", "Licensed Beds Total": 0, "Telephone": "(720) 400-1215", "County": "DENVER", "Address Full": "7535 E HAMPDEN AVE STE 400, DENVER, CO 80231", "Latitude": 39.653275, "Longitude": -104.902466, "CDPHE HFEMS Licensed": "Licensed", "Operating Status": "Active", "Date Data Updated": "2025-10-27T07:00:00Z", "Source": "CDPHE Health Facilities and Emergency Medical Services Division", "GlobalID": "ba1c4379-c0bd-4ae2-ae48-66579290cf0b", "x": 3168249.136, "y": 1663384.997 }, "geometry": { "type": "Point", "coordinates": [ -104.902466, 39.653275 ] } },
{ "type": "Feature", "properties": { "OBJECTID": 140, "Facility ID": "04I454", "Facility Name": "CASTLE PINES HOME CARE", "Facility Type Code": "05C", "Facility Type": "Home Care Agency", "Map Symbol": "Home Health", "Facility Type Detail": "HCA LICENSE ONLY", "Facility Type Abbreviation": "HCA-LIC", "Licensed Beds Total": 0, "Telephone": "(303) 887-5441", "County": "DENVER", "Address Full": "1385 S COLORADO BLVD STE A-209, DENVER, CO 80222", "Latitude": 39.691406, "Longitude": -104.940804, "CDPHE HFEMS Licensed": "Licensed", "Operating Status": "Active", "Date Data Updated": "2025-10-27T07:00:00Z", "Source": "CDPHE Health Facilities and Emergency Medical Services Division", "GlobalID": "f7d114af-96a8-494c-a0e2-746a1da64a9a", "x": 3157369.034, "y": 1677205.614 }, "geometry": { "type": "Point", "coordinates": [ -104.940804, 39.691406 ] } },
{ "type": "Feature", "properties": { "OBJECTID": 141, "Facility ID": "04I538", "Facility Name": "FAMILY TREE PRIVATE CARE", "Facility Type Code": "05A", "Facility Type": "Home Health Agency", "Map Symbol": "Home Health", "Facility Type Detail": "HHA LICENSE ONLY - CERT ELIGIBLE", "Facility Type Abbreviation": "HHA-LCE", "Licensed Beds Total": 0, "Telephone": "(303) 791-3155", "County": "DENVER", "Address Full": "3600 S YOSEMITE ST STE 320, DENVER, CO 80237", "Latitude": 39.651123, "Longitude": -104.884682, "CDPHE HFEMS Licensed": "Licensed", "Operating Status": "Active", "Date Data Updated": "2025-10-27T07:00:00Z", "Source": "CDPHE Health Facilities and Emergency Medical Services Division", "GlobalID": "49dc578d-0c7a-4873-9d22-e6bbd9c5786e", "x": 3173261.771, "y": 1662634.558 }, "geometry": { "type": "Point", "coordinates": [ -104.884682, 39.651123 ] } },
{ "type": "Feature", "properties": { "OBJECTID": 142, "Facility ID": "04I609", "Facility Name": "EXTENDED FAMILY INC", "Facility Type Code": "05C", "Facility Type": "Home Care Agency", "Map Symbol": "Home Health", "Facility Type Detail": "HCA LICENSE ONLY", "Facility Type Abbreviation": "HCA-LIC", "Licensed Beds Total": 0, "Telephone": "(303) 955-8107", "County": "DENVER", "Address Full": "3457 RINGSBY CT UNIT 106, DENVER, CO 80216", "Latitude": 39.771423, "Longitude": -104.98214, "CDPHE HFEMS Licensed": "Licensed", "Operating Status": "Active", "Date Data Updated": "2025-10-27T07:00:00Z", "Source": "CDPHE Health Facilities and Emergency Medical Services Division", "GlobalID": "d76d3f4a-b104-46a4-a184-cd2d111fac6c", "x": 3145570.435, "y": 1706283.805 }, "geometry": { "type": "Point", "coordinates": [ -104.98214, 39.771423 ] } },
{ "type": "Feature", "properties": { "OBJECTID": 143, "Facility ID": "04I82O", "Facility Name": "AURORA CARE LLC", "Facility Type Code": "05E", "Facility Type": "Home Care Agency", "Map Symbol": "Home Health", "Facility Type Detail": "HCA LICENSE - IN-HOME SUPPORT SERVICES", "Facility Type Abbreviation": "HCA-IHSS", "Licensed Beds Total": 0, "Telephone": "(303) 483-0704", "County": "DENVER", "Address Full": "190 E 9TH AVE STE 190G, DENVER, CO 80203", "Latitude": 39.730385, "Longitude": -104.985054, "CDPHE HFEMS Licensed": "Sublicense", "Operating Status": "Pending", "Date Data Updated": "2025-10-27T07:00:00Z", "Source": "CDPHE Health Facilities and Emergency Medical Services Division", "GlobalID": "770335af-73b0-4a46-8f89-7e25282e5a21", "x": 3144836.069, "y": 1691330.458 }, "geometry": { "type": "Point", "coordinates": [ -104.985054, 39.730385 ] } },
{ "type": "Feature", "properties": { "OBJECTID": 144, "Facility ID": "04I8ZN", "Facility Name": "SUMMIT HOME CARE INC", "Facility Type Code": "05E", "Facility Type": "Home Care Agency", "Map Symbol": "Home Health", "Facility Type Detail": "HCA LICENSE - IN-HOME SUPPORT SERVICES", "Facility Type Abbreviation": "HCA-IHSS", "Licensed Beds Total": 0, "Telephone": "Phone Number Not Avaliable", "County": "DENVER", "Address Full": "390 S DAYTON ST, DENVER, CO 80247", "Latitude": 39.708038, "Longitude": -104.875298, "CDPHE HFEMS Licensed": "Sublicense", "Operating Status": "Active", "Date Data Updated": "2025-10-27T07:00:00Z", "Source": "CDPHE Health Facilities and Emergency Medical Services Division", "GlobalID": "1946dd83-d2b1-43b9-b21a-1072439b3b35", "x": 3175761.48, "y": 1683384.022 }, "geometry": { "type": "Point", "coordinates": [ -104.875298, 39.708038 ] } },
{ "type": "Feature", "properties": { "OBJECTID": 145, "Facility ID": "04I8ZR", "Facility Name": "#1 NOOR HOME CARE", "Facility Type Code": "05E", "Facility Type": "Home Care Agency", "Map Symbol": "Home Health", "Facility Type Detail": "HCA LICENSE - IN-HOME SUPPORT SERVICES", "Facility Type Abbreviation": "HCA-IHSS", "Licensed Beds Total": 0, "Telephone": "Phone Number Not Avaliable", "County": "DENVER", "Address Full": "7900 E UNION AVE STE 1100, DENVER, CO 80237", "Latitude": 39.62867, "Longitude": -104.896881, "CDPHE HFEMS Licensed": "Sublicense", "Operating Status": "Active", "Date Data Updated": "2025-10-27T07:00:00Z", "Source": "CDPHE Health Facilities and Emergency Medical Services Division", "GlobalID": "d5b42c4e-2bb1-42d5-b0e4-854bac5b0e8d", "x": 3169881.17, "y": 1654433.06 }, "geometry": { "type": "Point", "coordinates": [ -104.896881, 39.62867 ] } },
{ "type": "Feature", "properties": { "OBJECTID": 146, "Facility ID": "04I966", "Facility Name": "KIDSCARE THERAPY OF COLORADO LLC", "Facility Type Code": "51", "Facility Type": "Home Health Agency", "Map Symbol": "Home Health", "Facility Type Detail": "MEDICARE/MEDICAID", "Facility Type Abbreviation": "HHA-1819", "Licensed Beds Total": 0, "Telephone": "(214) 751-7468", "County": "DENVER", "Address Full": "3801 E FLORIDA AVE #917, DENVER, CO 80210", "Latitude": 39.689373, "Longitude": -104.942131, "CDPHE HFEMS Licensed": "Licensed", "Operating Status": "Active", "Date Data Updated": "2025-10-27T07:00:00Z", "Source": "CDPHE Health Facilities and Emergency Medical Services Division", "GlobalID": "c61ca206-075e-4c5f-ae96-9570f14ae70d", "x": 3157000.148, "y": 1676462.787 }, "geometry": { "type": "Point", "coordinates": [ -104.942131, 39.689373 ] } },
{ "type": "Feature", "properties": { "OBJECTID": 147, "Facility ID": "04I972", "Facility Name": "COMPASS CARE SUPPORTS", "Facility Type Code": "05E", "Facility Type": "Home Care Agency", "Map Symbol": "Home Health", "Facility Type Detail": "HCA LICENSE - IN-HOME SUPPORT SERVICES", "Facility Type Abbreviation": "HCA-IHSS", "Licensed Beds Total": 0, "Telephone": "(303) 375-5455", "County": "DENVER", "Address Full": "4895 N JOLIET ST  UNIT L, DENVER, CO 80239", "Latitude": 39.786152, "Longitude": -104.861366, "CDPHE HFEMS Licensed": "Sublicense", "Operating Status": "Active", "Date Data Updated": "2025-10-27T07:00:00Z", "Source": "CDPHE Health Facilities and Emergency Medical Services Division", "GlobalID": "d216a793-62c6-4d87-92f4-5ec35e98f68b", "x": 3179481.127, "y": 1711865.157 }, "geometry": { "type": "Point", "coordinates": [ -104.861366, 39.786152 ] } },
{ "type": "Feature", "properties": { "OBJECTID": 148, "Facility ID": "04IG0G", "Facility Name": "FOCUS CARE SOLUTIONS INC", "Facility Type Code": "05E", "Facility Type": "Home Care Agency", "Map Symbol": "Home Health", "Facility Type Detail": "HCA LICENSE - IN-HOME SUPPORT SERVICES", "Facility Type Abbreviation": "HCA-IHSS", "Licensed Beds Total": 0, "Telephone": "Phone Number Not Avaliable", "County": "DENVER", "Address Full": "6826 E TENNESSEE AVE STE 532, DENVER, CO 80224", "Latitude": 39.698395, "Longitude": -104.90963, "CDPHE HFEMS Licensed": "Sublicense", "Operating Status": "Active", "Date Data Updated": "2025-10-27T07:00:00Z", "Source": "CDPHE Health Facilities and Emergency Medical Services Division", "GlobalID": "bb65e38f-500e-43d3-91a1-3063aa89ceae", "x": 3166125.206, "y": 1679806.901 }, "geometry": { "type": "Point", "coordinates": [ -104.90963, 39.698395 ] } },
{ "type": "Feature", "properties": { "OBJECTID": 149, "Facility ID": "04IOMP", "Facility Name": "OMEGA HOME HEALTH INC", "Facility Type Code": "05E", "Facility Type": "Home Care Agency", "Map Symbol": "Home Health", "Facility Type Detail": "HCA LICENSE - IN-HOME SUPPORT SERVICES", "Facility Type Abbreviation": "HCA-IHSS", "Licensed Beds Total": 0, "Telephone": "Phone Number Not Avaliable", "County": "DENVER", "Address Full": "2186 S HOLLY ST STE 205, DENVER, CO 80231", "Latitude": 39.677296, "Longitude": -104.922195, "CDPHE HFEMS Licensed": "Sublicense", "Operating Status": "Active", "Date Data Updated": "2025-10-27T07:00:00Z", "Source": "CDPHE Health Facilities and Emergency Medical Services Division", "GlobalID": "abecc35d-f8bd-4bcd-a9c3-7b10e5cdfb14", "x": 3162638.509, "y": 1672098.757 }, "geometry": { "type": "Point", "coordinates": [ -104.922195, 39.677296 ] } },
{ "type": "Feature", "properties": { "OBJECTID": 150, "Facility ID": "04J975", "Facility Name": "ALPINE HOMECARE LLC", "Facility Type Code": "05E", "Facility Type": "Home Care Agency", "Map Symbol": "Home Health", "Facility Type Detail": "HCA LICENSE - IN-HOME SUPPORT SERVICES", "Facility Type Abbreviation": "HCA-IHSS", "Licensed Beds Total": 0, "Telephone": "(303) 309-6202", "County": "DENVER", "Address Full": "10200 E GIRARD AVE  BLDG A STE 200, DENVER, CO 80231", "Latitude": 39.656151, "Longitude": -104.868362, "CDPHE HFEMS Licensed": "Sublicense", "Operating Status": "Active", "Date Data Updated": "2025-10-27T07:00:00Z", "Source": "CDPHE Health Facilities and Emergency Medical Services Division", "GlobalID": "1ee28693-228c-47e6-8e91-913d6d58dcb0", "x": 3177844.29, "y": 1664497.54 }, "geometry": { "type": "Point", "coordinates": [ -104.868362, 39.656151 ] } },
{ "type": "Feature", "properties": { "OBJECTID": 151, "Facility ID": "04J980", "Facility Name": "ASIAN AMERICAN HOMECARE LLC", "Facility Type Code": "05D", "Facility Type": "Home Care Agency", "Map Symbol": "Home Health", "Facility Type Detail": "HCA LICENSE - PERSONAL CARE HOMEMAKER", "Facility Type Abbreviation": "HCA-PHS", "Licensed Beds Total": 0, "Telephone": "(303) 362-0761", "County": "DENVER", "Address Full": "615 S FEDERAL BLVD # 105, DENVER, CO 80219", "Latitude": 39.705254, "Longitude": -105.025261, "CDPHE HFEMS Licensed": "Licensed", "Operating Status": "Active", "Date Data Updated": "2025-10-27T07:00:00Z", "Source": "CDPHE Health Facilities and Emergency Medical Services Division", "GlobalID": "fd0dff21-9e75-4d95-a53d-090f254f3d27", "x": 3133575.429, "y": 1682114.615 }, "geometry": { "type": "Point", "coordinates": [ -105.025261, 39.705254 ] } },
{ "type": "Feature", "properties": { "OBJECTID": 152, "Facility ID": "04JBO5", "Facility Name": "AIDALY CARE", "Facility Type Code": "05A", "Facility Type": "Home Health Agency", "Map Symbol": "Home Health", "Facility Type Detail": "HHA LICENSE ONLY - CERT ELIGIBLE", "Facility Type Abbreviation": "HHA-LCE", "Licensed Beds Total": 0, "Telephone": "(888) 691-5947", "County": "DENVER", "Address Full": "1200 17TH ST 10TH FL, DENVER, CO 80202", "Latitude": 39.749359, "Longitude": -104.995285, "CDPHE HFEMS Licensed": "Licensed", "Operating Status": "Active", "Date Data Updated": "2025-10-27T07:00:00Z", "Source": "CDPHE Health Facilities and Emergency Medical Services Division", "GlobalID": "36108a85-2b70-4bc2-aa19-a5f7021ea161", "x": 3141920.138, "y": 1698225.842 }, "geometry": { "type": "Point", "coordinates": [ -104.995285, 39.749359 ] } },
{ "type": "Feature", "properties": { "OBJECTID": 153, "Facility ID": "04JQ2U", "Facility Name": "ROYALTY CARE NURSING SERVICES LLC", "Facility Type Code": "05E", "Facility Type": "Home Care Agency", "Map Symbol": "Home Health", "Facility Type Detail": "HCA LICENSE - IN-HOME SUPPORT SERVICES", "Facility Type Abbreviation": "HCA-IHSS", "Licensed Beds Total": 0, "Telephone": "Phone Number Not Avaliable", "County": "DENVER", "Address Full": "8801 E HAMPDEN AVE STE 110, DENVER, CO 80231", "Latitude": 39.653145, "Longitude": -104.886116, "CDPHE HFEMS Licensed": "Sublicense", "Operating Status": "Active", "Date Data Updated": "2025-10-27T07:00:00Z", "Source": "CDPHE Health Facilities and Emergency Medical Services Division", "GlobalID": "8c462242-2f35-472d-8b22-74f290ce6ebe", "x": 3172853.02, "y": 1663368.338 }, "geometry": { "type": "Point", "coordinates": [ -104.886116, 39.653145 ] } },
{ "type": "Feature", "properties": { "OBJECTID": 154, "Facility ID": "04JUP3", "Facility Name": "EXTENDED CARE SERVICES", "Facility Type Code": "05C", "Facility Type": "Home Care Agency", "Map Symbol": "Home Health", "Facility Type Detail": "HCA LICENSE ONLY", "Facility Type Abbreviation": "HCA-LIC", "Licensed Beds Total": 0, "Telephone": "(720) 532-0907", "County": "DENVER", "Address Full": "9725 E HAMPDEN AVE  STE 101A, DENVER, CO 80231", "Latitude": 39.653118, "Longitude": -104.875374, "CDPHE HFEMS Licensed": "Licensed", "Operating Status": "Active", "Date Data Updated": "2025-10-27T07:00:00Z", "Source": "CDPHE Health Facilities and Emergency Medical Services Division", "GlobalID": "981ef941-4ed1-47c6-9b78-2f971884af31", "x": 3175877.646, "y": 1663379.121 }, "geometry": { "type": "Point", "coordinates": [ -104.875374, 39.653118 ] } },
{ "type": "Feature", "properties": { "OBJECTID": 155, "Facility ID": "04K182", "Facility Name": "RELIABLE HOME CARE LLC", "Facility Type Code": "05E", "Facility Type": "Home Care Agency", "Map Symbol": "Home Health", "Facility Type Detail": "HCA LICENSE - IN-HOME SUPPORT SERVICES", "Facility Type Abbreviation": "HCA-IHSS", "Licensed Beds Total": 0, "Telephone": "(720) 223-3363", "County": "DENVER", "Address Full": "6000 E EVANS AVE #3-320, DENVER, CO 80222", "Latitude": 39.678413, "Longitude": -104.91803, "CDPHE HFEMS Licensed": "Sublicense", "Operating Status": "Active", "Date Data Updated": "2025-10-27T07:00:00Z", "Source": "CDPHE Health Facilities and Emergency Medical Services Division", "GlobalID": "3b2e24f2-dca5-4a24-ae7d-e9a6d2b65ec8", "x": 3163808.216, "y": 1672513.111 }, "geometry": { "type": "Point", "coordinates": [ -104.91803, 39.678413 ] } },
{ "type": "Feature", "properties": { "OBJECTID": 156, "Facility ID": "04K183", "Facility Name": "SUNFLOWER CARE GROUP INC", "Facility Type Code": "05D", "Facility Type": "Home Care Agency", "Map Symbol": "Home Health", "Facility Type Detail": "HCA LICENSE - PERSONAL CARE HOMEMAKER", "Facility Type Abbreviation": "HCA-PHS", "Licensed Beds Total": 0, "Telephone": "(720) 390-5163", "County": "DENVER", "Address Full": "1100 S SHOSHONE ST, DENVER, CO 80223", "Latitude": 39.696037, "Longitude": -105.010651, "CDPHE HFEMS Licensed": "Licensed", "Operating Status": "Active", "Date Data Updated": "2025-10-27T07:00:00Z", "Source": "CDPHE Health Facilities and Emergency Medical Services Division", "GlobalID": "7567ae1c-bbd8-4083-8914-3d22b9ed4a28", "x": 3137704.146, "y": 1678779.056 }, "geometry": { "type": "Point", "coordinates": [ -105.010651, 39.696037 ] } },
{ "type": "Feature", "properties": { "OBJECTID": 157, "Facility ID": "04K461", "Facility Name": "# 1 HOME CARE AGENCY CORPORATION", "Facility Type Code": "05E", "Facility Type": "Home Care Agency", "Map Symbol": "Home Health", "Facility Type Detail": "HCA LICENSE - IN-HOME SUPPORT SERVICES", "Facility Type Abbreviation": "HCA-IHSS", "Licensed Beds Total": 0, "Telephone": "(303) 306-0404", "County": "DENVER", "Address Full": "10200 E GIRARD AVE BLDG A  STE 103, DENVER, CO 80231", "Latitude": 39.656151, "Longitude": -104.868362, "CDPHE HFEMS Licensed": "Sublicense", "Operating Status": "Active", "Date Data Updated": "2025-10-27T07:00:00Z", "Source": "CDPHE Health Facilities and Emergency Medical Services Division", "GlobalID": "444d0095-e225-491c-b151-d9dfc97db536", "x": 3177844.29, "y": 1664497.54 }, "geometry": { "type": "Point", "coordinates": [ -104.868362, 39.656151 ] } },
{ "type": "Feature", "properties": { "OBJECTID": 158, "Facility ID": "04K558", "Facility Name": "ACCENTCARE HOME HEALTH OF MOUNTAIN VALLEY LLC", "Facility Type Code": "51", "Facility Type": "Home Health Agency", "Map Symbol": "Home Health", "Facility Type Detail": "MEDICARE/MEDICAID", "Facility Type Abbreviation": "HHA-1819", "Licensed Beds Total": 0, "Telephone": "(303) 620-5402", "County": "DENVER", "Address Full": "455 SHERMAN ST STE 465, DENVER, CO 80203", "Latitude": 39.723427, "Longitude": -104.9851, "CDPHE HFEMS Licensed": "Licensed", "Operating Status": "Active", "Date Data Updated": "2025-10-27T07:00:00Z", "Source": "CDPHE Health Facilities and Emergency Medical Services Division", "GlobalID": "08171fe5-91fb-4d7a-8078-cf863687039b", "x": 3144837.497, "y": 1688795.854 }, "geometry": { "type": "Point", "coordinates": [ -104.9851, 39.723427 ] } },
{ "type": "Feature", "properties": { "OBJECTID": 159, "Facility ID": "04K7EF", "Facility Name": "PUREHEARTHOMECARE LLC", "Facility Type Code": "05E", "Facility Type": "Home Care Agency", "Map Symbol": "Home Health", "Facility Type Detail": "HCA LICENSE - IN-HOME SUPPORT SERVICES", "Facility Type Abbreviation": "HCA-IHSS", "Licensed Beds Total": 0, "Telephone": "Phone Number Not Avaliable", "County": "DENVER", "Address Full": "8354 NORTHFIELD BLVD BLDG G STE 3700, DENVER, CO 80238", "Latitude": 39.785404, "Longitude": -104.890236, "CDPHE HFEMS Licensed": "Sublicense", "Operating Status": "Active", "Date Data Updated": "2025-10-27T07:00:00Z", "Source": "CDPHE Health Facilities and Emergency Medical Services Division", "GlobalID": "bf64f401-ca87-4a22-914c-46eb80a83048", "x": 3171369.609, "y": 1711536.938 }, "geometry": { "type": "Point", "coordinates": [ -104.890236, 39.785404 ] } },
{ "type": "Feature", "properties": { "OBJECTID": 160, "Facility ID": "04K996", "Facility Name": "SUPER HEALTH CARE INCORPORATED", "Facility Type Code": "51", "Facility Type": "Home Health Agency", "Map Symbol": "Home Health", "Facility Type Detail": "MEDICARE/MEDICAID", "Facility Type Abbreviation": "HHA-1819", "Licensed Beds Total": 0, "Telephone": "(303) 991-1009", "County": "DENVER", "Address Full": "6795 E TENNESSEE AVE  STE 225, DENVER, CO 80224", "Latitude": 39.698505, "Longitude": -104.910103, "CDPHE HFEMS Licensed": "Licensed", "Operating Status": "Active", "Date Data Updated": "2025-10-27T07:00:00Z", "Source": "CDPHE Health Facilities and Emergency Medical Services Division", "GlobalID": "95c62217-99ed-4ae9-ab50-14bd39d3068a", "x": 3165991.852, "y": 1679846.104 }, "geometry": { "type": "Point", "coordinates": [ -104.910103, 39.698505 ] } },
{ "type": "Feature", "properties": { "OBJECTID": 161, "Facility ID": "04KJEA", "Facility Name": "GLOBAL SENIOR SERVICES", "Facility Type Code": "05E", "Facility Type": "Home Care Agency", "Map Symbol": "Home Health", "Facility Type Detail": "HCA LICENSE - IN-HOME SUPPORT SERVICES", "Facility Type Abbreviation": "HCA-IHSS", "Licensed Beds Total": 0, "Telephone": "Phone Number Not Avaliable", "County": "DENVER", "Address Full": "20883 E 44TH AVE, DENVER, CO 80249", "Latitude": 39.777565, "Longitude": -104.745789, "CDPHE HFEMS Licensed": "Sublicense", "Operating Status": "Pending", "Date Data Updated": "2025-10-27T07:00:00Z", "Source": "CDPHE Health Facilities and Emergency Medical Services Division", "GlobalID": "8b108830-615e-4131-99e9-2477241be910", "x": 3211987.557, "y": 1708986.238 }, "geometry": { "type": "Point", "coordinates": [ -104.745789, 39.777565 ] } },
{ "type": "Feature", "properties": { "OBJECTID": 162, "Facility ID": "04L189", "Facility Name": "HOME CARE RN INC", "Facility Type Code": "51", "Facility Type": "Home Health Agency", "Map Symbol": "Home Health", "Facility Type Detail": "MEDICARE/MEDICAID", "Facility Type Abbreviation": "HHA-1819", "Licensed Beds Total": 0, "Telephone": "(720) 535-8652", "County": "DENVER", "Address Full": "1325 S COLORADO BLVD #B-101, DENVER, CO 80222", "Latitude": 39.692509, "Longitude": -104.940804, "CDPHE HFEMS Licensed": "Licensed", "Operating Status": "Active", "Date Data Updated": "2025-10-27T07:00:00Z", "Source": "CDPHE Health Facilities and Emergency Medical Services Division", "GlobalID": "32bbc5df-aaec-448a-b09e-aa6849afdba4", "x": 3157366.561, "y": 1677607.388 }, "geometry": { "type": "Point", "coordinates": [ -104.940804, 39.692509 ] } },
{ "type": "Feature", "properties": { "OBJECTID": 163, "Facility ID": "04L580", "Facility Name": "PROGRESSIVE HOME HEALTH SERVICES LLC", "Facility Type Code": "51", "Facility Type": "Home Health Agency", "Map Symbol": "Home Health", "Facility Type Detail": "MEDICARE/MEDICAID", "Facility Type Abbreviation": "HHA-1819", "Licensed Beds Total": 0, "Telephone": "(720) 339-2129", "County": "DENVER", "Address Full": "6000 E EVANS AVE  BLDG 1 STE 010, DENVER, CO 80222", "Latitude": 39.678413, "Longitude": -104.91803, "CDPHE HFEMS Licensed": "Licensed", "Operating Status": "Active", "Date Data Updated": "2025-10-27T07:00:00Z", "Source": "CDPHE Health Facilities and Emergency Medical Services Division", "GlobalID": "97c82770-890d-4737-acea-c93a93711224", "x": 3163808.216, "y": 1672513.111 }, "geometry": { "type": "Point", "coordinates": [ -104.91803, 39.678413 ] } },
{ "type": "Feature", "properties": { "OBJECTID": 164, "Facility ID": "04L582", "Facility Name": "ABSOLUTE HOME CARE LLC", "Facility Type Code": "05E", "Facility Type": "Home Care Agency", "Map Symbol": "Home Health", "Facility Type Detail": "HCA LICENSE - IN-HOME SUPPORT SERVICES", "Facility Type Abbreviation": "HCA-IHSS", "Licensed Beds Total": 0, "Telephone": "(720) 999-7774", "County": "DENVER", "Address Full": "9745 E HAMPDEN AVE  STE 102-F, DENVER, CO 80231", "Latitude": 39.653114, "Longitude": -104.874489, "CDPHE HFEMS Licensed": "Sublicense", "Operating Status": "Active", "Date Data Updated": "2025-10-27T07:00:00Z", "Source": "CDPHE Health Facilities and Emergency Medical Services Division", "GlobalID": "e6f40028-f9dc-45c4-9f36-9eaa84a68e0e", "x": 3176126.84, "y": 1663379.378 }, "geometry": { "type": "Point", "coordinates": [ -104.874489, 39.653114 ] } },
{ "type": "Feature", "properties": { "OBJECTID": 165, "Facility ID": "04LIIH", "Facility Name": "HORIZONS HOME HEALTH LLC", "Facility Type Code": "05A", "Facility Type": "Home Health Agency", "Map Symbol": "Home Health", "Facility Type Detail": "HHA LICENSE ONLY - CERT ELIGIBLE", "Facility Type Abbreviation": "HHA-LCE", "Licensed Beds Total": 0, "Telephone": "(903) 948-1161", "County": "DENVER", "Address Full": "2620 W 25TH AVE, DENVER, CO 80211", "Latitude": 39.753567, "Longitude": -105.019623, "CDPHE HFEMS Licensed": "Licensed", "Operating Status": "Active", "Date Data Updated": "2025-10-27T07:00:00Z", "Source": "CDPHE Health Facilities and Emergency Medical Services Division", "GlobalID": "4da5a791-7f99-4ef8-a5e6-2ae4a07106ad", "x": 3135068.663, "y": 1699721.567 }, "geometry": { "type": "Point", "coordinates": [ -105.019623, 39.753567 ] } },
{ "type": "Feature", "properties": { "OBJECTID": 166, "Facility ID": "04LMNM", "Facility Name": "FREEDOM CARE OF COLORADO LLC", "Facility Type Code": "05D", "Facility Type": "Home Care Agency", "Map Symbol": "Home Health", "Facility Type Detail": "HCA LICENSE - PERSONAL CARE HOMEMAKER", "Facility Type Abbreviation": "HCA-PHS", "Licensed Beds Total": 0, "Telephone": "(303) 531-5590", "County": "DENVER", "Address Full": "7900 E UNION AVE STE 1100 OFF 1175, DENVER, CO 80237", "Latitude": 39.62867, "Longitude": -104.896881, "CDPHE HFEMS Licensed": "Licensed", "Operating Status": "Active", "Date Data Updated": "2025-10-27T07:00:00Z", "Source": "CDPHE Health Facilities and Emergency Medical Services Division", "GlobalID": "150cd32f-fc44-4ba1-a9a1-e66be06f3eb2", "x": 3169881.17, "y": 1654433.06 }, "geometry": { "type": "Point", "coordinates": [ -104.896881, 39.62867 ] } },
{ "type": "Feature", "properties": { "OBJECTID": 167, "Facility ID": "04LPVU", "Facility Name": "BLOSSOM HOME CARE LLC", "Facility Type Code": "05D", "Facility Type": "Home Care Agency", "Map Symbol": "Home Health", "Facility Type Detail": "HCA LICENSE - PERSONAL CARE HOMEMAKER", "Facility Type Abbreviation": "HCA-PHS", "Licensed Beds Total": 0, "Telephone": "(720) 749-3904", "County": "DENVER", "Address Full": "3900 E MEXICO AVE STE 604, DENVER, CO 80210", "Latitude": 39.685631, "Longitude": -104.941742, "CDPHE HFEMS Licensed": "Licensed", "Operating Status": "Active", "Date Data Updated": "2025-10-27T07:00:00Z", "Source": "CDPHE Health Facilities and Emergency Medical Services Division", "GlobalID": "748c32bd-75a0-46a4-a995-79a8480924ed", "x": 3157117.997, "y": 1675100.416 }, "geometry": { "type": "Point", "coordinates": [ -104.941742, 39.685631 ] } },
{ "type": "Feature", "properties": { "OBJECTID": 168, "Facility ID": "04LR8L", "Facility Name": "HEALTH & MORE CARE PLUS LLC", "Facility Type Code": "05C", "Facility Type": "Home Care Agency", "Map Symbol": "Home Health", "Facility Type Detail": "HCA LICENSE ONLY", "Facility Type Abbreviation": "HCA-LIC", "Licensed Beds Total": 0, "Telephone": "Phone Number Not Avaliable", "County": "DENVER", "Address Full": "5701 E EVANS AVE STE 206, DENVER, CO 80222", "Latitude": 39.67852, "Longitude": -104.920906, "CDPHE HFEMS Licensed": "Licensed", "Operating Status": "Pending", "Date Data Updated": "2025-10-27T07:00:00Z", "Source": "CDPHE Health Facilities and Emergency Medical Services Division", "GlobalID": "8c4f8b23-c303-41a6-b0ec-f13556d03ad4", "x": 3162998.479, "y": 1672546.913 }, "geometry": { "type": "Point", "coordinates": [ -104.920906, 39.67852 ] } },
{ "type": "Feature", "properties": { "OBJECTID": 169, "Facility ID": "04M116", "Facility Name": "ACCESS HOME CARE LLC", "Facility Type Code": "05E", "Facility Type": "Home Care Agency", "Map Symbol": "Home Health", "Facility Type Detail": "HCA LICENSE - IN-HOME SUPPORT SERVICES", "Facility Type Abbreviation": "HCA-IHSS", "Licensed Beds Total": 0, "Telephone": "(720) 933-9040", "County": "DENVER", "Address Full": "9725 E HAMPDEN AVE STE 102A, DENVER, CO 80231", "Latitude": 39.653118, "Longitude": -104.875374, "CDPHE HFEMS Licensed": "Sublicense", "Operating Status": "Active", "Date Data Updated": "2025-10-27T07:00:00Z", "Source": "CDPHE Health Facilities and Emergency Medical Services Division", "GlobalID": "beecdfda-08e3-4812-b5d3-c0120fe07daa", "x": 3175877.646, "y": 1663379.121 }, "geometry": { "type": "Point", "coordinates": [ -104.875374, 39.653118 ] } },
{ "type": "Feature", "properties": { "OBJECTID": 170, "Facility ID": "04M227", "Facility Name": "CORAM CVS/SPECIALTY INFUSION SERVICES", "Facility Type Code": "05B", "Facility Type": "Home Health Agency", "Map Symbol": "Home Health", "Facility Type Detail": "HHA LICENSE ONLY - NOT CERT ELIGIBLE", "Facility Type Abbreviation": "HHA-LNCE", "Licensed Beds Total": 0, "Telephone": "(505) 366-3673", "County": "DENVER", "Address Full": "1550 WEWATTA ST, DENVER, CO 80202", "Latitude": 39.752731, "Longitude": -105.00267, "CDPHE HFEMS Licensed": "Licensed", "Operating Status": "Active", "Date Data Updated": "2025-10-27T07:00:00Z", "Source": "CDPHE Health Facilities and Emergency Medical Services Division", "GlobalID": "7ed29195-1111-45b7-aa5d-bd1d1cdc7fd0", "x": 3139836.897, "y": 1699442.691 }, "geometry": { "type": "Point", "coordinates": [ -105.00267, 39.752731 ] } },
{ "type": "Feature", "properties": { "OBJECTID": 171, "Facility ID": "04M281", "Facility Name": "HOME HELPERS #58400", "Facility Type Code": "05C", "Facility Type": "Home Care Agency", "Map Symbol": "Home Health", "Facility Type Detail": "HCA LICENSE ONLY", "Facility Type Abbreviation": "HCA-LIC", "Licensed Beds Total": 0, "Telephone": "(303) 777-7870", "County": "DENVER", "Address Full": "2480 S DOWNING ST  STE 204, DENVER, CO 80210", "Latitude": 39.67173, "Longitude": -104.973404, "CDPHE HFEMS Licensed": "Licensed", "Operating Status": "Active", "Date Data Updated": "2025-10-27T07:00:00Z", "Source": "CDPHE Health Facilities and Emergency Medical Services Division", "GlobalID": "c9228401-5afe-4d2d-b668-6a66167cb0a3", "x": 3148236.551, "y": 1669983.703 }, "geometry": { "type": "Point", "coordinates": [ -104.973404, 39.67173 ] } },
{ "type": "Feature", "properties": { "OBJECTID": 172, "Facility ID": "04M586", "Facility Name": "HOME CARE RN INC", "Facility Type Code": "05D", "Facility Type": "Home Care Agency", "Map Symbol": "Home Health", "Facility Type Detail": "HCA LICENSE - PERSONAL CARE HOMEMAKER", "Facility Type Abbreviation": "HCA-PHS", "Licensed Beds Total": 0, "Telephone": "(720) 535-8652", "County": "DENVER", "Address Full": "1325 S COLORADO BLVD  #B-101, DENVER, CO 80222", "Latitude": 39.692509, "Longitude": -104.940804, "CDPHE HFEMS Licensed": "Sublicense", "Operating Status": "Active", "Date Data Updated": "2025-10-27T07:00:00Z", "Source": "CDPHE Health Facilities and Emergency Medical Services Division", "GlobalID": "1af896a7-8e31-4625-908b-add61eb0561a", "x": 3157366.561, "y": 1677607.388 }, "geometry": { "type": "Point", "coordinates": [ -104.940804, 39.692509 ] } },
{ "type": "Feature", "properties": { "OBJECTID": 173, "Facility ID": "04MHU0", "Facility Name": "GENTLER HOMECARE LLC", "Facility Type Code": "05E", "Facility Type": "Home Care Agency", "Map Symbol": "Home Health", "Facility Type Detail": "HCA LICENSE - IN-HOME SUPPORT SERVICES", "Facility Type Abbreviation": "HCA-IHSS", "Licensed Beds Total": 0, "Telephone": "Phone Number Not Avaliable", "County": "DENVER", "Address Full": "1390 TENNYSON ST, DENVER, CO 80204", "Latitude": 39.738262, "Longitude": -105.043945, "CDPHE HFEMS Licensed": "Sublicense", "Operating Status": "Active", "Date Data Updated": "2025-10-27T07:00:00Z", "Source": "CDPHE Health Facilities and Emergency Medical Services Division", "GlobalID": "ceaa9417-3222-4750-a3ba-3420db3bf0e4", "x": 3128258.181, "y": 1694111.243 }, "geometry": { "type": "Point", "coordinates": [ -105.043945, 39.738262 ] } },
{ "type": "Feature", "properties": { "OBJECTID": 174, "Facility ID": "04MMB0", "Facility Name": "BLOSSOM HOME CARE LLC", "Facility Type Code": "05E", "Facility Type": "Home Care Agency", "Map Symbol": "Home Health", "Facility Type Detail": "HCA LICENSE - IN-HOME SUPPORT SERVICES", "Facility Type Abbreviation": "HCA-IHSS", "Licensed Beds Total": 0, "Telephone": "(720) 749-3904", "County": "DENVER", "Address Full": "3900 E MEXICO AVE STE 604, DENVER, CO 80210", "Latitude": 39.685631, "Longitude": -104.941742, "CDPHE HFEMS Licensed": "Sublicense", "Operating Status": "Active", "Date Data Updated": "2025-10-27T07:00:00Z", "Source": "CDPHE Health Facilities and Emergency Medical Services Division", "GlobalID": "bebcbdc7-11a3-4896-9ad2-6af219103bcf", "x": 3157117.997, "y": 1675100.416 }, "geometry": { "type": "Point", "coordinates": [ -104.941742, 39.685631 ] } },
{ "type": "Feature", "properties": { "OBJECTID": 175, "Facility ID": "04MT6S", "Facility Name": "FIRST TLC HOMECARE LLC", "Facility Type Code": "05D", "Facility Type": "Home Care Agency", "Map Symbol": "Home Health", "Facility Type Detail": "HCA LICENSE - PERSONAL CARE HOMEMAKER", "Facility Type Abbreviation": "HCA-PHS", "Licensed Beds Total": 0, "Telephone": "Phone Number Not Avaliable", "County": "DENVER", "Address Full": "4700 URAVAN STREET, DENVER, CO 80249", "Latitude": 39.781872, "Longitude": -104.780029, "CDPHE HFEMS Licensed": "Sublicense", "Operating Status": "Active", "Date Data Updated": "2025-10-27T07:00:00Z", "Source": "CDPHE Health Facilities and Emergency Medical Services Division", "GlobalID": "0820c821-d4d0-42f0-bccb-199fa7c7b5f6", "x": 3202351.553, "y": 1710477.034 }, "geometry": { "type": "Point", "coordinates": [ -104.780029, 39.781872 ] } },
{ "type": "Feature", "properties": { "OBJECTID": 176, "Facility ID": "04N224", "Facility Name": "BLUE SPRUCE HOME CARE INC", "Facility Type Code": "05D", "Facility Type": "Home Care Agency", "Map Symbol": "Home Health", "Facility Type Detail": "HCA LICENSE - PERSONAL CARE HOMEMAKER", "Facility Type Abbreviation": "HCA-PHS", "Licensed Beds Total": 0, "Telephone": "(303) 333-0100", "County": "DENVER", "Address Full": "6440 E COLFAX AVE, DENVER, CO 80220", "Latitude": 39.74004, "Longitude": -104.912895, "CDPHE HFEMS Licensed": "Licensed", "Operating Status": "Active", "Date Data Updated": "2025-10-27T07:00:00Z", "Source": "CDPHE Health Facilities and Emergency Medical Services Division", "GlobalID": "7152c8d2-6288-486a-b4ea-0172d608d20f", "x": 3165108.454, "y": 1694970.497 }, "geometry": { "type": "Point", "coordinates": [ -104.912895, 39.74004 ] } },
{ "type": "Feature", "properties": { "OBJECTID": 177, "Facility ID": "04N711", "Facility Name": "INNOVAGE PACE HOME CARE", "Facility Type Code": "05A", "Facility Type": "Home Health Agency", "Map Symbol": "Home Health", "Facility Type Detail": "HHA LICENSE ONLY - CERT ELIGIBLE", "Facility Type Abbreviation": "HHA-LCE", "Licensed Beds Total": 0, "Telephone": "(303) 869-4664", "County": "DENVER", "Address Full": "8950 E LOWRY BLVD, DENVER, CO 80230", "Latitude": 39.723923, "Longitude": -104.883408, "CDPHE HFEMS Licensed": "Licensed", "Operating Status": "Active", "Date Data Updated": "2025-10-27T07:00:00Z", "Source": "CDPHE Health Facilities and Emergency Medical Services Division", "GlobalID": "c75964c0-f534-4a5a-acde-bad73d0c1c2c", "x": 3173440.51, "y": 1689154.662 }, "geometry": { "type": "Point", "coordinates": [ -104.883408, 39.723923 ] } },
{ "type": "Feature", "properties": { "OBJECTID": 178, "Facility ID": "04N879", "Facility Name": "WRIGHT NURTURING CARE & ASSOCIATES INC", "Facility Type Code": "05E", "Facility Type": "Home Care Agency", "Map Symbol": "Home Health", "Facility Type Detail": "HCA LICENSE - IN-HOME SUPPORT SERVICES", "Facility Type Abbreviation": "HCA-IHSS", "Licensed Beds Total": 0, "Telephone": "(303) 307-1690", "County": "DENVER", "Address Full": "6825 E TENNESSEE AVE  STE 685, DENVER, CO 80224", "Latitude": 39.698505, "Longitude": -104.909645, "CDPHE HFEMS Licensed": "Sublicense", "Operating Status": "Active", "Date Data Updated": "2025-10-27T07:00:00Z", "Source": "CDPHE Health Facilities and Emergency Medical Services Division", "GlobalID": "fbae4357-c29a-4032-b056-dc9d3abfa4f7", "x": 3166120.725, "y": 1679846.941 }, "geometry": { "type": "Point", "coordinates": [ -104.909645, 39.698505 ] } },
{ "type": "Feature", "properties": { "OBJECTID": 179, "Facility ID": "04NHB8", "Facility Name": "AMERICAN TRUSTED NURSES", "Facility Type Code": "05E", "Facility Type": "Home Care Agency", "Map Symbol": "Home Health", "Facility Type Detail": "HCA LICENSE - IN-HOME SUPPORT SERVICES", "Facility Type Abbreviation": "HCA-IHSS", "Licensed Beds Total": 0, "Telephone": "Phone Number Not Avaliable", "County": "DENVER", "Address Full": "600 17TH ST STE 2800, DENVER, CO 80202", "Latitude": 39.745468, "Longitude": -104.990234, "CDPHE HFEMS Licensed": "Sublicense", "Operating Status": "Active", "Date Data Updated": "2025-10-27T07:00:00Z", "Source": "CDPHE Health Facilities and Emergency Medical Services Division", "GlobalID": "1a79cbf1-ef0d-4538-be32-de96404fa660", "x": 3143348.333, "y": 1696816.419 }, "geometry": { "type": "Point", "coordinates": [ -104.990234, 39.745468 ] } },
{ "type": "Feature", "properties": { "OBJECTID": 180, "Facility ID": "04O234", "Facility Name": "ALL FOR KIDS HOME HEALTH", "Facility Type Code": "51", "Facility Type": "Home Health Agency", "Map Symbol": "Home Health", "Facility Type Detail": "MEDICARE/MEDICAID", "Facility Type Abbreviation": "HHA-1819", "Licensed Beds Total": 0, "Telephone": "(720) 456-8054", "County": "DENVER", "Address Full": "4155 E JEWEWLL AVE STE 900, DENVER, CO 80222", "Latitude": 39.682148, "Longitude": -104.937157, "CDPHE HFEMS Licensed": "Licensed", "Operating Status": "Active", "Date Data Updated": "2025-10-27T07:00:00Z", "Source": "CDPHE Health Facilities and Emergency Medical Services Division", "GlobalID": "b3764b14-3106-4b3d-aa05-66e935044b41", "x": 3158416.236, "y": 1673839.679 }, "geometry": { "type": "Point", "coordinates": [ -104.937157, 39.682148 ] } },
{ "type": "Feature", "properties": { "OBJECTID": 181, "Facility ID": "04O63L", "Facility Name": "EZY HOME HEALTH LLC", "Facility Type Code": "05D", "Facility Type": "Home Care Agency", "Map Symbol": "Home Health", "Facility Type Detail": "HCA LICENSE - PERSONAL CARE HOMEMAKER", "Facility Type Abbreviation": "HCA-PHS", "Licensed Beds Total": 0, "Telephone": "Phone Number Not Avaliable", "County": "DENVER", "Address Full": "21438 RANDOLPH PL, DENVER, CO 80249", "Latitude": 39.797657, "Longitude": -104.738319, "CDPHE HFEMS Licensed": "Sublicense", "Operating Status": "Active", "Date Data Updated": "2025-10-27T07:00:00Z", "Source": "CDPHE Health Facilities and Emergency Medical Services Division", "GlobalID": "aa14da46-8ced-440e-b2a7-1d5ce17a31f2", "x": 3214025.724, "y": 1716322.521 }, "geometry": { "type": "Point", "coordinates": [ -104.738319, 39.797657 ] } },
{ "type": "Feature", "properties": { "OBJECTID": 182, "Facility ID": "04OGPF", "Facility Name": "UNIVERSAL HOME CARE LTD", "Facility Type Code": "05D", "Facility Type": "Home Care Agency", "Map Symbol": "Home Health", "Facility Type Detail": "HCA LICENSE - PERSONAL CARE HOMEMAKER", "Facility Type Abbreviation": "HCA-PHS", "Licensed Beds Total": 0, "Telephone": "(303) 946-6515", "County": "DENVER", "Address Full": "2055 S ONEIDA ST  STE 372, DENVER, CO 80224", "Latitude": 39.678986, "Longitude": -104.908287, "CDPHE HFEMS Licensed": "Licensed", "Operating Status": "Pending", "Date Data Updated": "2025-10-27T07:00:00Z", "Source": "CDPHE Health Facilities and Emergency Medical Services Division", "GlobalID": "1ff8fa5c-8a73-4ff1-932c-14333343fff0", "x": 3166549.153, "y": 1672739.543 }, "geometry": { "type": "Point", "coordinates": [ -104.908287, 39.678986 ] } },
{ "type": "Feature", "properties": { "OBJECTID": 183, "Facility ID": "04OI2L", "Facility Name": "PRIME CARE HOME HEALTH INC", "Facility Type Code": "05E", "Facility Type": "Home Care Agency", "Map Symbol": "Home Health", "Facility Type Detail": "HCA LICENSE - IN-HOME SUPPORT SERVICES", "Facility Type Abbreviation": "HCA-IHSS", "Licensed Beds Total": 0, "Telephone": "Phone Number Not Avaliable", "County": "DENVER", "Address Full": "2121 S ONEIDA ST STE 100, DENVER, CO 80224", "Latitude": 39.678001, "Longitude": -104.908287, "CDPHE HFEMS Licensed": "Sublicense", "Operating Status": "Active", "Date Data Updated": "2025-10-27T07:00:00Z", "Source": "CDPHE Health Facilities and Emergency Medical Services Division", "GlobalID": "dd8eb575-d806-49ba-8fc8-3cd381e6f250", "x": 3166551.49, "y": 1672380.754 }, "geometry": { "type": "Point", "coordinates": [ -104.908287, 39.678001 ] } },
{ "type": "Feature", "properties": { "OBJECTID": 184, "Facility ID": "04P169", "Facility Name": "OPTA HOME HEALTH CARE OF COLORADO INC", "Facility Type Code": "05E", "Facility Type": "Home Care Agency", "Map Symbol": "Home Health", "Facility Type Detail": "HCA LICENSE - IN-HOME SUPPORT SERVICES", "Facility Type Abbreviation": "HCA-IHSS", "Licensed Beds Total": 0, "Telephone": "(303) 484-9323", "County": "DENVER", "Address Full": "6795 E TENNESSEE AVE  STE 345, DENVER, CO 80224", "Latitude": 39.698505, "Longitude": -104.910103, "CDPHE HFEMS Licensed": "Sublicense", "Operating Status": "Active", "Date Data Updated": "2025-10-27T07:00:00Z", "Source": "CDPHE Health Facilities and Emergency Medical Services Division", "GlobalID": "0d341981-9762-41b7-b8e3-0f8d77c75c16", "x": 3165991.852, "y": 1679846.104 }, "geometry": { "type": "Point", "coordinates": [ -104.910103, 39.698505 ] } },
{ "type": "Feature", "properties": { "OBJECTID": 185, "Facility ID": "04P253", "Facility Name": "ESTRELLA HOME HEALTH CARE INC", "Facility Type Code": "05D", "Facility Type": "Home Care Agency", "Map Symbol": "Home Health", "Facility Type Detail": "HCA LICENSE - PERSONAL CARE HOMEMAKER", "Facility Type Abbreviation": "HCA-PHS", "Licensed Beds Total": 0, "Telephone": "(303) 756-6756", "County": "DENVER", "Address Full": "4155 E JEWELL AVE  STE 809, DENVER, CO 80222", "Latitude": 39.682148, "Longitude": -104.937157, "CDPHE HFEMS Licensed": "Sublicense", "Operating Status": "Active", "Date Data Updated": "2025-10-27T07:00:00Z", "Source": "CDPHE Health Facilities and Emergency Medical Services Division", "GlobalID": "0addef71-3186-49d6-96d8-bcae049d151e", "x": 3158416.236, "y": 1673839.679 }, "geometry": { "type": "Point", "coordinates": [ -104.937157, 39.682148 ] } },
{ "type": "Feature", "properties": { "OBJECTID": 186, "Facility ID": "04P512", "Facility Name": "A CARING NETWORK", "Facility Type Code": "05D", "Facility Type": "Home Care Agency", "Map Symbol": "Home Health", "Facility Type Detail": "HCA LICENSE - PERSONAL CARE HOMEMAKER", "Facility Type Abbreviation": "HCA-PHS", "Licensed Beds Total": 0, "Telephone": "(720) 477-4013", "County": "DENVER", "Address Full": "9745 E HAMPDEN AVE STE 240, DENVER, CO 80231", "Latitude": 39.653114, "Longitude": -104.874489, "CDPHE HFEMS Licensed": "Licensed", "Operating Status": "Active", "Date Data Updated": "2025-10-27T07:00:00Z", "Source": "CDPHE Health Facilities and Emergency Medical Services Division", "GlobalID": "2907af18-fc9b-49f2-8ad4-2eb500e40520", "x": 3176126.84, "y": 1663379.378 }, "geometry": { "type": "Point", "coordinates": [ -104.874489, 39.653114 ] } },
{ "type": "Feature", "properties": { "OBJECTID": 187, "Facility ID": "04P69Z", "Facility Name": "OMEGA HOME HEALTH INC", "Facility Type Code": "51", "Facility Type": "Home Health Agency", "Map Symbol": "Home Health", "Facility Type Detail": "MEDICARE/MEDICAID", "Facility Type Abbreviation": "HHA-1819", "Licensed Beds Total": 0, "Telephone": "(720) 677-9091", "County": "DENVER", "Address Full": "2186 S HOLLY ST STE 205, DENVER, CO 80222", "Latitude": 39.677296, "Longitude": -104.922195, "CDPHE HFEMS Licensed": "Licensed", "Operating Status": "Active", "Date Data Updated": "2025-10-27T07:00:00Z", "Source": "CDPHE Health Facilities and Emergency Medical Services Division", "GlobalID": "71436d54-a6b7-445e-bf30-2f1cded152fa", "x": 3162638.509, "y": 1672098.757 }, "geometry": { "type": "Point", "coordinates": [ -104.922195, 39.677296 ] } },
{ "type": "Feature", "properties": { "OBJECTID": 188, "Facility ID": "04PA1E", "Facility Name": "GLOBAL SENIOR SERVICES", "Facility Type Code": "05C", "Facility Type": "Home Care Agency", "Map Symbol": "Home Health", "Facility Type Detail": "HCA LICENSE ONLY", "Facility Type Abbreviation": "HCA-LIC", "Licensed Beds Total": 0, "Telephone": "(816) 876-4229", "County": "DENVER", "Address Full": "20883 E 44TH AVE, DENVER, CO 80249", "Latitude": 39.777565, "Longitude": -104.745789, "CDPHE HFEMS Licensed": "Licensed", "Operating Status": "Active", "Date Data Updated": "2025-10-27T07:00:00Z", "Source": "CDPHE Health Facilities and Emergency Medical Services Division", "GlobalID": "28aa403a-41e9-48c9-a438-153747630388", "x": 3211987.557, "y": 1708986.238 }, "geometry": { "type": "Point", "coordinates": [ -104.745789, 39.777565 ] } },
{ "type": "Feature", "properties": { "OBJECTID": 189, "Facility ID": "04Q184", "Facility Name": "RESPECT HOME HEALTH INC", "Facility Type Code": "05E", "Facility Type": "Home Care Agency", "Map Symbol": "Home Health", "Facility Type Detail": "HCA LICENSE - IN-HOME SUPPORT SERVICES", "Facility Type Abbreviation": "HCA-IHSS", "Licensed Beds Total": 0, "Telephone": "(303) 757-0634", "County": "DENVER", "Address Full": "6660 E HAMPDEN AVE   # 204, DENVER, CO 80224", "Latitude": 39.652996, "Longitude": -104.910957, "CDPHE HFEMS Licensed": "Sublicense", "Operating Status": "Active", "Date Data Updated": "2025-10-27T07:00:00Z", "Source": "CDPHE Health Facilities and Emergency Medical Services Division", "GlobalID": "69850335-50de-46c9-a6e5-dd2301b8aafb", "x": 3165859.036, "y": 1663267.757 }, "geometry": { "type": "Point", "coordinates": [ -104.910957, 39.652996 ] } },
{ "type": "Feature", "properties": { "OBJECTID": 190, "Facility ID": "04Q189", "Facility Name": "SENIORS HOME CARE", "Facility Type Code": "05D", "Facility Type": "Home Care Agency", "Map Symbol": "Home Health", "Facility Type Detail": "HCA LICENSE - PERSONAL CARE HOMEMAKER", "Facility Type Abbreviation": "HCA-PHS", "Licensed Beds Total": 0, "Telephone": "(303) 680-3997", "County": "DENVER", "Address Full": "1800 S SHERIDAN BLVD  STE 306, DENVER, CO 80232", "Latitude": 39.683296, "Longitude": -105.053108, "CDPHE HFEMS Licensed": "Licensed", "Operating Status": "Active", "Date Data Updated": "2025-10-27T07:00:00Z", "Source": "CDPHE Health Facilities and Emergency Medical Services Division", "GlobalID": "491e339d-50bf-42c7-bd6f-1a225ef8d407", "x": 3125779.804, "y": 1674076.482 }, "geometry": { "type": "Point", "coordinates": [ -105.053108, 39.683296 ] } },
{ "type": "Feature", "properties": { "OBJECTID": 191, "Facility ID": "04Q571", "Facility Name": "IRN HOME CARE", "Facility Type Code": "05E", "Facility Type": "Home Care Agency", "Map Symbol": "Home Health", "Facility Type Detail": "HCA LICENSE - IN-HOME SUPPORT SERVICES", "Facility Type Abbreviation": "HCA-IHSS", "Licensed Beds Total": 0, "Telephone": "(303) 691-9999", "County": "DENVER", "Address Full": "6630 E HAMPDEN AVE, DENVER, CO 80224", "Latitude": 39.652988, "Longitude": -104.91127, "CDPHE HFEMS Licensed": "Sublicense", "Operating Status": "Active", "Date Data Updated": "2025-10-27T07:00:00Z", "Source": "CDPHE Health Facilities and Emergency Medical Services Division", "GlobalID": "4682185d-623c-4bc4-9bac-6ae2245d1d49", "x": 3165770.925, "y": 1663264.272 }, "geometry": { "type": "Point", "coordinates": [ -104.91127, 39.652988 ] } },
{ "type": "Feature", "properties": { "OBJECTID": 192, "Facility ID": "04QCYV", "Facility Name": "DENVER CONCIERGE NURSING LLC", "Facility Type Code": "05A", "Facility Type": "Home Health Agency", "Map Symbol": "Home Health", "Facility Type Detail": "HHA LICENSE ONLY - CERT ELIGIBLE", "Facility Type Abbreviation": "HHA-LCE", "Licensed Beds Total": 0, "Telephone": "(352) 317-5001", "County": "DENVER", "Address Full": "351 FAIRFAX ST, DENVER, CO 80220", "Latitude": 39.722107, "Longitude": -104.928307, "CDPHE HFEMS Licensed": "Licensed", "Operating Status": "Active", "Date Data Updated": "2025-10-27T07:00:00Z", "Source": "CDPHE Health Facilities and Emergency Medical Services Division", "GlobalID": "e378e0d1-b6e7-4538-af10-588ece908616", "x": 3160815.458, "y": 1688410.569 }, "geometry": { "type": "Point", "coordinates": [ -104.928307, 39.722107 ] } },
{ "type": "Feature", "properties": { "OBJECTID": 193, "Facility ID": "04QE74", "Facility Name": "FIRST COLORADO HOME HEALTH CARE INC", "Facility Type Code": "05E", "Facility Type": "Home Care Agency", "Map Symbol": "Home Health", "Facility Type Detail": "HCA LICENSE - IN-HOME SUPPORT SERVICES", "Facility Type Abbreviation": "HCA-IHSS", "Licensed Beds Total": 0, "Telephone": "Phone Number Not Avaliable", "County": "DENVER", "Address Full": "2121 S ONEIDA ST STE 332, DENVER, CO 80224", "Latitude": 39.678001, "Longitude": -104.908287, "CDPHE HFEMS Licensed": "Sublicense", "Operating Status": "Active", "Date Data Updated": "2025-10-27T07:00:00Z", "Source": "CDPHE Health Facilities and Emergency Medical Services Division", "GlobalID": "244caabc-fde0-472f-a07b-7c828a83e94f", "x": 3166551.49, "y": 1672380.754 }, "geometry": { "type": "Point", "coordinates": [ -104.908287, 39.678001 ] } },
{ "type": "Feature", "properties": { "OBJECTID": 194, "Facility ID": "04QEH8", "Facility Name": "ALIDA HOME CARE INC", "Facility Type Code": "05C", "Facility Type": "Home Care Agency", "Map Symbol": "Home Health", "Facility Type Detail": "HCA LICENSE ONLY", "Facility Type Abbreviation": "HCA-LIC", "Licensed Beds Total": 0, "Telephone": "(720) 499-4378", "County": "DENVER", "Address Full": "12445 E 39TH AVE UNIT 221, DENVER, CO 80239", "Latitude": 39.77113, "Longitude": -104.843369, "CDPHE HFEMS Licensed": "Licensed", "Operating Status": "Pending", "Date Data Updated": "2025-10-27T07:00:00Z", "Source": "CDPHE Health Facilities and Emergency Medical Services Division", "GlobalID": "3255339b-fdaf-45de-9eaa-a85eeb2eeba4", "x": 3184578.374, "y": 1706429.229 }, "geometry": { "type": "Point", "coordinates": [ -104.843369, 39.77113 ] } },
{ "type": "Feature", "properties": { "OBJECTID": 195, "Facility ID": "04QH1I", "Facility Name": "ROYALTY CARE NURSING SERVICES LLC", "Facility Type Code": "05A", "Facility Type": "Home Health Agency", "Map Symbol": "Home Health", "Facility Type Detail": "HHA LICENSE ONLY - CERT ELIGIBLE", "Facility Type Abbreviation": "HHA-LCE", "Licensed Beds Total": 0, "Telephone": "(303) 228-5446", "County": "DENVER", "Address Full": "8801 E HAMPDEN AVE STE 110, DENVER, CO 80231", "Latitude": 39.653145, "Longitude": -104.886116, "CDPHE HFEMS Licensed": "Licensed", "Operating Status": "Active", "Date Data Updated": "2025-10-27T07:00:00Z", "Source": "CDPHE Health Facilities and Emergency Medical Services Division", "GlobalID": "0447997a-42c1-40f3-aa65-c687e413e0fa", "x": 3172853.02, "y": 1663368.338 }, "geometry": { "type": "Point", "coordinates": [ -104.886116, 39.653145 ] } },
{ "type": "Feature", "properties": { "OBJECTID": 196, "Facility ID": "04QPMC", "Facility Name": "PROMISING TOMORROWS CARE SOLUTIONS", "Facility Type Code": "05C", "Facility Type": "Home Care Agency", "Map Symbol": "Home Health", "Facility Type Detail": "HCA LICENSE ONLY", "Facility Type Abbreviation": "HCA-LIC", "Licensed Beds Total": 0, "Telephone": "Phone Number Not Avaliable", "County": "DENVER", "Address Full": "5315 SCRANTON CT, DENVER, CO 80239", "Latitude": 39.791195, "Longitude": -104.842354, "CDPHE HFEMS Licensed": "Licensed", "Operating Status": "Pending", "Date Data Updated": "2025-10-27T07:00:00Z", "Source": "CDPHE Health Facilities and Emergency Medical Services Division", "GlobalID": "c097561b-1802-4760-8e1f-e2fac2658a17", "x": 3184810.769, "y": 1713740.271 }, "geometry": { "type": "Point", "coordinates": [ -104.842354, 39.791195 ] } },
{ "type": "Feature", "properties": { "OBJECTID": 197, "Facility ID": "04QZGI", "Facility Name": "MAXIM HEALTHCARE SERVICES INC", "Facility Type Code": "05E", "Facility Type": "Home Care Agency", "Map Symbol": "Home Health", "Facility Type Detail": "HCA LICENSE - IN-HOME SUPPORT SERVICES", "Facility Type Abbreviation": "HCA-IHSS", "Licensed Beds Total": 0, "Telephone": "Phone Number Not Avaliable", "County": "DENVER", "Address Full": "2460 W 26TH AVE STE 217-C, DENVER, CO 80211", "Latitude": 39.754772, "Longitude": -105.017265, "CDPHE HFEMS Licensed": "Sublicense", "Operating Status": "Active", "Date Data Updated": "2025-10-27T07:00:00Z", "Source": "CDPHE Health Facilities and Emergency Medical Services Division", "GlobalID": "29c460dc-20c1-4253-a77e-c3a9119e826b", "x": 3135729.315, "y": 1700164.022 }, "geometry": { "type": "Point", "coordinates": [ -105.017265, 39.754772 ] } },
{ "type": "Feature", "properties": { "OBJECTID": 198, "Facility ID": "04R282", "Facility Name": "HUMAN TOUCH HOME HEALTH CARE AGENCY DENVER INC", "Facility Type Code": "51", "Facility Type": "Home Health Agency", "Map Symbol": "Home Health", "Facility Type Detail": "MEDICARE/MEDICAID", "Facility Type Abbreviation": "HHA-1819", "Licensed Beds Total": 0, "Telephone": "(303) 973-1513", "County": "DENVER", "Address Full": "8973 E KENYON AVE, DENVER, CO 80237", "Latitude": 39.649635, "Longitude": -104.883568, "CDPHE HFEMS Licensed": "Licensed", "Operating Status": "Active", "Date Data Updated": "2025-10-27T07:00:00Z", "Source": "CDPHE Health Facilities and Emergency Medical Services Division", "GlobalID": "02f59b44-74dd-4c40-a683-d92dcefe3162", "x": 3173579.12, "y": 1662094.682 }, "geometry": { "type": "Point", "coordinates": [ -104.883568, 39.649635 ] } },
{ "type": "Feature", "properties": { "OBJECTID": 199, "Facility ID": "04R667", "Facility Name": "FOCUS CARE SOLUTIONS INC", "Facility Type Code": "05D", "Facility Type": "Home Care Agency", "Map Symbol": "Home Health", "Facility Type Detail": "HCA LICENSE - PERSONAL CARE HOMEMAKER", "Facility Type Abbreviation": "HCA-PHS", "Licensed Beds Total": 0, "Telephone": "(720) 361-8829", "County": "DENVER", "Address Full": "6825 E TENNESSEE AVE STE 532, DENVER, CO 80224", "Latitude": 39.698505, "Longitude": -104.909645, "CDPHE HFEMS Licensed": "Licensed", "Operating Status": "Active", "Date Data Updated": "2025-10-27T07:00:00Z", "Source": "CDPHE Health Facilities and Emergency Medical Services Division", "GlobalID": "08526c4d-80d0-4e9c-b496-515dabc3efcf", "x": 3166120.725, "y": 1679846.941 }, "geometry": { "type": "Point", "coordinates": [ -104.909645, 39.698505 ] } },
{ "type": "Feature", "properties": { "OBJECTID": 200, "Facility ID": "04SQAW", "Facility Name": "EVERWELL HOME CARE INC", "Facility Type Code": "05C", "Facility Type": "Home Care Agency", "Map Symbol": "Home Health", "Facility Type Detail": "HCA LICENSE ONLY", "Facility Type Abbreviation": "HCA-LIC", "Licensed Beds Total": 0, "Telephone": "(720) 975-8176", "County": "DENVER", "Address Full": "789 SHERMAN STREET SUITE 200, DENVER, CO 80203", "Latitude": 39.728859, "Longitude": -104.984932, "CDPHE HFEMS Licensed": "Licensed", "Operating Status": "Active", "Date Data Updated": "2025-10-27T07:00:00Z", "Source": "CDPHE Health Facilities and Emergency Medical Services Division", "GlobalID": "c7204282-e023-4051-9820-b07b65caee64", "x": 3144873.534, "y": 1690774.789 }, "geometry": { "type": "Point", "coordinates": [ -104.984932, 39.728859 ] } },
{ "type": "Feature", "properties": { "OBJECTID": 201, "Facility ID": "04T224", "Facility Name": "WORLDWIDE HOME CARE INC", "Facility Type Code": "05D", "Facility Type": "Home Care Agency", "Map Symbol": "Home Health", "Facility Type Detail": "HCA LICENSE - PERSONAL CARE HOMEMAKER", "Facility Type Abbreviation": "HCA-PHS", "Licensed Beds Total": 0, "Telephone": "(303) 815-6285", "County": "DENVER", "Address Full": "10890 E DARTMOUTH AVE UNITS H/I, DENVER, CO 80014", "Latitude": 39.660164, "Longitude": -104.860229, "CDPHE HFEMS Licensed": "Licensed", "Operating Status": "Active", "Date Data Updated": "2025-10-27T07:00:00Z", "Source": "CDPHE Health Facilities and Emergency Medical Services Division", "GlobalID": "dfc9dea9-5802-428f-b98e-16d9c6ee2b86", "x": 3180123.853, "y": 1665975.296 }, "geometry": { "type": "Point", "coordinates": [ -104.860229, 39.660164 ] } },
{ "type": "Feature", "properties": { "OBJECTID": 202, "Facility ID": "04T312", "Facility Name": "ACE HOME HEALTHCARE LLC", "Facility Type Code": "05E", "Facility Type": "Home Care Agency", "Map Symbol": "Home Health", "Facility Type Detail": "HCA LICENSE - IN-HOME SUPPORT SERVICES", "Facility Type Abbreviation": "HCA-IHSS", "Licensed Beds Total": 0, "Telephone": "(720) 909-8180", "County": "DENVER", "Address Full": "4582 S ULSTER ST  STE 206, DENVER, CO 80237", "Latitude": 39.632633, "Longitude": -104.899086, "CDPHE HFEMS Licensed": "Sublicense", "Operating Status": "Active", "Date Data Updated": "2025-10-27T07:00:00Z", "Source": "CDPHE Health Facilities and Emergency Medical Services Division", "GlobalID": "99bcd0ea-ba15-46f9-ae14-76d85d4bc3ea", "x": 3169250.556, "y": 1655872.455 }, "geometry": { "type": "Point", "coordinates": [ -104.899086, 39.632633 ] } },
{ "type": "Feature", "properties": { "OBJECTID": 203, "Facility ID": "04T313", "Facility Name": "A PLUS PERSONAL CARE PROVIDER SERVICES LLC", "Facility Type Code": "05E", "Facility Type": "Home Care Agency", "Map Symbol": "Home Health", "Facility Type Detail": "HCA LICENSE - IN-HOME SUPPORT SERVICES", "Facility Type Abbreviation": "HCA-IHSS", "Licensed Beds Total": 0, "Telephone": "(303) 399-3497", "County": "DENVER", "Address Full": "6825 E TENNESSEE AVE #421, DENVER, CO 80224", "Latitude": 39.698505, "Longitude": -104.909645, "CDPHE HFEMS Licensed": "Sublicense", "Operating Status": "Active", "Date Data Updated": "2025-10-27T07:00:00Z", "Source": "CDPHE Health Facilities and Emergency Medical Services Division", "GlobalID": "c120caef-615e-463e-a20b-26bcce2f544d", "x": 3166120.725, "y": 1679846.941 }, "geometry": { "type": "Point", "coordinates": [ -104.909645, 39.698505 ] } },
{ "type": "Feature", "properties": { "OBJECTID": 204, "Facility ID": "04T6ER", "Facility Name": "ARISE SUPPORT SERVICES LLC", "Facility Type Code": "05E", "Facility Type": "Home Care Agency", "Map Symbol": "Home Health", "Facility Type Detail": "HCA LICENSE - IN-HOME SUPPORT SERVICES", "Facility Type Abbreviation": "HCA-IHSS", "Licensed Beds Total": 0, "Telephone": "Phone Number Not Avaliable", "County": "DENVER", "Address Full": "19557 E 39TH AVE, DENVER, CO 80249", "Latitude": 39.769855, "Longitude": -104.758644, "CDPHE HFEMS Licensed": "Sublicense", "Operating Status": "Active", "Date Data Updated": "2025-10-27T07:00:00Z", "Source": "CDPHE Health Facilities and Emergency Medical Services Division", "GlobalID": "e99a84bd-8752-44d7-bd25-360e69033368", "x": 3208397.425, "y": 1706148.041 }, "geometry": { "type": "Point", "coordinates": [ -104.758644, 39.769855 ] } },
{ "type": "Feature", "properties": { "OBJECTID": 205, "Facility ID": "04T702", "Facility Name": "SENIORS HOME CARE", "Facility Type Code": "05E", "Facility Type": "Home Care Agency", "Map Symbol": "Home Health", "Facility Type Detail": "HCA LICENSE - IN-HOME SUPPORT SERVICES", "Facility Type Abbreviation": "HCA-IHSS", "Licensed Beds Total": 0, "Telephone": "(303) 680-3997", "County": "DENVER", "Address Full": "1800 S SHERIDAN BLVD  STE 306, DENVER, CO 80232", "Latitude": 39.683296, "Longitude": -105.053108, "CDPHE HFEMS Licensed": "Sublicense", "Operating Status": "Active", "Date Data Updated": "2025-10-27T07:00:00Z", "Source": "CDPHE Health Facilities and Emergency Medical Services Division", "GlobalID": "e232378d-0625-4231-ad21-14e000b08938", "x": 3125779.804, "y": 1674076.482 }, "geometry": { "type": "Point", "coordinates": [ -105.053108, 39.683296 ] } },
{ "type": "Feature", "properties": { "OBJECTID": 206, "Facility ID": "04THN9", "Facility Name": "APPLE CARE COLORADO INC", "Facility Type Code": "05D", "Facility Type": "Home Care Agency", "Map Symbol": "Home Health", "Facility Type Detail": "HCA LICENSE - PERSONAL CARE HOMEMAKER", "Facility Type Abbreviation": "HCA-PHS", "Licensed Beds Total": 0, "Telephone": "(303) 667-6600", "County": "DENVER", "Address Full": "1300 S MEADE ST, DENVER, CO 80219", "Latitude": 39.692909, "Longitude": -105.035492, "CDPHE HFEMS Licensed": "Licensed", "Operating Status": "Active", "Date Data Updated": "2025-10-27T07:00:00Z", "Source": "CDPHE Health Facilities and Emergency Medical Services Division", "GlobalID": "2ef7ad25-6b3e-4afe-afa0-19a8363300c3", "x": 3130719.851, "y": 1677602.959 }, "geometry": { "type": "Point", "coordinates": [ -105.035492, 39.692909 ] } },
{ "type": "Feature", "properties": { "OBJECTID": 207, "Facility ID": "04TJA0", "Facility Name": "PURPOSEFUL HOME CARE AGENCY LLC", "Facility Type Code": "05E", "Facility Type": "Home Care Agency", "Map Symbol": "Home Health", "Facility Type Detail": "HCA LICENSE - IN-HOME SUPPORT SERVICES", "Facility Type Abbreviation": "HCA-IHSS", "Licensed Beds Total": 0, "Telephone": "(720) 403-3154", "County": "DENVER", "Address Full": "20714 E 47TH AVE, DENVER, CO 80249", "Latitude": 39.780373, "Longitude": -104.745651, "CDPHE HFEMS Licensed": "Sublicense", "Operating Status": "Pending", "Date Data Updated": "2025-10-27T07:00:00Z", "Source": "CDPHE Health Facilities and Emergency Medical Services Division", "GlobalID": "66384c16-1127-474b-b9a8-ba182e54fc58", "x": 3212017.85, "y": 1710009.407 }, "geometry": { "type": "Point", "coordinates": [ -104.745651, 39.780373 ] } },
{ "type": "Feature", "properties": { "OBJECTID": 208, "Facility ID": "04TJPJ", "Facility Name": "COMPLEX HOME CARE SOLUTION", "Facility Type Code": "05E", "Facility Type": "Home Care Agency", "Map Symbol": "Home Health", "Facility Type Detail": "HCA LICENSE - IN-HOME SUPPORT SERVICES", "Facility Type Abbreviation": "HCA-IHSS", "Licensed Beds Total": 0, "Telephone": "Phone Number Not Avaliable", "County": "DENVER", "Address Full": "7200 E HAMPDEN AVE STE 101, DENVER, CO 80224", "Latitude": 39.653015, "Longitude": -104.904633, "CDPHE HFEMS Licensed": "Sublicense", "Operating Status": "Active", "Date Data Updated": "2025-10-27T07:00:00Z", "Source": "CDPHE Health Facilities and Emergency Medical Services Division", "GlobalID": "6afcddea-9f7f-4240-ab3e-981ee0964a26", "x": 3167639.608, "y": 1663286.285 }, "geometry": { "type": "Point", "coordinates": [ -104.904633, 39.653015 ] } },
{ "type": "Feature", "properties": { "OBJECTID": 209, "Facility ID": "04TMX1", "Facility Name": "FIRST TLC HOMECARE LLC", "Facility Type Code": "05E", "Facility Type": "Home Care Agency", "Map Symbol": "Home Health", "Facility Type Detail": "HCA LICENSE - IN-HOME SUPPORT SERVICES", "Facility Type Abbreviation": "HCA-IHSS", "Licensed Beds Total": 0, "Telephone": "Phone Number Not Avaliable", "County": "DENVER", "Address Full": "4700 URAVAN STREET, DENVER, CO 80249", "Latitude": 39.781872, "Longitude": -104.780029, "CDPHE HFEMS Licensed": "Sublicense", "Operating Status": "Active", "Date Data Updated": "2025-10-27T07:00:00Z", "Source": "CDPHE Health Facilities and Emergency Medical Services Division", "GlobalID": "8417306f-5460-449c-b645-c43d54100aae", "x": 3202351.553, "y": 1710477.034 }, "geometry": { "type": "Point", "coordinates": [ -104.780029, 39.781872 ] } },
{ "type": "Feature", "properties": { "OBJECTID": 210, "Facility ID": "04TN3E", "Facility Name": "ONECARE LIVING NETWORK INC", "Facility Type Code": "05D", "Facility Type": "Home Care Agency", "Map Symbol": "Home Health", "Facility Type Detail": "HCA LICENSE - PERSONAL CARE HOMEMAKER", "Facility Type Abbreviation": "HCA-PHS", "Licensed Beds Total": 0, "Telephone": "(720) 224-5725", "County": "DENVER", "Address Full": "373773 E CHERRY CREEK NORTH DR STE 801 OFC 857, DENVER, CO 80209", "Latitude": 39.708906, "Longitude": -104.943816, "CDPHE HFEMS Licensed": "Licensed", "Operating Status": "Active", "Date Data Updated": "2025-10-27T07:00:00Z", "Source": "CDPHE Health Facilities and Emergency Medical Services Division", "GlobalID": "40f6c250-db87-4413-bd82-664320130ed9", "x": 3156482.395, "y": 1683574.907 }, "geometry": { "type": "Point", "coordinates": [ -104.943816, 39.708906 ] } },
{ "type": "Feature", "properties": { "OBJECTID": 211, "Facility ID": "04TW1N", "Facility Name": "WRIGHT NURTURING CARE & ASSOCIATES INC", "Facility Type Code": "05A", "Facility Type": "Home Health Agency", "Map Symbol": "Home Health", "Facility Type Detail": "HHA LICENSE ONLY - CERT ELIGIBLE", "Facility Type Abbreviation": "HHA-LCE", "Licensed Beds Total": 0, "Telephone": "(303) 321-1422", "County": "DENVER", "Address Full": "6795 E TENNESSEE AVE STE 340, DENVER, CO 80224", "Latitude": 39.698505, "Longitude": -104.910103, "CDPHE HFEMS Licensed": "Licensed", "Operating Status": "Active", "Date Data Updated": "2025-10-27T07:00:00Z", "Source": "CDPHE Health Facilities and Emergency Medical Services Division", "GlobalID": "c52e5672-5479-4772-83b9-8e1928c09b35", "x": 3165991.852, "y": 1679846.104 }, "geometry": { "type": "Point", "coordinates": [ -104.910103, 39.698505 ] } },
{ "type": "Feature", "properties": { "OBJECTID": 212, "Facility ID": "04U194", "Facility Name": "ABLECARE INC", "Facility Type Code": "05E", "Facility Type": "Home Care Agency", "Map Symbol": "Home Health", "Facility Type Detail": "HCA LICENSE - IN-HOME SUPPORT SERVICES", "Facility Type Abbreviation": "HCA-IHSS", "Licensed Beds Total": 0, "Telephone": "(303) 296-1095", "County": "DENVER", "Address Full": "8973 E KENYON AVE  #250, DENVER, CO 80237", "Latitude": 39.649635, "Longitude": -104.883568, "CDPHE HFEMS Licensed": "Sublicense", "Operating Status": "Active", "Date Data Updated": "2025-10-27T07:00:00Z", "Source": "CDPHE Health Facilities and Emergency Medical Services Division", "GlobalID": "e82502ce-a69e-4ebe-b948-eebbaacd4526", "x": 3173579.12, "y": 1662094.682 }, "geometry": { "type": "Point", "coordinates": [ -104.883568, 39.649635 ] } },
{ "type": "Feature", "properties": { "OBJECTID": 213, "Facility ID": "04U324", "Facility Name": "SUPREME HEALTH CARE LLC", "Facility Type Code": "05E", "Facility Type": "Home Care Agency", "Map Symbol": "Home Health", "Facility Type Detail": "HCA LICENSE - IN-HOME SUPPORT SERVICES", "Facility Type Abbreviation": "HCA-IHSS", "Licensed Beds Total": 0, "Telephone": "(303) 388-3886", "County": "DENVER", "Address Full": "6795 E TENNESSEE AVE  STE 225A, DENVER, CO 80224", "Latitude": 39.698505, "Longitude": -104.910103, "CDPHE HFEMS Licensed": "Sublicense", "Operating Status": "Active", "Date Data Updated": "2025-10-27T07:00:00Z", "Source": "CDPHE Health Facilities and Emergency Medical Services Division", "GlobalID": "6c0fcd1d-9aaa-4e78-8b5b-2462a3c88bdd", "x": 3165991.852, "y": 1679846.104 }, "geometry": { "type": "Point", "coordinates": [ -104.910103, 39.698505 ] } },
{ "type": "Feature", "properties": { "OBJECTID": 214, "Facility ID": "04U706", "Facility Name": "OPTIMAL HOME CARE INC", "Facility Type Code": "51", "Facility Type": "Home Health Agency", "Map Symbol": "Home Health", "Facility Type Detail": "MEDICARE/MEDICAID", "Facility Type Abbreviation": "HHA-1819", "Licensed Beds Total": 0, "Telephone": "(303) 488-9999", "County": "DENVER", "Address Full": "4380 S SYRACUSE ST STE 600, DENVER, CO 80237", "Latitude": 39.636253, "Longitude": -104.899216, "CDPHE HFEMS Licensed": "Licensed", "Operating Status": "Active", "Date Data Updated": "2025-10-27T07:00:00Z", "Source": "CDPHE Health Facilities and Emergency Medical Services Division", "GlobalID": "68130a77-1f35-44d2-9795-bb235a2212b2", "x": 3169205.222, "y": 1657190.789 }, "geometry": { "type": "Point", "coordinates": [ -104.899216, 39.636253 ] } },
{ "type": "Feature", "properties": { "OBJECTID": 215, "Facility ID": "04U763", "Facility Name": "ALL FOR KIDS HOME HEALTH", "Facility Type Code": "05E", "Facility Type": "Home Care Agency", "Map Symbol": "Home Health", "Facility Type Detail": "HCA LICENSE - IN-HOME SUPPORT SERVICES", "Facility Type Abbreviation": "HCA-IHSS", "Licensed Beds Total": 0, "Telephone": "(720) 456-8054", "County": "DENVER", "Address Full": "4155 E JEWELL AVE  STE 900, DENVER, CO 80222", "Latitude": 39.682148, "Longitude": -104.937157, "CDPHE HFEMS Licensed": "Sublicense", "Operating Status": "Active", "Date Data Updated": "2025-10-27T07:00:00Z", "Source": "CDPHE Health Facilities and Emergency Medical Services Division", "GlobalID": "5519fe3e-fc47-4950-83ad-20a6b557449d", "x": 3158416.236, "y": 1673839.679 }, "geometry": { "type": "Point", "coordinates": [ -104.937157, 39.682148 ] } },
{ "type": "Feature", "properties": { "OBJECTID": 216, "Facility ID": "04U9RT", "Facility Name": "AMERICAN TRUSTED NURSES", "Facility Type Code": "05A", "Facility Type": "Home Health Agency", "Map Symbol": "Home Health", "Facility Type Detail": "HHA LICENSE ONLY - CERT ELIGIBLE", "Facility Type Abbreviation": "HHA-LCE", "Licensed Beds Total": 0, "Telephone": "(305) 487-1792", "County": "DENVER", "Address Full": "600 17TH ST STE 2800, DENVER, CO 80202", "Latitude": 39.745468, "Longitude": -104.990234, "CDPHE HFEMS Licensed": "Licensed", "Operating Status": "Active", "Date Data Updated": "2025-10-27T07:00:00Z", "Source": "CDPHE Health Facilities and Emergency Medical Services Division", "GlobalID": "74b72420-5964-4dd5-981f-e22e05fff686", "x": 3143348.333, "y": 1696816.419 }, "geometry": { "type": "Point", "coordinates": [ -104.990234, 39.745468 ] } },
{ "type": "Feature", "properties": { "OBJECTID": 217, "Facility ID": "04UB7E", "Facility Name": "HOME IS WHERE THE HEART IS HOME HEALTH", "Facility Type Code": "05A", "Facility Type": "Home Health Agency", "Map Symbol": "Home Health", "Facility Type Detail": "HHA LICENSE ONLY - CERT ELIGIBLE", "Facility Type Abbreviation": "HHA-LCE", "Licensed Beds Total": 0, "Telephone": "(303) 381-0325", "County": "DENVER", "Address Full": "3457 RINGSBY CT  UNIT 106, DENVER, CO 80216", "Latitude": 39.771423, "Longitude": -104.98214, "CDPHE HFEMS Licensed": "Licensed", "Operating Status": "Active", "Date Data Updated": "2025-10-27T07:00:00Z", "Source": "CDPHE Health Facilities and Emergency Medical Services Division", "GlobalID": "bed6be78-6ae9-42c9-a975-daf38c5fbe8d", "x": 3145570.435, "y": 1706283.805 }, "geometry": { "type": "Point", "coordinates": [ -104.98214, 39.771423 ] } },
{ "type": "Feature", "properties": { "OBJECTID": 218, "Facility ID": "04USY3", "Facility Name": "ATMANS COLORADO HEALTH CARE LLC", "Facility Type Code": "05D", "Facility Type": "Home Care Agency", "Map Symbol": "Home Health", "Facility Type Detail": "HCA LICENSE - PERSONAL CARE HOMEMAKER", "Facility Type Abbreviation": "HCA-PHS", "Licensed Beds Total": 0, "Telephone": "Phone Number Not Avaliable", "County": "DENVER", "Address Full": "1776 S JACKSON ST STE 480, DENVER, CO 80210", "Latitude": 39.684837, "Longitude": -104.942947, "CDPHE HFEMS Licensed": "Sublicense", "Operating Status": "Active", "Date Data Updated": "2025-10-27T07:00:00Z", "Source": "CDPHE Health Facilities and Emergency Medical Services Division", "GlobalID": "b1982817-cd6b-4b7c-b7f3-c80f4da83aba", "x": 3156780.642, "y": 1674809.116 }, "geometry": { "type": "Point", "coordinates": [ -104.942947, 39.684837 ] } },
{ "type": "Feature", "properties": { "OBJECTID": 219, "Facility ID": "04V1WE", "Facility Name": "OMEGA HOME HEALTH INC", "Facility Type Code": "05D", "Facility Type": "Home Care Agency", "Map Symbol": "Home Health", "Facility Type Detail": "HCA LICENSE - PERSONAL CARE HOMEMAKER", "Facility Type Abbreviation": "HCA-PHS", "Licensed Beds Total": 0, "Telephone": "Phone Number Not Avaliable", "County": "DENVER", "Address Full": "2186 S HOLLY ST STE 205, DENVER, CO 80231", "Latitude": 39.677296, "Longitude": -104.922195, "CDPHE HFEMS Licensed": "Sublicense", "Operating Status": "Active", "Date Data Updated": "2025-10-27T07:00:00Z", "Source": "CDPHE Health Facilities and Emergency Medical Services Division", "GlobalID": "aa6950f0-97f8-494c-8d6a-6eb072ddd1c7", "x": 3162638.509, "y": 1672098.757 }, "geometry": { "type": "Point", "coordinates": [ -104.922195, 39.677296 ] } },
{ "type": "Feature", "properties": { "OBJECTID": 220, "Facility ID": "04V603", "Facility Name": "ACE HOME HEALTHCARE LLC", "Facility Type Code": "51", "Facility Type": "Home Health Agency", "Map Symbol": "Home Health", "Facility Type Detail": "MEDICARE/MEDICAID", "Facility Type Abbreviation": "HHA-1819", "Licensed Beds Total": 0, "Telephone": "(720) 909-8180", "County": "DENVER", "Address Full": "4582 S ULSTER ST  STE 206, DENVER, CO 80237", "Latitude": 39.632633, "Longitude": -104.899086, "CDPHE HFEMS Licensed": "Licensed", "Operating Status": "Active", "Date Data Updated": "2025-10-27T07:00:00Z", "Source": "CDPHE Health Facilities and Emergency Medical Services Division", "GlobalID": "d72fb3a7-3ee5-40e3-9453-198db6eefd88", "x": 3169250.556, "y": 1655872.455 }, "geometry": { "type": "Point", "coordinates": [ -104.899086, 39.632633 ] } },
{ "type": "Feature", "properties": { "OBJECTID": 221, "Facility ID": "04V638", "Facility Name": "ADVENTURES IN ELDER CARE", "Facility Type Code": "05C", "Facility Type": "Home Care Agency", "Map Symbol": "Home Health", "Facility Type Detail": "HCA LICENSE ONLY", "Facility Type Abbreviation": "HCA-LIC", "Licensed Beds Total": 0, "Telephone": "(720) 307-5040", "County": "DENVER", "Address Full": "5945 HANOVER ST, DENVER, CO 80238", "Latitude": 39.804298, "Longitude": -104.866875, "CDPHE HFEMS Licensed": "Licensed", "Operating Status": "Active", "Date Data Updated": "2025-10-27T07:00:00Z", "Source": "CDPHE Health Facilities and Emergency Medical Services Division", "GlobalID": "5af6271b-47e4-4866-946a-65b8b1e8659a", "x": 3177886.865, "y": 1718464.322 }, "geometry": { "type": "Point", "coordinates": [ -104.866875, 39.804298 ] } },
{ "type": "Feature", "properties": { "OBJECTID": 222, "Facility ID": "04V776", "Facility Name": "ANOVA CARE", "Facility Type Code": "05D", "Facility Type": "Home Care Agency", "Map Symbol": "Home Health", "Facility Type Detail": "HCA LICENSE - PERSONAL CARE HOMEMAKER", "Facility Type Abbreviation": "HCA-PHS", "Licensed Beds Total": 0, "Telephone": "(888) 929-2050", "County": "DENVER", "Address Full": "4900 E CHERRY CREEK SOUTH DR  STE 6, DENVER, CO 80246", "Latitude": 39.702724, "Longitude": -104.930031, "CDPHE HFEMS Licensed": "Licensed", "Operating Status": "Active", "Date Data Updated": "2025-10-27T07:00:00Z", "Source": "CDPHE Health Facilities and Emergency Medical Services Division", "GlobalID": "8c18b723-7af5-4627-b50b-29659142992e", "x": 3160374.815, "y": 1681347.107 }, "geometry": { "type": "Point", "coordinates": [ -104.930031, 39.702724 ] } },
{ "type": "Feature", "properties": { "OBJECTID": 223, "Facility ID": "04V799", "Facility Name": "TALEM HOME CARE", "Facility Type Code": "05E", "Facility Type": "Home Care Agency", "Map Symbol": "Home Health", "Facility Type Detail": "HCA LICENSE - IN-HOME SUPPORT SERVICES", "Facility Type Abbreviation": "HCA-IHSS", "Licensed Beds Total": 0, "Telephone": "(303) 647-1800", "County": "DENVER", "Address Full": "3600 S BEELER ST  STE 320, DENVER, CO 80237", "Latitude": 39.651066, "Longitude": -104.88102, "CDPHE HFEMS Licensed": "Sublicense", "Operating Status": "Active", "Date Data Updated": "2025-10-27T07:00:00Z", "Source": "CDPHE Health Facilities and Emergency Medical Services Division", "GlobalID": "d65a29fd-a5d2-4947-bb14-b71d83305059", "x": 3174293.029, "y": 1662620.801 }, "geometry": { "type": "Point", "coordinates": [ -104.88102, 39.651066 ] } },
{ "type": "Feature", "properties": { "OBJECTID": 224, "Facility ID": "04V983", "Facility Name": "PAM HEALTH AT HOME", "Facility Type Code": "05D", "Facility Type": "Home Care Agency", "Map Symbol": "Home Health", "Facility Type Detail": "HCA LICENSE - PERSONAL CARE HOMEMAKER", "Facility Type Abbreviation": "HCA-PHS", "Licensed Beds Total": 0, "Telephone": "(720) 808-0001", "County": "DENVER", "Address Full": "9025 E KENYON AVE  UNIT 100, DENVER, CO 80237", "Latitude": 39.649635, "Longitude": -104.883247, "CDPHE HFEMS Licensed": "Sublicense", "Operating Status": "Active", "Date Data Updated": "2025-10-27T07:00:00Z", "Source": "CDPHE Health Facilities and Emergency Medical Services Division", "GlobalID": "f6467a63-6082-4575-a0dd-4da9c12c6bc7", "x": 3173669.507, "y": 1662095.295 }, "geometry": { "type": "Point", "coordinates": [ -104.883247, 39.649635 ] } },
{ "type": "Feature", "properties": { "OBJECTID": 225, "Facility ID": "04VAFC", "Facility Name": "ABBY CARE CO", "Facility Type Code": "05E", "Facility Type": "Home Care Agency", "Map Symbol": "Home Health", "Facility Type Detail": "HCA LICENSE - IN-HOME SUPPORT SERVICES", "Facility Type Abbreviation": "HCA-IHSS", "Licensed Beds Total": 0, "Telephone": "Phone Number Not Avaliable", "County": "DENVER", "Address Full": "950 S CHERRY ST STE 714, DENVER, CO 80246", "Latitude": 39.699303, "Longitude": -104.934029, "CDPHE HFEMS Licensed": "Sublicense", "Operating Status": "Active", "Date Data Updated": "2025-10-27T07:00:00Z", "Source": "CDPHE Health Facilities and Emergency Medical Services Division", "GlobalID": "02fee821-234d-465b-8709-536341ff804a", "x": 3159257.676, "y": 1680093.951 }, "geometry": { "type": "Point", "coordinates": [ -104.934029, 39.699303 ] } },
{ "type": "Feature", "properties": { "OBJECTID": 226, "Facility ID": "04VDRY", "Facility Name": "A DAUGHTERS LOVE LLC", "Facility Type Code": "05D", "Facility Type": "Home Care Agency", "Map Symbol": "Home Health", "Facility Type Detail": "HCA LICENSE - PERSONAL CARE HOMEMAKER", "Facility Type Abbreviation": "HCA-PHS", "Licensed Beds Total": 0, "Telephone": "(720) 672-7420", "County": "DENVER", "Address Full": "5021 JEBEL ST, DENVER, CO 80249", "Latitude": 39.783081, "Longitude": -104.74868, "CDPHE HFEMS Licensed": "Licensed", "Operating Status": "Active", "Date Data Updated": "2025-10-27T07:00:00Z", "Source": "CDPHE Health Facilities and Emergency Medical Services Division", "GlobalID": "a201fa70-f4f3-4234-b4ca-5fce2a14eda2", "x": 3211158.39, "y": 1710988.774 }, "geometry": { "type": "Point", "coordinates": [ -104.74868, 39.783081 ] } },
{ "type": "Feature", "properties": { "OBJECTID": 227, "Facility ID": "04VXZU", "Facility Name": "COLORADO'S HELPING HAND LLC", "Facility Type Code": "05E", "Facility Type": "Home Care Agency", "Map Symbol": "Home Health", "Facility Type Detail": "HCA LICENSE - IN-HOME SUPPORT SERVICES", "Facility Type Abbreviation": "HCA-IHSS", "Licensed Beds Total": 0, "Telephone": "(720) 703-3271", "County": "DENVER", "Address Full": "5353 W DARTMOUTH AVE STE 308, DENVER, CO 80227", "Latitude": 39.65617, "Longitude": -105.05426, "CDPHE HFEMS Licensed": "Sublicense", "Operating Status": "Active", "Date Data Updated": "2025-10-27T07:00:00Z", "Source": "CDPHE Health Facilities and Emergency Medical Services Division", "GlobalID": "9f5c9c16-6793-401a-905b-bc9e57dbc713", "x": 3125504.059, "y": 1664194.095 }, "geometry": { "type": "Point", "coordinates": [ -105.05426, 39.65617 ] } },
{ "type": "Feature", "properties": { "OBJECTID": 228, "Facility ID": "04W276", "Facility Name": "OPTA HOME HEALTH CARE OF COLORADO INC", "Facility Type Code": "51", "Facility Type": "Home Health Agency", "Map Symbol": "Home Health", "Facility Type Detail": "MEDICARE/MEDICAID", "Facility Type Abbreviation": "HHA-1819", "Licensed Beds Total": 0, "Telephone": "(303) 484-9323", "County": "DENVER", "Address Full": "6795 E TENNESSEE AVE  STE 345, DENVER, CO 80224", "Latitude": 39.698505, "Longitude": -104.910103, "CDPHE HFEMS Licensed": "Licensed", "Operating Status": "Active", "Date Data Updated": "2025-10-27T07:00:00Z", "Source": "CDPHE Health Facilities and Emergency Medical Services Division", "GlobalID": "1ee2cefa-2d86-4b23-9767-c9e6fe4dcf20", "x": 3165991.852, "y": 1679846.104 }, "geometry": { "type": "Point", "coordinates": [ -104.910103, 39.698505 ] } },
{ "type": "Feature", "properties": { "OBJECTID": 229, "Facility ID": "04W429", "Facility Name": "UNIVERSAL HOME HEALTH CARE INC", "Facility Type Code": "05E", "Facility Type": "Home Care Agency", "Map Symbol": "Home Health", "Facility Type Detail": "HCA LICENSE - IN-HOME SUPPORT SERVICES", "Facility Type Abbreviation": "HCA-IHSS", "Licensed Beds Total": 0, "Telephone": "(720) 535-1504", "County": "DENVER", "Address Full": "2121 S ONEIDA ST STE 470, DENVER, CO 80224", "Latitude": 39.678001, "Longitude": -104.908287, "CDPHE HFEMS Licensed": "Sublicense", "Operating Status": "Active", "Date Data Updated": "2025-10-27T07:00:00Z", "Source": "CDPHE Health Facilities and Emergency Medical Services Division", "GlobalID": "b903579c-5d5e-446e-8d01-e19bdeda5a63", "x": 3166551.49, "y": 1672380.754 }, "geometry": { "type": "Point", "coordinates": [ -104.908287, 39.678001 ] } },
{ "type": "Feature", "properties": { "OBJECTID": 230, "Facility ID": "04W612", "Facility Name": "COMPASS CARE SUPPORTS", "Facility Type Code": "05D", "Facility Type": "Home Care Agency", "Map Symbol": "Home Health", "Facility Type Detail": "HCA LICENSE - PERSONAL CARE HOMEMAKER", "Facility Type Abbreviation": "HCA-PHS", "Licensed Beds Total": 0, "Telephone": "(303) 375-5455", "County": "DENVER", "Address Full": "4895 N JOLIET ST UNIT L, DENVER, CO 80239", "Latitude": 39.786152, "Longitude": -104.861366, "CDPHE HFEMS Licensed": "Licensed", "Operating Status": "Active", "Date Data Updated": "2025-10-27T07:00:00Z", "Source": "CDPHE Health Facilities and Emergency Medical Services Division", "GlobalID": "3d3b08cf-a127-4ffc-b42d-75b8b501af2c", "x": 3179481.127, "y": 1711865.157 }, "geometry": { "type": "Point", "coordinates": [ -104.861366, 39.786152 ] } },
{ "type": "Feature", "properties": { "OBJECTID": 231, "Facility ID": "04W70A", "Facility Name": "SKYVIEW HOME HEALTH CARE INC", "Facility Type Code": "05E", "Facility Type": "Home Care Agency", "Map Symbol": "Home Health", "Facility Type Detail": "HCA LICENSE - IN-HOME SUPPORT SERVICES", "Facility Type Abbreviation": "HCA-IHSS", "Licensed Beds Total": 0, "Telephone": "Phone Number Not Avaliable", "County": "DENVER", "Address Full": "2121 S ONEIDA ST STE 100, DENVER, CO 80224", "Latitude": 39.678001, "Longitude": -104.908287, "CDPHE HFEMS Licensed": "Sublicense", "Operating Status": "Active", "Date Data Updated": "2025-10-27T07:00:00Z", "Source": "CDPHE Health Facilities and Emergency Medical Services Division", "GlobalID": "085cdb8f-f096-498d-9b81-0c045ffec15c", "x": 3166551.49, "y": 1672380.754 }, "geometry": { "type": "Point", "coordinates": [ -104.908287, 39.678001 ] } },
{ "type": "Feature", "properties": { "OBJECTID": 232, "Facility ID": "04W739", "Facility Name": "ESTRELLA HOME HEALTH CARE INC", "Facility Type Code": "51", "Facility Type": "Home Health Agency", "Map Symbol": "Home Health", "Facility Type Detail": "MEDICARE/MEDICAID", "Facility Type Abbreviation": "HHA-1819", "Licensed Beds Total": 0, "Telephone": "(303) 756-6756", "County": "DENVER", "Address Full": "4155 E JEWELL AVE STE 809, DENVER, CO 80222", "Latitude": 39.682148, "Longitude": -104.937157, "CDPHE HFEMS Licensed": "Licensed", "Operating Status": "Active", "Date Data Updated": "2025-10-27T07:00:00Z", "Source": "CDPHE Health Facilities and Emergency Medical Services Division", "GlobalID": "a1927c2f-b5d5-499c-a1a0-b6f8061dcac6", "x": 3158416.236, "y": 1673839.679 }, "geometry": { "type": "Point", "coordinates": [ -104.937157, 39.682148 ] } },
{ "type": "Feature", "properties": { "OBJECTID": 233, "Facility ID": "04W784", "Facility Name": "AZIN HOME CARE INC", "Facility Type Code": "05E", "Facility Type": "Home Care Agency", "Map Symbol": "Home Health", "Facility Type Detail": "HCA LICENSE - IN-HOME SUPPORT SERVICES", "Facility Type Abbreviation": "HCA-IHSS", "Licensed Beds Total": 0, "Telephone": "(720) 404-6704", "County": "DENVER", "Address Full": "2175 S JASMINE ST  UNIT 215, DENVER, CO 80222", "Latitude": 39.67672, "Longitude": -104.918861, "CDPHE HFEMS Licensed": "Sublicense", "Operating Status": "Active", "Date Data Updated": "2025-10-27T07:00:00Z", "Source": "CDPHE Health Facilities and Emergency Medical Services Division", "GlobalID": "224a1727-af56-4d18-80f5-4a7035c10456", "x": 3163578.265, "y": 1671894.933 }, "geometry": { "type": "Point", "coordinates": [ -104.918861, 39.67672 ] } },
{ "type": "Feature", "properties": { "OBJECTID": 234, "Facility ID": "04W792", "Facility Name": "PROFESSIONAL CASE MANAGEMENT", "Facility Type Code": "05A", "Facility Type": "Home Health Agency", "Map Symbol": "Home Health", "Facility Type Detail": "HHA LICENSE ONLY - CERT ELIGIBLE", "Facility Type Abbreviation": "HHA-LCE", "Licensed Beds Total": 0, "Telephone": "(303) 253-7472", "County": "DENVER", "Address Full": "500 E 8TH AVE, DENVER, CO 80203", "Latitude": 39.729015, "Longitude": -104.980766, "CDPHE HFEMS Licensed": "Licensed", "Operating Status": "Active", "Date Data Updated": "2025-10-27T07:00:00Z", "Source": "CDPHE Health Facilities and Emergency Medical Services Division", "GlobalID": "7f3e182e-a4a4-483e-8d4e-1d0db1ec26f0", "x": 3146044.948, "y": 1690838.284 }, "geometry": { "type": "Point", "coordinates": [ -104.980766, 39.729015 ] } },
{ "type": "Feature", "properties": { "OBJECTID": 235, "Facility ID": "04W7GG", "Facility Name": "VIDACARE LLC", "Facility Type Code": "05D", "Facility Type": "Home Care Agency", "Map Symbol": "Home Health", "Facility Type Detail": "HCA LICENSE - PERSONAL CARE HOMEMAKER", "Facility Type Abbreviation": "HCA-PHS", "Licensed Beds Total": 0, "Telephone": "(720) 774-6545", "County": "DENVER", "Address Full": "1040 S FEDERAL BLVD, DENVER, CO 80219", "Latitude": 39.697842, "Longitude": -105.024971, "CDPHE HFEMS Licensed": "Licensed", "Operating Status": "Active", "Date Data Updated": "2025-10-27T07:00:00Z", "Source": "CDPHE Health Facilities and Emergency Medical Services Division", "GlobalID": "2c195799-c1ac-490d-8a10-5022f43e16b5", "x": 3133671.14, "y": 1679415.154 }, "geometry": { "type": "Point", "coordinates": [ -105.024971, 39.697842 ] } },
{ "type": "Feature", "properties": { "OBJECTID": 236, "Facility ID": "04WPTE", "Facility Name": "SAGE HOME CARE", "Facility Type Code": "05C", "Facility Type": "Home Care Agency", "Map Symbol": "Home Health", "Facility Type Detail": "HCA LICENSE ONLY", "Facility Type Abbreviation": "HCA-LIC", "Licensed Beds Total": 0, "Telephone": "Phone Number Not Avaliable", "County": "DENVER", "Address Full": "3750 BLAKE ST APT 909, DENVER, CO 80205", "Latitude": 39.770569, "Longitude": -104.973228, "CDPHE HFEMS Licensed": "Licensed", "Operating Status": "Pending", "Date Data Updated": "2025-10-27T07:00:00Z", "Source": "CDPHE Health Facilities and Emergency Medical Services Division", "GlobalID": "5deb4df8-42f7-4a5d-ac71-52480a574f80", "x": 3148077.326, "y": 1705987.124 }, "geometry": { "type": "Point", "coordinates": [ -104.973228, 39.770569 ] } },
{ "type": "Feature", "properties": { "OBJECTID": 237, "Facility ID": "04WTVC", "Facility Name": "FREEDOM CARE OF COLORADO LLC", "Facility Type Code": "05E", "Facility Type": "Home Care Agency", "Map Symbol": "Home Health", "Facility Type Detail": "HCA LICENSE - IN-HOME SUPPORT SERVICES", "Facility Type Abbreviation": "HCA-IHSS", "Licensed Beds Total": 0, "Telephone": "(720) 594-2050", "County": "DENVER", "Address Full": "7900 E UNION AVE STE 1100 OFF 1175, DENVER, CO 80237", "Latitude": 39.62867, "Longitude": -104.896881, "CDPHE HFEMS Licensed": "Sublicense", "Operating Status": "Active", "Date Data Updated": "2025-10-27T07:00:00Z", "Source": "CDPHE Health Facilities and Emergency Medical Services Division", "GlobalID": "bec5a9d8-9393-4828-9a6e-2f9f2822dc50", "x": 3169881.17, "y": 1654433.06 }, "geometry": { "type": "Point", "coordinates": [ -104.896881, 39.62867 ] } },
{ "type": "Feature", "properties": { "OBJECTID": 238, "Facility ID": "04X368", "Facility Name": "WRIGHT NURTURING CARE & ASSOCIATES INC", "Facility Type Code": "05D", "Facility Type": "Home Care Agency", "Map Symbol": "Home Health", "Facility Type Detail": "HCA LICENSE - PERSONAL CARE HOMEMAKER", "Facility Type Abbreviation": "HCA-PHS", "Licensed Beds Total": 0, "Telephone": "(303) 307-1690", "County": "DENVER", "Address Full": "6825 E TENNESSEE AVE STE 685, DENVER, CO 80224", "Latitude": 39.698505, "Longitude": -104.909645, "CDPHE HFEMS Licensed": "Licensed", "Operating Status": "Active", "Date Data Updated": "2025-10-27T07:00:00Z", "Source": "CDPHE Health Facilities and Emergency Medical Services Division", "GlobalID": "19539e6b-275a-4104-a8d3-432722b777ba", "x": 3166120.725, "y": 1679846.941 }, "geometry": { "type": "Point", "coordinates": [ -104.909645, 39.698505 ] } },
{ "type": "Feature", "properties": { "OBJECTID": 239, "Facility ID": "04X376", "Facility Name": "ABSOLUTE HOME CARE LLC", "Facility Type Code": "51", "Facility Type": "Home Health Agency", "Map Symbol": "Home Health", "Facility Type Detail": "MEDICARE/MEDICAID", "Facility Type Abbreviation": "HHA-1819", "Licensed Beds Total": 0, "Telephone": "(720) 999-7774", "County": "DENVER", "Address Full": "9725 E HAMPDEN AVE  STE 102-F, DENVER, CO 80231", "Latitude": 39.653118, "Longitude": -104.875374, "CDPHE HFEMS Licensed": "Licensed", "Operating Status": "Active", "Date Data Updated": "2025-10-27T07:00:00Z", "Source": "CDPHE Health Facilities and Emergency Medical Services Division", "GlobalID": "51aeef34-67b8-4808-b22f-5ef852405025", "x": 3175877.646, "y": 1663379.121 }, "geometry": { "type": "Point", "coordinates": [ -104.875374, 39.653118 ] } },
{ "type": "Feature", "properties": { "OBJECTID": 240, "Facility ID": "04X89Z", "Facility Name": "JOY OF LIFE HOME CARE", "Facility Type Code": "05D", "Facility Type": "Home Care Agency", "Map Symbol": "Home Health", "Facility Type Detail": "HCA LICENSE - PERSONAL CARE HOMEMAKER", "Facility Type Abbreviation": "HCA-PHS", "Licensed Beds Total": 0, "Telephone": "(720) 279-4769", "County": "DENVER", "Address Full": "10200 E GIRARD AVE C252, DENVER, CO 80231", "Latitude": 39.655282, "Longitude": -104.868082, "CDPHE HFEMS Licensed": "Licensed", "Operating Status": "Active", "Date Data Updated": "2025-10-27T07:00:00Z", "Source": "CDPHE Health Facilities and Emergency Medical Services Division", "GlobalID": "26838abb-2443-42fc-bf62-cf8922ffbdde", "x": 3177925.326, "y": 1664181.556 }, "geometry": { "type": "Point", "coordinates": [ -104.868082, 39.655282 ] } },
{ "type": "Feature", "properties": { "OBJECTID": 241, "Facility ID": "04X8WO", "Facility Name": "AMADA SENIOR CARE DENVER WEST CO", "Facility Type Code": "05C", "Facility Type": "Home Care Agency", "Map Symbol": "Home Health", "Facility Type Detail": "HCA LICENSE ONLY", "Facility Type Abbreviation": "HCA-LIC", "Licensed Beds Total": 0, "Telephone": "(720) 902-7069", "County": "DENVER", "Address Full": "1001 BANNOCK ST STE 227, DENVER, CO 80204", "Latitude": 39.732101, "Longitude": -104.990318, "CDPHE HFEMS Licensed": "Licensed", "Operating Status": "Active", "Date Data Updated": "2025-10-27T07:00:00Z", "Source": "CDPHE Health Facilities and Emergency Medical Services Division", "GlobalID": "232668f8-b634-491c-9cd3-3005cafe313c", "x": 3143352.03, "y": 1691947.183 }, "geometry": { "type": "Point", "coordinates": [ -104.990318, 39.732101 ] } },
{ "type": "Feature", "properties": { "OBJECTID": 242, "Facility ID": "04XQ7H", "Facility Name": "COLORADO IN HOME CARE LLC", "Facility Type Code": "05C", "Facility Type": "Home Care Agency", "Map Symbol": "Home Health", "Facility Type Detail": "HCA LICENSE ONLY", "Facility Type Abbreviation": "HCA-LIC", "Licensed Beds Total": 0, "Telephone": "(720) 776-2288", "County": "DENVER", "Address Full": "1560 BROADWAY STE 1600, DENVER, CO 80202", "Latitude": 39.741158, "Longitude": -104.98732, "CDPHE HFEMS Licensed": "Licensed", "Operating Status": "Active", "Date Data Updated": "2025-10-27T07:00:00Z", "Source": "CDPHE Health Facilities and Emergency Medical Services Division", "GlobalID": "925ef372-2484-4225-b38d-c5a0f0341514", "x": 3144176.597, "y": 1695251.055 }, "geometry": { "type": "Point", "coordinates": [ -104.98732, 39.741158 ] } },
{ "type": "Feature", "properties": { "OBJECTID": 243, "Facility ID": "04XY1D", "Facility Name": "TABITHA HOME CARE", "Facility Type Code": "05D", "Facility Type": "Home Care Agency", "Map Symbol": "Home Health", "Facility Type Detail": "HCA LICENSE - PERSONAL CARE HOMEMAKER", "Facility Type Abbreviation": "HCA-PHS", "Licensed Beds Total": 0, "Telephone": "(720) 586-7451", "County": "DENVER", "Address Full": "8525 E HAMPDEN AVE  APT 1209, DENVER, CO 80231", "Latitude": 39.653152, "Longitude": -104.888985, "CDPHE HFEMS Licensed": "Licensed", "Operating Status": "Active", "Date Data Updated": "2025-10-27T07:00:00Z", "Source": "CDPHE Health Facilities and Emergency Medical Services Division", "GlobalID": "670b0232-97db-422e-8c71-a611cb0fccbc", "x": 3172045.196, "y": 1663365.442 }, "geometry": { "type": "Point", "coordinates": [ -104.888985, 39.653152 ] } },
{ "type": "Feature", "properties": { "OBJECTID": 244, "Facility ID": "04Y119", "Facility Name": "OPTA HOME HEALTH CARE OF COLORADO INC", "Facility Type Code": "05D", "Facility Type": "Home Care Agency", "Map Symbol": "Home Health", "Facility Type Detail": "HCA LICENSE - PERSONAL CARE HOMEMAKER", "Facility Type Abbreviation": "HCA-PHS", "Licensed Beds Total": 0, "Telephone": "(303) 484-9323", "County": "DENVER", "Address Full": "6795 E TENNESSEE AVE  STE 345, DENVER, CO 80224", "Latitude": 39.698505, "Longitude": -104.910103, "CDPHE HFEMS Licensed": "Sublicense", "Operating Status": "Active", "Date Data Updated": "2025-10-27T07:00:00Z", "Source": "CDPHE Health Facilities and Emergency Medical Services Division", "GlobalID": "316456da-f8f3-4398-a030-5c75ddb002e9", "x": 3165991.852, "y": 1679846.104 }, "geometry": { "type": "Point", "coordinates": [ -104.910103, 39.698505 ] } },
{ "type": "Feature", "properties": { "OBJECTID": 245, "Facility ID": "04Y121", "Facility Name": "COLORADO'S HELPING HAND LLC", "Facility Type Code": "05D", "Facility Type": "Home Care Agency", "Map Symbol": "Home Health", "Facility Type Detail": "HCA LICENSE - PERSONAL CARE HOMEMAKER", "Facility Type Abbreviation": "HCA-PHS", "Licensed Beds Total": 0, "Telephone": "(720) 703-3271", "County": "DENVER", "Address Full": "5353 W DARTMOUTH AVE STE 308, DENVER, CO 80227", "Latitude": 39.65617, "Longitude": -105.05426, "CDPHE HFEMS Licensed": "Licensed", "Operating Status": "Active", "Date Data Updated": "2025-10-27T07:00:00Z", "Source": "CDPHE Health Facilities and Emergency Medical Services Division", "GlobalID": "79e0c421-8def-4db6-a24a-61f072829214", "x": 3125504.059, "y": 1664194.095 }, "geometry": { "type": "Point", "coordinates": [ -105.05426, 39.65617 ] } },
{ "type": "Feature", "properties": { "OBJECTID": 246, "Facility ID": "04Y2NT", "Facility Name": "BLESSINGS IN DISGUISE INC", "Facility Type Code": "05E", "Facility Type": "Home Care Agency", "Map Symbol": "Home Health", "Facility Type Detail": "HCA LICENSE - IN-HOME SUPPORT SERVICES", "Facility Type Abbreviation": "HCA-IHSS", "Licensed Beds Total": 0, "Telephone": "Phone Number Not Avaliable", "County": "DENVER", "Address Full": "4912 JASPER ST, DENVER, CO 80239", "Latitude": 39.785599, "Longitude": -104.805939, "CDPHE HFEMS Licensed": "Sublicense", "Operating Status": "Active", "Date Data Updated": "2025-10-27T07:00:00Z", "Source": "CDPHE Health Facilities and Emergency Medical Services Division", "GlobalID": "57649903-e397-42bc-b9e5-68a5f80166a3", "x": 3195059.287, "y": 1711777.974 }, "geometry": { "type": "Point", "coordinates": [ -104.805939, 39.785599 ] } },
{ "type": "Feature", "properties": { "OBJECTID": 247, "Facility ID": "04Y816", "Facility Name": "HOME CARE RN INC", "Facility Type Code": "05E", "Facility Type": "Home Care Agency", "Map Symbol": "Home Health", "Facility Type Detail": "HCA LICENSE - IN-HOME SUPPORT SERVICES", "Facility Type Abbreviation": "HCA-IHSS", "Licensed Beds Total": 0, "Telephone": "(720) 535-8652", "County": "DENVER", "Address Full": "1325 S COLORADO BLVD #B-101, DENVER, CO 80222", "Latitude": 39.692509, "Longitude": -104.940804, "CDPHE HFEMS Licensed": "Sublicense", "Operating Status": "Active", "Date Data Updated": "2025-10-27T07:00:00Z", "Source": "CDPHE Health Facilities and Emergency Medical Services Division", "GlobalID": "f281c1e5-df65-48b3-98b1-cc9f71354099", "x": 3157366.561, "y": 1677607.388 }, "geometry": { "type": "Point", "coordinates": [ -104.940804, 39.692509 ] } },
{ "type": "Feature", "properties": { "OBJECTID": 248, "Facility ID": "04Y823", "Facility Name": "FIRST CARE OF COLORADO INC", "Facility Type Code": "05E", "Facility Type": "Home Care Agency", "Map Symbol": "Home Health", "Facility Type Detail": "HCA LICENSE - IN-HOME SUPPORT SERVICES", "Facility Type Abbreviation": "HCA-IHSS", "Licensed Beds Total": 0, "Telephone": "(720) 440-9226", "County": "DENVER", "Address Full": "6825 E TENNESSEE AVE  STE 500A, DENVER, CO 80224", "Latitude": 39.698505, "Longitude": -104.909645, "CDPHE HFEMS Licensed": "Sublicense", "Operating Status": "Active", "Date Data Updated": "2025-10-27T07:00:00Z", "Source": "CDPHE Health Facilities and Emergency Medical Services Division", "GlobalID": "3c9e3ddf-81eb-4938-abe6-16f76fc3be6a", "x": 3166120.725, "y": 1679846.941 }, "geometry": { "type": "Point", "coordinates": [ -104.909645, 39.698505 ] } },
{ "type": "Feature", "properties": { "OBJECTID": 249, "Facility ID": "04YPBY", "Facility Name": "#1 NOOR HOME CARE", "Facility Type Code": "05D", "Facility Type": "Home Care Agency", "Map Symbol": "Home Health", "Facility Type Detail": "HCA LICENSE - PERSONAL CARE HOMEMAKER", "Facility Type Abbreviation": "HCA-PHS", "Licensed Beds Total": 0, "Telephone": "(720) 324-3242", "County": "DENVER", "Address Full": "7900 E UNION AVE STE 1100, DENVER, CO 80234", "Latitude": 39.62867, "Longitude": -104.896881, "CDPHE HFEMS Licensed": "Sublicense", "Operating Status": "Active", "Date Data Updated": "2025-10-27T07:00:00Z", "Source": "CDPHE Health Facilities and Emergency Medical Services Division", "GlobalID": "ab9b7487-0df4-4d68-8fbd-11a34f303318", "x": 3169881.17, "y": 1654433.06 }, "geometry": { "type": "Point", "coordinates": [ -104.896881, 39.62867 ] } },
{ "type": "Feature", "properties": { "OBJECTID": 250, "Facility ID": "04Z407", "Facility Name": "ALL FOR KIDS HOME HEALTH", "Facility Type Code": "05D", "Facility Type": "Home Care Agency", "Map Symbol": "Home Health", "Facility Type Detail": "HCA LICENSE - PERSONAL CARE HOMEMAKER", "Facility Type Abbreviation": "HCA-PHS", "Licensed Beds Total": 0, "Telephone": "(720) 456-8054", "County": "DENVER", "Address Full": "4155 E JEWELL AVE  STE 900, DENVER, CO 80222", "Latitude": 39.682148, "Longitude": -104.937157, "CDPHE HFEMS Licensed": "Sublicense", "Operating Status": "Active", "Date Data Updated": "2025-10-27T07:00:00Z", "Source": "CDPHE Health Facilities and Emergency Medical Services Division", "GlobalID": "e69a5d1a-3b33-47dd-8a7e-0edb8d3f8548", "x": 3158416.236, "y": 1673839.679 }, "geometry": { "type": "Point", "coordinates": [ -104.937157, 39.682148 ] } },
{ "type": "Feature", "properties": { "OBJECTID": 251, "Facility ID": "04Z698", "Facility Name": "BLUE SPRUCE HOME CARE INC", "Facility Type Code": "05E", "Facility Type": "Home Care Agency", "Map Symbol": "Home Health", "Facility Type Detail": "HCA LICENSE - IN-HOME SUPPORT SERVICES", "Facility Type Abbreviation": "HCA-IHSS", "Licensed Beds Total": 0, "Telephone": "(303) 333-0100", "County": "DENVER", "Address Full": "6440 E COLFAX AVE, DENVER, CO 80220", "Latitude": 39.74004, "Longitude": -104.912895, "CDPHE HFEMS Licensed": "Sublicense", "Operating Status": "Active", "Date Data Updated": "2025-10-27T07:00:00Z", "Source": "CDPHE Health Facilities and Emergency Medical Services Division", "GlobalID": "7d6d2a19-9f0b-4b7a-87f1-f08cf724d67d", "x": 3165108.454, "y": 1694970.497 }, "geometry": { "type": "Point", "coordinates": [ -104.912895, 39.74004 ] } },
{ "type": "Feature", "properties": { "OBJECTID": 252, "Facility ID": "04Z782", "Facility Name": "ANOVA CARE", "Facility Type Code": "51", "Facility Type": "Home Health Agency", "Map Symbol": "Home Health", "Facility Type Detail": "MEDICARE/MEDICAID", "Facility Type Abbreviation": "HHA-1819", "Licensed Beds Total": 0, "Telephone": "(888) 929-2050", "County": "DENVER", "Address Full": "4900 E CHERRY CREEK DR S STE E, DENVER, CO 80246", "Latitude": 39.702724, "Longitude": -104.930031, "CDPHE HFEMS Licensed": "Licensed", "Operating Status": "Active", "Date Data Updated": "2025-10-27T07:00:00Z", "Source": "CDPHE Health Facilities and Emergency Medical Services Division", "GlobalID": "1217f4de-6f92-4c30-bbab-49c52bb4b32a", "x": 3160374.815, "y": 1681347.107 }, "geometry": { "type": "Point", "coordinates": [ -104.930031, 39.702724 ] } },
{ "type": "Feature", "properties": { "OBJECTID": 253, "Facility ID": "04ZC5F", "Facility Name": "ARIES HOME HEALTH CARE LLC", "Facility Type Code": "05A", "Facility Type": "Home Health Agency", "Map Symbol": "Home Health", "Facility Type Detail": "HHA LICENSE ONLY - CERT ELIGIBLE", "Facility Type Abbreviation": "HHA-LCE", "Licensed Beds Total": 0, "Telephone": "Phone Number Not Avaliable", "County": "DENVER", "Address Full": "10200 E GIRARD AVE STE C252, DENVER, CO 80231", "Latitude": 39.656151, "Longitude": -104.868362, "CDPHE HFEMS Licensed": "Licensed", "Operating Status": "Pending", "Date Data Updated": "2025-10-27T07:00:00Z", "Source": "CDPHE Health Facilities and Emergency Medical Services Division", "GlobalID": "8f350b25-1dc7-42af-b0a2-f4d5594045b3", "x": 3177844.29, "y": 1664497.54 }, "geometry": { "type": "Point", "coordinates": [ -104.868362, 39.656151 ] } },
{ "type": "Feature", "properties": { "OBJECTID": 254, "Facility ID": "04ZHZI", "Facility Name": "ROYALTY CARE NURSING SERVICES LLC", "Facility Type Code": "05D", "Facility Type": "Home Care Agency", "Map Symbol": "Home Health", "Facility Type Detail": "HCA LICENSE - PERSONAL CARE HOMEMAKER", "Facility Type Abbreviation": "HCA-PHS", "Licensed Beds Total": 0, "Telephone": "Phone Number Not Avaliable", "County": "DENVER", "Address Full": "8801 E HAMPDEN AVE STE 110, DENVER, CO 80231", "Latitude": 39.653145, "Longitude": -104.886116, "CDPHE HFEMS Licensed": "Sublicense", "Operating Status": "Active", "Date Data Updated": "2025-10-27T07:00:00Z", "Source": "CDPHE Health Facilities and Emergency Medical Services Division", "GlobalID": "401b8df5-dfcf-4458-b734-6859345720db", "x": 3172853.02, "y": 1663368.338 }, "geometry": { "type": "Point", "coordinates": [ -104.886116, 39.653145 ] } },
{ "type": "Feature", "properties": { "OBJECTID": 255, "Facility ID": "50403", "Facility Name": "BRIDGE COMMUNITY INC, THE", "Facility Type Code": "S41", "Facility Type": "All Other Factypes", "Map Symbol": "Group Home", "Facility Type Detail": "RESIDENTIAL TREATMENT", "Facility Type Abbreviation": "RCF-DD", "Licensed Beds Total": 8, "Telephone": "(303) 935-4740", "County": "DENVER", "Address Full": "3101 W HILLSIDE PL, DENVER, CO 80219", "Latitude": 39.67255, "Longitude": -105.027069, "CDPHE HFEMS Licensed": "Licensed", "Operating Status": "Active", "Date Data Updated": "2025-10-27T07:00:00Z", "Source": "CDPHE Health Facilities and Emergency Medical Services Division", "GlobalID": "ec3035b9-2d22-43ca-9707-c8d31a9354f4", "x": 3133128.751, "y": 1670199.289 }, "geometry": { "type": "Point", "coordinates": [ -105.027069, 39.67255 ] } },
{ "type": "Feature", "properties": { "OBJECTID": 256, "Facility ID": "05XPRV", "Facility Name": "LIFETIMECARE", "Facility Type Code": "S41", "Facility Type": "All Other Factypes", "Map Symbol": "Group Home", "Facility Type Detail": "RESIDENTIAL TREATMENT", "Facility Type Abbreviation": "RCF-DD", "Licensed Beds Total": 0, "Telephone": "Phone Number Not Avaliable", "County": "DENVER", "Address Full": "3066 MAGNOLIA ST, DENVER, CO 80207", "Latitude": 39.760975, "Longitude": -104.911636, "CDPHE HFEMS Licensed": "Licensed", "Operating Status": "Pending", "Date Data Updated": "2025-10-27T07:00:00Z", "Source": "CDPHE Health Facilities and Emergency Medical Services Division", "GlobalID": "8dd6d6b3-43f0-4c0c-8496-84304e11481c", "x": 3165413.115, "y": 1702598.628 }, "geometry": { "type": "Point", "coordinates": [ -104.911636, 39.760975 ] } },
{ "type": "Feature", "properties": { "OBJECTID": 257, "Facility ID": "61002", "Facility Name": "INNER CITY HEALTH CENTER", "Facility Type Code": "211", "Facility Type": "All Other Factypes", "Map Symbol": "Federally Qualified Health Center", "Facility Type Detail": "FEDERALLY QHC", "Facility Type Abbreviation": "FQHC", "Licensed Beds Total": 0, "Telephone": "Phone Number Not Avaliable", "County": "DENVER", "Address Full": "3800 YORK STREET, DENVER, CO 80205", "Latitude": 39.76936, "Longitude": -104.959679, "CDPHE HFEMS Licensed": "HCPF Certified", "Operating Status": "Active", "Date Data Updated": "2025-10-27T07:00:00Z", "Source": "CDPHE Health Facilities and Emergency Medical Services Division", "GlobalID": "2d376e38-99ea-4607-8d95-a91fef0f28a8", "x": 3151888.497, "y": 1705569.094 }, "geometry": { "type": "Point", "coordinates": [ -104.959679, 39.76936 ] } },
{ "type": "Feature", "properties": { "OBJECTID": 258, "Facility ID": "10040X", "Facility Name": "SUPREME HEALTH CARE LLC", "Facility Type Code": "05D", "Facility Type": "Home Care Agency", "Map Symbol": "Home Health", "Facility Type Detail": "HCA LICENSE - PERSONAL CARE HOMEMAKER", "Facility Type Abbreviation": "HCA-PHS", "Licensed Beds Total": 0, "Telephone": "(303) 388-3886", "County": "DENVER", "Address Full": "6795 E TENNESSEE AVE  STE 225A, DENVER, CO 80224-1609", "Latitude": 39.698505, "Longitude": -104.910103, "CDPHE HFEMS Licensed": "Licensed", "Operating Status": "Active", "Date Data Updated": "2025-10-27T07:00:00Z", "Source": "CDPHE Health Facilities and Emergency Medical Services Division", "GlobalID": "80049df7-c46b-4a2e-8b55-f25956db4923", "x": 3165991.852, "y": 1679846.104 }, "geometry": { "type": "Point", "coordinates": [ -104.910103, 39.698505 ] } },
{ "type": "Feature", "properties": { "OBJECTID": 259, "Facility ID": "1004L0", "Facility Name": "AMI - WELLNESS", "Facility Type Code": "05D", "Facility Type": "Home Care Agency", "Map Symbol": "Home Health", "Facility Type Detail": "HCA LICENSE - PERSONAL CARE HOMEMAKER", "Facility Type Abbreviation": "HCA-PHS", "Licensed Beds Total": 0, "Telephone": "(303) 722-2208", "County": "DENVER", "Address Full": "1385 S COLORADO BLVD  STE A306, DENVER, CO 80222", "Latitude": 39.691406, "Longitude": -104.940804, "CDPHE HFEMS Licensed": "Sublicense", "Operating Status": "Active", "Date Data Updated": "2025-10-27T07:00:00Z", "Source": "CDPHE Health Facilities and Emergency Medical Services Division", "GlobalID": "c7769c4a-dd42-4033-9dab-bb83148e91e1", "x": 3157369.034, "y": 1677205.614 }, "geometry": { "type": "Point", "coordinates": [ -104.940804, 39.691406 ] } },
{ "type": "Feature", "properties": { "OBJECTID": 260, "Facility ID": "1004LX", "Facility Name": "COMING FULL CIRCLE LLC", "Facility Type Code": "05D", "Facility Type": "Home Care Agency", "Map Symbol": "Home Health", "Facility Type Detail": "HCA LICENSE - PERSONAL CARE HOMEMAKER", "Facility Type Abbreviation": "HCA-PHS", "Licensed Beds Total": 0, "Telephone": "(303) 307-8855", "County": "DENVER", "Address Full": "4705 PARIS ST STE 100, DENVER, CO 80239", "Latitude": 39.783218, "Longitude": -104.848915, "CDPHE HFEMS Licensed": "Licensed", "Operating Status": "Active", "Date Data Updated": "2025-10-27T07:00:00Z", "Source": "CDPHE Health Facilities and Emergency Medical Services Division", "GlobalID": "b2654c9c-0a70-4c49-87f3-003382c9c32c", "x": 3182987.891, "y": 1710821.24 }, "geometry": { "type": "Point", "coordinates": [ -104.848915, 39.783218 ] } },
{ "type": "Feature", "properties": { "OBJECTID": 261, "Facility ID": "1004MB", "Facility Name": "PRIMA ADULT DAY SERVICES LLC", "Facility Type Code": "S22", "Facility Type": "All Other Factypes", "Map Symbol": "Adult Day Care Facility", "Facility Type Detail": "ADULT DAY", "Facility Type Abbreviation": "ADAY", "Licensed Beds Total": 0, "Telephone": "(303) 691-9999", "County": "DENVER", "Address Full": "6630 E HAMPDEN AVE, DENVER, CO 80224", "Latitude": 39.652988, "Longitude": -104.91127, "CDPHE HFEMS Licensed": "HCPF Certified", "Operating Status": "Active", "Date Data Updated": "2025-10-27T07:00:00Z", "Source": "CDPHE Health Facilities and Emergency Medical Services Division", "GlobalID": "552b312c-d635-4926-a37b-dc8829490d79", "x": 3165770.925, "y": 1663264.272 }, "geometry": { "type": "Point", "coordinates": [ -104.91127, 39.652988 ] } },
{ "type": "Feature", "properties": { "OBJECTID": 262, "Facility ID": "1004MD", "Facility Name": "G & B HOMECARE SERVICES INC", "Facility Type Code": "05D", "Facility Type": "Home Care Agency", "Map Symbol": "Home Health", "Facility Type Detail": "HCA LICENSE - PERSONAL CARE HOMEMAKER", "Facility Type Abbreviation": "HCA-PHS", "Licensed Beds Total": 0, "Telephone": "(303) 388-1082", "County": "DENVER", "Address Full": "6825 E TENNESSEE AVE  #530, DENVER, CO 80224", "Latitude": 39.698505, "Longitude": -104.909645, "CDPHE HFEMS Licensed": "Licensed", "Operating Status": "Active", "Date Data Updated": "2025-10-27T07:00:00Z", "Source": "CDPHE Health Facilities and Emergency Medical Services Division", "GlobalID": "c3846c70-82f8-4642-a553-c76ed0004ce8", "x": 3166120.725, "y": 1679846.941 }, "geometry": { "type": "Point", "coordinates": [ -104.909645, 39.698505 ] } },
{ "type": "Feature", "properties": { "OBJECTID": 263, "Facility ID": "1004ND", "Facility Name": "A ARIEL HOME CARE", "Facility Type Code": "05D", "Facility Type": "Home Care Agency", "Map Symbol": "Home Health", "Facility Type Detail": "HCA LICENSE - PERSONAL CARE HOMEMAKER", "Facility Type Abbreviation": "HCA-PHS", "Licensed Beds Total": 0, "Telephone": "(303) 399-0003", "County": "DENVER", "Address Full": "6795 E TENNESSEE AVE  #154, DENVER, CO 80224", "Latitude": 39.698505, "Longitude": -104.910103, "CDPHE HFEMS Licensed": "Licensed", "Operating Status": "Active", "Date Data Updated": "2025-10-27T07:00:00Z", "Source": "CDPHE Health Facilities and Emergency Medical Services Division", "GlobalID": "4be9e7ad-c163-4dca-a04f-064ba7536f0b", "x": 3165991.852, "y": 1679846.104 }, "geometry": { "type": "Point", "coordinates": [ -104.910103, 39.698505 ] } },
{ "type": "Feature", "properties": { "OBJECTID": 264, "Facility ID": "1004TW", "Facility Name": "IRN HOME CARE", "Facility Type Code": "05D", "Facility Type": "Home Care Agency", "Map Symbol": "Home Health", "Facility Type Detail": "HCA LICENSE - PERSONAL CARE HOMEMAKER", "Facility Type Abbreviation": "HCA-PHS", "Licensed Beds Total": 0, "Telephone": "(303) 691-9999", "County": "DENVER", "Address Full": "6630 E HAMPDEN AVE, DENVER, CO 80224", "Latitude": 39.652988, "Longitude": -104.91127, "CDPHE HFEMS Licensed": "Licensed", "Operating Status": "Active", "Date Data Updated": "2025-10-27T07:00:00Z", "Source": "CDPHE Health Facilities and Emergency Medical Services Division", "GlobalID": "a4c07ce1-8ad9-4223-a8d8-08bfdfac7bc0", "x": 3165770.925, "y": 1663264.272 }, "geometry": { "type": "Point", "coordinates": [ -104.91127, 39.652988 ] } },
{ "type": "Feature", "properties": { "OBJECTID": 265, "Facility ID": "1009XJ", "Facility Name": "DIMENSION SUPPORT SERVICES LLC", "Facility Type Code": "S2E", "Facility Type": "All Other Factypes", "Map Symbol": "Disability Care", "Facility Type Detail": "SERVICE AGENCY", "Facility Type Abbreviation": "HCBS-IDD", "Licensed Beds Total": 0, "Telephone": "(720) 552-1401", "County": "DENVER", "Address Full": "3961 ORLEANS ST, DENVER, CO 80249", "Latitude": 39.770897, "Longitude": -104.738373, "CDPHE HFEMS Licensed": "HCPF Certified", "Operating Status": "Active", "Date Data Updated": "2025-10-27T07:00:00Z", "Source": "CDPHE Health Facilities and Emergency Medical Services Division", "GlobalID": "d8b96b27-b1fc-45fb-8615-2454121a5c05", "x": 3214092.274, "y": 1706574.736 }, "geometry": { "type": "Point", "coordinates": [ -104.738373, 39.770897 ] } },
{ "type": "Feature", "properties": { "OBJECTID": 266, "Facility ID": "100AO3", "Facility Name": "ADVANCED CARE SUPPORT LLC", "Facility Type Code": "S2E", "Facility Type": "All Other Factypes", "Map Symbol": "Disability Care", "Facility Type Detail": "SERVICE AGENCY", "Facility Type Abbreviation": "HCBS-IDD", "Licensed Beds Total": 0, "Telephone": "(954) 706-5352", "County": "DENVER", "Address Full": "6795 E TENNESSE AVE UNIT 1-620, DENVER, CO 80224", "Latitude": 39.698505, "Longitude": -104.910103, "CDPHE HFEMS Licensed": "HCPF Certified", "Operating Status": "Active", "Date Data Updated": "2025-10-27T07:00:00Z", "Source": "CDPHE Health Facilities and Emergency Medical Services Division", "GlobalID": "cf503446-b741-471b-bc73-c1015d205ffd", "x": 3165991.852, "y": 1679846.104 }, "geometry": { "type": "Point", "coordinates": [ -104.910103, 39.698505 ] } },
{ "type": "Feature", "properties": { "OBJECTID": 267, "Facility ID": "100RTX", "Facility Name": "A+ ANGELS LLC", "Facility Type Code": "S2E", "Facility Type": "All Other Factypes", "Map Symbol": "Disability Care", "Facility Type Detail": "SERVICE AGENCY", "Facility Type Abbreviation": "HCBS-IDD", "Licensed Beds Total": 0, "Telephone": "(720) 654-9301", "County": "DENVER", "Address Full": "5507 TROY ST, DENVER, CO 80239", "Latitude": 39.794655, "Longitude": -104.840515, "CDPHE HFEMS Licensed": "HCPF Certified", "Operating Status": "Active", "Date Data Updated": "2025-10-27T07:00:00Z", "Source": "CDPHE Health Facilities and Emergency Medical Services Division", "GlobalID": "66a12725-6674-4c91-a571-cf8e5de3efcd", "x": 3185318.396, "y": 1715004.38 }, "geometry": { "type": "Point", "coordinates": [ -104.840515, 39.794655 ] } },
{ "type": "Feature", "properties": { "OBJECTID": 268, "Facility ID": "1021OA", "Facility Name": "ABBET CARE LLC", "Facility Type Code": "S2E", "Facility Type": "All Other Factypes", "Map Symbol": "Disability Care", "Facility Type Detail": "SERVICE AGENCY", "Facility Type Abbreviation": "HCBS-IDD", "Licensed Beds Total": 0, "Telephone": "(303) 320-1267", "County": "DENVER", "Address Full": "7864 E 28TH AVE, DENVER, CO 80238", "Latitude": 39.756104, "Longitude": -104.896568, "CDPHE HFEMS Licensed": "HCPF Certified", "Operating Status": "Active", "Date Data Updated": "2025-10-27T07:00:00Z", "Source": "CDPHE Health Facilities and Emergency Medical Services Division", "GlobalID": "ceb87bf1-e75f-4adc-92ea-eaa844fbf6ed", "x": 3169660.997, "y": 1700852.088 }, "geometry": { "type": "Point", "coordinates": [ -104.896568, 39.756104 ] } },
{ "type": "Feature", "properties": { "OBJECTID": 269, "Facility ID": "1036IG", "Facility Name": "PROGRESSIVE HOME HEALTH SERVICES LLC", "Facility Type Code": "S2E", "Facility Type": "All Other Factypes", "Map Symbol": "Disability Care", "Facility Type Detail": "SERVICE AGENCY", "Facility Type Abbreviation": "HCBS-IDD", "Licensed Beds Total": 0, "Telephone": "(720) 339-2129", "County": "DENVER", "Address Full": "6000 E EVANS AVE BLDG 1 STE 401, DENVER, CO 80222", "Latitude": 39.678413, "Longitude": -104.91803, "CDPHE HFEMS Licensed": "HCPF Certified", "Operating Status": "Active", "Date Data Updated": "2025-10-27T07:00:00Z", "Source": "CDPHE Health Facilities and Emergency Medical Services Division", "GlobalID": "9be06014-df5c-44d4-ac2e-68144e05a130", "x": 3163808.216, "y": 1672513.111 }, "geometry": { "type": "Point", "coordinates": [ -104.91803, 39.678413 ] } },
{ "type": "Feature", "properties": { "OBJECTID": 270, "Facility ID": "10395O", "Facility Name": "BETHELCARE LLC", "Facility Type Code": "S2G", "Facility Type": "All Other Factypes", "Map Symbol": "Disability Care", "Facility Type Detail": "CHILDREN'S HABILITATION RESIDENTIAL PROG", "Facility Type Abbreviation": "HCBS", "Licensed Beds Total": 0, "Telephone": "(720) 495-9567", "County": "DENVER", "Address Full": "20601 RANDOLPH PL, DENVER, CO 80249", "Latitude": 39.797718, "Longitude": -104.747368, "CDPHE HFEMS Licensed": "HCPF Certified", "Operating Status": "Active", "Date Data Updated": "2025-10-27T07:00:00Z", "Source": "CDPHE Health Facilities and Emergency Medical Services Division", "GlobalID": "5aa5cfab-e73a-46f0-aa9b-d412d3a2baee", "x": 3211482.941, "y": 1716323.549 }, "geometry": { "type": "Point", "coordinates": [ -104.747368, 39.797718 ] } },
{ "type": "Feature", "properties": { "OBJECTID": 271, "Facility ID": "103EDN", "Facility Name": "GRACE VIEW LLC", "Facility Type Code": "S2E", "Facility Type": "All Other Factypes", "Map Symbol": "Disability Care", "Facility Type Detail": "SERVICE AGENCY", "Facility Type Abbreviation": "HCBS-IDD", "Licensed Beds Total": 0, "Telephone": "(612) 636-0914", "County": "DENVER", "Address Full": "7986 E 53RD DR, DENVER, CO 8038", "Latitude": 39.79427, "Longitude": -104.895615, "CDPHE HFEMS Licensed": "HCPF Certified", "Operating Status": "Active", "Date Data Updated": "2025-10-27T07:00:00Z", "Source": "CDPHE Health Facilities and Emergency Medical Services Division", "GlobalID": "c3d797b0-2868-4502-b534-9768baf94570", "x": 3169836.441, "y": 1714756.434 }, "geometry": { "type": "Point", "coordinates": [ -104.895615, 39.79427 ] } },
{ "type": "Feature", "properties": { "OBJECTID": 272, "Facility ID": "103LAR", "Facility Name": "PLATINUM LOVING CARE", "Facility Type Code": "S2E", "Facility Type": "All Other Factypes", "Map Symbol": "Disability Care", "Facility Type Detail": "SERVICE AGENCY", "Facility Type Abbreviation": "HCBS-IDD", "Licensed Beds Total": 0, "Telephone": "Phone Number Not Avaliable", "County": "DENVER", "Address Full": "240 S MONACO ST PARKWAY, D 510, DENVER, CO 80224", "Latitude": 39.713095, "Longitude": -104.910087, "CDPHE HFEMS Licensed": "HCPF Certified", "Operating Status": "Active", "Date Data Updated": "2025-10-27T07:00:00Z", "Source": "CDPHE Health Facilities and Emergency Medical Services Division", "GlobalID": "09fae27f-247c-4a05-afbb-05a43fd00380", "x": 3165961.843, "y": 1685160.64 }, "geometry": { "type": "Point", "coordinates": [ -104.910087, 39.713095 ] } },
{ "type": "Feature", "properties": { "OBJECTID": 273, "Facility ID": "1041VQ", "Facility Name": "MASTERCARE LLC", "Facility Type Code": "S2E", "Facility Type": "All Other Factypes", "Map Symbol": "Disability Care", "Facility Type Detail": "SERVICE AGENCY", "Facility Type Abbreviation": "HCBS-IDD", "Licensed Beds Total": 0, "Telephone": "(720) 404-9701", "County": "DENVER", "Address Full": "5201 TRUCKEE ST, DENVER, CO 80249", "Latitude": 39.791584, "Longitude": -104.780754, "CDPHE HFEMS Licensed": "HCPF Certified", "Operating Status": "Active", "Date Data Updated": "2025-10-27T07:00:00Z", "Source": "CDPHE Health Facilities and Emergency Medical Services Division", "GlobalID": "a65d15b9-c3f4-47b0-b35c-f49d35feb5c4", "x": 3202119.786, "y": 1714013.151 }, "geometry": { "type": "Point", "coordinates": [ -104.780754, 39.791584 ] } },
{ "type": "Feature", "properties": { "OBJECTID": 274, "Facility ID": "105F1T", "Facility Name": "DILIGENT SUPPORT LLC", "Facility Type Code": "S2E", "Facility Type": "All Other Factypes", "Map Symbol": "Disability Care", "Facility Type Detail": "SERVICE AGENCY", "Facility Type Abbreviation": "HCBS-IDD", "Licensed Beds Total": 0, "Telephone": "(720) 297-5584", "County": "DENVER", "Address Full": "4360 EAGLE ST, DENVER, CO 80239", "Latitude": 39.774426, "Longitude": -104.82132, "CDPHE HFEMS Licensed": "HCPF Certified", "Operating Status": "Active", "Date Data Updated": "2025-10-27T07:00:00Z", "Source": "CDPHE Health Facilities and Emergency Medical Services Division", "GlobalID": "5f04d99e-b6e8-4a55-9e7f-9b933e835285", "x": 3190767.151, "y": 1707675.391 }, "geometry": { "type": "Point", "coordinates": [ -104.82132, 39.774426 ] } },
{ "type": "Feature", "properties": { "OBJECTID": 275, "Facility ID": "105FRQ", "Facility Name": "DREAMS ADULT DAY PROGRAM LLC", "Facility Type Code": "S2E", "Facility Type": "All Other Factypes", "Map Symbol": "Disability Care", "Facility Type Detail": "SERVICE AGENCY", "Facility Type Abbreviation": "HCBS-IDD", "Licensed Beds Total": 0, "Telephone": "(720) 327-7598", "County": "DENVER", "Address Full": "5274 DEARBORN ST, DENVER, CO 80239", "Latitude": 39.790337, "Longitude": -104.815781, "CDPHE HFEMS Licensed": "HCPF Certified", "Operating Status": "Active", "Date Data Updated": "2025-10-27T07:00:00Z", "Source": "CDPHE Health Facilities and Emergency Medical Services Division", "GlobalID": "d3449ff2-f4e5-4358-bdd0-ed2723a77ed0", "x": 3192280.379, "y": 1713482.881 }, "geometry": { "type": "Point", "coordinates": [ -104.815781, 39.790337 ] } },
{ "type": "Feature", "properties": { "OBJECTID": 276, "Facility ID": "106CT3", "Facility Name": "ATTAIN LLC", "Facility Type Code": "S2E", "Facility Type": "All Other Factypes", "Map Symbol": "Disability Care", "Facility Type Detail": "SERVICE AGENCY", "Facility Type Abbreviation": "HCBS-IDD", "Licensed Beds Total": 0, "Telephone": "(720) 989-6155", "County": "DENVER", "Address Full": "90 S JASMINE ST, DENVER, CO 80224", "Latitude": 39.714935, "Longitude": -104.918724, "CDPHE HFEMS Licensed": "HCPF Certified", "Operating Status": "Active", "Date Data Updated": "2025-10-27T07:00:00Z", "Source": "CDPHE Health Facilities and Emergency Medical Services Division", "GlobalID": "f8e12900-5a47-4ae1-9630-c1f53a3facaa", "x": 3163527.758, "y": 1685815.212 }, "geometry": { "type": "Point", "coordinates": [ -104.918724, 39.714935 ] } },
{ "type": "Feature", "properties": { "OBJECTID": 277, "Facility ID": "106LB6", "Facility Name": "ADVANCED BEHAVIORAL RESOURCES LLC", "Facility Type Code": "S2E", "Facility Type": "All Other Factypes", "Map Symbol": "Disability Care", "Facility Type Detail": "SERVICE AGENCY", "Facility Type Abbreviation": "HCBS-IDD", "Licensed Beds Total": 0, "Telephone": "(720) 773-0071", "County": "DENVER", "Address Full": "2424 WILLIAMS ST #901, DENVER, CO 80218", "Latitude": 39.752545, "Longitude": -104.96567, "CDPHE HFEMS Licensed": "HCPF Certified", "Operating Status": "Pending", "Date Data Updated": "2025-10-27T07:00:00Z", "Source": "CDPHE Health Facilities and Emergency Medical Services Division", "GlobalID": "75b1be56-9267-4f29-8d5a-eb9223be894e", "x": 3150240.457, "y": 1699434.008 }, "geometry": { "type": "Point", "coordinates": [ -104.96567, 39.752545 ] } },
{ "type": "Feature", "properties": { "OBJECTID": 278, "Facility ID": "107JQZ", "Facility Name": "ULTIMATE CARE", "Facility Type Code": "S2E", "Facility Type": "All Other Factypes", "Map Symbol": "Disability Care", "Facility Type Detail": "SERVICE AGENCY", "Facility Type Abbreviation": "HCBS-IDD", "Licensed Beds Total": 0, "Telephone": "(303) 362-0738", "County": "DENVER", "Address Full": "925 S NIAGARA STREET, DENVER, CO 80224", "Latitude": 39.70002, "Longitude": -104.910629, "CDPHE HFEMS Licensed": "HCPF Certified", "Operating Status": "Active", "Date Data Updated": "2025-10-27T07:00:00Z", "Source": "CDPHE Health Facilities and Emergency Medical Services Division", "GlobalID": "80ed0c02-16d2-4642-81e7-34262bcc0e8e", "x": 3165840.264, "y": 1680396.991 }, "geometry": { "type": "Point", "coordinates": [ -104.910629, 39.70002 ] } },
{ "type": "Feature", "properties": { "OBJECTID": 279, "Facility ID": "107KDV", "Facility Name": "LARADON", "Facility Type Code": "S2G", "Facility Type": "All Other Factypes", "Map Symbol": "Disability Care", "Facility Type Detail": "CHILDREN'S HABILITATION RESIDENTIAL PROG", "Facility Type Abbreviation": "HCBS", "Licensed Beds Total": 0, "Telephone": "(720) 974-6813", "County": "DENVER", "Address Full": "5100 LINCOLN STREET, DENVER, CO 80216", "Latitude": 39.791092, "Longitude": -104.986305, "CDPHE HFEMS Licensed": "HCPF Certified", "Operating Status": "Active", "Date Data Updated": "2025-10-27T07:00:00Z", "Source": "CDPHE Health Facilities and Emergency Medical Services Division", "GlobalID": "01f1c083-dbbf-4aa0-bdf2-df90ea96d198", "x": 3144359.174, "y": 1713441.96 }, "geometry": { "type": "Point", "coordinates": [ -104.986305, 39.791092 ] } },
{ "type": "Feature", "properties": { "OBJECTID": 280, "Facility ID": "107N5Z", "Facility Name": "COMING FULL CIRCLE LLC", "Facility Type Code": "S22", "Facility Type": "All Other Factypes", "Map Symbol": "Adult Day Care Facility", "Facility Type Detail": "ADULT DAY", "Facility Type Abbreviation": "ADAY", "Licensed Beds Total": 0, "Telephone": "(303) 307-8855", "County": "DENVER", "Address Full": "4705 PARIS ST. STE #100, DENVER, CO 80239", "Latitude": 39.783218, "Longitude": -104.848915, "CDPHE HFEMS Licensed": "HCPF Certified", "Operating Status": "Active", "Date Data Updated": "2025-10-27T07:00:00Z", "Source": "CDPHE Health Facilities and Emergency Medical Services Division", "GlobalID": "7929c1e2-b501-4aba-b77b-77ec5ed90268", "x": 3182987.891, "y": 1710821.24 }, "geometry": { "type": "Point", "coordinates": [ -104.848915, 39.783218 ] } },
{ "type": "Feature", "properties": { "OBJECTID": 281, "Facility ID": "107SQB", "Facility Name": "DIVINE SUPPORT CENTER LLC", "Facility Type Code": "S2E", "Facility Type": "All Other Factypes", "Map Symbol": "Disability Care", "Facility Type Detail": "SERVICE AGENCY", "Facility Type Abbreviation": "HCBS-IDD", "Licensed Beds Total": 0, "Telephone": "(843) 605-5717", "County": "DENVER", "Address Full": "7900 EAST UNION AVE  STE 1100, DENVER, CO 80237", "Latitude": 39.62867, "Longitude": -104.896881, "CDPHE HFEMS Licensed": "HCPF Certified", "Operating Status": "Active", "Date Data Updated": "2025-10-27T07:00:00Z", "Source": "CDPHE Health Facilities and Emergency Medical Services Division", "GlobalID": "60d87108-7635-4142-a2ec-c30cca127290", "x": 3169881.17, "y": 1654433.06 }, "geometry": { "type": "Point", "coordinates": [ -104.896881, 39.62867 ] } },
{ "type": "Feature", "properties": { "OBJECTID": 282, "Facility ID": "107WL7", "Facility Name": "VITA HOME HEALTH CARE INC", "Facility Type Code": "S2E", "Facility Type": "All Other Factypes", "Map Symbol": "Disability Care", "Facility Type Detail": "SERVICE AGENCY", "Facility Type Abbreviation": "HCBS-IDD", "Licensed Beds Total": 0, "Telephone": "(720) 892-7484", "County": "DENVER", "Address Full": "3600 S HAVANA ST STE 340, AURORA, CO 80012", "Latitude": 39.653572, "Longitude": -104.868085, "CDPHE HFEMS Licensed": "HCPF Certified", "Operating Status": "Active", "Date Data Updated": "2025-10-27T07:00:00Z", "Source": "CDPHE Health Facilities and Emergency Medical Services Division", "GlobalID": "fa769956-7f12-471f-af55-637c889f921e", "x": 3177928.814, "y": 1663558.684 }, "geometry": { "type": "Point", "coordinates": [ -104.868085, 39.653572 ] } },
{ "type": "Feature", "properties": { "OBJECTID": 283, "Facility ID": "108AML", "Facility Name": "YSONDE ENTERPRISES LLC", "Facility Type Code": "S2E", "Facility Type": "All Other Factypes", "Map Symbol": "Disability Care", "Facility Type Detail": "SERVICE AGENCY", "Facility Type Abbreviation": "HCBS-IDD", "Licensed Beds Total": 0, "Telephone": "(850) 225-1735", "County": "DENVER", "Address Full": "4435 W 7TH AVE, DENVER, CO 80204", "Latitude": 39.72834, "Longitude": -105.044434, "CDPHE HFEMS Licensed": "HCPF Certified", "Operating Status": "Active", "Date Data Updated": "2025-10-27T07:00:00Z", "Source": "CDPHE Health Facilities and Emergency Medical Services Division", "GlobalID": "938b9738-42a1-4015-8c2d-bba740312373", "x": 3128138.786, "y": 1690496.33 }, "geometry": { "type": "Point", "coordinates": [ -105.044434, 39.72834 ] } },
{ "type": "Feature", "properties": { "OBJECTID": 284, "Facility ID": "108MUE", "Facility Name": "BETHESDA HEALTHCARE", "Facility Type Code": "S2E", "Facility Type": "All Other Factypes", "Map Symbol": "Disability Care", "Facility Type Detail": "SERVICE AGENCY", "Facility Type Abbreviation": "HCBS-IDD", "Licensed Beds Total": 0, "Telephone": "(720) 620-6376", "County": "DENVER", "Address Full": "5084 ESPANA WAY, DENVER, CO 80249", "Latitude": 39.788666, "Longitude": -104.760193, "CDPHE HFEMS Licensed": "HCPF Certified", "Operating Status": "Active", "Date Data Updated": "2025-10-27T07:00:00Z", "Source": "CDPHE Health Facilities and Emergency Medical Services Division", "GlobalID": "8683b8f3-e078-4b37-a10a-26f0bfc2bb48", "x": 3207906.21, "y": 1712996.629 }, "geometry": { "type": "Point", "coordinates": [ -104.760193, 39.788666 ] } },
{ "type": "Feature", "properties": { "OBJECTID": 285, "Facility ID": "108NDW", "Facility Name": "TKC SILVER ROSE INC", "Facility Type Code": "S2E", "Facility Type": "All Other Factypes", "Map Symbol": "Disability Care", "Facility Type Detail": "SERVICE AGENCY", "Facility Type Abbreviation": "HCBS-IDD", "Licensed Beds Total": 0, "Telephone": "(303) 324-7529", "County": "DENVER", "Address Full": "5028 DILLON ST, DENVER, CO 80239", "Latitude": 39.784565, "Longitude": -104.819283, "CDPHE HFEMS Licensed": "HCPF Certified", "Operating Status": "Active", "Date Data Updated": "2025-10-27T07:00:00Z", "Source": "CDPHE Health Facilities and Emergency Medical Services Division", "GlobalID": "993512e2-73f2-4f58-a884-e4868a0f1136", "x": 3191312.029, "y": 1711372.949 }, "geometry": { "type": "Point", "coordinates": [ -104.819283, 39.784565 ] } },
{ "type": "Feature", "properties": { "OBJECTID": 286, "Facility ID": "1099XI", "Facility Name": "STRIVE CARE SERVICES LLC", "Facility Type Code": "S2E", "Facility Type": "All Other Factypes", "Map Symbol": "Disability Care", "Facility Type Detail": "SERVICE AGENCY", "Facility Type Abbreviation": "HCBS-IDD", "Licensed Beds Total": 0, "Telephone": "(720) 243-5820", "County": "DENVER", "Address Full": "1880 ARAPAHOE ST  APT 3110, DENVER, CO 80202", "Latitude": 39.750553, "Longitude": -104.992081, "CDPHE HFEMS Licensed": "HCPF Certified", "Operating Status": "Active", "Date Data Updated": "2025-10-27T07:00:00Z", "Source": "CDPHE Health Facilities and Emergency Medical Services Division", "GlobalID": "91c8a264-2bc1-4d06-bff6-d7170900c08e", "x": 3142818.608, "y": 1698665.795 }, "geometry": { "type": "Point", "coordinates": [ -104.992081, 39.750553 ] } },
{ "type": "Feature", "properties": { "OBJECTID": 287, "Facility ID": "109HOB", "Facility Name": "ALL FOR KIDS HOME HEALTH", "Facility Type Code": "S2E", "Facility Type": "All Other Factypes", "Map Symbol": "Disability Care", "Facility Type Detail": "SERVICE AGENCY", "Facility Type Abbreviation": "HCBS-IDD", "Licensed Beds Total": 0, "Telephone": "(720) 456-8054", "County": "DENVER", "Address Full": "4155 E JEWELL AVE STE 900, DENVER, CO 80222", "Latitude": 39.682148, "Longitude": -104.937157, "CDPHE HFEMS Licensed": "HCPF Certified", "Operating Status": "Active", "Date Data Updated": "2025-10-27T07:00:00Z", "Source": "CDPHE Health Facilities and Emergency Medical Services Division", "GlobalID": "dd48edda-a5bb-460a-aaf3-8afe8d2a1314", "x": 3158416.236, "y": 1673839.679 }, "geometry": { "type": "Point", "coordinates": [ -104.937157, 39.682148 ] } },
{ "type": "Feature", "properties": { "OBJECTID": 288, "Facility ID": "109OFX", "Facility Name": "MADISON'S GARDENS LLC", "Facility Type Code": "S2E", "Facility Type": "All Other Factypes", "Map Symbol": "Disability Care", "Facility Type Detail": "SERVICE AGENCY", "Facility Type Abbreviation": "HCBS-IDD", "Licensed Beds Total": 0, "Telephone": "(720) 266-6440", "County": "DENVER", "Address Full": "3260 MONACO PKWY, DENVER, CO 80207", "Latitude": 39.763134, "Longitude": -104.912125, "CDPHE HFEMS Licensed": "HCPF Certified", "Operating Status": "Active", "Date Data Updated": "2025-10-27T07:00:00Z", "Source": "CDPHE Health Facilities and Emergency Medical Services Division", "GlobalID": "1dc7e969-49e8-4166-a177-4770750668e4", "x": 3165270.552, "y": 1703384.185 }, "geometry": { "type": "Point", "coordinates": [ -104.912125, 39.763134 ] } },
{ "type": "Feature", "properties": { "OBJECTID": 289, "Facility ID": "10A176", "Facility Name": "JILL TULLMAN AND ASSOCIATES LLC", "Facility Type Code": "S2E", "Facility Type": "All Other Factypes", "Map Symbol": "Disability Care", "Facility Type Detail": "SERVICE AGENCY", "Facility Type Abbreviation": "HCBS-IDD", "Licensed Beds Total": 0, "Telephone": "(303) 641-1285", "County": "DENVER", "Address Full": "8030 EAST CEDAR AVENUE, DENVER, CO 80230", "Latitude": 39.712196, "Longitude": -104.895531, "CDPHE HFEMS Licensed": "HCPF Certified", "Operating Status": "Active", "Date Data Updated": "2025-10-27T07:00:00Z", "Source": "CDPHE Health Facilities and Emergency Medical Services Division", "GlobalID": "7f250d69-4238-4b5a-a08e-c6adaa88ba00", "x": 3170058.973, "y": 1684860.092 }, "geometry": { "type": "Point", "coordinates": [ -104.895531, 39.712196 ] } },
{ "type": "Feature", "properties": { "OBJECTID": 290, "Facility ID": "10A839", "Facility Name": "QUE PASA LLC", "Facility Type Code": "S2E", "Facility Type": "All Other Factypes", "Map Symbol": "Disability Care", "Facility Type Detail": "SERVICE AGENCY", "Facility Type Abbreviation": "HCBS-IDD", "Licensed Beds Total": 0, "Telephone": "(303) 726-2065", "County": "DENVER", "Address Full": "6700 W DORADO DRIVE #16, LITTLETON, CO 80123", "Latitude": 39.614429, "Longitude": -105.070511, "CDPHE HFEMS Licensed": "HCPF Certified", "Operating Status": "Active", "Date Data Updated": "2025-10-27T07:00:00Z", "Source": "CDPHE Health Facilities and Emergency Medical Services Division", "GlobalID": "e2518adb-041c-4153-b256-2e5b8c0c603a", "x": 3121000.391, "y": 1648967.832 }, "geometry": { "type": "Point", "coordinates": [ -105.070511, 39.614429 ] } },
{ "type": "Feature", "properties": { "OBJECTID": 291, "Facility ID": "10A928", "Facility Name": "ROCKY MOUNTAIN ADULT DAY CARE", "Facility Type Code": "S22", "Facility Type": "All Other Factypes", "Map Symbol": "Adult Day Care Facility", "Facility Type Detail": "ADULT DAY", "Facility Type Abbreviation": "ADAY", "Licensed Beds Total": 0, "Telephone": "(303) 691-2373", "County": "DENVER", "Address Full": "2200 SOUTH JASMINE STREET, DENVER, CO 80222", "Latitude": 39.677059, "Longitude": -104.918724, "CDPHE HFEMS Licensed": "HCPF Certified", "Operating Status": "Active", "Date Data Updated": "2025-10-27T07:00:00Z", "Source": "CDPHE Health Facilities and Emergency Medical Services Division", "GlobalID": "b80721a0-50af-4226-a784-bf60f412900a", "x": 3163616.036, "y": 1672018.661 }, "geometry": { "type": "Point", "coordinates": [ -104.918724, 39.677059 ] } },
{ "type": "Feature", "properties": { "OBJECTID": 292, "Facility ID": "10ADF3", "Facility Name": "SUNRISE HEALTH CARE INC", "Facility Type Code": "S2E", "Facility Type": "All Other Factypes", "Map Symbol": "Disability Care", "Facility Type Detail": "SERVICE AGENCY", "Facility Type Abbreviation": "HCBS-IDD", "Licensed Beds Total": 0, "Telephone": "(720) 662-8835", "County": "DENVER", "Address Full": "6784 E CEDAR AVE APT 607, DENVER, CO 80224", "Latitude": 39.714527, "Longitude": -104.910065, "CDPHE HFEMS Licensed": "HCPF Certified", "Operating Status": "Active", "Date Data Updated": "2025-10-27T07:00:00Z", "Source": "CDPHE Health Facilities and Emergency Medical Services Division", "GlobalID": "117e6125-17db-46c9-8b7d-a19a6f45aab8", "x": 3165964.645, "y": 1685682.297 }, "geometry": { "type": "Point", "coordinates": [ -104.910065, 39.714527 ] } },
{ "type": "Feature", "properties": { "OBJECTID": 293, "Facility ID": "10AUVJ", "Facility Name": "A PLUS PERSONAL CARE PROVIDER SERVICES LLC", "Facility Type Code": "S2E", "Facility Type": "All Other Factypes", "Map Symbol": "Disability Care", "Facility Type Detail": "SERVICE AGENCY", "Facility Type Abbreviation": "HCBS-IDD", "Licensed Beds Total": 0, "Telephone": "(303) 399-3497", "County": "DENVER", "Address Full": "6825 E TENNESSEE AVE UNIT 421, DENVER, CO 80224", "Latitude": 39.698505, "Longitude": -104.909645, "CDPHE HFEMS Licensed": "HCPF Certified", "Operating Status": "Active", "Date Data Updated": "2025-10-27T07:00:00Z", "Source": "CDPHE Health Facilities and Emergency Medical Services Division", "GlobalID": "77a69616-2a39-4c49-993f-75d1267b0f57", "x": 3166120.725, "y": 1679846.941 }, "geometry": { "type": "Point", "coordinates": [ -104.909645, 39.698505 ] } },
{ "type": "Feature", "properties": { "OBJECTID": 294, "Facility ID": "10B307", "Facility Name": "EXTENDED CARE LLC", "Facility Type Code": "S2E", "Facility Type": "All Other Factypes", "Map Symbol": "Disability Care", "Facility Type Detail": "SERVICE AGENCY", "Facility Type Abbreviation": "HCBS-IDD", "Licensed Beds Total": 0, "Telephone": "(720) 532-0907", "County": "DENVER", "Address Full": "9725 E HAMPDEN AVE, DENVER, CO 80231", "Latitude": 39.653118, "Longitude": -104.875374, "CDPHE HFEMS Licensed": "HCPF Certified", "Operating Status": "Active", "Date Data Updated": "2025-10-27T07:00:00Z", "Source": "CDPHE Health Facilities and Emergency Medical Services Division", "GlobalID": "b6ebdfd0-86ce-4dd4-a443-c5db8f854965", "x": 3175877.646, "y": 1663379.121 }, "geometry": { "type": "Point", "coordinates": [ -104.875374, 39.653118 ] } },
{ "type": "Feature", "properties": { "OBJECTID": 295, "Facility ID": "10B427", "Facility Name": "WORLDWIDE ADULT DAY CARE INC", "Facility Type Code": "S2E", "Facility Type": "All Other Factypes", "Map Symbol": "Disability Care", "Facility Type Detail": "SERVICE AGENCY", "Facility Type Abbreviation": "HCBS-IDD", "Licensed Beds Total": 0, "Telephone": "(303) 815-6285", "County": "DENVER", "Address Full": "10890 E DARTMOUTH AVE UNITS H & I, DENVER, CO 80014", "Latitude": 39.659743, "Longitude": -104.860557, "CDPHE HFEMS Licensed": "HCPF Certified", "Operating Status": "Active", "Date Data Updated": "2025-10-27T07:00:00Z", "Source": "CDPHE Health Facilities and Emergency Medical Services Division", "GlobalID": "77db9050-c9b2-4cf2-a5e3-4b84659e0e13", "x": 3180032.589, "y": 1665821.297 }, "geometry": { "type": "Point", "coordinates": [ -104.860557, 39.659743 ] } },
{ "type": "Feature", "properties": { "OBJECTID": 296, "Facility ID": "10B472", "Facility Name": "BAFFLINK HOME HEALTH SERVICES", "Facility Type Code": "S2E", "Facility Type": "All Other Factypes", "Map Symbol": "Disability Care", "Facility Type Detail": "SERVICE AGENCY", "Facility Type Abbreviation": "HCBS-IDD", "Licensed Beds Total": 0, "Telephone": "(720) 400-1215", "County": "DENVER", "Address Full": "7535 E HAMPDEN AVE  STE 400, DENVER, CO 80231", "Latitude": 39.653275, "Longitude": -104.902466, "CDPHE HFEMS Licensed": "HCPF Certified", "Operating Status": "Active", "Date Data Updated": "2025-10-27T07:00:00Z", "Source": "CDPHE Health Facilities and Emergency Medical Services Division", "GlobalID": "3a855575-4c5e-4c48-837c-a8ac1de0c5c4", "x": 3168249.136, "y": 1663384.997 }, "geometry": { "type": "Point", "coordinates": [ -104.902466, 39.653275 ] } },
{ "type": "Feature", "properties": { "OBJECTID": 297, "Facility ID": "10B856", "Facility Name": "ASCENT MUSIC THERAPY LLC", "Facility Type Code": "S2E", "Facility Type": "All Other Factypes", "Map Symbol": "Disability Care", "Facility Type Detail": "SERVICE AGENCY", "Facility Type Abbreviation": "HCBS-IDD", "Licensed Beds Total": 0, "Telephone": "(630) 440-5232", "County": "DENVER", "Address Full": "2729 S TENNYSON WAY, DENVER, CO 80236", "Latitude": 39.66721, "Longitude": -105.043892, "CDPHE HFEMS Licensed": "HCPF Certified", "Operating Status": "Active", "Date Data Updated": "2025-10-27T07:00:00Z", "Source": "CDPHE Health Facilities and Emergency Medical Services Division", "GlobalID": "407d8725-4361-4786-999b-aa6a3e4e060d", "x": 3128403.029, "y": 1668229.952 }, "geometry": { "type": "Point", "coordinates": [ -105.043892, 39.66721 ] } },
{ "type": "Feature", "properties": { "OBJECTID": 298, "Facility ID": "10BDJW", "Facility Name": "ETHOS HEALTHCARE LLC", "Facility Type Code": "S2E", "Facility Type": "All Other Factypes", "Map Symbol": "Disability Care", "Facility Type Detail": "SERVICE AGENCY", "Facility Type Abbreviation": "HCBS-IDD", "Licensed Beds Total": 0, "Telephone": "(303) 944-9633", "County": "DENVER", "Address Full": "6795 E TENNESSEE AVE STE 1-414, DENVER, CO 80224", "Latitude": 39.698505, "Longitude": -104.910103, "CDPHE HFEMS Licensed": "HCPF Certified", "Operating Status": "Active", "Date Data Updated": "2025-10-27T07:00:00Z", "Source": "CDPHE Health Facilities and Emergency Medical Services Division", "GlobalID": "f6c5da1e-426c-46ef-b057-0f59ef8421a6", "x": 3165991.852, "y": 1679846.104 }, "geometry": { "type": "Point", "coordinates": [ -104.910103, 39.698505 ] } },
{ "type": "Feature", "properties": { "OBJECTID": 299, "Facility ID": "10C521", "Facility Name": "PINNACLE TRANSPORT LLC", "Facility Type Code": "S2E", "Facility Type": "All Other Factypes", "Map Symbol": "Disability Care", "Facility Type Detail": "SERVICE AGENCY", "Facility Type Abbreviation": "HCBS-IDD", "Licensed Beds Total": 0, "Telephone": "(720) 328-8010", "County": "DENVER", "Address Full": "5551 DANUBE STREET, DENVER, CO 80249", "Latitude": 39.795616, "Longitude": -104.763588, "CDPHE HFEMS Licensed": "HCPF Certified", "Operating Status": "Active", "Date Data Updated": "2025-10-27T07:00:00Z", "Source": "CDPHE Health Facilities and Emergency Medical Services Division", "GlobalID": "4a3c65cc-9bfc-4f27-a87c-90c97ea3b164", "x": 3206931.633, "y": 1715520.513 }, "geometry": { "type": "Point", "coordinates": [ -104.763588, 39.795616 ] } },
{ "type": "Feature", "properties": { "OBJECTID": 300, "Facility ID": "10C7RO", "Facility Name": "SENIOR CONNECTION LLC, THE", "Facility Type Code": "S22", "Facility Type": "All Other Factypes", "Map Symbol": "Adult Day Care Facility", "Facility Type Detail": "ADULT DAY", "Facility Type Abbreviation": "ADAY", "Licensed Beds Total": 0, "Telephone": "(720) 298-5897", "County": "DENVER", "Address Full": "2660 S MONACO PKWY, DENVER, CO 80222", "Latitude": 39.668442, "Longitude": -104.912727, "CDPHE HFEMS Licensed": "HCPF Certified", "Operating Status": "Active", "Date Data Updated": "2025-10-27T07:00:00Z", "Source": "CDPHE Health Facilities and Emergency Medical Services Division", "GlobalID": "5f3197b8-4229-4c6c-85b3-7e817a9d50f2", "x": 3165324.295, "y": 1668890.753 }, "geometry": { "type": "Point", "coordinates": [ -104.912727, 39.668442 ] } },
{ "type": "Feature", "properties": { "OBJECTID": 301, "Facility ID": "10C91W", "Facility Name": "SUNRISE SENIOR DAY CARE", "Facility Type Code": "S22", "Facility Type": "All Other Factypes", "Map Symbol": "Adult Day Care Facility", "Facility Type Detail": "ADULT DAY", "Facility Type Abbreviation": "ADAY", "Licensed Beds Total": 0, "Telephone": "(303) 358-5399", "County": "DENVER", "Address Full": "2500 S SHERIDAN BLVD, DENVER, CO 80227", "Latitude": 39.674225, "Longitude": -105.0532, "CDPHE HFEMS Licensed": "HCPF Certified", "Operating Status": "Active", "Date Data Updated": "2025-10-27T07:00:00Z", "Source": "CDPHE Health Facilities and Emergency Medical Services Division", "GlobalID": "e5a6faa2-f4f1-403f-bbe0-cd0622359d2a", "x": 3125770.162, "y": 1670772.183 }, "geometry": { "type": "Point", "coordinates": [ -105.0532, 39.674225 ] } },
{ "type": "Feature", "properties": { "OBJECTID": 302, "Facility ID": "10C956", "Facility Name": "RESPECT HOME HEALTH INC", "Facility Type Code": "05D", "Facility Type": "Home Care Agency", "Map Symbol": "Home Health", "Facility Type Detail": "HCA LICENSE - PERSONAL CARE HOMEMAKER", "Facility Type Abbreviation": "HCA-PHS", "Licensed Beds Total": 0, "Telephone": "(303) 757-0634", "County": "DENVER", "Address Full": "6660 E HAMPDEN AVE  SUITE 204, DENVER, CO 80224", "Latitude": 39.652996, "Longitude": -104.910957, "CDPHE HFEMS Licensed": "Licensed", "Operating Status": "Active", "Date Data Updated": "2025-10-27T07:00:00Z", "Source": "CDPHE Health Facilities and Emergency Medical Services Division", "GlobalID": "116aba97-d76e-4da0-9dea-788c9ba199f0", "x": 3165859.036, "y": 1663267.757 }, "geometry": { "type": "Point", "coordinates": [ -104.910957, 39.652996 ] } },
{ "type": "Feature", "properties": { "OBJECTID": 303, "Facility ID": "10C962", "Facility Name": "# 1 HOME CARE AGENCY CORPORATION", "Facility Type Code": "05D", "Facility Type": "Home Care Agency", "Map Symbol": "Home Health", "Facility Type Detail": "HCA LICENSE - PERSONAL CARE HOMEMAKER", "Facility Type Abbreviation": "HCA-PHS", "Licensed Beds Total": 0, "Telephone": "(303) 306-0404", "County": "DENVER", "Address Full": "10200 E GIRARD AVE  BLDG A STE 103, DENVER, CO 80231", "Latitude": 39.656151, "Longitude": -104.868362, "CDPHE HFEMS Licensed": "Licensed", "Operating Status": "Active", "Date Data Updated": "2025-10-27T07:00:00Z", "Source": "CDPHE Health Facilities and Emergency Medical Services Division", "GlobalID": "a37bfa62-6d4c-4477-91c7-4311bfe165b2", "x": 3177844.29, "y": 1664497.54 }, "geometry": { "type": "Point", "coordinates": [ -104.868362, 39.656151 ] } },
{ "type": "Feature", "properties": { "OBJECTID": 304, "Facility ID": "10CJGY", "Facility Name": "ACCESS GALLERY", "Facility Type Code": "S2E", "Facility Type": "All Other Factypes", "Map Symbol": "Disability Care", "Facility Type Detail": "SERVICE AGENCY", "Facility Type Abbreviation": "HCBS-IDD", "Licensed Beds Total": 0, "Telephone": "(720) 878-2226", "County": "DENVER", "Address Full": "909 SANTA FE DR, DENVER, CO 80204", "Latitude": 39.730713, "Longitude": -104.998703, "CDPHE HFEMS Licensed": "HCPF Certified", "Operating Status": "Pending", "Date Data Updated": "2025-10-27T07:00:00Z", "Source": "CDPHE Health Facilities and Emergency Medical Services Division", "GlobalID": "f60c6334-eca0-4329-ab5b-4f8c95625900", "x": 3140996.544, "y": 1691428.464 }, "geometry": { "type": "Point", "coordinates": [ -104.998703, 39.730713 ] } },
{ "type": "Feature", "properties": { "OBJECTID": 305, "Facility ID": "10D1OC", "Facility Name": "CITY PARK CARE GROUP LLC", "Facility Type Code": "S2E", "Facility Type": "All Other Factypes", "Map Symbol": "Disability Care", "Facility Type Detail": "SERVICE AGENCY", "Facility Type Abbreviation": "HCBS-IDD", "Licensed Beds Total": 0, "Telephone": "(720) 253-6085", "County": "DENVER", "Address Full": "1645 GARFIELD ST, DENVER, CO 80206", "Latitude": 39.742794, "Longitude": -104.944244, "CDPHE HFEMS Licensed": "HCPF Certified", "Operating Status": "Active", "Date Data Updated": "2025-10-27T07:00:00Z", "Source": "CDPHE Health Facilities and Emergency Medical Services Division", "GlobalID": "106c0d24-649b-44b2-9da5-f15132c907b7", "x": 3156286.465, "y": 1695918.222 }, "geometry": { "type": "Point", "coordinates": [ -104.944244, 39.742794 ] } },
{ "type": "Feature", "properties": { "OBJECTID": 306, "Facility ID": "10D328", "Facility Name": "AB ADVANCED SERVICES", "Facility Type Code": "S2E", "Facility Type": "All Other Factypes", "Map Symbol": "Disability Care", "Facility Type Detail": "SERVICE AGENCY", "Facility Type Abbreviation": "HCBS-IDD", "Licensed Beds Total": 0, "Telephone": "(303) 246-8657", "County": "DENVER", "Address Full": "4312 CEYLON ST, DENVER, CO 80249", "Latitude": 39.775112, "Longitude": -104.763863, "CDPHE HFEMS Licensed": "HCPF Certified", "Operating Status": "Active", "Date Data Updated": "2025-10-27T07:00:00Z", "Source": "CDPHE Health Facilities and Emergency Medical Services Division", "GlobalID": "b5e3d038-fe25-491a-a1b2-7246bfddaf70", "x": 3206914.883, "y": 1708051.033 }, "geometry": { "type": "Point", "coordinates": [ -104.763863, 39.775112 ] } },
{ "type": "Feature", "properties": { "OBJECTID": 307, "Facility ID": "10D464", "Facility Name": "TALEM HOME CARE", "Facility Type Code": "S2E", "Facility Type": "All Other Factypes", "Map Symbol": "Disability Care", "Facility Type Detail": "SERVICE AGENCY", "Facility Type Abbreviation": "HCBS-IDD", "Licensed Beds Total": 0, "Telephone": "(720) 789-7350", "County": "DENVER", "Address Full": "3600 SOUTH BEELER ST STE 320, DENVER, CO 80237", "Latitude": 39.651066, "Longitude": -104.88102, "CDPHE HFEMS Licensed": "HCPF Certified", "Operating Status": "Active", "Date Data Updated": "2025-10-27T07:00:00Z", "Source": "CDPHE Health Facilities and Emergency Medical Services Division", "GlobalID": "7e61eba1-f2cf-4cca-938f-7279373f01d4", "x": 3174293.029, "y": 1662620.801 }, "geometry": { "type": "Point", "coordinates": [ -104.88102, 39.651066 ] } },
{ "type": "Feature", "properties": { "OBJECTID": 308, "Facility ID": "10D969", "Facility Name": "ALPINE HOMECARE LLC", "Facility Type Code": "S2E", "Facility Type": "All Other Factypes", "Map Symbol": "Disability Care", "Facility Type Detail": "SERVICE AGENCY", "Facility Type Abbreviation": "HCBS-IDD", "Licensed Beds Total": 0, "Telephone": "(303) 305-6202", "County": "DENVER", "Address Full": "10200 E GIRARD AVE BLDG A STE 200, DENVER, CO 80231", "Latitude": 39.656151, "Longitude": -104.868362, "CDPHE HFEMS Licensed": "HCPF Certified", "Operating Status": "Active", "Date Data Updated": "2025-10-27T07:00:00Z", "Source": "CDPHE Health Facilities and Emergency Medical Services Division", "GlobalID": "f03d7311-c70c-4285-9599-4620ea21724f", "x": 3177844.29, "y": 1664497.54 }, "geometry": { "type": "Point", "coordinates": [ -104.868362, 39.656151 ] } },
{ "type": "Feature", "properties": { "OBJECTID": 309, "Facility ID": "10DSPT", "Facility Name": "JOYFUL HOME CARE AGENCY LLC", "Facility Type Code": "S2E", "Facility Type": "All Other Factypes", "Map Symbol": "Disability Care", "Facility Type Detail": "SERVICE AGENCY", "Facility Type Abbreviation": "HCBS-IDD", "Licensed Beds Total": 0, "Telephone": "(720) 579-6867", "County": "DENVER", "Address Full": "6581 N CEYLON ST, DENVER, CO 80249", "Latitude": 39.816341, "Longitude": -104.765808, "CDPHE HFEMS Licensed": "HCPF Certified", "Operating Status": "Active", "Date Data Updated": "2025-10-27T07:00:00Z", "Source": "CDPHE Health Facilities and Emergency Medical Services Division", "GlobalID": "c3c9a3c2-6c9b-4461-b0b3-0939534653ab", "x": 3206246.822, "y": 1723064.88 }, "geometry": { "type": "Point", "coordinates": [ -104.765808, 39.816341 ] } },
{ "type": "Feature", "properties": { "OBJECTID": 310, "Facility ID": "10DZFD", "Facility Name": "SUPPORT WORKS COLORADO LLC", "Facility Type Code": "S2E", "Facility Type": "All Other Factypes", "Map Symbol": "Disability Care", "Facility Type Detail": "SERVICE AGENCY", "Facility Type Abbreviation": "HCBS-IDD", "Licensed Beds Total": 0, "Telephone": "(720) 400-6533", "County": "DENVER", "Address Full": "8060 E GIRARD AVE UNIT GL10, DENVER, CO 80231", "Latitude": 39.654411, "Longitude": -104.894966, "CDPHE HFEMS Licensed": "HCPF Certified", "Operating Status": "Pending", "Date Data Updated": "2025-10-27T07:00:00Z", "Source": "CDPHE Health Facilities and Emergency Medical Services Division", "GlobalID": "ee78afa3-4f52-4f9a-abeb-ad95e73ec3a3", "x": 3170358.107, "y": 1663812.761 }, "geometry": { "type": "Point", "coordinates": [ -104.894966, 39.654411 ] } },
{ "type": "Feature", "properties": { "OBJECTID": 311, "Facility ID": "1.00E+286", "Facility Name": "SCOTT QUICKE", "Facility Type Code": "S2E", "Facility Type": "All Other Factypes", "Map Symbol": "Disability Care", "Facility Type Detail": "SERVICE AGENCY", "Facility Type Abbreviation": "HCBS-IDD", "Licensed Beds Total": 0, "Telephone": "(303) 898-3460", "County": "DENVER", "Address Full": "2121 S ONEIDA ST STE 540, DENVER, CO 80224", "Latitude": 39.678001, "Longitude": -104.908287, "CDPHE HFEMS Licensed": "HCPF Certified", "Operating Status": "Active", "Date Data Updated": "2025-10-27T07:00:00Z", "Source": "CDPHE Health Facilities and Emergency Medical Services Division", "GlobalID": "74db7496-3176-4524-b8db-ceadf4e6fe8d", "x": 3166551.49, "y": 1672380.754 }, "geometry": { "type": "Point", "coordinates": [ -104.908287, 39.678001 ] } },
{ "type": "Feature", "properties": { "OBJECTID": 312, "Facility ID": "10E517", "Facility Name": "COMMUNITY CHOICE RESOURCE LLC", "Facility Type Code": "S2E", "Facility Type": "All Other Factypes", "Map Symbol": "Disability Care", "Facility Type Detail": "SERVICE AGENCY", "Facility Type Abbreviation": "HCBS-IDD", "Licensed Beds Total": 0, "Telephone": "(720) 560-2828", "County": "DENVER", "Address Full": "9915 W WAGON TRAIL DR, DENVER, CO 80123", "Latitude": 39.630966, "Longitude": -105.108101, "CDPHE HFEMS Licensed": "HCPF Certified", "Operating Status": "Active", "Date Data Updated": "2025-10-27T07:00:00Z", "Source": "CDPHE Health Facilities and Emergency Medical Services Division", "GlobalID": "7ff6b2da-58f9-4838-b7fc-cf00f8e628fd", "x": 3110384.449, "y": 1654943.57 }, "geometry": { "type": "Point", "coordinates": [ -105.108101, 39.630966 ] } },
{ "type": "Feature", "properties": { "OBJECTID": 313, "Facility ID": "10E795", "Facility Name": "VISIONS FOR INDEPENDENT LIVING, INC.", "Facility Type Code": "S2E", "Facility Type": "All Other Factypes", "Map Symbol": "Disability Care", "Facility Type Detail": "SERVICE AGENCY", "Facility Type Abbreviation": "HCBS-IDD", "Licensed Beds Total": 0, "Telephone": "(303) 779-1030", "County": "DENVER", "Address Full": "8100 EAST UNION AVE  708, DENVER, CO 80237", "Latitude": 39.629593, "Longitude": -104.894508, "CDPHE HFEMS Licensed": "HCPF Certified", "Operating Status": "Active", "Date Data Updated": "2025-10-27T07:00:00Z", "Source": "CDPHE Health Facilities and Emergency Medical Services Division", "GlobalID": "95e19d49-102f-4686-92b2-966d4db09a2d", "x": 3170547.314, "y": 1654773.706 }, "geometry": { "type": "Point", "coordinates": [ -104.894508, 39.629593 ] } },
{ "type": "Feature", "properties": { "OBJECTID": 314, "Facility ID": "10EFDI", "Facility Name": "1 MILE HIGH SENIOR CLUB LLC", "Facility Type Code": "S22", "Facility Type": "All Other Factypes", "Map Symbol": "Adult Day Care Facility", "Facility Type Detail": "ADULT DAY", "Facility Type Abbreviation": "ADAY", "Licensed Beds Total": 0, "Telephone": "(720) 938-0470", "County": "DENVER", "Address Full": "6603 LEETSDALE DRIVE SPACE # H, I, J, K, DENVER, CO 80224", "Latitude": 39.702332, "Longitude": -104.911903, "CDPHE HFEMS Licensed": "HCPF Certified", "Operating Status": "Pending", "Date Data Updated": "2025-10-27T07:00:00Z", "Source": "CDPHE Health Facilities and Emergency Medical Services Division", "GlobalID": "1d11c95e-c005-46c5-b71b-9fa0fa1f089a", "x": 3165476.339, "y": 1681236.829 }, "geometry": { "type": "Point", "coordinates": [ -104.911903, 39.702332 ] } },
{ "type": "Feature", "properties": { "OBJECTID": 315, "Facility ID": "10ERLI", "Facility Name": "ACCESS ABILITY LLC", "Facility Type Code": "S2E", "Facility Type": "All Other Factypes", "Map Symbol": "Disability Care", "Facility Type Detail": "SERVICE AGENCY", "Facility Type Abbreviation": "HCBS-IDD", "Licensed Beds Total": 0, "Telephone": "(720) 299-8781", "County": "DENVER", "Address Full": "3550 NIAGARA ST, DENVER, CO 80207", "Latitude": 39.766975, "Longitude": -104.910522, "CDPHE HFEMS Licensed": "HCPF Certified", "Operating Status": "Active", "Date Data Updated": "2025-10-27T07:00:00Z", "Source": "CDPHE Health Facilities and Emergency Medical Services Division", "GlobalID": "13ce8eee-715d-4ef4-b9f0-a5e4b5a4b358", "x": 3165712.115, "y": 1704786.246 }, "geometry": { "type": "Point", "coordinates": [ -104.910522, 39.766975 ] } },
{ "type": "Feature", "properties": { "OBJECTID": 316, "Facility ID": "10F542", "Facility Name": "WENDY'S TEAM INC", "Facility Type Code": "SE1", "Facility Type": "All Other Factypes", "Map Symbol": "Home Care Placement", "Facility Type Detail": "HOME CARE PLACEMENT AGENCY", "Facility Type Abbreviation": "HCPA", "Licensed Beds Total": 0, "Telephone": "(510) 295-9612", "County": "DENVER", "Address Full": "50 S QUEBEC WAY, DENVER, CO 80230", "Latitude": 39.715424, "Longitude": -104.903313, "CDPHE HFEMS Licensed": "Licensed", "Operating Status": "Active", "Date Data Updated": "2025-10-27T07:00:00Z", "Source": "CDPHE Health Facilities and Emergency Medical Services Division", "GlobalID": "05b36cf6-282a-4fc5-97d9-33f9b6cfa182", "x": 3167861.96, "y": 1686021.442 }, "geometry": { "type": "Point", "coordinates": [ -104.903313, 39.715424 ] } },
{ "type": "Feature", "properties": { "OBJECTID": 317, "Facility ID": "10F820", "Facility Name": "COMPREHENSIVE COMMUNITY BASED SERVICES, LLC", "Facility Type Code": "S2E", "Facility Type": "All Other Factypes", "Map Symbol": "Disability Care", "Facility Type Detail": "SERVICE AGENCY", "Facility Type Abbreviation": "HCBS-IDD", "Licensed Beds Total": 0, "Telephone": "(303) 671-6042", "County": "DENVER", "Address Full": "3041 S  ROSEMARY ST, DENVER, CO 80231", "Latitude": 39.662384, "Longitude": -104.899796, "CDPHE HFEMS Licensed": "HCPF Certified", "Operating Status": "Active", "Date Data Updated": "2025-10-27T07:00:00Z", "Source": "CDPHE Health Facilities and Emergency Medical Services Division", "GlobalID": "d38c3587-47fd-4201-aead-7b0d8c9d82dd", "x": 3168978.989, "y": 1666707.909 }, "geometry": { "type": "Point", "coordinates": [ -104.899796, 39.662384 ] } },
{ "type": "Feature", "properties": { "OBJECTID": 318, "Facility ID": "10FAU4", "Facility Name": "ANGELS TOUCH HOMECARE INC", "Facility Type Code": "S2E", "Facility Type": "All Other Factypes", "Map Symbol": "Disability Care", "Facility Type Detail": "SERVICE AGENCY", "Facility Type Abbreviation": "HCBS-IDD", "Licensed Beds Total": 0, "Telephone": "(720) 365-3888", "County": "DENVER", "Address Full": "4681 S LOWELL BLVD, DENVER, CO 80236", "Latitude": 39.633274, "Longitude": -105.034821, "CDPHE HFEMS Licensed": "HCPF Certified", "Operating Status": "Active", "Date Data Updated": "2025-10-27T07:00:00Z", "Source": "CDPHE Health Facilities and Emergency Medical Services Division", "GlobalID": "b7f3973e-a548-4884-a381-92e7653a5cbf", "x": 3131019.906, "y": 1655881.622 }, "geometry": { "type": "Point", "coordinates": [ -105.034821, 39.633274 ] } },
{ "type": "Feature", "properties": { "OBJECTID": 319, "Facility ID": "10G303", "Facility Name": "HOPE CENTER", "Facility Type Code": "S2E", "Facility Type": "All Other Factypes", "Map Symbol": "Disability Care", "Facility Type Detail": "SERVICE AGENCY", "Facility Type Abbreviation": "HCBS-IDD", "Licensed Beds Total": 0, "Telephone": "(303) 388-4801", "County": "DENVER", "Address Full": "3475 HOLLY STREET, DENVER, CO 80207", "Latitude": 39.765514, "Longitude": -104.922363, "CDPHE HFEMS Licensed": "HCPF Certified", "Operating Status": "Active", "Date Data Updated": "2025-10-27T07:00:00Z", "Source": "CDPHE Health Facilities and Emergency Medical Services Division", "GlobalID": "3a651364-fa09-40f0-ae24-29ddefd2f2f9", "x": 3162386.897, "y": 1704232.673 }, "geometry": { "type": "Point", "coordinates": [ -104.922363, 39.765514 ] } },
{ "type": "Feature", "properties": { "OBJECTID": 320, "Facility ID": "10G374", "Facility Name": "LOVING LIFE HOST HOMES", "Facility Type Code": "S2E", "Facility Type": "All Other Factypes", "Map Symbol": "Disability Care", "Facility Type Detail": "SERVICE AGENCY", "Facility Type Abbreviation": "HCBS-IDD", "Licensed Beds Total": 0, "Telephone": "(720) 254-6984", "County": "DENVER", "Address Full": "6000 E EVANS AVE  BLDG 3 STE 111, DENVER, CO 80222", "Latitude": 39.678413, "Longitude": -104.91803, "CDPHE HFEMS Licensed": "HCPF Certified", "Operating Status": "Active", "Date Data Updated": "2025-10-27T07:00:00Z", "Source": "CDPHE Health Facilities and Emergency Medical Services Division", "GlobalID": "bb7ee463-f614-4f1a-a8df-e797184015aa", "x": 3163808.216, "y": 1672513.111 }, "geometry": { "type": "Point", "coordinates": [ -104.91803, 39.678413 ] } },
{ "type": "Feature", "properties": { "OBJECTID": 321, "Facility ID": "10G505", "Facility Name": "PROSPER LLC", "Facility Type Code": "S2E", "Facility Type": "All Other Factypes", "Map Symbol": "Disability Care", "Facility Type Detail": "SERVICE AGENCY", "Facility Type Abbreviation": "HCBS-IDD", "Licensed Beds Total": 0, "Telephone": "(972) 352-7128", "County": "DENVER", "Address Full": "19319 E 39TH PL, DENVER, CO 80249", "Latitude": 39.77039, "Longitude": -104.761955, "CDPHE HFEMS Licensed": "HCPF Certified", "Operating Status": "Active", "Date Data Updated": "2025-10-27T07:00:00Z", "Source": "CDPHE Health Facilities and Emergency Medical Services Division", "GlobalID": "da5ba5bb-13df-42d5-b8f2-da8905bdfd27", "x": 3207465.143, "y": 1706335.342 }, "geometry": { "type": "Point", "coordinates": [ -104.761955, 39.77039 ] } },
{ "type": "Feature", "properties": { "OBJECTID": 322, "Facility ID": "10G9KM", "Facility Name": "ALL MINDS COUNSELING", "Facility Type Code": "S2E", "Facility Type": "All Other Factypes", "Map Symbol": "Disability Care", "Facility Type Detail": "SERVICE AGENCY", "Facility Type Abbreviation": "HCBS-IDD", "Licensed Beds Total": 0, "Telephone": "(720) 615-0258", "County": "DENVER", "Address Full": "1660 S ALBION ST STE 918, DENVER, CO 80222", "Latitude": 39.686321, "Longitude": -104.939384, "CDPHE HFEMS Licensed": "HCPF Certified", "Operating Status": "Pending", "Date Data Updated": "2025-10-27T07:00:00Z", "Source": "CDPHE Health Facilities and Emergency Medical Services Division", "GlobalID": "7dd89a74-1c58-4509-ae94-4842b9f9e48d", "x": 3157780.069, "y": 1675355.838 }, "geometry": { "type": "Point", "coordinates": [ -104.939384, 39.686321 ] } },
{ "type": "Feature", "properties": { "OBJECTID": 323, "Facility ID": "10H4CI", "Facility Name": "OCO LLC", "Facility Type Code": "S2E", "Facility Type": "All Other Factypes", "Map Symbol": "Disability Care", "Facility Type Detail": "SERVICE AGENCY", "Facility Type Abbreviation": "HCBS-IDD", "Licensed Beds Total": 0, "Telephone": "(720) 536-0599", "County": "DENVER", "Address Full": "122 S STUART ST, DENVER, CO 80219", "Latitude": 39.714565, "Longitude": -105.043152, "CDPHE HFEMS Licensed": "HCPF Certified", "Operating Status": "Active", "Date Data Updated": "2025-10-27T07:00:00Z", "Source": "CDPHE Health Facilities and Emergency Medical Services Division", "GlobalID": "11b03569-9b4c-414d-8af6-4685b9954873", "x": 3128524.602, "y": 1685480.433 }, "geometry": { "type": "Point", "coordinates": [ -105.043152, 39.714565 ] } },
{ "type": "Feature", "properties": { "OBJECTID": 324, "Facility ID": "10H520", "Facility Name": "REHOBOTH RESOURCES CARE LLC", "Facility Type Code": "S2E", "Facility Type": "All Other Factypes", "Map Symbol": "Disability Care", "Facility Type Detail": "SERVICE AGENCY", "Facility Type Abbreviation": "HCBS-IDD", "Licensed Beds Total": 0, "Telephone": "(720) 257-2924", "County": "DENVER", "Address Full": "4734 FLANDERS WAY, DENVER, CO 80249", "Latitude": 39.78199, "Longitude": -104.75988, "CDPHE HFEMS Licensed": "HCPF Certified", "Operating Status": "Active", "Date Data Updated": "2025-10-27T07:00:00Z", "Source": "CDPHE Health Facilities and Emergency Medical Services Division", "GlobalID": "f4af5350-4139-4f30-b807-4c708d3fc4de", "x": 3208013.981, "y": 1710565.525 }, "geometry": { "type": "Point", "coordinates": [ -104.75988, 39.78199 ] } },
{ "type": "Feature", "properties": { "OBJECTID": 325, "Facility ID": "10HFFL", "Facility Name": "SENIOR SOCIAL CLUB ON MORRISON", "Facility Type Code": "S22", "Facility Type": "All Other Factypes", "Map Symbol": "Adult Day Care Facility", "Facility Type Detail": "ADULT DAY", "Facility Type Abbreviation": "ADAY", "Licensed Beds Total": 0, "Telephone": "(720) 755-2608", "County": "DENVER", "Address Full": "5110 MORRISON RD, DENVER, CO 80219", "Latitude": 39.697262, "Longitude": -105.052559, "CDPHE HFEMS Licensed": "HCPF Certified", "Operating Status": "Active", "Date Data Updated": "2025-10-27T07:00:00Z", "Source": "CDPHE Health Facilities and Emergency Medical Services Division", "GlobalID": "ba8b3a1f-9e2c-477c-b11b-e4e2e71846a7", "x": 3125909.262, "y": 1679164.47 }, "geometry": { "type": "Point", "coordinates": [ -105.052559, 39.697262 ] } },
{ "type": "Feature", "properties": { "OBJECTID": 326, "Facility ID": "10I396", "Facility Name": "ONE CIRCLE, LLC", "Facility Type Code": "S2E", "Facility Type": "All Other Factypes", "Map Symbol": "Disability Care", "Facility Type Detail": "SERVICE AGENCY", "Facility Type Abbreviation": "HCBS-IDD", "Licensed Beds Total": 0, "Telephone": "(303) 809-5608", "County": "DENVER", "Address Full": "2936 VINE STREET, DENVER, CO 80205", "Latitude": 39.758705, "Longitude": -104.962143, "CDPHE HFEMS Licensed": "HCPF Certified", "Operating Status": "Active", "Date Data Updated": "2025-10-27T07:00:00Z", "Source": "CDPHE Health Facilities and Emergency Medical Services Division", "GlobalID": "ea99ee48-3be5-4e96-bbce-6b51c1eaa35b", "x": 3151218.847, "y": 1701683.731 }, "geometry": { "type": "Point", "coordinates": [ -104.962143, 39.758705 ] } },
{ "type": "Feature", "properties": { "OBJECTID": 327, "Facility ID": "10I579", "Facility Name": "A PLUS PERSONAL CARE PROVIDER SERVICES LLC", "Facility Type Code": "05D", "Facility Type": "Home Care Agency", "Map Symbol": "Home Health", "Facility Type Detail": "HCA LICENSE - PERSONAL CARE HOMEMAKER", "Facility Type Abbreviation": "HCA-PHS", "Licensed Beds Total": 0, "Telephone": "(303) 399-3497", "County": "DENVER", "Address Full": "6825 E TENNESSEE AVE STE 421, DENVER, CO 80224", "Latitude": 39.698505, "Longitude": -104.909645, "CDPHE HFEMS Licensed": "Licensed", "Operating Status": "Active", "Date Data Updated": "2025-10-27T07:00:00Z", "Source": "CDPHE Health Facilities and Emergency Medical Services Division", "GlobalID": "5fe45fb0-646e-4ab7-8734-d5b09db1a76b", "x": 3166120.725, "y": 1679846.941 }, "geometry": { "type": "Point", "coordinates": [ -104.909645, 39.698505 ] } },
{ "type": "Feature", "properties": { "OBJECTID": 328, "Facility ID": "10I601", "Facility Name": "RESPECT HOME HEALTH, INC.", "Facility Type Code": "S2E", "Facility Type": "All Other Factypes", "Map Symbol": "Disability Care", "Facility Type Detail": "SERVICE AGENCY", "Facility Type Abbreviation": "HCBS-IDD", "Licensed Beds Total": 0, "Telephone": "(303) 757-0634", "County": "DENVER", "Address Full": "6660 E. HAMPDEN AVE., #204, DENVER, CO 80224", "Latitude": 39.652996, "Longitude": -104.910957, "CDPHE HFEMS Licensed": "HCPF Certified", "Operating Status": "Active", "Date Data Updated": "2025-10-27T07:00:00Z", "Source": "CDPHE Health Facilities and Emergency Medical Services Division", "GlobalID": "f17af0dc-4098-4d5e-88f3-1388e69053ab", "x": 3165859.036, "y": 1663267.757 }, "geometry": { "type": "Point", "coordinates": [ -104.910957, 39.652996 ] } },
{ "type": "Feature", "properties": { "OBJECTID": 329, "Facility ID": "10J1BT", "Facility Name": "KARE AND KINDNESS", "Facility Type Code": "S2E", "Facility Type": "All Other Factypes", "Map Symbol": "Disability Care", "Facility Type Detail": "SERVICE AGENCY", "Facility Type Abbreviation": "HCBS-IDD", "Licensed Beds Total": 0, "Telephone": "(720) 727-7540", "County": "DENVER", "Address Full": "7887 E BELLEVIEW AVE STE 1100, DENVER, CO 80111", "Latitude": 39.624207, "Longitude": -104.897278, "CDPHE HFEMS Licensed": "HCPF Certified", "Operating Status": "Active", "Date Data Updated": "2025-10-27T07:00:00Z", "Source": "CDPHE Health Facilities and Emergency Medical Services Division", "GlobalID": "54d70bc8-0716-4a82-a696-b851b03a4ae6", "x": 3169780.136, "y": 1652806.686 }, "geometry": { "type": "Point", "coordinates": [ -104.897278, 39.624207 ] } },
{ "type": "Feature", "properties": { "OBJECTID": 330, "Facility ID": "10J548", "Facility Name": "RELAX ADULT DAYCARE CORP", "Facility Type Code": "S22", "Facility Type": "All Other Factypes", "Map Symbol": "Adult Day Care Facility", "Facility Type Detail": "ADULT DAY", "Facility Type Abbreviation": "ADAY", "Licensed Beds Total": 0, "Telephone": "(303) 758-0871", "County": "DENVER", "Address Full": "2283 S MONACO PKWY UNIT 107 -108, DENVER, CO 80222", "Latitude": 39.674767, "Longitude": -104.913048, "CDPHE HFEMS Licensed": "HCPF Certified", "Operating Status": "Active", "Date Data Updated": "2025-10-27T07:00:00Z", "Source": "CDPHE Health Facilities and Emergency Medical Services Division", "GlobalID": "c3e65fc0-22ef-4fb7-860e-c0f7cfe6d17f", "x": 3165219.047, "y": 1671194.066 }, "geometry": { "type": "Point", "coordinates": [ -104.913048, 39.674767 ] } },
{ "type": "Feature", "properties": { "OBJECTID": 331, "Facility ID": "10J589", "Facility Name": "PORTVILLE HOME CARE SERVICES", "Facility Type Code": "S2E", "Facility Type": "All Other Factypes", "Map Symbol": "Disability Care", "Facility Type Detail": "SERVICE AGENCY", "Facility Type Abbreviation": "HCBS-IDD", "Licensed Beds Total": 0, "Telephone": "(323) 636-7944", "County": "DENVER", "Address Full": "5568 HANNIBAL CT, DENVER, CO 80239", "Latitude": 39.79731, "Longitude": -104.807953, "CDPHE HFEMS Licensed": "HCPF Certified", "Operating Status": "Active", "Date Data Updated": "2025-10-27T07:00:00Z", "Source": "CDPHE Health Facilities and Emergency Medical Services Division", "GlobalID": "6f1c6776-6b31-473c-a353-3d93983e1f92", "x": 3194460.793, "y": 1716039.569 }, "geometry": { "type": "Point", "coordinates": [ -104.807953, 39.79731 ] } },
{ "type": "Feature", "properties": { "OBJECTID": 332, "Facility ID": "10J597", "Facility Name": "COLORADO LOVING COMMUNITY", "Facility Type Code": "S2E", "Facility Type": "All Other Factypes", "Map Symbol": "Disability Care", "Facility Type Detail": "SERVICE AGENCY", "Facility Type Abbreviation": "HCBS-IDD", "Licensed Beds Total": 0, "Telephone": "(720) 226-6632", "County": "DENVER", "Address Full": "1776 S JACKSON ST STE 405, DENVER, CO 80210", "Latitude": 39.684837, "Longitude": -104.942947, "CDPHE HFEMS Licensed": "HCPF Certified", "Operating Status": "Active", "Date Data Updated": "2025-10-27T07:00:00Z", "Source": "CDPHE Health Facilities and Emergency Medical Services Division", "GlobalID": "18f37f21-bf0f-4d23-b835-48402f394c4a", "x": 3156780.642, "y": 1674809.116 }, "geometry": { "type": "Point", "coordinates": [ -104.942947, 39.684837 ] } },
{ "type": "Feature", "properties": { "OBJECTID": 333, "Facility ID": "10J986", "Facility Name": "BRIANA MCKINNEY, BCBA, MT-BC, LLC", "Facility Type Code": "S2E", "Facility Type": "All Other Factypes", "Map Symbol": "Disability Care", "Facility Type Detail": "SERVICE AGENCY", "Facility Type Abbreviation": "HCBS-IDD", "Licensed Beds Total": 0, "Telephone": "(720) 237-7925", "County": "DENVER", "Address Full": "1959 WEWATTA ST UNIT 308, DENVER, CO 80202", "Latitude": 39.756432, "Longitude": -104.997971, "CDPHE HFEMS Licensed": "HCPF Certified", "Operating Status": "Active", "Date Data Updated": "2025-10-27T07:00:00Z", "Source": "CDPHE Health Facilities and Emergency Medical Services Division", "GlobalID": "96f57fc6-a172-4010-a1df-e3c1405611bc", "x": 3141150.65, "y": 1700798.104 }, "geometry": { "type": "Point", "coordinates": [ -104.997971, 39.756432 ] } },
{ "type": "Feature", "properties": { "OBJECTID": 334, "Facility ID": "10JLWJ", "Facility Name": "HELPING HAND PROVIDERS INC", "Facility Type Code": "S2E", "Facility Type": "All Other Factypes", "Map Symbol": "Disability Care", "Facility Type Detail": "SERVICE AGENCY", "Facility Type Abbreviation": "HCBS-IDD", "Licensed Beds Total": 0, "Telephone": "(303) 356-5737", "County": "DENVER", "Address Full": "1776 S JACKSON ST STE 603, DEMVER, CO 80210", "Latitude": 39.684837, "Longitude": -104.942947, "CDPHE HFEMS Licensed": "HCPF Certified", "Operating Status": "Active", "Date Data Updated": "2025-10-27T07:00:00Z", "Source": "CDPHE Health Facilities and Emergency Medical Services Division", "GlobalID": "548a4943-0dbd-42f0-94a2-632f59fe4531", "x": 3156780.642, "y": 1674809.116 }, "geometry": { "type": "Point", "coordinates": [ -104.942947, 39.684837 ] } },
{ "type": "Feature", "properties": { "OBJECTID": 335, "Facility ID": "10K186", "Facility Name": "SPRAGG CONSULTING LLC", "Facility Type Code": "S2E", "Facility Type": "All Other Factypes", "Map Symbol": "Disability Care", "Facility Type Detail": "SERVICE AGENCY", "Facility Type Abbreviation": "HCBS-IDD", "Licensed Beds Total": 0, "Telephone": "(303) 337-2210", "County": "DENVER", "Address Full": "1660 SOUTH ALBION ST STE 725, DENVER, CO 80222", "Latitude": 39.686321, "Longitude": -104.939384, "CDPHE HFEMS Licensed": "HCPF Certified", "Operating Status": "Active", "Date Data Updated": "2025-10-27T07:00:00Z", "Source": "CDPHE Health Facilities and Emergency Medical Services Division", "GlobalID": "830ee88b-9c81-4687-9a16-a78aca0d6c3d", "x": 3157780.069, "y": 1675355.838 }, "geometry": { "type": "Point", "coordinates": [ -104.939384, 39.686321 ] } },
{ "type": "Feature", "properties": { "OBJECTID": 336, "Facility ID": "10K255", "Facility Name": "LARADON", "Facility Type Code": "S2E", "Facility Type": "All Other Factypes", "Map Symbol": "Disability Care", "Facility Type Detail": "SERVICE AGENCY", "Facility Type Abbreviation": "HCBS-IDD", "Licensed Beds Total": 0, "Telephone": "(720) 974-6813", "County": "DENVER", "Address Full": "5100 LINCOLN STREET, DENVER, CO 80216", "Latitude": 39.791092, "Longitude": -104.986305, "CDPHE HFEMS Licensed": "HCPF Certified", "Operating Status": "Active", "Date Data Updated": "2025-10-27T07:00:00Z", "Source": "CDPHE Health Facilities and Emergency Medical Services Division", "GlobalID": "3f833575-ac78-454d-8a11-596e91a7bf83", "x": 3144359.174, "y": 1713441.96 }, "geometry": { "type": "Point", "coordinates": [ -104.986305, 39.791092 ] } },
{ "type": "Feature", "properties": { "OBJECTID": 337, "Facility ID": "10K3ZW", "Facility Name": "JAZAROI HEALTHCARE", "Facility Type Code": "S2E", "Facility Type": "All Other Factypes", "Map Symbol": "Disability Care", "Facility Type Detail": "SERVICE AGENCY", "Facility Type Abbreviation": "HCBS-IDD", "Licensed Beds Total": 0, "Telephone": "(720) 277-8754", "County": "DENVER", "Address Full": "6421 N CEYLON STREET, DENVER, CO 80249", "Latitude": 39.81329, "Longitude": -104.765511, "CDPHE HFEMS Licensed": "HCPF Certified", "Operating Status": "Active", "Date Data Updated": "2025-10-27T07:00:00Z", "Source": "CDPHE Health Facilities and Emergency Medical Services Division", "GlobalID": "1998cc8f-1814-41a3-aeea-d3e23548345f", "x": 3206339.237, "y": 1721954.174 }, "geometry": { "type": "Point", "coordinates": [ -104.765511, 39.81329 ] } },
{ "type": "Feature", "properties": { "OBJECTID": 338, "Facility ID": "10K6J1", "Facility Name": "GRACE COUNSELING HOME SERVICES", "Facility Type Code": "S2E", "Facility Type": "All Other Factypes", "Map Symbol": "Disability Care", "Facility Type Detail": "SERVICE AGENCY", "Facility Type Abbreviation": "HCBS-IDD", "Licensed Beds Total": 0, "Telephone": "(719) 321-7371", "County": "DENVER", "Address Full": "4452 ENSENADA ST, DENVER, CO 80249", "Latitude": 39.775448, "Longitude": -104.759499, "CDPHE HFEMS Licensed": "HCPF Certified", "Operating Status": "Pending", "Date Data Updated": "2025-10-27T07:00:00Z", "Source": "CDPHE Health Facilities and Emergency Medical Services Division", "GlobalID": "b4840b1c-dfd1-49dc-8ea0-9296d8f8aeb0", "x": 3208140.484, "y": 1708183.394 }, "geometry": { "type": "Point", "coordinates": [ -104.759499, 39.775448 ] } },
{ "type": "Feature", "properties": { "OBJECTID": 339, "Facility ID": "10K8SA", "Facility Name": "STARFISH PATHWAYS", "Facility Type Code": "S2E", "Facility Type": "All Other Factypes", "Map Symbol": "Disability Care", "Facility Type Detail": "SERVICE AGENCY", "Facility Type Abbreviation": "HCBS-IDD", "Licensed Beds Total": 0, "Telephone": "(630) 335-2473", "County": "DENVER", "Address Full": "490 S. LOCUST ST, DENVER, CO 80224", "Latitude": 39.707714, "Longitude": -104.913994, "CDPHE HFEMS Licensed": "HCPF Certified", "Operating Status": "Active", "Date Data Updated": "2025-10-27T07:00:00Z", "Source": "CDPHE Health Facilities and Emergency Medical Services Division", "GlobalID": "e4b50f97-156f-4d45-bda0-c626dbabff3b", "x": 3164875.354, "y": 1683193.457 }, "geometry": { "type": "Point", "coordinates": [ -104.913994, 39.707714 ] } },
{ "type": "Feature", "properties": { "OBJECTID": 340, "Facility ID": "10KETV", "Facility Name": "HOLY HOST HOME AGENCY LLC", "Facility Type Code": "S2E", "Facility Type": "All Other Factypes", "Map Symbol": "Disability Care", "Facility Type Detail": "SERVICE AGENCY", "Facility Type Abbreviation": "HCBS-IDD", "Licensed Beds Total": 0, "Telephone": "(720) 492-6027", "County": "DENVER", "Address Full": "4815 LISBON ST, DENVER, CO 80249", "Latitude": 39.781666, "Longitude": -104.744537, "CDPHE HFEMS Licensed": "HCPF Certified", "Operating Status": "Active", "Date Data Updated": "2025-10-27T07:00:00Z", "Source": "CDPHE Health Facilities and Emergency Medical Services Division", "GlobalID": "a07934d2-1b58-4afc-8d96-98c259506910", "x": 3212327.024, "y": 1710482.999 }, "geometry": { "type": "Point", "coordinates": [ -104.744537, 39.781666 ] } },
{ "type": "Feature", "properties": { "OBJECTID": 341, "Facility ID": "10KPFR", "Facility Name": "EVOKE BEHAVIORAL HEALTH LLC", "Facility Type Code": "S2E", "Facility Type": "All Other Factypes", "Map Symbol": "Disability Care", "Facility Type Detail": "SERVICE AGENCY", "Facility Type Abbreviation": "HCBS-IDD", "Licensed Beds Total": 0, "Telephone": "(720) 355-1081", "County": "DENVER", "Address Full": "4400 EAST EVANS AVE, DENVER, CO 80222", "Latitude": 39.678398, "Longitude": -104.936226, "CDPHE HFEMS Licensed": "HCPF Certified", "Operating Status": "Pending", "Date Data Updated": "2025-10-27T07:00:00Z", "Source": "CDPHE Health Facilities and Emergency Medical Services Division", "GlobalID": "e92f8370-fa97-4e7d-b2fe-1a7b327199f8", "x": 3158686.741, "y": 1672475.351 }, "geometry": { "type": "Point", "coordinates": [ -104.936226, 39.678398 ] } },
{ "type": "Feature", "properties": { "OBJECTID": 342, "Facility ID": "10L187", "Facility Name": "LARADON", "Facility Type Code": "S22", "Facility Type": "All Other Factypes", "Map Symbol": "Adult Day Care Facility", "Facility Type Detail": "ADULT DAY", "Facility Type Abbreviation": "ADAY", "Licensed Beds Total": 0, "Telephone": "(303) 296-2400", "County": "DENVER", "Address Full": "5100 LINCOLN STREET, DENVER, CO 80216", "Latitude": 39.791092, "Longitude": -104.986305, "CDPHE HFEMS Licensed": "HCPF Certified", "Operating Status": "Active", "Date Data Updated": "2025-10-27T07:00:00Z", "Source": "CDPHE Health Facilities and Emergency Medical Services Division", "GlobalID": "51e63ec0-fb7d-4e8b-ba98-abafac35dfe6", "x": 3144359.174, "y": 1713441.96 }, "geometry": { "type": "Point", "coordinates": [ -104.986305, 39.791092 ] } },
{ "type": "Feature", "properties": { "OBJECTID": 343, "Facility ID": "10L199", "Facility Name": "MOSAIC", "Facility Type Code": "S2E", "Facility Type": "All Other Factypes", "Map Symbol": "Disability Care", "Facility Type Detail": "SERVICE AGENCY", "Facility Type Abbreviation": "HCBS-IDD", "Licensed Beds Total": 0, "Telephone": "(303) 369-9711", "County": "DENVER", "Address Full": "3443 S GALENA ST STE 330, DENVER, CO 80231", "Latitude": 39.654697, "Longitude": -104.870186, "CDPHE HFEMS Licensed": "HCPF Certified", "Operating Status": "Active", "Date Data Updated": "2025-10-27T07:00:00Z", "Source": "CDPHE Health Facilities and Emergency Medical Services Division", "GlobalID": "a162b6b2-3ccc-47fe-be58-cd72e40acb07", "x": 3177334.412, "y": 1663964.356 }, "geometry": { "type": "Point", "coordinates": [ -104.870186, 39.654697 ] } },
{ "type": "Feature", "properties": { "OBJECTID": 344, "Facility ID": "10L5FB", "Facility Name": "ALL FOR KIDS HOME HEALTH", "Facility Type Code": "S2G", "Facility Type": "All Other Factypes", "Map Symbol": "Disability Care", "Facility Type Detail": "CHILDREN'S HABILITATION RESIDENTIAL PROG", "Facility Type Abbreviation": "HCBS", "Licensed Beds Total": 0, "Telephone": "(720) 456-8054", "County": "DENVER", "Address Full": "4155 E JEWELL AVE STE 900, DENVER, CO 80222", "Latitude": 39.682148, "Longitude": -104.937157, "CDPHE HFEMS Licensed": "HCPF Certified", "Operating Status": "Active", "Date Data Updated": "2025-10-27T07:00:00Z", "Source": "CDPHE Health Facilities and Emergency Medical Services Division", "GlobalID": "08608d7b-9b58-4554-8922-6d061db2a799", "x": 3158416.236, "y": 1673839.679 }, "geometry": { "type": "Point", "coordinates": [ -104.937157, 39.682148 ] } },
{ "type": "Feature", "properties": { "OBJECTID": 345, "Facility ID": "10L8QR", "Facility Name": "COVADIS HOME CARE LLC", "Facility Type Code": "S2E", "Facility Type": "All Other Factypes", "Map Symbol": "Disability Care", "Facility Type Detail": "SERVICE AGENCY", "Facility Type Abbreviation": "HCBS-IDD", "Licensed Beds Total": 0, "Telephone": "(720) 621-1997", "County": "DENVER", "Address Full": "5051 DURHAM CT, DENVER, CO 80239", "Latitude": 39.784344, "Longitude": -104.818748, "CDPHE HFEMS Licensed": "HCPF Certified", "Operating Status": "Pending", "Date Data Updated": "2025-10-27T07:00:00Z", "Source": "CDPHE Health Facilities and Emergency Medical Services Division", "GlobalID": "d1340c90-edb5-4be4-9fa3-aa38bc4b62bb", "x": 3191462.987, "y": 1711293.573 }, "geometry": { "type": "Point", "coordinates": [ -104.818748, 39.784344 ] } },
{ "type": "Feature", "properties": { "OBJECTID": 346, "Facility ID": "10LCQT", "Facility Name": "WHITE DIAMOND EVENTS LLC", "Facility Type Code": "S22", "Facility Type": "All Other Factypes", "Map Symbol": "Adult Day Care Facility", "Facility Type Detail": "ADULT DAY", "Facility Type Abbreviation": "ADAY", "Licensed Beds Total": 0, "Telephone": "(720) 572-4143", "County": "DENVER", "Address Full": "10175 E HAMPDEN AVE, DENVER, CO 80231", "Latitude": 39.653374, "Longitude": -104.869034, "CDPHE HFEMS Licensed": "HCPF Certified", "Operating Status": "Active", "Date Data Updated": "2025-10-27T07:00:00Z", "Source": "CDPHE Health Facilities and Emergency Medical Services Division", "GlobalID": "498b50d4-5c9a-4ecd-8381-a63a0a216f60", "x": 3177662.113, "y": 1663484.705 }, "geometry": { "type": "Point", "coordinates": [ -104.869034, 39.653374 ] } },
{ "type": "Feature", "properties": { "OBJECTID": 347, "Facility ID": "10LGZA", "Facility Name": "HOPE AND FAITH CARE SERVICES LLC", "Facility Type Code": "S2E", "Facility Type": "All Other Factypes", "Map Symbol": "Disability Care", "Facility Type Detail": "SERVICE AGENCY", "Facility Type Abbreviation": "HCBS-IDD", "Licensed Beds Total": 0, "Telephone": "(720) 212-5581", "County": "DENVER", "Address Full": "4868 DUNKIRK ST, DENVER, CO 80249", "Latitude": 39.784943, "Longitude": -104.761742, "CDPHE HFEMS Licensed": "HCPF Certified", "Operating Status": "Active", "Date Data Updated": "2025-10-27T07:00:00Z", "Source": "CDPHE Health Facilities and Emergency Medical Services Division", "GlobalID": "f43fc94c-bbd8-4945-8bce-68c22749b736", "x": 3207481.935, "y": 1711636.935 }, "geometry": { "type": "Point", "coordinates": [ -104.761742, 39.784943 ] } },
{ "type": "Feature", "properties": { "OBJECTID": 348, "Facility ID": "10LI5P", "Facility Name": "BINAM INVESTMENT GROUP", "Facility Type Code": "S2E", "Facility Type": "All Other Factypes", "Map Symbol": "Disability Care", "Facility Type Detail": "SERVICE AGENCY", "Facility Type Abbreviation": "HCBS-IDD", "Licensed Beds Total": 0, "Telephone": "(720) 292-4511", "County": "DENVER", "Address Full": "20421 KELLY PL, DENVER, CO 80249", "Latitude": 39.776028, "Longitude": -104.749382, "CDPHE HFEMS Licensed": "HCPF Certified", "Operating Status": "Active", "Date Data Updated": "2025-10-27T07:00:00Z", "Source": "CDPHE Health Facilities and Emergency Medical Services Division", "GlobalID": "445b18e3-ddd9-412b-8eea-361c8e41b9a8", "x": 3210982.328, "y": 1708418.004 }, "geometry": { "type": "Point", "coordinates": [ -104.749382, 39.776028 ] } },
{ "type": "Feature", "properties": { "OBJECTID": 349, "Facility ID": "10M1NV", "Facility Name": "SY SERVICES", "Facility Type Code": "S2E", "Facility Type": "All Other Factypes", "Map Symbol": "Disability Care", "Facility Type Detail": "SERVICE AGENCY", "Facility Type Abbreviation": "HCBS-IDD", "Licensed Beds Total": 0, "Telephone": "(720) 440-3668", "County": "DENVER", "Address Full": "2250 S ONEIDA ST SUITE 313, DENVER, CO 80224", "Latitude": 39.675751, "Longitude": -104.908821, "CDPHE HFEMS Licensed": "HCPF Certified", "Operating Status": "Active", "Date Data Updated": "2025-10-27T07:00:00Z", "Source": "CDPHE Health Facilities and Emergency Medical Services Division", "GlobalID": "54ebcd8b-6a63-42b1-bceb-360d38be49bc", "x": 3166406.521, "y": 1671560.206 }, "geometry": { "type": "Point", "coordinates": [ -104.908821, 39.675751 ] } },
{ "type": "Feature", "properties": { "OBJECTID": 350, "Facility ID": "10M2U4", "Facility Name": "TROLLIS CARE SERVICES", "Facility Type Code": "S2E", "Facility Type": "All Other Factypes", "Map Symbol": "Disability Care", "Facility Type Detail": "SERVICE AGENCY", "Facility Type Abbreviation": "HCBS-IDD", "Licensed Beds Total": 0, "Telephone": "(303) 257-1639", "County": "DENVER", "Address Full": "5071 ELKHART ST, DENVER, CO 80239", "Latitude": 39.784817, "Longitude": -104.816437, "CDPHE HFEMS Licensed": "HCPF Certified", "Operating Status": "Pending", "Date Data Updated": "2025-10-27T07:00:00Z", "Source": "CDPHE Health Facilities and Emergency Medical Services Division", "GlobalID": "97c9fa9a-3491-4b21-8684-1fac6106e456", "x": 3192111.165, "y": 1711470.749 }, "geometry": { "type": "Point", "coordinates": [ -104.816437, 39.784817 ] } },
{ "type": "Feature", "properties": { "OBJECTID": 351, "Facility ID": "10M3BK", "Facility Name": "ROUNDUP FELLOWSHIP INC", "Facility Type Code": "S2G", "Facility Type": "All Other Factypes", "Map Symbol": "Disability Care", "Facility Type Detail": "CHILDREN'S HABILITATION RESIDENTIAL PROG", "Facility Type Abbreviation": "HCBS", "Licensed Beds Total": 0, "Telephone": "(719) 666-7823", "County": "DENVER", "Address Full": "3443 S GALENA ST STE 310, AURORA, CO 80231", "Latitude": 39.654697, "Longitude": -104.870186, "CDPHE HFEMS Licensed": "HCPF Certified", "Operating Status": "Active", "Date Data Updated": "2025-10-27T07:00:00Z", "Source": "CDPHE Health Facilities and Emergency Medical Services Division", "GlobalID": "171dbd59-c95f-4ee0-b7c4-cfc98d432600", "x": 3177334.412, "y": 1663964.356 }, "geometry": { "type": "Point", "coordinates": [ -104.870186, 39.654697 ] } },
{ "type": "Feature", "properties": { "OBJECTID": 352, "Facility ID": "10M433", "Facility Name": "JEWISH FAMILY SERVICE OF COLORADO", "Facility Type Code": "S2E", "Facility Type": "All Other Factypes", "Map Symbol": "Disability Care", "Facility Type Detail": "SERVICE AGENCY", "Facility Type Abbreviation": "HCBS-IDD", "Licensed Beds Total": 0, "Telephone": "(303) 623-0251", "County": "DENVER", "Address Full": "2498 W 2ND AVE, DENVER, CO 80223", "Latitude": 39.720203, "Longitude": -105.017166, "CDPHE HFEMS Licensed": "HCPF Certified", "Operating Status": "Active", "Date Data Updated": "2025-10-27T07:00:00Z", "Source": "CDPHE Health Facilities and Emergency Medical Services Division", "GlobalID": "8992181f-b5dd-4b36-9281-5a06d29dbe2d", "x": 3135824.076, "y": 1687571.945 }, "geometry": { "type": "Point", "coordinates": [ -105.017166, 39.720203 ] } },
{ "type": "Feature", "properties": { "OBJECTID": 353, "Facility ID": "10M592", "Facility Name": "COMPASS CARE SUPPORTS", "Facility Type Code": "S2E", "Facility Type": "All Other Factypes", "Map Symbol": "Disability Care", "Facility Type Detail": "SERVICE AGENCY", "Facility Type Abbreviation": "HCBS-IDD", "Licensed Beds Total": 0, "Telephone": "(720) 519-6445", "County": "DENVER", "Address Full": "4895 JOLIET ST UNIT L, DENVER, CO 80239", "Latitude": 39.786152, "Longitude": -104.861366, "CDPHE HFEMS Licensed": "HCPF Certified", "Operating Status": "Active", "Date Data Updated": "2025-10-27T07:00:00Z", "Source": "CDPHE Health Facilities and Emergency Medical Services Division", "GlobalID": "74c8a7bd-b931-4445-80df-fb9a32e4a65a", "x": 3179481.127, "y": 1711865.157 }, "geometry": { "type": "Point", "coordinates": [ -104.861366, 39.786152 ] } },
{ "type": "Feature", "properties": { "OBJECTID": 354, "Facility ID": "10M6G9", "Facility Name": "BRIGHT LIFE CONNECTIONS LLC", "Facility Type Code": "S2E", "Facility Type": "All Other Factypes", "Map Symbol": "Disability Care", "Facility Type Detail": "SERVICE AGENCY", "Facility Type Abbreviation": "HCBS-IDD", "Licensed Beds Total": 0, "Telephone": "(720) 577-5655", "County": "DENVER", "Address Full": "2826 S SHERIDAN BLVD, DENVER, CO 80227", "Latitude": 39.664932, "Longitude": -105.053169, "CDPHE HFEMS Licensed": "HCPF Certified", "Operating Status": "Active", "Date Data Updated": "2025-10-27T07:00:00Z", "Source": "CDPHE Health Facilities and Emergency Medical Services Division", "GlobalID": "cb2e19d9-9866-4ba5-a509-8c262173bebd", "x": 3125795.538, "y": 1667387.2 }, "geometry": { "type": "Point", "coordinates": [ -105.053169, 39.664932 ] } },
{ "type": "Feature", "properties": { "OBJECTID": 355, "Facility ID": "10M980", "Facility Name": "REVEL", "Facility Type Code": "S2E", "Facility Type": "All Other Factypes", "Map Symbol": "Disability Care", "Facility Type Detail": "SERVICE AGENCY", "Facility Type Abbreviation": "HCBS-IDD", "Licensed Beds Total": 0, "Telephone": "(720) 502-4927", "County": "DENVER", "Address Full": "3501 BLAKE STREET  #250, DENVER, CO 80205", "Latitude": 39.768394, "Longitude": -104.976212, "CDPHE HFEMS Licensed": "HCPF Certified", "Operating Status": "Active", "Date Data Updated": "2025-10-27T07:00:00Z", "Source": "CDPHE Health Facilities and Emergency Medical Services Division", "GlobalID": "be1eb50e-4970-423c-a3ab-e96b9ccb1cef", "x": 3147243.107, "y": 1705189.993 }, "geometry": { "type": "Point", "coordinates": [ -104.976212, 39.768394 ] } },
{ "type": "Feature", "properties": { "OBJECTID": 356, "Facility ID": "10MG16", "Facility Name": "BLESSINGS IN DISGUISE INC", "Facility Type Code": "S2E", "Facility Type": "All Other Factypes", "Map Symbol": "Disability Care", "Facility Type Detail": "SERVICE AGENCY", "Facility Type Abbreviation": "HCBS-IDD", "Licensed Beds Total": 0, "Telephone": "(303) 715-8853", "County": "DENVER", "Address Full": "4912 JASPER ST, DENVER, CO 80239", "Latitude": 39.785599, "Longitude": -104.805939, "CDPHE HFEMS Licensed": "HCPF Certified", "Operating Status": "Active", "Date Data Updated": "2025-10-27T07:00:00Z", "Source": "CDPHE Health Facilities and Emergency Medical Services Division", "GlobalID": "c842cd39-b38a-4f4a-8ab6-407577c5de39", "x": 3195059.287, "y": 1711777.974 }, "geometry": { "type": "Point", "coordinates": [ -104.805939, 39.785599 ] } },
{ "type": "Feature", "properties": { "OBJECTID": 357, "Facility ID": "10MGDE", "Facility Name": "CAREHAT", "Facility Type Code": "S2E", "Facility Type": "All Other Factypes", "Map Symbol": "Disability Care", "Facility Type Detail": "SERVICE AGENCY", "Facility Type Abbreviation": "HCBS-IDD", "Licensed Beds Total": 0, "Telephone": "(970) 275-3314", "County": "DENVER", "Address Full": "5556 ESPANA CT, DENVER, CO 80249", "Latitude": 39.795769, "Longitude": -104.758942, "CDPHE HFEMS Licensed": "HCPF Certified", "Operating Status": "Pending", "Date Data Updated": "2025-10-27T07:00:00Z", "Source": "CDPHE Health Facilities and Emergency Medical Services Division", "GlobalID": "09d74105-da66-4128-9199-f629fd9330a1", "x": 3208236.657, "y": 1715586.861 }, "geometry": { "type": "Point", "coordinates": [ -104.758942, 39.795769 ] } },
{ "type": "Feature", "properties": { "OBJECTID": 358, "Facility ID": "10MH3A", "Facility Name": "COMFORT CARE FACILITY", "Facility Type Code": "S2E", "Facility Type": "All Other Factypes", "Map Symbol": "Disability Care", "Facility Type Detail": "SERVICE AGENCY", "Facility Type Abbreviation": "HCBS-IDD", "Licensed Beds Total": 0, "Telephone": "(303) 668-2309", "County": "DENVER", "Address Full": "6110 N DAYTON ST, DENVER, CO 80238", "Latitude": 39.808545, "Longitude": -104.875106, "CDPHE HFEMS Licensed": "HCPF Certified", "Operating Status": "Active", "Date Data Updated": "2025-10-27T07:00:00Z", "Source": "CDPHE Health Facilities and Emergency Medical Services Division", "GlobalID": "48de193e-8f43-4c00-a920-f72ad8434b41", "x": 3175563.661, "y": 1719995.362 }, "geometry": { "type": "Point", "coordinates": [ -104.875106, 39.808545 ] } },
{ "type": "Feature", "properties": { "OBJECTID": 359, "Facility ID": "10N519", "Facility Name": "SHAUNA L CASEMENT, PSYD, PC", "Facility Type Code": "S2E", "Facility Type": "All Other Factypes", "Map Symbol": "Disability Care", "Facility Type Detail": "SERVICE AGENCY", "Facility Type Abbreviation": "HCBS-IDD", "Licensed Beds Total": 0, "Telephone": "(303) 300-2999", "County": "DENVER", "Address Full": "2121 S ONEIDA ST STE 540, DENVER, CO 80224", "Latitude": 39.678001, "Longitude": -104.908287, "CDPHE HFEMS Licensed": "HCPF Certified", "Operating Status": "Active", "Date Data Updated": "2025-10-27T07:00:00Z", "Source": "CDPHE Health Facilities and Emergency Medical Services Division", "GlobalID": "ebcc1861-4f45-4908-ac68-45ed3e9af14e", "x": 3166551.49, "y": 1672380.754 }, "geometry": { "type": "Point", "coordinates": [ -104.908287, 39.678001 ] } },
{ "type": "Feature", "properties": { "OBJECTID": 360, "Facility ID": "10N675", "Facility Name": "COLLABORATIVE SERVICES FOR CHANGE", "Facility Type Code": "S2E", "Facility Type": "All Other Factypes", "Map Symbol": "Disability Care", "Facility Type Detail": "SERVICE AGENCY", "Facility Type Abbreviation": "HCBS-IDD", "Licensed Beds Total": 0, "Telephone": "(303) 433-0188", "County": "DENVER", "Address Full": "2480 W. 26TH AVENUE STE. 130B, DENVER, CO 80211", "Latitude": 39.75478, "Longitude": -105.017906, "CDPHE HFEMS Licensed": "HCPF Certified", "Operating Status": "Active", "Date Data Updated": "2025-10-27T07:00:00Z", "Source": "CDPHE Health Facilities and Emergency Medical Services Division", "GlobalID": "84f1544a-07aa-4fad-af64-78e1d9438ec4", "x": 3135549.076, "y": 1700165.979 }, "geometry": { "type": "Point", "coordinates": [ -105.017906, 39.75478 ] } },
{ "type": "Feature", "properties": { "OBJECTID": 361, "Facility ID": "10O156", "Facility Name": "COMING FULL CIRCLE LLC", "Facility Type Code": "S2E", "Facility Type": "All Other Factypes", "Map Symbol": "Disability Care", "Facility Type Detail": "SERVICE AGENCY", "Facility Type Abbreviation": "HCBS-IDD", "Licensed Beds Total": 0, "Telephone": "(303) 307-8855", "County": "DENVER", "Address Full": "4705 PARIS ST  STE 100, DENVER, CO 80239", "Latitude": 39.783218, "Longitude": -104.848915, "CDPHE HFEMS Licensed": "HCPF Certified", "Operating Status": "Active", "Date Data Updated": "2025-10-27T07:00:00Z", "Source": "CDPHE Health Facilities and Emergency Medical Services Division", "GlobalID": "ac813e91-5dec-4d58-9af3-9e2d34b9831c", "x": 3182987.891, "y": 1710821.24 }, "geometry": { "type": "Point", "coordinates": [ -104.848915, 39.783218 ] } },
{ "type": "Feature", "properties": { "OBJECTID": 362, "Facility ID": "10O158", "Facility Name": "SHIELDS FOUNDATION LLC", "Facility Type Code": "S2E", "Facility Type": "All Other Factypes", "Map Symbol": "Disability Care", "Facility Type Detail": "SERVICE AGENCY", "Facility Type Abbreviation": "HCBS-IDD", "Licensed Beds Total": 0, "Telephone": "(772) 353-9132", "County": "DENVER", "Address Full": "2253 S ONEIDA ST, SUITE 201, DENVER, CO 80224", "Latitude": 39.675739, "Longitude": -104.908966, "CDPHE HFEMS Licensed": "HCPF Certified", "Operating Status": "Active", "Date Data Updated": "2025-10-27T07:00:00Z", "Source": "CDPHE Health Facilities and Emergency Medical Services Division", "GlobalID": "9a265eab-6a34-4139-90d3-ac0a93221737", "x": 3166365.735, "y": 1671555.569 }, "geometry": { "type": "Point", "coordinates": [ -104.908966, 39.675739 ] } },
{ "type": "Feature", "properties": { "OBJECTID": 363, "Facility ID": "10O179", "Facility Name": "NOSTALGIA GROUP INC", "Facility Type Code": "S2E", "Facility Type": "All Other Factypes", "Map Symbol": "Disability Care", "Facility Type Detail": "SERVICE AGENCY", "Facility Type Abbreviation": "HCBS-IDD", "Licensed Beds Total": 0, "Telephone": "(303) 298-0027", "County": "DENVER", "Address Full": "1325 S. COLORADO BLVD. B-304, DENVER, CO 80222", "Latitude": 39.692452, "Longitude": -104.941215, "CDPHE HFEMS Licensed": "HCPF Certified", "Operating Status": "Active", "Date Data Updated": "2025-10-27T07:00:00Z", "Source": "CDPHE Health Facilities and Emergency Medical Services Division", "GlobalID": "463a4b12-980b-4313-91c0-1b8ab84bb520", "x": 3157251.03, "y": 1677585.914 }, "geometry": { "type": "Point", "coordinates": [ -104.941215, 39.692452 ] } },
{ "type": "Feature", "properties": { "OBJECTID": 364, "Facility ID": "10O191", "Facility Name": "DENVER HOME CARE SOLUTIONS LLC", "Facility Type Code": "SE1", "Facility Type": "All Other Factypes", "Map Symbol": "Home Care Placement", "Facility Type Detail": "HOME CARE PLACEMENT AGENCY", "Facility Type Abbreviation": "HCPA", "Licensed Beds Total": 0, "Telephone": "(303) 483-5545", "County": "DENVER", "Address Full": "6840 E MEXICO AVE, DENVER, CO 80224", "Latitude": 39.685654, "Longitude": -104.908859, "CDPHE HFEMS Licensed": "Licensed", "Operating Status": "Active", "Date Data Updated": "2025-10-27T07:00:00Z", "Source": "CDPHE Health Facilities and Emergency Medical Services Division", "GlobalID": "1b418292-e15e-4d8f-af0d-867004876239", "x": 3166372.352, "y": 1675167.339 }, "geometry": { "type": "Point", "coordinates": [ -104.908859, 39.685654 ] } },
{ "type": "Feature", "properties": { "OBJECTID": 365, "Facility ID": "10O240", "Facility Name": "ROCKY MOUNTAIN COUNSELING", "Facility Type Code": "S2E", "Facility Type": "All Other Factypes", "Map Symbol": "Disability Care", "Facility Type Detail": "SERVICE AGENCY", "Facility Type Abbreviation": "HCBS-IDD", "Licensed Beds Total": 0, "Telephone": "(720) 252-0345", "County": "DENVER", "Address Full": "2727 BRYANT ST  300, DENVER, CO 80211", "Latitude": 39.756348, "Longitude": -105.019234, "CDPHE HFEMS Licensed": "HCPF Certified", "Operating Status": "Active", "Date Data Updated": "2025-10-27T07:00:00Z", "Source": "CDPHE Health Facilities and Emergency Medical Services Division", "GlobalID": "73a00c5c-a040-4e44-973a-87446277c4e6", "x": 3135172.675, "y": 1700735.169 }, "geometry": { "type": "Point", "coordinates": [ -105.019234, 39.756348 ] } },
{ "type": "Feature", "properties": { "OBJECTID": 366, "Facility ID": "10O299", "Facility Name": "ABILITY ACCESS, LLC", "Facility Type Code": "S2E", "Facility Type": "All Other Factypes", "Map Symbol": "Disability Care", "Facility Type Detail": "SERVICE AGENCY", "Facility Type Abbreviation": "HCBS-IDD", "Licensed Beds Total": 0, "Telephone": "(720) 299-8781", "County": "DENVER", "Address Full": "3550 NIAGARA ST., DENVER, CO 80207", "Latitude": 39.766975, "Longitude": -104.910522, "CDPHE HFEMS Licensed": "HCPF Certified", "Operating Status": "Active", "Date Data Updated": "2025-10-27T07:00:00Z", "Source": "CDPHE Health Facilities and Emergency Medical Services Division", "GlobalID": "f1fded5f-2cb6-4b09-94a6-bf510b484e09", "x": 3165712.115, "y": 1704786.246 }, "geometry": { "type": "Point", "coordinates": [ -104.910522, 39.766975 ] } },
{ "type": "Feature", "properties": { "OBJECTID": 367, "Facility ID": "10O621", "Facility Name": "ABC HOME SERVICES INC", "Facility Type Code": "05D", "Facility Type": "Home Care Agency", "Map Symbol": "Home Health", "Facility Type Detail": "HCA LICENSE - PERSONAL CARE HOMEMAKER", "Facility Type Abbreviation": "HCA-PHS", "Licensed Beds Total": 0, "Telephone": "(720) 309-3953", "County": "DENVER", "Address Full": "7808 CHERRY CREEK S DR  STE 407, DENVER, CO 80231", "Latitude": 39.679035, "Longitude": -104.896782, "CDPHE HFEMS Licensed": "Licensed", "Operating Status": "Active", "Date Data Updated": "2025-10-27T07:00:00Z", "Source": "CDPHE Health Facilities and Emergency Medical Services Division", "GlobalID": "95a32f44-79f3-4e91-a2cd-633bb41fa020", "x": 3169787.239, "y": 1672778.688 }, "geometry": { "type": "Point", "coordinates": [ -104.896782, 39.679035 ] } },
{ "type": "Feature", "properties": { "OBJECTID": 368, "Facility ID": "10OIIR", "Facility Name": "LIFE CHANGING CARE LLC", "Facility Type Code": "S2E", "Facility Type": "All Other Factypes", "Map Symbol": "Disability Care", "Facility Type Detail": "SERVICE AGENCY", "Facility Type Abbreviation": "HCBS-IDD", "Licensed Beds Total": 0, "Telephone": "(720) 236-3846", "County": "DENVER", "Address Full": "5554 WORCHESTER STREET, DENVER, CO 80239", "Latitude": 39.796459, "Longitude": -104.830681, "CDPHE HFEMS Licensed": "HCPF Certified", "Operating Status": "Active", "Date Data Updated": "2025-10-27T07:00:00Z", "Source": "CDPHE Health Facilities and Emergency Medical Services Division", "GlobalID": "41341fb2-015b-4379-810f-8fb232bbffb1", "x": 3188076.863, "y": 1715681.727 }, "geometry": { "type": "Point", "coordinates": [ -104.830681, 39.796459 ] } },
{ "type": "Feature", "properties": { "OBJECTID": 369, "Facility ID": "10OP67", "Facility Name": "SHEKINAH COLLECTIVE, THE", "Facility Type Code": "S2E", "Facility Type": "All Other Factypes", "Map Symbol": "Disability Care", "Facility Type Detail": "SERVICE AGENCY", "Facility Type Abbreviation": "HCBS-IDD", "Licensed Beds Total": 0, "Telephone": "(573) 819-2684", "County": "DENVER", "Address Full": "1195 NEWPORT ST, DENVER, CO 80220", "Latitude": 39.735455, "Longitude": -104.909431, "CDPHE HFEMS Licensed": "HCPF Certified", "Operating Status": "Active", "Date Data Updated": "2025-10-27T07:00:00Z", "Source": "CDPHE Health Facilities and Emergency Medical Services Division", "GlobalID": "581db6e4-ef3f-4d2a-8ae1-50e78840a834", "x": 3166093.444, "y": 1693306.675 }, "geometry": { "type": "Point", "coordinates": [ -104.909431, 39.735455 ] } },
{ "type": "Feature", "properties": { "OBJECTID": 370, "Facility ID": "10P149", "Facility Name": "ROUNDUP FELLOWSHIP INC", "Facility Type Code": "S2E", "Facility Type": "All Other Factypes", "Map Symbol": "Disability Care", "Facility Type Detail": "SERVICE AGENCY", "Facility Type Abbreviation": "HCBS-IDD", "Licensed Beds Total": 0, "Telephone": "(303) 377-7370", "County": "DENVER", "Address Full": "3443 S GALENA STE 310, DENVER, CO 80231", "Latitude": 39.654697, "Longitude": -104.870186, "CDPHE HFEMS Licensed": "HCPF Certified", "Operating Status": "Active", "Date Data Updated": "2025-10-27T07:00:00Z", "Source": "CDPHE Health Facilities and Emergency Medical Services Division", "GlobalID": "83a9249f-ef1d-4f3c-abf3-8c52dd1b9724", "x": 3177334.412, "y": 1663964.356 }, "geometry": { "type": "Point", "coordinates": [ -104.870186, 39.654697 ] } },
{ "type": "Feature", "properties": { "OBJECTID": 371, "Facility ID": "10P169", "Facility Name": "MAGGIE MARTIN DEVELOPMENTAL INTERVENTIONIST LLC", "Facility Type Code": "S2E", "Facility Type": "All Other Factypes", "Map Symbol": "Disability Care", "Facility Type Detail": "SERVICE AGENCY", "Facility Type Abbreviation": "HCBS-IDD", "Licensed Beds Total": 0, "Telephone": "(972) 998-8060", "County": "DENVER", "Address Full": "4811 MEADE ST, DENVER, CO 80221", "Latitude": 39.784119, "Longitude": -105.035851, "CDPHE HFEMS Licensed": "HCPF Certified", "Operating Status": "Pending", "Date Data Updated": "2025-10-27T07:00:00Z", "Source": "CDPHE Health Facilities and Emergency Medical Services Division", "GlobalID": "24da05a9-ec81-403b-875b-89ae5381460e", "x": 3130449.074, "y": 1710826.968 }, "geometry": { "type": "Point", "coordinates": [ -105.035851, 39.784119 ] } },
{ "type": "Feature", "properties": { "OBJECTID": 372, "Facility ID": "10P248", "Facility Name": "G & B HOMECARE SERVICES INC", "Facility Type Code": "05E", "Facility Type": "Home Care Agency", "Map Symbol": "Home Health", "Facility Type Detail": "HCA LICENSE - IN-HOME SUPPORT SERVICES", "Facility Type Abbreviation": "HCA-IHSS", "Licensed Beds Total": 0, "Telephone": "(303) 388-1082", "County": "DENVER", "Address Full": "6825 E TENNESSEE AVE  #530, DENVER, CO 80224", "Latitude": 39.698505, "Longitude": -104.909645, "CDPHE HFEMS Licensed": "Sublicense", "Operating Status": "Active", "Date Data Updated": "2025-10-27T07:00:00Z", "Source": "CDPHE Health Facilities and Emergency Medical Services Division", "GlobalID": "de5046e7-3345-4a51-9058-e4c11535f762", "x": 3166120.725, "y": 1679846.941 }, "geometry": { "type": "Point", "coordinates": [ -104.909645, 39.698505 ] } },
{ "type": "Feature", "properties": { "OBJECTID": 373, "Facility ID": "10P682", "Facility Name": "LIBERTY RESIDENTIAL LLC", "Facility Type Code": "S2E", "Facility Type": "All Other Factypes", "Map Symbol": "Disability Care", "Facility Type Detail": "SERVICE AGENCY", "Facility Type Abbreviation": "HCBS-IDD", "Licensed Beds Total": 0, "Telephone": "(720) 789-1839", "County": "DENVER", "Address Full": "4811 E COLFAX AVE, DENVER, CO 80220", "Latitude": 39.740234, "Longitude": -104.931732, "CDPHE HFEMS Licensed": "HCPF Certified", "Operating Status": "Active", "Date Data Updated": "2025-10-27T07:00:00Z", "Source": "CDPHE Health Facilities and Emergency Medical Services Division", "GlobalID": "8c2615fa-18b3-46ed-a779-fc724a7b7fe0", "x": 3159810.741, "y": 1695007.478 }, "geometry": { "type": "Point", "coordinates": [ -104.931732, 39.740234 ] } },
{ "type": "Feature", "properties": { "OBJECTID": 374, "Facility ID": "10PH7M", "Facility Name": "PRIME CARE HOME HEALTH INC", "Facility Type Code": "S2E", "Facility Type": "All Other Factypes", "Map Symbol": "Disability Care", "Facility Type Detail": "SERVICE AGENCY", "Facility Type Abbreviation": "HCBS-IDD", "Licensed Beds Total": 0, "Telephone": "(720) 975-8448", "County": "DENVER", "Address Full": "2121 S ONEIDA ST STE 100, DENVER, CO 80224", "Latitude": 39.678001, "Longitude": -104.908287, "CDPHE HFEMS Licensed": "HCPF Certified", "Operating Status": "Pending", "Date Data Updated": "2025-10-27T07:00:00Z", "Source": "CDPHE Health Facilities and Emergency Medical Services Division", "GlobalID": "4e2dc80d-53c5-4b4d-932f-0dc8ef579135", "x": 3166551.49, "y": 1672380.754 }, "geometry": { "type": "Point", "coordinates": [ -104.908287, 39.678001 ] } },
{ "type": "Feature", "properties": { "OBJECTID": 375, "Facility ID": "10PQKL", "Facility Name": "ONECARE LIVING NETWORK INC", "Facility Type Code": "S2E", "Facility Type": "All Other Factypes", "Map Symbol": "Disability Care", "Facility Type Detail": "SERVICE AGENCY", "Facility Type Abbreviation": "HCBS-IDD", "Licensed Beds Total": 0, "Telephone": "(720) 933-9647", "County": "DENVER", "Address Full": "3773 E CHERRY CREEK NORTH DR EAST TOWER STE 801 OFC 857, DENVER, CO 80209", "Latitude": 39.708603, "Longitude": -104.944939, "CDPHE HFEMS Licensed": "HCPF Certified", "Operating Status": "Pending", "Date Data Updated": "2025-10-27T07:00:00Z", "Source": "CDPHE Health Facilities and Emergency Medical Services Division", "GlobalID": "2eba8e0a-c289-48d5-b5f1-4b1b6894f0b3", "x": 3156167.123, "y": 1683462.604 }, "geometry": { "type": "Point", "coordinates": [ -104.944939, 39.708603 ] } },
{ "type": "Feature", "properties": { "OBJECTID": 376, "Facility ID": "10Q5FR", "Facility Name": "ACCESS HOME CARE LLC", "Facility Type Code": "S2E", "Facility Type": "All Other Factypes", "Map Symbol": "Disability Care", "Facility Type Detail": "SERVICE AGENCY", "Facility Type Abbreviation": "HCBS-IDD", "Licensed Beds Total": 0, "Telephone": "(720) 638-6603", "County": "DENVER", "Address Full": "9725 E HAMPDEN AVE STE 102A, DENVER, CO 80231", "Latitude": 39.653118, "Longitude": -104.875374, "CDPHE HFEMS Licensed": "HCPF Certified", "Operating Status": "Active", "Date Data Updated": "2025-10-27T07:00:00Z", "Source": "CDPHE Health Facilities and Emergency Medical Services Division", "GlobalID": "5c9d9578-4afa-4963-a378-3e96ad610ae5", "x": 3175877.646, "y": 1663379.121 }, "geometry": { "type": "Point", "coordinates": [ -104.875374, 39.653118 ] } },
{ "type": "Feature", "properties": { "OBJECTID": 377, "Facility ID": "10QKCN", "Facility Name": "UNITY HOME CARE LLC", "Facility Type Code": "S2E", "Facility Type": "All Other Factypes", "Map Symbol": "Disability Care", "Facility Type Detail": "SERVICE AGENCY", "Facility Type Abbreviation": "HCBS-IDD", "Licensed Beds Total": 0, "Telephone": "(303) 818-4387", "County": "DENVER", "Address Full": "18995 E 45TH AVE, DENVER, CO 80249", "Latitude": 39.778011, "Longitude": -104.765656, "CDPHE HFEMS Licensed": "HCPF Certified", "Operating Status": "Active", "Date Data Updated": "2025-10-27T07:00:00Z", "Source": "CDPHE Health Facilities and Emergency Medical Services Division", "GlobalID": "d36db702-33ae-4114-939e-22882032cf7b", "x": 3206402.385, "y": 1709102.95 }, "geometry": { "type": "Point", "coordinates": [ -104.765656, 39.778011 ] } },
{ "type": "Feature", "properties": { "OBJECTID": 378, "Facility ID": "10R165", "Facility Name": "ASPEN COMPLETE HEALTH CARE INC", "Facility Type Code": "05D", "Facility Type": "Home Care Agency", "Map Symbol": "Home Health", "Facility Type Detail": "HCA LICENSE - PERSONAL CARE HOMEMAKER", "Facility Type Abbreviation": "HCA-PHS", "Licensed Beds Total": 0, "Telephone": "(720) 377-9000", "County": "DENVER", "Address Full": "8810 E HAMPDEN AVE STE 100, DENVER, CO 80231", "Latitude": 39.653034, "Longitude": -104.885895, "CDPHE HFEMS Licensed": "Licensed", "Operating Status": "Active", "Date Data Updated": "2025-10-27T07:00:00Z", "Source": "CDPHE Health Facilities and Emergency Medical Services Division", "GlobalID": "36dab66c-65f1-420b-99d9-52a8cb525ff0", "x": 3172915.519, "y": 1663328.327 }, "geometry": { "type": "Point", "coordinates": [ -104.885895, 39.653034 ] } },
{ "type": "Feature", "properties": { "OBJECTID": 379, "Facility ID": "10R303", "Facility Name": "ABSOLUTE EXPERT CARE", "Facility Type Code": "05D", "Facility Type": "Home Care Agency", "Map Symbol": "Home Health", "Facility Type Detail": "HCA LICENSE - PERSONAL CARE HOMEMAKER", "Facility Type Abbreviation": "HCA-PHS", "Licensed Beds Total": 0, "Telephone": "(303) 340-3390", "County": "DENVER", "Address Full": "2175 S JASMINE ST STE 110, DENVER, CO 80222", "Latitude": 39.67672, "Longitude": -104.918861, "CDPHE HFEMS Licensed": "Licensed", "Operating Status": "Active", "Date Data Updated": "2025-10-27T07:00:00Z", "Source": "CDPHE Health Facilities and Emergency Medical Services Division", "GlobalID": "b820de08-9ce6-4669-a92d-9d06e05ba752", "x": 3163578.265, "y": 1671894.933 }, "geometry": { "type": "Point", "coordinates": [ -104.918861, 39.67672 ] } },
{ "type": "Feature", "properties": { "OBJECTID": 380, "Facility ID": "10R625", "Facility Name": "TRUE CARE LLC", "Facility Type Code": "05D", "Facility Type": "Home Care Agency", "Map Symbol": "Home Health", "Facility Type Detail": "HCA LICENSE - PERSONAL CARE HOMEMAKER", "Facility Type Abbreviation": "HCA-PHS", "Licensed Beds Total": 0, "Telephone": "(720) 946-1823", "County": "DENVER", "Address Full": "1385 S COLORADO BLVD STE 209, DENVER, CO 80222", "Latitude": 39.691406, "Longitude": -104.940804, "CDPHE HFEMS Licensed": "Licensed", "Operating Status": "Active", "Date Data Updated": "2025-10-27T07:00:00Z", "Source": "CDPHE Health Facilities and Emergency Medical Services Division", "GlobalID": "20bfa2f6-6c16-45eb-801c-40e46394ed2f", "x": 3157369.034, "y": 1677205.614 }, "geometry": { "type": "Point", "coordinates": [ -104.940804, 39.691406 ] } },
{ "type": "Feature", "properties": { "OBJECTID": 381, "Facility ID": "10R723", "Facility Name": "ALPINE HOMECARE LLC", "Facility Type Code": "05D", "Facility Type": "Home Care Agency", "Map Symbol": "Home Health", "Facility Type Detail": "HCA LICENSE - PERSONAL CARE HOMEMAKER", "Facility Type Abbreviation": "HCA-PHS", "Licensed Beds Total": 0, "Telephone": "(303) 309-6202", "County": "DENVER", "Address Full": "10200 E GIRARD AVE  BLDG A STE 118, DENVER, CO 80231", "Latitude": 39.656151, "Longitude": -104.868362, "CDPHE HFEMS Licensed": "Licensed", "Operating Status": "Active", "Date Data Updated": "2025-10-27T07:00:00Z", "Source": "CDPHE Health Facilities and Emergency Medical Services Division", "GlobalID": "05a05e5a-0913-45af-ab24-f83c0ca80877", "x": 3177844.29, "y": 1664497.54 }, "geometry": { "type": "Point", "coordinates": [ -104.868362, 39.656151 ] } },
{ "type": "Feature", "properties": { "OBJECTID": 382, "Facility ID": "10R761", "Facility Name": "BRIDGE COMMUNITY INC, THE", "Facility Type Code": "S2E", "Facility Type": "All Other Factypes", "Map Symbol": "Disability Care", "Facility Type Detail": "SERVICE AGENCY", "Facility Type Abbreviation": "HCBS-IDD", "Licensed Beds Total": 0, "Telephone": "(303) 935-4740", "County": "DENVER", "Address Full": "3101 WEST HILLSIDE PLACE, DENVER, CO 80219", "Latitude": 39.67255, "Longitude": -105.027069, "CDPHE HFEMS Licensed": "HCPF Certified", "Operating Status": "Pending", "Date Data Updated": "2025-10-27T07:00:00Z", "Source": "CDPHE Health Facilities and Emergency Medical Services Division", "GlobalID": "e367cc2d-6d45-4fea-a9d1-d10d678b0c2b", "x": 3133128.751, "y": 1670199.289 }, "geometry": { "type": "Point", "coordinates": [ -105.027069, 39.67255 ] } },
{ "type": "Feature", "properties": { "OBJECTID": 383, "Facility ID": "10R931", "Facility Name": "MONACO ADULT DAY CARE INC", "Facility Type Code": "S22", "Facility Type": "All Other Factypes", "Map Symbol": "Adult Day Care Facility", "Facility Type Detail": "ADULT DAY", "Facility Type Abbreviation": "ADAY", "Licensed Beds Total": 0, "Telephone": "(303) 333-2299", "County": "DENVER", "Address Full": "6825 EAST TENNESSEE AVENUE #175, DENVER, CO 80224", "Latitude": 39.698505, "Longitude": -104.909645, "CDPHE HFEMS Licensed": "HCPF Certified", "Operating Status": "Active", "Date Data Updated": "2025-10-27T07:00:00Z", "Source": "CDPHE Health Facilities and Emergency Medical Services Division", "GlobalID": "bf3e64d7-4312-4bb7-9587-b0cb5d4e913e", "x": 3166120.725, "y": 1679846.941 }, "geometry": { "type": "Point", "coordinates": [ -104.909645, 39.698505 ] } },
{ "type": "Feature", "properties": { "OBJECTID": 384, "Facility ID": "10S544", "Facility Name": "QUEEN'S CARE IN HOME INC", "Facility Type Code": "S2E", "Facility Type": "All Other Factypes", "Map Symbol": "Disability Care", "Facility Type Detail": "SERVICE AGENCY", "Facility Type Abbreviation": "HCBS-IDD", "Licensed Beds Total": 0, "Telephone": "(303) 371-6588", "County": "DENVER", "Address Full": "5054 BILLINGS ST, DENVER, CO 80239", "Latitude": 39.78828, "Longitude": -104.830605, "CDPHE HFEMS Licensed": "HCPF Certified", "Operating Status": "Active", "Date Data Updated": "2025-10-27T07:00:00Z", "Source": "CDPHE Health Facilities and Emergency Medical Services Division", "GlobalID": "60182b7b-8d22-41c2-a1d4-b9c4b6421ca8", "x": 3188120.172, "y": 1712702.55 }, "geometry": { "type": "Point", "coordinates": [ -104.830605, 39.78828 ] } },
{ "type": "Feature", "properties": { "OBJECTID": 385, "Facility ID": "10SKJK", "Facility Name": "ABBY CARE CO", "Facility Type Code": "S2E", "Facility Type": "All Other Factypes", "Map Symbol": "Disability Care", "Facility Type Detail": "SERVICE AGENCY", "Facility Type Abbreviation": "HCBS-IDD", "Licensed Beds Total": 0, "Telephone": "(720) 734-4348", "County": "DENVER", "Address Full": "950 S CHERRY ST STE 714, DENVER, CO 80246", "Latitude": 39.699303, "Longitude": -104.934029, "CDPHE HFEMS Licensed": "HCPF Certified", "Operating Status": "Pending", "Date Data Updated": "2025-10-27T07:00:00Z", "Source": "CDPHE Health Facilities and Emergency Medical Services Division", "GlobalID": "9bca1ff7-6912-49fb-b17c-54b3c06a5cd2", "x": 3159257.676, "y": 1680093.951 }, "geometry": { "type": "Point", "coordinates": [ -104.934029, 39.699303 ] } },
{ "type": "Feature", "properties": { "OBJECTID": 386, "Facility ID": "10SM1G", "Facility Name": "OPEN ARMS LIVING LLC", "Facility Type Code": "S2E", "Facility Type": "All Other Factypes", "Map Symbol": "Disability Care", "Facility Type Detail": "SERVICE AGENCY", "Facility Type Abbreviation": "HCBS-IDD", "Licensed Beds Total": 0, "Telephone": "(513) 652-5012", "County": "DENVER", "Address Full": "9795 E 62ND DR, DENVER, CO 80238", "Latitude": 39.809216, "Longitude": -104.873779, "CDPHE HFEMS Licensed": "HCPF Certified", "Operating Status": "Pending", "Date Data Updated": "2025-10-27T07:00:00Z", "Source": "CDPHE Health Facilities and Emergency Medical Services Division", "GlobalID": "c6fab728-cf4e-4a2c-bda1-38b82b1472f2", "x": 3175934.785, "y": 1720242.355 }, "geometry": { "type": "Point", "coordinates": [ -104.873779, 39.809216 ] } },
{ "type": "Feature", "properties": { "OBJECTID": 387, "Facility ID": "10T568", "Facility Name": "OPTIMUM GUIDANCE BEHAVIOR CONSULTING LLC", "Facility Type Code": "S2E", "Facility Type": "All Other Factypes", "Map Symbol": "Disability Care", "Facility Type Detail": "SERVICE AGENCY", "Facility Type Abbreviation": "HCBS-IDD", "Licensed Beds Total": 0, "Telephone": "(720) 755-2207", "County": "DENVER", "Address Full": "2 ADAMS ST #1406, DENVER, CO 80206", "Latitude": 39.716328, "Longitude": -104.948532, "CDPHE HFEMS Licensed": "HCPF Certified", "Operating Status": "Active", "Date Data Updated": "2025-10-27T07:00:00Z", "Source": "CDPHE Health Facilities and Emergency Medical Services Division", "GlobalID": "794554c3-6177-499c-9adc-b85c1ec26685", "x": 3155139.177, "y": 1686270.345 }, "geometry": { "type": "Point", "coordinates": [ -104.948532, 39.716328 ] } },
{ "type": "Feature", "properties": { "OBJECTID": 388, "Facility ID": "10T642", "Facility Name": "BRIANA MCKINNEY, BCBA, MT-BC, LLC", "Facility Type Code": "S2G", "Facility Type": "All Other Factypes", "Map Symbol": "Disability Care", "Facility Type Detail": "CHILDREN'S HABILITATION RESIDENTIAL PROG", "Facility Type Abbreviation": "HCBS", "Licensed Beds Total": 0, "Telephone": "(720) 237-7925", "County": "DENVER", "Address Full": "1959 WEWATTA ST UNIT 308, DENVER, CO 80202", "Latitude": 39.756432, "Longitude": -104.997971, "CDPHE HFEMS Licensed": "HCPF Certified", "Operating Status": "Active", "Date Data Updated": "2025-10-27T07:00:00Z", "Source": "CDPHE Health Facilities and Emergency Medical Services Division", "GlobalID": "bdb51e7f-0bde-49eb-8b2a-f8f742bc8b05", "x": 3141150.65, "y": 1700798.104 }, "geometry": { "type": "Point", "coordinates": [ -104.997971, 39.756432 ] } },
{ "type": "Feature", "properties": { "OBJECTID": 389, "Facility ID": "10THEP", "Facility Name": "CARING HOMES LLC", "Facility Type Code": "S2E", "Facility Type": "All Other Factypes", "Map Symbol": "Disability Care", "Facility Type Detail": "SERVICE AGENCY", "Facility Type Abbreviation": "HCBS-IDD", "Licensed Beds Total": 0, "Telephone": "(720) 403-3154", "County": "DENVER", "Address Full": "20714 E 47TH AVE, DENVER, CO 80249", "Latitude": 39.780373, "Longitude": -104.745651, "CDPHE HFEMS Licensed": "HCPF Certified", "Operating Status": "Active", "Date Data Updated": "2025-10-27T07:00:00Z", "Source": "CDPHE Health Facilities and Emergency Medical Services Division", "GlobalID": "a154d073-3b5e-4cba-9b80-11acec2796a3", "x": 3212017.85, "y": 1710009.407 }, "geometry": { "type": "Point", "coordinates": [ -104.745651, 39.780373 ] } },
{ "type": "Feature", "properties": { "OBJECTID": 390, "Facility ID": "10TK2M", "Facility Name": "BEST HOMECARE LLC", "Facility Type Code": "S2E", "Facility Type": "All Other Factypes", "Map Symbol": "Disability Care", "Facility Type Detail": "SERVICE AGENCY", "Facility Type Abbreviation": "HCBS-IDD", "Licensed Beds Total": 0, "Telephone": "(720) 725-6789", "County": "DENVER", "Address Full": "9141 E MANSFIELD AVE, DENVER, CO 80237", "Latitude": 39.645966, "Longitude": -104.883858, "CDPHE HFEMS Licensed": "HCPF Certified", "Operating Status": "Active", "Date Data Updated": "2025-10-27T07:00:00Z", "Source": "CDPHE Health Facilities and Emergency Medical Services Division", "GlobalID": "d49deed6-8a77-4db4-be34-aa9896cd08d8", "x": 3173506.527, "y": 1660757.699 }, "geometry": { "type": "Point", "coordinates": [ -104.883858, 39.645966 ] } },
{ "type": "Feature", "properties": { "OBJECTID": 391, "Facility ID": "10TTSL", "Facility Name": "ARISE SUPPORT SERVICES LLC", "Facility Type Code": "S2E", "Facility Type": "All Other Factypes", "Map Symbol": "Disability Care", "Facility Type Detail": "SERVICE AGENCY", "Facility Type Abbreviation": "HCBS-IDD", "Licensed Beds Total": 0, "Telephone": "(720) 434-3702", "County": "DENVER", "Address Full": "19557 E 39TH AVE, DENVER, CO 80249", "Latitude": 39.769855, "Longitude": -104.758644, "CDPHE HFEMS Licensed": "HCPF Certified", "Operating Status": "Active", "Date Data Updated": "2025-10-27T07:00:00Z", "Source": "CDPHE Health Facilities and Emergency Medical Services Division", "GlobalID": "ccfab126-b5ab-4b72-87e0-4ab0af2599a7", "x": 3208397.425, "y": 1706148.041 }, "geometry": { "type": "Point", "coordinates": [ -104.758644, 39.769855 ] } },
{ "type": "Feature", "properties": { "OBJECTID": 392, "Facility ID": "10U0XG", "Facility Name": "SHALOM HEALTHCARE SERVICES LLC", "Facility Type Code": "S2E", "Facility Type": "All Other Factypes", "Map Symbol": "Disability Care", "Facility Type Detail": "SERVICE AGENCY", "Facility Type Abbreviation": "HCBS-IDD", "Licensed Beds Total": 0, "Telephone": "(303) 489-2626", "County": "DENVER", "Address Full": "6616 N CATHAY ST, DENVER, CO 80249", "Latitude": 39.81683, "Longitude": -104.767601, "CDPHE HFEMS Licensed": "HCPF Certified", "Operating Status": "Pending", "Date Data Updated": "2025-10-27T07:00:00Z", "Source": "CDPHE Health Facilities and Emergency Medical Services Division", "GlobalID": "96414a54-7195-47b6-a1a4-083b64b834e7", "x": 3205741.72, "y": 1723238.941 }, "geometry": { "type": "Point", "coordinates": [ -104.767601, 39.81683 ] } },
{ "type": "Feature", "properties": { "OBJECTID": 393, "Facility ID": "10U234", "Facility Name": "KUPALINKA ADULT DAY CARE CENTER LLC", "Facility Type Code": "S22", "Facility Type": "All Other Factypes", "Map Symbol": "Adult Day Care Facility", "Facility Type Detail": "ADULT DAY", "Facility Type Abbreviation": "ADAY", "Licensed Beds Total": 0, "Telephone": "(720) 298-5793", "County": "DENVER", "Address Full": "7808 E CHERRY CREEK SOUTH DRIVE UNIT 411-412, DENVER, CO 80231", "Latitude": 39.679035, "Longitude": -104.896782, "CDPHE HFEMS Licensed": "HCPF Certified", "Operating Status": "Active", "Date Data Updated": "2025-10-27T07:00:00Z", "Source": "CDPHE Health Facilities and Emergency Medical Services Division", "GlobalID": "fe63433e-3370-4d95-ac32-a6ec24360112", "x": 3169787.239, "y": 1672778.688 }, "geometry": { "type": "Point", "coordinates": [ -104.896782, 39.679035 ] } },
{ "type": "Feature", "properties": { "OBJECTID": 394, "Facility ID": "10U574", "Facility Name": "OUR JOURNEY DAY PROGRAM", "Facility Type Code": "S2E", "Facility Type": "All Other Factypes", "Map Symbol": "Disability Care", "Facility Type Detail": "SERVICE AGENCY", "Facility Type Abbreviation": "HCBS-IDD", "Licensed Beds Total": 0, "Telephone": "(303) 717-5150", "County": "DENVER", "Address Full": "2505 W 2ND AVE UNIT 7, DENVER, CO 80219", "Latitude": 39.720314, "Longitude": -105.017166, "CDPHE HFEMS Licensed": "HCPF Certified", "Operating Status": "Active", "Date Data Updated": "2025-10-27T07:00:00Z", "Source": "CDPHE Health Facilities and Emergency Medical Services Division", "GlobalID": "cd86a113-c8cd-4037-af67-976eb18fd022", "x": 3135823.861, "y": 1687612.378 }, "geometry": { "type": "Point", "coordinates": [ -105.017166, 39.720314 ] } },
{ "type": "Feature", "properties": { "OBJECTID": 395, "Facility ID": "10U717", "Facility Name": "ABILITY CONNECTION COLORADO", "Facility Type Code": "S2E", "Facility Type": "All Other Factypes", "Map Symbol": "Disability Care", "Facility Type Detail": "SERVICE AGENCY", "Facility Type Abbreviation": "HCBS-IDD", "Licensed Beds Total": 0, "Telephone": "(303) 691-9339", "County": "DENVER", "Address Full": "801 YOSEMITE ST., DENVER, CO 80230", "Latitude": 39.728146, "Longitude": -104.887512, "CDPHE HFEMS Licensed": "HCPF Certified", "Operating Status": "Active", "Date Data Updated": "2025-10-27T07:00:00Z", "Source": "CDPHE Health Facilities and Emergency Medical Services Division", "GlobalID": "2a116e73-078d-416c-84f9-508a5b9a4344", "x": 3172275.765, "y": 1690685.118 }, "geometry": { "type": "Point", "coordinates": [ -104.887512, 39.728146 ] } },
{ "type": "Feature", "properties": { "OBJECTID": 396, "Facility ID": "10U749", "Facility Name": "APPLE MOUTH FARMS", "Facility Type Code": "S2E", "Facility Type": "All Other Factypes", "Map Symbol": "Disability Care", "Facility Type Detail": "SERVICE AGENCY", "Facility Type Abbreviation": "HCBS-IDD", "Licensed Beds Total": 0, "Telephone": "(720) 999-1344", "County": "DENVER", "Address Full": "5559 W MILAN PL, DENVER, CO 80235", "Latitude": 39.646442, "Longitude": -105.057556, "CDPHE HFEMS Licensed": "HCPF Certified", "Operating Status": "Active", "Date Data Updated": "2025-10-27T07:00:00Z", "Source": "CDPHE Health Facilities and Emergency Medical Services Division", "GlobalID": "1a56d66e-c158-4cd8-8587-bdfe41a7bc35", "x": 3124593.313, "y": 1660646.103 }, "geometry": { "type": "Point", "coordinates": [ -105.057556, 39.646442 ] } },
{ "type": "Feature", "properties": { "OBJECTID": 397, "Facility ID": "10U758", "Facility Name": "ABNEZER LLC", "Facility Type Code": "S2E", "Facility Type": "All Other Factypes", "Map Symbol": "Disability Care", "Facility Type Detail": "SERVICE AGENCY", "Facility Type Abbreviation": "HCBS-IDD", "Licensed Beds Total": 0, "Telephone": "(303) 668-1397", "County": "DENVER", "Address Full": "5294 PERTH CT, DENVER, CO 80249", "Latitude": 39.793045, "Longitude": -104.735138, "CDPHE HFEMS Licensed": "HCPF Certified", "Operating Status": "Active", "Date Data Updated": "2025-10-27T07:00:00Z", "Source": "CDPHE Health Facilities and Emergency Medical Services Division", "GlobalID": "373dfe47-3e8d-4e3a-903c-0235c5a10228", "x": 3214933.669, "y": 1714650.046 }, "geometry": { "type": "Point", "coordinates": [ -104.735138, 39.793045 ] } },
{ "type": "Feature", "properties": { "OBJECTID": 398, "Facility ID": "10U966", "Facility Name": "VANTAGE PLUS INC", "Facility Type Code": "S2E", "Facility Type": "All Other Factypes", "Map Symbol": "Disability Care", "Facility Type Detail": "SERVICE AGENCY", "Facility Type Abbreviation": "HCBS-IDD", "Licensed Beds Total": 0, "Telephone": "(720) 409-9104", "County": "DENVER", "Address Full": "6825 E TENNESSEE AVE SUITE 445, DENVER, CO 80224", "Latitude": 39.698505, "Longitude": -104.909645, "CDPHE HFEMS Licensed": "HCPF Certified", "Operating Status": "Active", "Date Data Updated": "2025-10-27T07:00:00Z", "Source": "CDPHE Health Facilities and Emergency Medical Services Division", "GlobalID": "e6a2b22c-af89-4945-a969-ab327a9f0f17", "x": 3166120.725, "y": 1679846.941 }, "geometry": { "type": "Point", "coordinates": [ -104.909645, 39.698505 ] } },
{ "type": "Feature", "properties": { "OBJECTID": 399, "Facility ID": "10UF78", "Facility Name": "AMBZEE HOME HEALTH CARE CENTER", "Facility Type Code": "S2E", "Facility Type": "All Other Factypes", "Map Symbol": "Disability Care", "Facility Type Detail": "SERVICE AGENCY", "Facility Type Abbreviation": "HCBS-IDD", "Licensed Beds Total": 0, "Telephone": "(720) 435-8684", "County": "DENVER", "Address Full": "4119 N GIBRALTAR ST, DENVER, CO 80249", "Latitude": 39.772438, "Longitude": -104.755493, "CDPHE HFEMS Licensed": "HCPF Certified", "Operating Status": "Pending", "Date Data Updated": "2025-10-27T07:00:00Z", "Source": "CDPHE Health Facilities and Emergency Medical Services Division", "GlobalID": "417b3519-aa80-43dd-9746-29648454d51a", "x": 3209275.438, "y": 1707096.171 }, "geometry": { "type": "Point", "coordinates": [ -104.755493, 39.772438 ] } },
{ "type": "Feature", "properties": { "OBJECTID": 400, "Facility ID": "10UPH6", "Facility Name": "GRACE ROAD LLC", "Facility Type Code": "S2E", "Facility Type": "All Other Factypes", "Map Symbol": "Disability Care", "Facility Type Detail": "SERVICE AGENCY", "Facility Type Abbreviation": "HCBS-IDD", "Licensed Beds Total": 0, "Telephone": "(303) 960-0528", "County": "DENVER", "Address Full": "20695 MITCHELL PL, DENVER, CO 80249", "Latitude": 39.775497, "Longitude": -104.74897, "CDPHE HFEMS Licensed": "HCPF Certified", "Operating Status": "Active", "Date Data Updated": "2025-10-27T07:00:00Z", "Source": "CDPHE Health Facilities and Emergency Medical Services Division", "GlobalID": "02df182a-e3e5-4b80-ab66-34d1b35c2b05", "x": 3211099.727, "y": 1708225.538 }, "geometry": { "type": "Point", "coordinates": [ -104.74897, 39.775497 ] } },
{ "type": "Feature", "properties": { "OBJECTID": 401, "Facility ID": "10UYQR", "Facility Name": "GENTLER HOMECARE LLC", "Facility Type Code": "S2E", "Facility Type": "All Other Factypes", "Map Symbol": "Disability Care", "Facility Type Detail": "SERVICE AGENCY", "Facility Type Abbreviation": "HCBS-IDD", "Licensed Beds Total": 0, "Telephone": "(313) 284-2501", "County": "DENVER", "Address Full": "1390 TENNYSON ST, DENVER, CO 80204", "Latitude": 39.738262, "Longitude": -105.043945, "CDPHE HFEMS Licensed": "HCPF Certified", "Operating Status": "Pending", "Date Data Updated": "2025-10-27T07:00:00Z", "Source": "CDPHE Health Facilities and Emergency Medical Services Division", "GlobalID": "529b4987-e974-4677-9858-8c7bca7d74ac", "x": 3128258.181, "y": 1694111.243 }, "geometry": { "type": "Point", "coordinates": [ -105.043945, 39.738262 ] } },
{ "type": "Feature", "properties": { "OBJECTID": 402, "Facility ID": "10V36C", "Facility Name": "CHARLEY CARE AND CONSULTING", "Facility Type Code": "S2E", "Facility Type": "All Other Factypes", "Map Symbol": "Disability Care", "Facility Type Detail": "SERVICE AGENCY", "Facility Type Abbreviation": "HCBS-IDD", "Licensed Beds Total": 0, "Telephone": "(614) 425-5750", "County": "DENVER", "Address Full": "4451 SOUTH AMMONS ST 4-107, LITTLETON, CO 80123", "Latitude": 39.636352, "Longitude": -105.087608, "CDPHE HFEMS Licensed": "HCPF Certified", "Operating Status": "Active", "Date Data Updated": "2025-10-27T07:00:00Z", "Source": "CDPHE Health Facilities and Emergency Medical Services Division", "GlobalID": "88595dd9-1570-4d76-994b-9b0a1c42bbb2", "x": 3116147.53, "y": 1656930.98 }, "geometry": { "type": "Point", "coordinates": [ -105.087608, 39.636352 ] } },
{ "type": "Feature", "properties": { "OBJECTID": 403, "Facility ID": "10V729", "Facility Name": "MAKING DREAMS A REALITY", "Facility Type Code": "S2E", "Facility Type": "All Other Factypes", "Map Symbol": "Disability Care", "Facility Type Detail": "SERVICE AGENCY", "Facility Type Abbreviation": "HCBS-IDD", "Licensed Beds Total": 0, "Telephone": "(303) 332-9871", "County": "DENVER", "Address Full": "4352 CEYLON ST, DENVER, CO 80249", "Latitude": 39.775974, "Longitude": -104.764137, "CDPHE HFEMS Licensed": "HCPF Certified", "Operating Status": "Active", "Date Data Updated": "2025-10-27T07:00:00Z", "Source": "CDPHE Health Facilities and Emergency Medical Services Division", "GlobalID": "1feb9313-d011-45d5-a474-16848bf077e4", "x": 3206835.326, "y": 1708364.403 }, "geometry": { "type": "Point", "coordinates": [ -104.764137, 39.775974 ] } },
{ "type": "Feature", "properties": { "OBJECTID": 404, "Facility ID": "10V731", "Facility Name": "LANA ADULT DAY CARE INC", "Facility Type Code": "S22", "Facility Type": "All Other Factypes", "Map Symbol": "Adult Day Care Facility", "Facility Type Detail": "ADULT DAY", "Facility Type Abbreviation": "ADAY", "Licensed Beds Total": 0, "Telephone": "(720) 309-3953", "County": "DENVER", "Address Full": "7808 E CHERRY CREEK SOUTH DRIVE, DENVER, CO 80231", "Latitude": 39.679035, "Longitude": -104.896782, "CDPHE HFEMS Licensed": "HCPF Certified", "Operating Status": "Active", "Date Data Updated": "2025-10-27T07:00:00Z", "Source": "CDPHE Health Facilities and Emergency Medical Services Division", "GlobalID": "d6d1926a-2fd2-40da-be39-fe0969487c4b", "x": 3169787.239, "y": 1672778.688 }, "geometry": { "type": "Point", "coordinates": [ -104.896782, 39.679035 ] } },
{ "type": "Feature", "properties": { "OBJECTID": 405, "Facility ID": "10VHCM", "Facility Name": "TCC PARTNERS", "Facility Type Code": "S2E", "Facility Type": "All Other Factypes", "Map Symbol": "Disability Care", "Facility Type Detail": "SERVICE AGENCY", "Facility Type Abbreviation": "HCBS-IDD", "Licensed Beds Total": 0, "Telephone": "(720) 431-2188", "County": "DENVER", "Address Full": "21355 E 53RD AVE, DENVER, CO 80249", "Latitude": 39.79314, "Longitude": -104.738014, "CDPHE HFEMS Licensed": "HCPF Certified", "Operating Status": "Pending", "Date Data Updated": "2025-10-27T07:00:00Z", "Source": "CDPHE Health Facilities and Emergency Medical Services Division", "GlobalID": "3f9f2f6b-f97d-439d-b18f-7f3944cbaf7a", "x": 3214125.224, "y": 1714677.86 }, "geometry": { "type": "Point", "coordinates": [ -104.738014, 39.79314 ] } },
{ "type": "Feature", "properties": { "OBJECTID": 406, "Facility ID": "10W1MW", "Facility Name": "MAVERICK LIVING LTD", "Facility Type Code": "S2E", "Facility Type": "All Other Factypes", "Map Symbol": "Disability Care", "Facility Type Detail": "SERVICE AGENCY", "Facility Type Abbreviation": "HCBS-IDD", "Licensed Beds Total": 0, "Telephone": "(435) 258-8236", "County": "DENVER", "Address Full": "1525 NEVADA PL, DENVER, CO 80223", "Latitude": 39.710304, "Longitude": -105.008904, "CDPHE HFEMS Licensed": "HCPF Certified", "Operating Status": "Pending", "Date Data Updated": "2025-10-27T07:00:00Z", "Source": "CDPHE Health Facilities and Emergency Medical Services Division", "GlobalID": "205ac43b-389b-4952-bbe7-78a997be29eb", "x": 3138167.648, "y": 1683978.589 }, "geometry": { "type": "Point", "coordinates": [ -105.008904, 39.710304 ] } },
{ "type": "Feature", "properties": { "OBJECTID": 407, "Facility ID": "10W351", "Facility Name": "NOAH CARE RIDE LLC", "Facility Type Code": "S2E", "Facility Type": "All Other Factypes", "Map Symbol": "Disability Care", "Facility Type Detail": "SERVICE AGENCY", "Facility Type Abbreviation": "HCBS-IDD", "Licensed Beds Total": 0, "Telephone": "(303) 960-0039", "County": "DENVER", "Address Full": "9101 E KENYON AVE #2500, DENVER, CO 80237", "Latitude": 39.649632, "Longitude": -104.882866, "CDPHE HFEMS Licensed": "HCPF Certified", "Operating Status": "Active", "Date Data Updated": "2025-10-27T07:00:00Z", "Source": "CDPHE Health Facilities and Emergency Medical Services Division", "GlobalID": "7ac96f61-8143-41d7-a0ce-16e1b90ae7f7", "x": 3173776.796, "y": 1662094.931 }, "geometry": { "type": "Point", "coordinates": [ -104.882866, 39.649632 ] } },
{ "type": "Feature", "properties": { "OBJECTID": 408, "Facility ID": "10W358", "Facility Name": "ASPEN ADULT DAY CARE, INC", "Facility Type Code": "S22", "Facility Type": "All Other Factypes", "Map Symbol": "Adult Day Care Facility", "Facility Type Detail": "ADULT DAY", "Facility Type Abbreviation": "ADAY", "Licensed Beds Total": 0, "Telephone": "(303) 320-0048", "County": "DENVER", "Address Full": "8810 E HAMPDEN AVE # 103, DENVER, CO 80231", "Latitude": 39.653034, "Longitude": -104.885895, "CDPHE HFEMS Licensed": "HCPF Certified", "Operating Status": "Active", "Date Data Updated": "2025-10-27T07:00:00Z", "Source": "CDPHE Health Facilities and Emergency Medical Services Division", "GlobalID": "be881507-1264-4955-bccc-cab18587d755", "x": 3172915.519, "y": 1663328.327 }, "geometry": { "type": "Point", "coordinates": [ -104.885895, 39.653034 ] } },
{ "type": "Feature", "properties": { "OBJECTID": 409, "Facility ID": "10W5XT", "Facility Name": "SPECTRUM SUPPORT SERVICE", "Facility Type Code": "S2G", "Facility Type": "All Other Factypes", "Map Symbol": "Disability Care", "Facility Type Detail": "CHILDREN'S HABILITATION RESIDENTIAL PROG", "Facility Type Abbreviation": "HCBS", "Licensed Beds Total": 0, "Telephone": "(720) 382-6775", "County": "DENVER", "Address Full": "5547 HANNIBAL ST, DENVER, CO 80239", "Latitude": 39.796169, "Longitude": -104.80896, "CDPHE HFEMS Licensed": "HCPF Certified", "Operating Status": "Active", "Date Data Updated": "2025-10-27T07:00:00Z", "Source": "CDPHE Health Facilities and Emergency Medical Services Division", "GlobalID": "b8bb6ec9-0594-4e24-a87d-ee7a90eac226", "x": 3194181.003, "y": 1715621.787 }, "geometry": { "type": "Point", "coordinates": [ -104.80896, 39.796169 ] } },
{ "type": "Feature", "properties": { "OBJECTID": 410, "Facility ID": "10X3X6", "Facility Name": "THE WAY TO FREEDOM COUNSELING", "Facility Type Code": "S2E", "Facility Type": "All Other Factypes", "Map Symbol": "Disability Care", "Facility Type Detail": "SERVICE AGENCY", "Facility Type Abbreviation": "HCBS-IDD", "Licensed Beds Total": 0, "Telephone": "(303) 950-0989", "County": "DENVER", "Address Full": "1311 RACE ST, DENVER, CO 80206", "Latitude": 39.737068, "Longitude": -104.96357, "CDPHE HFEMS Licensed": "HCPF Certified", "Operating Status": "Active", "Date Data Updated": "2025-10-27T07:00:00Z", "Source": "CDPHE Health Facilities and Emergency Medical Services Division", "GlobalID": "cceb1e06-ee09-4d31-9893-ad8a7a17a2bf", "x": 3150864.197, "y": 1693799.785 }, "geometry": { "type": "Point", "coordinates": [ -104.96357, 39.737068 ] } },
{ "type": "Feature", "properties": { "OBJECTID": 411, "Facility ID": "10X750", "Facility Name": "WORLDWIDE ADULT DAY CARE INC", "Facility Type Code": "S22", "Facility Type": "All Other Factypes", "Map Symbol": "Adult Day Care Facility", "Facility Type Detail": "ADULT DAY", "Facility Type Abbreviation": "ADAY", "Licensed Beds Total": 0, "Telephone": "(303) 815-6285", "County": "DENVER", "Address Full": "10890 E DARTMOUTH AVE UNITS H & I, DENVER, CO 80014", "Latitude": 39.659743, "Longitude": -104.860557, "CDPHE HFEMS Licensed": "HCPF Certified", "Operating Status": "Active", "Date Data Updated": "2025-10-27T07:00:00Z", "Source": "CDPHE Health Facilities and Emergency Medical Services Division", "GlobalID": "6cc9d474-9371-4e85-990a-650e43c7a92f", "x": 3180032.589, "y": 1665821.297 }, "geometry": { "type": "Point", "coordinates": [ -104.860557, 39.659743 ] } },
{ "type": "Feature", "properties": { "OBJECTID": 412, "Facility ID": "10X804", "Facility Name": "A BETTER LIFE LLC", "Facility Type Code": "S2E", "Facility Type": "All Other Factypes", "Map Symbol": "Disability Care", "Facility Type Detail": "SERVICE AGENCY", "Facility Type Abbreviation": "HCBS-IDD", "Licensed Beds Total": 0, "Telephone": "(303) 263-5228", "County": "DENVER", "Address Full": "131 DOWNING ST, DENVER, CO 80218", "Latitude": 39.71907, "Longitude": -104.973351, "CDPHE HFEMS Licensed": "HCPF Certified", "Operating Status": "Active", "Date Data Updated": "2025-10-27T07:00:00Z", "Source": "CDPHE Health Facilities and Emergency Medical Services Division", "GlobalID": "9c27f6f8-7c6b-4135-8ae5-df9758d7d28f", "x": 3148151.503, "y": 1687227.717 }, "geometry": { "type": "Point", "coordinates": [ -104.973351, 39.71907 ] } },
{ "type": "Feature", "properties": { "OBJECTID": 413, "Facility ID": "10Y768", "Facility Name": "MOUNTAIN SOUND MUSIC THERAPY", "Facility Type Code": "S2E", "Facility Type": "All Other Factypes", "Map Symbol": "Disability Care", "Facility Type Detail": "SERVICE AGENCY", "Facility Type Abbreviation": "HCBS-IDD", "Licensed Beds Total": 0, "Telephone": "(970) 682-8499", "County": "DENVER", "Address Full": "3358 S FLAMINGO WAY, DENVER, CO 80222", "Latitude": 39.655319, "Longitude": -104.926163, "CDPHE HFEMS Licensed": "HCPF Certified", "Operating Status": "Active", "Date Data Updated": "2025-10-27T07:00:00Z", "Source": "CDPHE Health Facilities and Emergency Medical Services Division", "GlobalID": "b8099ec6-236e-4e46-9817-f6b8586d11b4", "x": 3161572.211, "y": 1664086.508 }, "geometry": { "type": "Point", "coordinates": [ -104.926163, 39.655319 ] } },
{ "type": "Feature", "properties": { "OBJECTID": 414, "Facility ID": "10Z317", "Facility Name": "ABSOLUTE EXPERT CARE", "Facility Type Code": "S2E", "Facility Type": "All Other Factypes", "Map Symbol": "Disability Care", "Facility Type Detail": "SERVICE AGENCY", "Facility Type Abbreviation": "HCBS-IDD", "Licensed Beds Total": 0, "Telephone": "(303) 340-3390", "County": "DENVER", "Address Full": "2175 S JASMINE ST STE 110, DENVER, CO 80222", "Latitude": 39.67672, "Longitude": -104.918861, "CDPHE HFEMS Licensed": "HCPF Certified", "Operating Status": "Active", "Date Data Updated": "2025-10-27T07:00:00Z", "Source": "CDPHE Health Facilities and Emergency Medical Services Division", "GlobalID": "458af02a-25d6-4ba9-9cc8-06068fd3a967", "x": 3163578.265, "y": 1671894.933 }, "geometry": { "type": "Point", "coordinates": [ -104.918861, 39.67672 ] } },
{ "type": "Feature", "properties": { "OBJECTID": 415, "Facility ID": "10Z860", "Facility Name": "ABILITY SPECIALISTS INC", "Facility Type Code": "S2E", "Facility Type": "All Other Factypes", "Map Symbol": "Disability Care", "Facility Type Detail": "SERVICE AGENCY", "Facility Type Abbreviation": "HCBS-IDD", "Licensed Beds Total": 0, "Telephone": "(303) 690-5203", "County": "DENVER", "Address Full": "6690 E WARREN AVE STE 100, DENVER, CO 80222", "Latitude": 39.676514, "Longitude": -104.91134, "CDPHE HFEMS Licensed": "HCPF Certified", "Operating Status": "Active", "Date Data Updated": "2025-10-27T07:00:00Z", "Source": "CDPHE Health Facilities and Emergency Medical Services Division", "GlobalID": "8190d209-52d4-4dba-81d6-637fc7853736", "x": 3165695.687, "y": 1671833.527 }, "geometry": { "type": "Point", "coordinates": [ -104.91134, 39.676514 ] } },
{ "type": "Feature", "properties": { "OBJECTID": 416, "Facility ID": "10ZJ6B", "Facility Name": "NOOR HOME CARE LLC", "Facility Type Code": "S2E", "Facility Type": "All Other Factypes", "Map Symbol": "Disability Care", "Facility Type Detail": "SERVICE AGENCY", "Facility Type Abbreviation": "HCBS-IDD", "Licensed Beds Total": 0, "Telephone": "(720) 819-6046", "County": "DENVER", "Address Full": "7900 E UNION AVE STE 1100, DENVER, CO 80237", "Latitude": 39.62867, "Longitude": -104.896881, "CDPHE HFEMS Licensed": "HCPF Certified", "Operating Status": "Active", "Date Data Updated": "2025-10-27T07:00:00Z", "Source": "CDPHE Health Facilities and Emergency Medical Services Division", "GlobalID": "a1e90c01-34ae-4739-952c-60dbd9e70225", "x": 3169881.17, "y": 1654433.06 }, "geometry": { "type": "Point", "coordinates": [ -104.896881, 39.62867 ] } },
{ "type": "Feature", "properties": { "OBJECTID": 417, "Facility ID": "120404", "Facility Name": "SOUTH DENVER DIALYSIS CENTER", "Facility Type Code": "91", "Facility Type": "All Other Factypes", "Map Symbol": "End Stage Renal Disease", "Facility Type Detail": "MEDICARE", "Facility Type Abbreviation": "ESRD", "Licensed Beds Total": 17, "Telephone": "(303) 744-0559", "County": "DENVER", "Address Full": "850 E HARVARD AVE STE 60, DENVER, CO 80210", "Latitude": 39.671234, "Longitude": -104.978462, "CDPHE HFEMS Licensed": "Licensed", "Operating Status": "Pending", "Date Data Updated": "2025-10-27T07:00:00Z", "Source": "CDPHE Health Facilities and Emergency Medical Services Division", "GlobalID": "09694ce6-9556-4cd8-aeca-5d48be7f4912", "x": 3146813.806, "y": 1669794.82 }, "geometry": { "type": "Point", "coordinates": [ -104.978462, 39.671234 ] } },
{ "type": "Feature", "properties": { "OBJECTID": 418, "Facility ID": "12047E", "Facility Name": "LOWRY DIALYSIS CENTER", "Facility Type Code": "91", "Facility Type": "All Other Factypes", "Map Symbol": "End Stage Renal Disease", "Facility Type Detail": "MEDICARE", "Facility Type Abbreviation": "ESRD", "Licensed Beds Total": 0, "Telephone": "(303) 367-0946", "County": "DENVER", "Address Full": "7465 E 1ST AVE STE A, DENVER, CO 80230", "Latitude": 39.719135, "Longitude": -104.900223, "CDPHE HFEMS Licensed": "Licensed", "Operating Status": "Active", "Date Data Updated": "2025-10-27T07:00:00Z", "Source": "CDPHE Health Facilities and Emergency Medical Services Division", "GlobalID": "061f60bc-11b0-45bb-9f8b-7da1bd184afa", "x": 3168722.297, "y": 1687378.928 }, "geometry": { "type": "Point", "coordinates": [ -104.900223, 39.719135 ] } },
{ "type": "Feature", "properties": { "OBJECTID": 419, "Facility ID": "12C966", "Facility Name": "FRESENIUS MEDICAL CARE PAVILION DIALYSIS", "Facility Type Code": "91", "Facility Type": "All Other Factypes", "Map Symbol": "End Stage Renal Disease", "Facility Type Detail": "MEDICARE", "Facility Type Abbreviation": "ESRD", "Licensed Beds Total": 0, "Telephone": "(303) 623-2107", "County": "DENVER", "Address Full": "723 DELAWARE STREET  M105, DENVER, CO 80204", "Latitude": 39.727802, "Longitude": -104.992928, "CDPHE HFEMS Licensed": "Licensed", "Operating Status": "Active", "Date Data Updated": "2025-10-27T07:00:00Z", "Source": "CDPHE Health Facilities and Emergency Medical Services Division", "GlobalID": "3fbce4a0-b018-41f5-b49f-0c9d2237d2e8", "x": 3142626.71, "y": 1690377.112 }, "geometry": { "type": "Point", "coordinates": [ -104.992928, 39.727802 ] } },
{ "type": "Feature", "properties": { "OBJECTID": 420, "Facility ID": "12G118", "Facility Name": "FRESENIUS MEDICAL CARE STAPLETON DIALYSIS", "Facility Type Code": "91", "Facility Type": "All Other Factypes", "Map Symbol": "End Stage Renal Disease", "Facility Type Detail": "MEDICARE", "Facility Type Abbreviation": "ESRD", "Licensed Beds Total": 0, "Telephone": "(303) 322-1513", "County": "DENVER", "Address Full": "7606 E 36TH AVE, DENVER, CO 80238", "Latitude": 39.767242, "Longitude": -104.899223, "CDPHE HFEMS Licensed": "Licensed", "Operating Status": "Active", "Date Data Updated": "2025-10-27T07:00:00Z", "Source": "CDPHE Health Facilities and Emergency Medical Services Division", "GlobalID": "f3b10bab-90ca-4cd6-b65a-44bfe3fc11e9", "x": 3168887.71, "y": 1704904.312 }, "geometry": { "type": "Point", "coordinates": [ -104.899223, 39.767242 ] } },
{ "type": "Feature", "properties": { "OBJECTID": 421, "Facility ID": "12G4KJ", "Facility Name": "FRESENIUS KIDNEY CARE LOWRY", "Facility Type Code": "91", "Facility Type": "All Other Factypes", "Map Symbol": "End Stage Renal Disease", "Facility Type Detail": "MEDICARE", "Facility Type Abbreviation": "ESRD", "Licensed Beds Total": 0, "Telephone": "(303) 343-0736", "County": "DENVER", "Address Full": "9050 E LOWRY BLVD STE 130, DENVER, CO 80230", "Latitude": 39.724377, "Longitude": -104.882538, "CDPHE HFEMS Licensed": "Licensed", "Operating Status": "Active", "Date Data Updated": "2025-10-27T07:00:00Z", "Source": "CDPHE Health Facilities and Emergency Medical Services Division", "GlobalID": "45ab18a3-a3fb-4aab-ba61-746aefdcc4ca", "x": 3173684.1, "y": 1689321.698 }, "geometry": { "type": "Point", "coordinates": [ -104.882538, 39.724377 ] } },
{ "type": "Feature", "properties": { "OBJECTID": 422, "Facility ID": "12H132", "Facility Name": "SOUTHWEST DENVER DIALYSIS", "Facility Type Code": "91", "Facility Type": "All Other Factypes", "Map Symbol": "End Stage Renal Disease", "Facility Type Detail": "MEDICARE", "Facility Type Abbreviation": "ESRD", "Licensed Beds Total": 0, "Telephone": "(303) 933-2367", "County": "DENVER", "Address Full": "8601 W CROSS DR  UNIT C2, LITTLETON, CO 80123", "Latitude": 39.614628, "Longitude": -105.094772, "CDPHE HFEMS Licensed": "Licensed", "Operating Status": "Active", "Date Data Updated": "2025-10-27T07:00:00Z", "Source": "CDPHE Health Facilities and Emergency Medical Services Division", "GlobalID": "893b1fa1-5b44-4ba2-be0d-9cbc4ddfbe0e", "x": 3114165.195, "y": 1649008.917 }, "geometry": { "type": "Point", "coordinates": [ -105.094772, 39.614628 ] } },
{ "type": "Feature", "properties": { "OBJECTID": 423, "Facility ID": "12J597", "Facility Name": "DENVER DIALYSIS CENTER", "Facility Type Code": "91", "Facility Type": "All Other Factypes", "Map Symbol": "End Stage Renal Disease", "Facility Type Detail": "MEDICARE", "Facility Type Abbreviation": "ESRD", "Licensed Beds Total": 0, "Telephone": "(303) 292-0303", "County": "DENVER", "Address Full": "2900 N DOWNING ST STE C, DENVER, CO 80205", "Latitude": 39.758312, "Longitude": -104.973282, "CDPHE HFEMS Licensed": "Licensed", "Operating Status": "Active", "Date Data Updated": "2025-10-27T07:00:00Z", "Source": "CDPHE Health Facilities and Emergency Medical Services Division", "GlobalID": "74eb4274-4129-4224-a5c1-96e41849e942", "x": 3148088.034, "y": 1701522.226 }, "geometry": { "type": "Point", "coordinates": [ -104.973282, 39.758312 ] } },
{ "type": "Feature", "properties": { "OBJECTID": 424, "Facility ID": "12KG87", "Facility Name": "FRESENIUS KIDNEY CARE ROCKY MOUNTAIN DIALYSIS", "Facility Type Code": "09B", "Facility Type": "All Other Factypes", "Map Symbol": "End Stage Renal Disease", "Facility Type Detail": "LICENSED", "Facility Type Abbreviation": "ESRD-LIC", "Licensed Beds Total": 0, "Telephone": "(303) 343-0736", "County": "DENVER", "Address Full": "600 E COLFAX AVE, DENVER, CO 80203", "Latitude": 39.739983, "Longitude": -104.979858, "CDPHE HFEMS Licensed": "Licensed", "Operating Status": "Active", "Date Data Updated": "2025-10-27T07:00:00Z", "Source": "CDPHE Health Facilities and Emergency Medical Services Division", "GlobalID": "48e85e81-746d-4116-a09c-c7c8f7114695", "x": 3146277.458, "y": 1694834.974 }, "geometry": { "type": "Point", "coordinates": [ -104.979858, 39.739983 ] } },
{ "type": "Feature", "properties": { "OBJECTID": 425, "Facility ID": "12M598", "Facility Name": "MONTBELLO DIALYSIS", "Facility Type Code": "91", "Facility Type": "All Other Factypes", "Map Symbol": "End Stage Renal Disease", "Facility Type Detail": "MEDICARE", "Facility Type Abbreviation": "ESRD", "Licensed Beds Total": 0, "Telephone": "(303) 371-1502", "County": "DENVER", "Address Full": "4834 CHAMBERS RD, DENVER, CO 80239", "Latitude": 39.784969, "Longitude": -104.809547, "CDPHE HFEMS Licensed": "Licensed", "Operating Status": "Active", "Date Data Updated": "2025-10-27T07:00:00Z", "Source": "CDPHE Health Facilities and Emergency Medical Services Division", "GlobalID": "14246d15-9419-4d46-837e-863c557e4b76", "x": 3194047.071, "y": 1711540.761 }, "geometry": { "type": "Point", "coordinates": [ -104.809547, 39.784969 ] } },
{ "type": "Feature", "properties": { "OBJECTID": 426, "Facility ID": "12OIAF", "Facility Name": "FRESENIUS KIDNEY CARE SLOANS LAKE DIALYSIS", "Facility Type Code": "91", "Facility Type": "All Other Factypes", "Map Symbol": "End Stage Renal Disease", "Facility Type Detail": "MEDICARE", "Facility Type Abbreviation": "ESRD", "Licensed Beds Total": 0, "Telephone": "(720) 472-5525", "County": "DENVER", "Address Full": "4097 W COLFAX AVE, DENVER, CO 80204", "Latitude": 39.740398, "Longitude": -105.040405, "CDPHE HFEMS Licensed": "Licensed", "Operating Status": "Active", "Date Data Updated": "2025-10-27T07:00:00Z", "Source": "CDPHE Health Facilities and Emergency Medical Services Division", "GlobalID": "7388d80d-483f-4a2e-9090-fe62e39730db", "x": 3129249.783, "y": 1694894.329 }, "geometry": { "type": "Point", "coordinates": [ -105.040405, 39.740398 ] } },
{ "type": "Feature", "properties": { "OBJECTID": 427, "Facility ID": "12V337", "Facility Name": "FRESENIUS MEDICAL CARE SOUTH DENVER DIALYSIS", "Facility Type Code": "91", "Facility Type": "All Other Factypes", "Map Symbol": "End Stage Renal Disease", "Facility Type Detail": "MEDICARE", "Facility Type Abbreviation": "ESRD", "Licensed Beds Total": 0, "Telephone": "(303) 671-2419", "County": "DENVER", "Address Full": "3410 S GALENA ST STE 100, DENVER, CO 80231", "Latitude": 39.654758, "Longitude": -104.870064, "CDPHE HFEMS Licensed": "Licensed", "Operating Status": "Active", "Date Data Updated": "2025-10-27T07:00:00Z", "Source": "CDPHE Health Facilities and Emergency Medical Services Division", "GlobalID": "d35a215b-60c0-451a-976c-f8b8d2492112", "x": 3177368.608, "y": 1663986.813 }, "geometry": { "type": "Point", "coordinates": [ -104.870064, 39.654758 ] } },
{ "type": "Feature", "properties": { "OBJECTID": 428, "Facility ID": "12W352", "Facility Name": "DENVER RECEPTION AND DIAGNOSTIC CENTER AUXILIARY MEDICAL FACILITY", "Facility Type Code": "09B", "Facility Type": "All Other Factypes", "Map Symbol": "End Stage Renal Disease", "Facility Type Detail": "LICENSED", "Facility Type Abbreviation": "ESRD-LIC", "Licensed Beds Total": 0, "Telephone": "(303) 307-2605", "County": "DENVER", "Address Full": "10900 SMITH RD, DENVER, CO 80239", "Latitude": 39.767811, "Longitude": -104.856895, "CDPHE HFEMS Licensed": "Licensed", "Operating Status": "Active", "Date Data Updated": "2025-10-27T07:00:00Z", "Source": "CDPHE Health Facilities and Emergency Medical Services Division", "GlobalID": "e7c388c9-2890-4bcc-aa4d-693b589caa55", "x": 3180784.909, "y": 1705193.039 }, "geometry": { "type": "Point", "coordinates": [ -104.856895, 39.767811 ] } },
{ "type": "Feature", "properties": { "OBJECTID": 429, "Facility ID": "13L197", "Facility Name": "HCA HEALTHONE PRESBYTERIAN ST. LUKE'S REHABILITATION, A PART OF SPALDING REHABILITATION", "Facility Type Code": "S51", "Facility Type": "Hospital", "Map Symbol": "Hospital", "Facility Type Detail": "HOSPITAL UNIT", "Facility Type Abbreviation": "H-UNIT", "Licensed Beds Total": 22, "Telephone": "(303) 839-6293", "County": "DENVER", "Address Full": "1719 E 19TH AVE #6B, DENVER, CO 80218", "Latitude": 39.746143, "Longitude": -104.966728, "CDPHE HFEMS Licensed": "Licensed", "Operating Status": "Active", "Date Data Updated": "2025-10-27T07:00:00Z", "Source": "CDPHE Health Facilities and Emergency Medical Services Division", "GlobalID": "bc149d0f-9ff7-4c95-acfe-2a139a8ee26f", "x": 3149956.671, "y": 1697100.243 }, "geometry": { "type": "Point", "coordinates": [ -104.966728, 39.746143 ] } },
{ "type": "Feature", "properties": { "OBJECTID": 430, "Facility ID": "1604OR", "Facility Name": "MADISON STREET SURGERY CENTER, LLC", "Facility Type Code": "151", "Facility Type": "All Other Factypes", "Map Symbol": "Surgery or Transplant", "Facility Type Detail": "MEDICARE", "Facility Type Abbreviation": "ASC", "Licensed Beds Total": 0, "Telephone": "(303) 388-0599", "County": "DENVER", "Address Full": "55 MADISON ST STE 200, DENVER, CO 80206", "Latitude": 39.717087, "Longitude": -104.946243, "CDPHE HFEMS Licensed": "Licensed", "Operating Status": "Active", "Date Data Updated": "2025-10-27T07:00:00Z", "Source": "CDPHE Health Facilities and Emergency Medical Services Division", "GlobalID": "396a728b-fc57-478b-afab-01f6727195b9", "x": 3155781.415, "y": 1686550.735 }, "geometry": { "type": "Point", "coordinates": [ -104.946243, 39.717087 ] } },
{ "type": "Feature", "properties": { "OBJECTID": 431, "Facility ID": "1604Y4", "Facility Name": "MIDTOWN SURGICAL CENTER", "Facility Type Code": "151", "Facility Type": "All Other Factypes", "Map Symbol": "Surgery or Transplant", "Facility Type Detail": "MEDICARE", "Facility Type Abbreviation": "ASC", "Licensed Beds Total": 0, "Telephone": "(303) 322-3993", "County": "DENVER", "Address Full": "1919 E 18TH AVE, DENVER, CO 80206", "Latitude": 39.744862, "Longitude": -104.963905, "CDPHE HFEMS Licensed": "Licensed", "Operating Status": "Active", "Date Data Updated": "2025-10-27T07:00:00Z", "Source": "CDPHE Health Facilities and Emergency Medical Services Division", "GlobalID": "bfedc383-3843-4ff2-8f57-7cad77b19d9f", "x": 3150753.232, "y": 1696638.294 }, "geometry": { "type": "Point", "coordinates": [ -104.963905, 39.744862 ] } },
{ "type": "Feature", "properties": { "OBJECTID": 432, "Facility ID": "1604ZJ", "Facility Name": "KAISER PERMANENTE AMBULATORY SURGERY CENTER", "Facility Type Code": "151", "Facility Type": "All Other Factypes", "Map Symbol": "Surgery or Transplant", "Facility Type Detail": "MEDICARE", "Facility Type Abbreviation": "ASC", "Licensed Beds Total": 7, "Telephone": "(303) 764-4442", "County": "DENVER", "Address Full": "2045 FRANKLIN ST, DENVER, CO 80205", "Latitude": 39.747433, "Longitude": -104.968506, "CDPHE HFEMS Licensed": "Licensed", "Operating Status": "Active", "Date Data Updated": "2025-10-27T07:00:00Z", "Source": "CDPHE Health Facilities and Emergency Medical Services Division", "GlobalID": "19ce0a17-4cc7-40ec-9343-fa6b31daffda", "x": 3149453.962, "y": 1697567.213 }, "geometry": { "type": "Point", "coordinates": [ -104.968506, 39.747433 ] } },
{ "type": "Feature", "properties": { "OBJECTID": 433, "Facility ID": "16F488", "Facility Name": "LOWRY SURGERY CENTER", "Facility Type Code": "151", "Facility Type": "All Other Factypes", "Map Symbol": "Surgery or Transplant", "Facility Type Detail": "MEDICARE", "Facility Type Abbreviation": "ASC", "Licensed Beds Total": 0, "Telephone": "(303) 366-5656", "County": "DENVER", "Address Full": "8101 EAST LOWRY BOULEVARD, SUITE 100, DENVER, CO 80230", "Latitude": 39.717793, "Longitude": -104.894531, "CDPHE HFEMS Licensed": "Licensed", "Operating Status": "Pending", "Date Data Updated": "2025-10-27T07:00:00Z", "Source": "CDPHE Health Facilities and Emergency Medical Services Division", "GlobalID": "33685d31-e674-4e09-9223-075502ff7035", "x": 3170326.712, "y": 1686900.715 }, "geometry": { "type": "Point", "coordinates": [ -104.894531, 39.717793 ] } },
{ "type": "Feature", "properties": { "OBJECTID": 434, "Facility ID": "16H067", "Facility Name": "DOWNTOWN DENVER ENDOSCOPY CENTER LLC", "Facility Type Code": "151", "Facility Type": "All Other Factypes", "Map Symbol": "Surgery or Transplant", "Facility Type Detail": "MEDICARE", "Facility Type Abbreviation": "ASC", "Licensed Beds Total": 0, "Telephone": "(303) 604-5000", "County": "DENVER", "Address Full": "1830 N FRANKLIN ST STE 210, DENVER, CO 80218", "Latitude": 39.745224, "Longitude": -104.968376, "CDPHE HFEMS Licensed": "Licensed", "Operating Status": "Active", "Date Data Updated": "2025-10-27T07:00:00Z", "Source": "CDPHE Health Facilities and Emergency Medical Services Division", "GlobalID": "99bafcff-cafd-4186-ab56-dc3101a7501c", "x": 3149495.225, "y": 1696762.768 }, "geometry": { "type": "Point", "coordinates": [ -104.968376, 39.745224 ] } },
{ "type": "Feature", "properties": { "OBJECTID": 435, "Facility ID": "16H513", "Facility Name": "DENVER ENDOSCOPY CENTER", "Facility Type Code": "151", "Facility Type": "All Other Factypes", "Map Symbol": "Surgery or Transplant", "Facility Type Detail": "MEDICARE", "Facility Type Abbreviation": "ASC", "Licensed Beds Total": 0, "Telephone": "(303) 344-4844", "County": "DENVER", "Address Full": "8155 E 1ST AVE, DENVER, CO 80230", "Latitude": 39.722881, "Longitude": -104.891884, "CDPHE HFEMS Licensed": "Licensed", "Operating Status": "Active", "Date Data Updated": "2025-10-27T07:00:00Z", "Source": "CDPHE Health Facilities and Emergency Medical Services Division", "GlobalID": "68c2a895-b8a3-46e7-ac03-159b6e93474b", "x": 3171058.92, "y": 1688759.034 }, "geometry": { "type": "Point", "coordinates": [ -104.891884, 39.722881 ] } },
{ "type": "Feature", "properties": { "OBJECTID": 436, "Facility ID": "16J159", "Facility Name": "HARVARD PARK SURGERY CENTER", "Facility Type Code": "151", "Facility Type": "All Other Factypes", "Map Symbol": "Surgery or Transplant", "Facility Type Detail": "MEDICARE", "Facility Type Abbreviation": "ASC", "Licensed Beds Total": 0, "Telephone": "(720) 738-3910", "County": "DENVER", "Address Full": "1000 E HARVARD AVE, DENVER, CO 80210", "Latitude": 39.671246, "Longitude": -104.975693, "CDPHE HFEMS Licensed": "Licensed", "Operating Status": "Active", "Date Data Updated": "2025-10-27T07:00:00Z", "Source": "CDPHE Health Facilities and Emergency Medical Services Division", "GlobalID": "e3e7d198-3893-4cc3-b584-0c9a81fd579c", "x": 3147593.235, "y": 1669803.678 }, "geometry": { "type": "Point", "coordinates": [ -104.975693, 39.671246 ] } },
{ "type": "Feature", "properties": { "OBJECTID": 437, "Facility ID": "16K183", "Facility Name": "DENVER SURGERY CENTER", "Facility Type Code": "151", "Facility Type": "All Other Factypes", "Map Symbol": "Surgery or Transplant", "Facility Type Detail": "MEDICARE", "Facility Type Abbreviation": "ASC", "Licensed Beds Total": 0, "Telephone": "(720) 996-4500", "County": "DENVER", "Address Full": "1830 N FRANKLIN ST STE 200, DENVER, CO 80218", "Latitude": 39.745224, "Longitude": -104.968376, "CDPHE HFEMS Licensed": "Licensed", "Operating Status": "Active", "Date Data Updated": "2025-10-27T07:00:00Z", "Source": "CDPHE Health Facilities and Emergency Medical Services Division", "GlobalID": "768d4fae-ce13-47ce-b34c-a07c5b49ee3f", "x": 3149495.225, "y": 1696762.768 }, "geometry": { "type": "Point", "coordinates": [ -104.968376, 39.745224 ] } },
{ "type": "Feature", "properties": { "OBJECTID": 438, "Facility ID": "16LCS9", "Facility Name": "UCHEALTH CHERRY CREEK NORTH SURGERY CENTER", "Facility Type Code": "151", "Facility Type": "All Other Factypes", "Map Symbol": "Surgery or Transplant", "Facility Type Detail": "MEDICARE", "Facility Type Abbreviation": "ASC", "Licensed Beds Total": 0, "Telephone": "(720) 516-9373", "County": "DENVER", "Address Full": "100 COOK ST STE 500, DENVER, CO 80206", "Latitude": 39.718166, "Longitude": -104.946854, "CDPHE HFEMS Licensed": "Licensed", "Operating Status": "Active", "Date Data Updated": "2025-10-27T07:00:00Z", "Source": "CDPHE Health Facilities and Emergency Medical Services Division", "GlobalID": "f33052ea-abad-4200-8215-fe09eda92534", "x": 3155607.142, "y": 1686942.724 }, "geometry": { "type": "Point", "coordinates": [ -104.946854, 39.718166 ] } },
{ "type": "Feature", "properties": { "OBJECTID": 439, "Facility ID": "16LLCP", "Facility Name": "VASCULAR LABS OF THE ROCKIES ASC LLC", "Facility Type Code": "151", "Facility Type": "All Other Factypes", "Map Symbol": "Surgery or Transplant", "Facility Type Detail": "MEDICARE", "Facility Type Abbreviation": "ASC", "Licensed Beds Total": 0, "Telephone": "(303) 539-0736", "County": "DENVER", "Address Full": "4105 E FLORIDA AVE STE 100, DENVER, CO 80222", "Latitude": 39.689377, "Longitude": -104.939095, "CDPHE HFEMS Licensed": "Licensed", "Operating Status": "Active", "Date Data Updated": "2025-10-27T07:00:00Z", "Source": "CDPHE Health Facilities and Emergency Medical Services Division", "GlobalID": "6ccfc5a4-c761-44d4-8556-cdcd49225419", "x": 3157854.53, "y": 1676469.504 }, "geometry": { "type": "Point", "coordinates": [ -104.939095, 39.689377 ] } },
{ "type": "Feature", "properties": { "OBJECTID": 440, "Facility ID": "16O234", "Facility Name": "ROSE SURGICAL CENTER", "Facility Type Code": "151", "Facility Type": "All Other Factypes", "Map Symbol": "Surgery or Transplant", "Facility Type Detail": "MEDICARE", "Facility Type Abbreviation": "ASC", "Licensed Beds Total": 0, "Telephone": "(303) 758-1175", "County": "DENVER", "Address Full": "4700 E HALE PKWY   STE 200, DENVER, CO 80220", "Latitude": 39.733055, "Longitude": -104.93248, "CDPHE HFEMS Licensed": "Licensed", "Operating Status": "Active", "Date Data Updated": "2025-10-27T07:00:00Z", "Source": "CDPHE Health Facilities and Emergency Medical Services Division", "GlobalID": "af950004-d02c-45f0-9b1d-71eab1fc51c5", "x": 3159616.728, "y": 1692391.13 }, "geometry": { "type": "Point", "coordinates": [ -104.93248, 39.733055 ] } },
{ "type": "Feature", "properties": { "OBJECTID": 441, "Facility ID": "16P249", "Facility Name": "PARK AVENUE SURGERY CENTER, LLC", "Facility Type Code": "151", "Facility Type": "All Other Factypes", "Map Symbol": "Surgery or Transplant", "Facility Type Detail": "MEDICARE", "Facility Type Abbreviation": "ASC", "Licensed Beds Total": 0, "Telephone": "(303) 468-8844", "County": "DENVER", "Address Full": "1800 N EMERSON ST STE 220, DENVER, CO 80218", "Latitude": 39.744923, "Longitude": -104.976082, "CDPHE HFEMS Licensed": "Licensed", "Operating Status": "Active", "Date Data Updated": "2025-10-27T07:00:00Z", "Source": "CDPHE Health Facilities and Emergency Medical Services Division", "GlobalID": "6c712a6a-cff2-439f-8a80-152d9ab7ed40", "x": 3147328.958, "y": 1696640.536 }, "geometry": { "type": "Point", "coordinates": [ -104.976082, 39.744923 ] } },
{ "type": "Feature", "properties": { "OBJECTID": 442, "Facility ID": "16QDI0", "Facility Name": "MOUNTAIN VIEW SURGICAL SPECIALISTS", "Facility Type Code": "151", "Facility Type": "All Other Factypes", "Map Symbol": "Surgery or Transplant", "Facility Type Detail": "MEDICARE", "Facility Type Abbreviation": "ASC", "Licensed Beds Total": 0, "Telephone": "(303) 606-7115", "County": "DENVER", "Address Full": "5060 S SYRACUSE ST, DENVER, CO 80237", "Latitude": 39.625042, "Longitude": -104.899193, "CDPHE HFEMS Licensed": "Licensed", "Operating Status": "Active", "Date Data Updated": "2025-10-27T07:00:00Z", "Source": "CDPHE Health Facilities and Emergency Medical Services Division", "GlobalID": "4e42c209-8b44-48ef-84ba-3312cb12a8b5", "x": 3169238.707, "y": 1653107.259 }, "geometry": { "type": "Point", "coordinates": [ -104.899193, 39.625042 ] } },
{ "type": "Feature", "properties": { "OBJECTID": 443, "Facility ID": "16QTYP", "Facility Name": "FRESENIUS VASCULAR CARE DENVER ASC LLC", "Facility Type Code": "151", "Facility Type": "All Other Factypes", "Map Symbol": "Surgery or Transplant", "Facility Type Detail": "MEDICARE", "Facility Type Abbreviation": "ASC", "Licensed Beds Total": 0, "Telephone": "(303) 632-2120", "County": "DENVER", "Address Full": "9050 E LOWRY BLVD STE 160, DENVER, CO 80230", "Latitude": 39.724377, "Longitude": -104.882538, "CDPHE HFEMS Licensed": "Licensed", "Operating Status": "Active", "Date Data Updated": "2025-10-27T07:00:00Z", "Source": "CDPHE Health Facilities and Emergency Medical Services Division", "GlobalID": "ffaa9b61-3191-4b97-a630-8b985005629b", "x": 3173684.1, "y": 1689321.698 }, "geometry": { "type": "Point", "coordinates": [ -104.882538, 39.724377 ] } },
{ "type": "Feature", "properties": { "OBJECTID": 444, "Facility ID": "170474", "Facility Name": "DENVER HOSPICE THE", "Facility Type Code": "161", "Facility Type": "All Other Factypes", "Map Symbol": "Hospice", "Facility Type Detail": "MEDICARE", "Facility Type Abbreviation": "HOSPICE", "Licensed Beds Total": 0, "Telephone": "(303) 321-2828", "County": "DENVER", "Address Full": "8289 E LOWRY BLVD, DENVER, CO 80230", "Latitude": 39.71925, "Longitude": -104.892059, "CDPHE HFEMS Licensed": "Licensed", "Operating Status": "Active", "Date Data Updated": "2025-10-27T07:00:00Z", "Source": "CDPHE Health Facilities and Emergency Medical Services Division", "GlobalID": "5beda204-a0a3-40b6-9238-72b57776c91c", "x": 3171018.546, "y": 1687436.083 }, "geometry": { "type": "Point", "coordinates": [ -104.892059, 39.71925 ] } },
{ "type": "Feature", "properties": { "OBJECTID": 445, "Facility ID": "172CKP", "Facility Name": "EVERMORE HOSPICE INC", "Facility Type Code": "161", "Facility Type": "All Other Factypes", "Map Symbol": "Hospice", "Facility Type Detail": "MEDICARE", "Facility Type Abbreviation": "HOSPICE", "Licensed Beds Total": 0, "Telephone": "(888) 815-6222", "County": "DENVER", "Address Full": "7535 E HAMPDEN AVE STE 400 OFFICE 431, DENVER, CO 80231", "Latitude": 39.653275, "Longitude": -104.902466, "CDPHE HFEMS Licensed": "Licensed", "Operating Status": "Active", "Date Data Updated": "2025-10-27T07:00:00Z", "Source": "CDPHE Health Facilities and Emergency Medical Services Division", "GlobalID": "209f9518-9b74-4c5c-adc8-135efc6ba55c", "x": 3168249.136, "y": 1663384.997 }, "geometry": { "type": "Point", "coordinates": [ -104.902466, 39.653275 ] } },
{ "type": "Feature", "properties": { "OBJECTID": 446, "Facility ID": "1757M9", "Facility Name": "PRO CARE HOSPICE INC", "Facility Type Code": "161", "Facility Type": "All Other Factypes", "Map Symbol": "Hospice", "Facility Type Detail": "MEDICARE", "Facility Type Abbreviation": "HOSPICE", "Licensed Beds Total": 0, "Telephone": "(303) 879-1700", "County": "DENVER", "Address Full": "3401 QUEBEC ST STE 8400, DENVER, CO 80207", "Latitude": 39.764992, "Longitude": -104.903511, "CDPHE HFEMS Licensed": "Licensed", "Operating Status": "Active", "Date Data Updated": "2025-10-27T07:00:00Z", "Source": "CDPHE Health Facilities and Emergency Medical Services Division", "GlobalID": "d0e83002-c2d0-4c1d-ad8f-5f201e7c91d3", "x": 3167687.705, "y": 1704076.774 }, "geometry": { "type": "Point", "coordinates": [ -104.903511, 39.764992 ] } },
{ "type": "Feature", "properties": { "OBJECTID": 447, "Facility ID": "175LM9", "Facility Name": "EMMAUS CATHOLIC HOSPICE", "Facility Type Code": "161", "Facility Type": "All Other Factypes", "Map Symbol": "Hospice", "Facility Type Detail": "MEDICARE", "Facility Type Abbreviation": "HOSPICE", "Licensed Beds Total": 0, "Telephone": "(303) 322-1413", "County": "DENVER", "Address Full": "5290 E YALE CIR STE 100, DENVER, CO 80222", "Latitude": 39.66824, "Longitude": -104.927521, "CDPHE HFEMS Licensed": "Licensed", "Operating Status": "Active", "Date Data Updated": "2025-10-27T07:00:00Z", "Source": "CDPHE Health Facilities and Emergency Medical Services Division", "GlobalID": "59b55a66-7c3b-4f67-876c-150bae555f8f", "x": 3161160.199, "y": 1668790.591 }, "geometry": { "type": "Point", "coordinates": [ -104.927521, 39.66824 ] } },
{ "type": "Feature", "properties": { "OBJECTID": 448, "Facility ID": "179GIS", "Facility Name": "HARBOR HOSPICE OF COLORADO SPRINGS, LP", "Facility Type Code": "16A", "Facility Type": "All Other Factypes", "Map Symbol": "Hospice", "Facility Type Detail": "LICENSED", "Facility Type Abbreviation": "HSPLIC", "Licensed Beds Total": 0, "Telephone": "(719) 316-9567", "County": "DENVER", "Address Full": "1400 16TH ST #4075, DENVER, CO 80202", "Latitude": 39.749947, "Longitude": -104.998505, "CDPHE HFEMS Licensed": "Licensed", "Operating Status": "Active", "Date Data Updated": "2025-10-27T07:00:00Z", "Source": "CDPHE Health Facilities and Emergency Medical Services Division", "GlobalID": "5ce40426-c492-471c-9527-032c1285d8c9", "x": 3141013.555, "y": 1698435.015 }, "geometry": { "type": "Point", "coordinates": [ -104.998505, 39.749947 ] } },
{ "type": "Feature", "properties": { "OBJECTID": 449, "Facility ID": "17ALDW", "Facility Name": "HARBOR HOSPICE OF DENVER LP", "Facility Type Code": "16A", "Facility Type": "All Other Factypes", "Map Symbol": "Hospice", "Facility Type Detail": "LICENSED", "Facility Type Abbreviation": "HSPLIC", "Licensed Beds Total": 0, "Telephone": "(303) 865-5690", "County": "DENVER", "Address Full": "1400 16TH ST STE 4036, DENVER, CO 80202", "Latitude": 39.749947, "Longitude": -104.998505, "CDPHE HFEMS Licensed": "Licensed", "Operating Status": "Active", "Date Data Updated": "2025-10-27T07:00:00Z", "Source": "CDPHE Health Facilities and Emergency Medical Services Division", "GlobalID": "48064d39-d771-4300-b416-79260be12156", "x": 3141013.555, "y": 1698435.015 }, "geometry": { "type": "Point", "coordinates": [ -104.998505, 39.749947 ] } },
{ "type": "Feature", "properties": { "OBJECTID": 450, "Facility ID": "17E0SV", "Facility Name": "GATEWAY HOSPICE", "Facility Type Code": "161", "Facility Type": "All Other Factypes", "Map Symbol": "Hospice", "Facility Type Detail": "MEDICARE", "Facility Type Abbreviation": "HOSPICE", "Licensed Beds Total": 0, "Telephone": "(303) 747-6377", "County": "DENVER", "Address Full": "2696 S COLORADO BLVD STE 570, DENVER, CO 80222", "Latitude": 39.668644, "Longitude": -104.940544, "CDPHE HFEMS Licensed": "Licensed", "Operating Status": "Active", "Date Data Updated": "2025-10-27T07:00:00Z", "Source": "CDPHE Health Facilities and Emergency Medical Services Division", "GlobalID": "d2f440ac-d27c-4b39-b2d2-353b49649627", "x": 3157493.261, "y": 1668914.909 }, "geometry": { "type": "Point", "coordinates": [ -104.940544, 39.668644 ] } },
{ "type": "Feature", "properties": { "OBJECTID": 451, "Facility ID": "17FYZF", "Facility Name": "SAHAR SALLAM", "Facility Type Code": "16A", "Facility Type": "All Other Factypes", "Map Symbol": "Hospice", "Facility Type Detail": "LICENSED", "Facility Type Abbreviation": "HSPLIC", "Licensed Beds Total": 0, "Telephone": "Phone Number Not Avaliable", "County": "DENVER", "Address Full": "7535 E HAMPDEN AVE AUITE 40 OFFICE 431, DENVER, CO 80231", "Latitude": 39.653275, "Longitude": -104.902466, "CDPHE HFEMS Licensed": "Licensed", "Operating Status": "Pending", "Date Data Updated": "2025-10-27T07:00:00Z", "Source": "CDPHE Health Facilities and Emergency Medical Services Division", "GlobalID": "87377dfb-a45f-4a2c-832a-ee4422362259", "x": 3168249.136, "y": 1663384.997 }, "geometry": { "type": "Point", "coordinates": [ -104.902466, 39.653275 ] } },
{ "type": "Feature", "properties": { "OBJECTID": 452, "Facility ID": "17I158", "Facility Name": "DENVER HOSPICE CARE CENTER, THE", "Facility Type Code": "16A", "Facility Type": "All Other Factypes", "Map Symbol": "Hospice", "Facility Type Detail": "LICENSED", "Facility Type Abbreviation": "HSPLIC", "Licensed Beds Total": 28, "Telephone": "(303) 321-2828", "County": "DENVER", "Address Full": "8299 E LOWRY BLVD, DENVER, CO 80230", "Latitude": 39.719334, "Longitude": -104.891891, "CDPHE HFEMS Licensed": "Licensed", "Operating Status": "Active", "Date Data Updated": "2025-10-27T07:00:00Z", "Source": "CDPHE Health Facilities and Emergency Medical Services Division", "GlobalID": "acc238c8-9cff-4115-92ce-9b8b12b18708", "x": 3171065.6, "y": 1687466.997 }, "geometry": { "type": "Point", "coordinates": [ -104.891891, 39.719334 ] } },
{ "type": "Feature", "properties": { "OBJECTID": 453, "Facility ID": "17M591", "Facility Name": "OPTIMAL HOSPICE CARE", "Facility Type Code": "161", "Facility Type": "All Other Factypes", "Map Symbol": "Hospice", "Facility Type Detail": "MEDICARE", "Facility Type Abbreviation": "HOSPICE", "Licensed Beds Total": 0, "Telephone": "(303) 488-9998", "County": "DENVER", "Address Full": "4380 S SYRACUSE ST STE 455, DENVER, CO 80237", "Latitude": 39.636253, "Longitude": -104.899216, "CDPHE HFEMS Licensed": "Licensed", "Operating Status": "Active", "Date Data Updated": "2025-10-27T07:00:00Z", "Source": "CDPHE Health Facilities and Emergency Medical Services Division", "GlobalID": "46a773f7-78fa-49fd-b9ec-d66ffcbe6cad", "x": 3169205.222, "y": 1657190.789 }, "geometry": { "type": "Point", "coordinates": [ -104.899216, 39.636253 ] } },
{ "type": "Feature", "properties": { "OBJECTID": 454, "Facility ID": "17N143", "Facility Name": "BRIGHTON HOSPICE COLORADO, LLC", "Facility Type Code": "161", "Facility Type": "All Other Factypes", "Map Symbol": "Hospice", "Facility Type Detail": "MEDICARE", "Facility Type Abbreviation": "HOSPICE", "Licensed Beds Total": 0, "Telephone": "(720) 536-5060", "County": "DENVER", "Address Full": "8055 E TUFTS AVE STE 700, DENVER, CO 80237", "Latitude": 39.632996, "Longitude": -104.89566, "CDPHE HFEMS Licensed": "Licensed", "Operating Status": "Active", "Date Data Updated": "2025-10-27T07:00:00Z", "Source": "CDPHE Health Facilities and Emergency Medical Services Division", "GlobalID": "73bc4831-4cea-454f-b3de-f0b1351d8983", "x": 3170214.597, "y": 1656011.078 }, "geometry": { "type": "Point", "coordinates": [ -104.89566, 39.632996 ] } },
{ "type": "Feature", "properties": { "OBJECTID": 455, "Facility ID": "17T618", "Facility Name": "AVIANT HOSPICE", "Facility Type Code": "161", "Facility Type": "All Other Factypes", "Map Symbol": "Hospice", "Facility Type Detail": "MEDICARE", "Facility Type Abbreviation": "HOSPICE", "Licensed Beds Total": 0, "Telephone": "(303) 488-9998", "County": "DENVER", "Address Full": "4380 S SYRACUSE ST STE 620, DENVER, CO 80237", "Latitude": 39.636253, "Longitude": -104.899216, "CDPHE HFEMS Licensed": "Licensed", "Operating Status": "Active", "Date Data Updated": "2025-10-27T07:00:00Z", "Source": "CDPHE Health Facilities and Emergency Medical Services Division", "GlobalID": "4c6cbea4-beac-4fe2-9e0b-6843d9a1b017", "x": 3169205.222, "y": 1657190.789 }, "geometry": { "type": "Point", "coordinates": [ -104.899216, 39.636253 ] } },
{ "type": "Feature", "properties": { "OBJECTID": 456, "Facility ID": "17Y386", "Facility Name": "CANYON HOME CARE & HOSPICE", "Facility Type Code": "161", "Facility Type": "All Other Factypes", "Map Symbol": "Hospice", "Facility Type Detail": "MEDICARE", "Facility Type Abbreviation": "HOSPICE", "Licensed Beds Total": 0, "Telephone": "(303) 940-2495", "County": "DENVER", "Address Full": "8055 E TUFTS AVE STE 425, DENVER, CO 80237", "Latitude": 39.632996, "Longitude": -104.89566, "CDPHE HFEMS Licensed": "Licensed", "Operating Status": "Active", "Date Data Updated": "2025-10-27T07:00:00Z", "Source": "CDPHE Health Facilities and Emergency Medical Services Division", "GlobalID": "8f065bdf-ab67-44b1-8a3f-e8815bbeafb7", "x": 3170214.597, "y": 1656011.078 }, "geometry": { "type": "Point", "coordinates": [ -104.89566, 39.632996 ] } },
{ "type": "Feature", "properties": { "OBJECTID": 457, "Facility ID": "17YZOH", "Facility Name": "ANOVA CARE", "Facility Type Code": "16A", "Facility Type": "All Other Factypes", "Map Symbol": "Hospice", "Facility Type Detail": "LICENSED", "Facility Type Abbreviation": "HSPLIC", "Licensed Beds Total": 0, "Telephone": "(877) 925-1008", "County": "DENVER", "Address Full": "4900 E CHERRY CREEK SOUTH DR STE B, DENVER, CO 80246", "Latitude": 39.702724, "Longitude": -104.930031, "CDPHE HFEMS Licensed": "Licensed", "Operating Status": "Active", "Date Data Updated": "2025-10-27T07:00:00Z", "Source": "CDPHE Health Facilities and Emergency Medical Services Division", "GlobalID": "35a7703e-60d1-4443-ae80-fef69fcc0a1b", "x": 3160374.815, "y": 1681347.107 }, "geometry": { "type": "Point", "coordinates": [ -104.930031, 39.702724 ] } },
{ "type": "Feature", "properties": { "OBJECTID": 458, "Facility ID": "17Z9QA", "Facility Name": "HARBOR HOSPICE OF COLORADO LP", "Facility Type Code": "16A", "Facility Type": "All Other Factypes", "Map Symbol": "Hospice", "Facility Type Detail": "LICENSED", "Facility Type Abbreviation": "HSPLIC", "Licensed Beds Total": 0, "Telephone": "(303) 565-8485", "County": "DENVER", "Address Full": "1400 16TH ST #4103, DENVER, CO 80202", "Latitude": 39.749947, "Longitude": -104.998505, "CDPHE HFEMS Licensed": "Licensed", "Operating Status": "Active", "Date Data Updated": "2025-10-27T07:00:00Z", "Source": "CDPHE Health Facilities and Emergency Medical Services Division", "GlobalID": "b4beec9d-b278-4fc4-8125-5059292026c1", "x": 3141013.555, "y": 1698435.015 }, "geometry": { "type": "Point", "coordinates": [ -104.998505, 39.749947 ] } },
{ "type": "Feature", "properties": { "OBJECTID": 459, "Facility ID": "180401", "Facility Name": "DENVER RECEPTION AND DIAGNOSTIC CENTER INFIRMARY", "Facility Type Code": "S63", "Facility Type": "Community Clinic", "Map Symbol": "Clinic", "Facility Type Detail": "DOC CLINIC", "Facility Type Abbreviation": "CCDOC", "Licensed Beds Total": 50, "Telephone": "(303) 307-2304", "County": "DENVER", "Address Full": "10900 SMITH RD, DENVER, CO 80239", "Latitude": 39.767811, "Longitude": -104.856895, "CDPHE HFEMS Licensed": "Licensed", "Operating Status": "Active", "Date Data Updated": "2025-10-27T07:00:00Z", "Source": "CDPHE Health Facilities and Emergency Medical Services Division", "GlobalID": "26c56064-b110-459f-bab0-5bf51f890b3c", "x": 3180784.909, "y": 1705193.039 }, "geometry": { "type": "Point", "coordinates": [ -104.856895, 39.767811 ] } },
{ "type": "Feature", "properties": { "OBJECTID": 460, "Facility ID": "180402", "Facility Name": "DENVER RECEPTION AND DIAGNOSTIC CENTER DISPENSARY", "Facility Type Code": "S63", "Facility Type": "Community Clinic", "Map Symbol": "Clinic", "Facility Type Detail": "DOC CLINIC", "Facility Type Abbreviation": "CCDOC", "Licensed Beds Total": 0, "Telephone": "(303) 307-2301", "County": "DENVER", "Address Full": "10900 SMITH RD, DENVER, CO 80239", "Latitude": 39.767811, "Longitude": -104.856895, "CDPHE HFEMS Licensed": "Licensed", "Operating Status": "Active", "Date Data Updated": "2025-10-27T07:00:00Z", "Source": "CDPHE Health Facilities and Emergency Medical Services Division", "GlobalID": "8ab689af-8f32-4b3d-a008-bc16bf6eca9f", "x": 3180784.909, "y": 1705193.039 }, "geometry": { "type": "Point", "coordinates": [ -104.856895, 39.767811 ] } },
{ "type": "Feature", "properties": { "OBJECTID": 461, "Facility ID": "1804GC", "Facility Name": "DENVER INDIAN HEALTH AND FAMILY SERVICES, INC.", "Facility Type Code": "S65", "Facility Type": "Community Clinic", "Map Symbol": "Clinic", "Facility Type Detail": "VOLUNTARY", "Facility Type Abbreviation": "CCVOL", "Licensed Beds Total": 0, "Telephone": "(303) 953-6600", "County": "DENVER", "Address Full": "2880 W HOLDEN PL, DENVER, CO 80204", "Latitude": 39.735622, "Longitude": -105.024185, "CDPHE HFEMS Licensed": "Licensed", "Operating Status": "Active", "Date Data Updated": "2025-10-27T07:00:00Z", "Source": "CDPHE Health Facilities and Emergency Medical Services Division", "GlobalID": "25498bbd-17af-4776-b4c7-fd73426fa41e", "x": 3133820.231, "y": 1693178.089 }, "geometry": { "type": "Point", "coordinates": [ -105.024185, 39.735622 ] } },
{ "type": "Feature", "properties": { "OBJECTID": 462, "Facility ID": "1804UR", "Facility Name": "DENVER WOMEN'S CORRECTIONAL FACILITY", "Facility Type Code": "S63", "Facility Type": "Community Clinic", "Map Symbol": "Clinic", "Facility Type Detail": "DOC CLINIC", "Facility Type Abbreviation": "CCDOC", "Licensed Beds Total": 0, "Telephone": "(303) 307-2301", "County": "DENVER", "Address Full": "3600 HAVANA ST, DENVER, CO 80239", "Latitude": 39.767307, "Longitude": -104.865639, "CDPHE HFEMS Licensed": "Licensed", "Operating Status": "Active", "Date Data Updated": "2025-10-27T07:00:00Z", "Source": "CDPHE Health Facilities and Emergency Medical Services Division", "GlobalID": "563487fc-394f-4927-a99b-88a3b9c7f14e", "x": 3178328.22, "y": 1704992.168 }, "geometry": { "type": "Point", "coordinates": [ -104.865639, 39.767307 ] } },
{ "type": "Feature", "properties": { "OBJECTID": 463, "Facility ID": "18N794", "Facility Name": "ADVENTHEALTH ER & URGENT CARE SOUTHMOOR", "Facility Type Code": "SI1", "Facility Type": "All Other Factypes", "Map Symbol": "Freestanding Emergency Department", "Facility Type Detail": "FREESTANDING EMERGENCY DEPARTMENT", "Facility Type Abbreviation": "FSED", "Licensed Beds Total": 0, "Telephone": "(303) 925-4199", "County": "DENVER", "Address Full": "7000 E HAMPDEN AVE, DENVER, CO 80224", "Latitude": 39.652988, "Longitude": -104.907806, "CDPHE HFEMS Licensed": "Licensed", "Operating Status": "Active", "Date Data Updated": "2025-10-27T07:00:00Z", "Source": "CDPHE Health Facilities and Emergency Medical Services Division", "GlobalID": "b801206c-7d40-4267-95df-f5cef5f9d205", "x": 3166746.266, "y": 1663270.611 }, "geometry": { "type": "Point", "coordinates": [ -104.907806, 39.652988 ] } },
{ "type": "Feature", "properties": { "OBJECTID": 464, "Facility ID": "18V346", "Facility Name": "COLORADO HEALTH NETWORK, INC.", "Facility Type Code": "S65", "Facility Type": "Community Clinic", "Map Symbol": "Clinic", "Facility Type Detail": "VOLUNTARY", "Facility Type Abbreviation": "CCVOL", "Licensed Beds Total": 0, "Telephone": "(303) 962-5317", "County": "DENVER", "Address Full": "6260 E COLFAX AVE, DENVER, CO 80220", "Latitude": 39.740032, "Longitude": -104.915497, "CDPHE HFEMS Licensed": "Licensed", "Operating Status": "Active", "Date Data Updated": "2025-10-27T07:00:00Z", "Source": "CDPHE Health Facilities and Emergency Medical Services Division", "GlobalID": "30c49d39-c4ef-4701-aa76-6fef09226fe6", "x": 3164376.748, "y": 1694962.864 }, "geometry": { "type": "Point", "coordinates": [ -104.915497, 39.740032 ] } },
{ "type": "Feature", "properties": { "OBJECTID": 465, "Facility ID": "18VY31", "Facility Name": "HCA HEALTHONE CENTRAL PARK ER, A PART OF ROSE", "Facility Type Code": "SI1", "Facility Type": "All Other Factypes", "Map Symbol": "Freestanding Emergency Department", "Facility Type Detail": "FREESTANDING EMERGENCY DEPARTMENT", "Facility Type Abbreviation": "FSED", "Licensed Beds Total": 11, "Telephone": "(303) 577-1500", "County": "DENVER", "Address Full": "4930 WABASH ST, DENVER, CO 80238", "Latitude": 39.790771, "Longitude": -104.888817, "CDPHE HFEMS Licensed": "Licensed", "Operating Status": "Active", "Date Data Updated": "2025-10-27T07:00:00Z", "Source": "CDPHE Health Facilities and Emergency Medical Services Division", "GlobalID": "e9233a91-806d-4bb5-9e84-197711f87100", "x": 3171755.242, "y": 1713494.64 }, "geometry": { "type": "Point", "coordinates": [ -104.888817, 39.790771 ] } },
{ "type": "Feature", "properties": { "OBJECTID": 466, "Facility ID": "18X377", "Facility Name": "UCHEALTH EMERGENCY ROOM - GREEN VALLEY RANCH", "Facility Type Code": "SI1", "Facility Type": "All Other Factypes", "Map Symbol": "Freestanding Emergency Department", "Facility Type Detail": "FREESTANDING EMERGENCY DEPARTMENT", "Facility Type Abbreviation": "FSED", "Licensed Beds Total": 7, "Telephone": "(303) 307-5900", "County": "DENVER", "Address Full": "18610 GREEN VALLEY RANCH BLVD, DENVER, CO 80249", "Latitude": 39.783585, "Longitude": -104.76915, "CDPHE HFEMS Licensed": "Licensed", "Operating Status": "Active", "Date Data Updated": "2025-10-27T07:00:00Z", "Source": "CDPHE Health Facilities and Emergency Medical Services Division", "GlobalID": "37df3629-9067-427a-9c6c-ed65d2de1e0e", "x": 3205404.024, "y": 1711125.432 }, "geometry": { "type": "Point", "coordinates": [ -104.76915, 39.783585 ] } },
{ "type": "Feature", "properties": { "OBJECTID": 467, "Facility ID": "18ZXYT", "Facility Name": "UPTOWN COMMUNITY HEALTH CENTER INC", "Facility Type Code": "S65", "Facility Type": "Community Clinic", "Map Symbol": "Clinic", "Facility Type Detail": "VOLUNTARY", "Facility Type Abbreviation": "CCVOL", "Licensed Beds Total": 0, "Telephone": "(303) 318-2505", "County": "DENVER", "Address Full": "1960 N OGDEN ST STE 300, DENVER, CO 80218", "Latitude": 39.747013, "Longitude": -104.97467, "CDPHE HFEMS Licensed": "Licensed", "Operating Status": "Active", "Date Data Updated": "2025-10-27T07:00:00Z", "Source": "CDPHE Health Facilities and Emergency Medical Services Division", "GlobalID": "4e2137e0-001b-4d82-b38f-cfb25157cf04", "x": 3147721.606, "y": 1697404.14 }, "geometry": { "type": "Point", "coordinates": [ -104.97467, 39.747013 ] } },
{ "type": "Feature", "properties": { "OBJECTID": 468, "Facility ID": "230425", "Facility Name": "LENNOX GUEST HOME, THE", "Facility Type Code": "SA2", "Facility Type": "Assisted Living Residence", "Map Symbol": "Assisted Living Residence", "Facility Type Detail": "ALR/ACF", "Facility Type Abbreviation": "ALR/ACF", "Licensed Beds Total": 55, "Telephone": "(303) 284-0716", "County": "DENVER", "Address Full": "2875 W 33RD AVE., DENVER, CO 80211", "Latitude": 39.763275, "Longitude": -105.023308, "CDPHE HFEMS Licensed": "Licensed", "Operating Status": "Active", "Date Data Updated": "2025-10-27T07:00:00Z", "Source": "CDPHE Health Facilities and Emergency Medical Services Division", "GlobalID": "aba8693c-7af4-491f-813b-e406e5c17416", "x": 3134014.019, "y": 1703252.408 }, "geometry": { "type": "Point", "coordinates": [ -105.023308, 39.763275 ] } },
{ "type": "Feature", "properties": { "OBJECTID": 469, "Facility ID": "230426", "Facility Name": "GARDENS AT ST ELIZABETH", "Facility Type Code": "SA1", "Facility Type": "Assisted Living Residence", "Map Symbol": "Assisted Living Residence", "Facility Type Detail": "ALR ONLY", "Facility Type Abbreviation": "ALRONLY", "Licensed Beds Total": 105, "Telephone": "(303) 964-2000", "County": "DENVER", "Address Full": "2835 W 32ND AVE, DENVER, CO 80211", "Latitude": 39.76207, "Longitude": -105.022263, "CDPHE HFEMS Licensed": "Licensed", "Operating Status": "Active", "Date Data Updated": "2025-10-27T07:00:00Z", "Source": "CDPHE Health Facilities and Emergency Medical Services Division", "GlobalID": "166e339f-7449-4e6e-9615-2c68fdf3556f", "x": 3134310.102, "y": 1702815.01 }, "geometry": { "type": "Point", "coordinates": [ -105.022263, 39.76207 ] } },
{ "type": "Feature", "properties": { "OBJECTID": 470, "Facility ID": "230428", "Facility Name": "HARVARD SQUARE RETIREMENT COMMUNITY", "Facility Type Code": "SA1", "Facility Type": "Assisted Living Residence", "Map Symbol": "Assisted Living Residence", "Facility Type Detail": "ALR ONLY", "Facility Type Abbreviation": "ALRONLY", "Licensed Beds Total": 155, "Telephone": "(303) 696-0622", "County": "DENVER", "Address Full": "10200 E HARVARD AVE, DENVER, CO 80231", "Latitude": 39.671715, "Longitude": -104.869308, "CDPHE HFEMS Licensed": "Licensed", "Operating Status": "Active", "Date Data Updated": "2025-10-27T07:00:00Z", "Source": "CDPHE Health Facilities and Emergency Medical Services Division", "GlobalID": "c93a03ec-0614-4073-8408-d2ea828f2362", "x": 3177538.583, "y": 1670164.882 }, "geometry": { "type": "Point", "coordinates": [ -104.869308, 39.671715 ] } },
{ "type": "Feature", "properties": { "OBJECTID": 471, "Facility ID": "230445", "Facility Name": "KAVOD SENIOR LIFE", "Facility Type Code": "SA2", "Facility Type": "Assisted Living Residence", "Map Symbol": "Assisted Living Residence", "Facility Type Detail": "ALR/ACF", "Facility Type Abbreviation": "ALR/ACF", "Licensed Beds Total": 35, "Telephone": "(303) 399-1146", "County": "DENVER", "Address Full": "11 S ADAMS ST, DENVER, CO 80209", "Latitude": 39.716167, "Longitude": -104.948669, "CDPHE HFEMS Licensed": "Licensed", "Operating Status": "Active", "Date Data Updated": "2025-10-27T07:00:00Z", "Source": "CDPHE Health Facilities and Emergency Medical Services Division", "GlobalID": "effa2bea-4bdb-4182-aa8d-0fec09ef6bf7", "x": 3155100.993, "y": 1686211.466 }, "geometry": { "type": "Point", "coordinates": [ -104.948669, 39.716167 ] } },
{ "type": "Feature", "properties": { "OBJECTID": 472, "Facility ID": "230463", "Facility Name": "CLERMONT PARK ASSISTED LIVING", "Facility Type Code": "SA1", "Facility Type": "Assisted Living Residence", "Map Symbol": "Assisted Living Residence", "Facility Type Detail": "ALR ONLY", "Facility Type Abbreviation": "ALRONLY", "Licensed Beds Total": 40, "Telephone": "(720) 974-7275", "County": "DENVER", "Address Full": "2479 S CLERMONT ST, DENVER, CO 80222", "Latitude": 39.670982, "Longitude": -104.935402, "CDPHE HFEMS Licensed": "Licensed", "Operating Status": "Active", "Date Data Updated": "2025-10-27T07:00:00Z", "Source": "CDPHE Health Facilities and Emergency Medical Services Division", "GlobalID": "9ce44aec-77d3-4c45-9ec9-cbdfc42288c9", "x": 3158935.456, "y": 1669775.488 }, "geometry": { "type": "Point", "coordinates": [ -104.935402, 39.670982 ] } },
{ "type": "Feature", "properties": { "OBJECTID": 473, "Facility ID": "230464", "Facility Name": "ARGYLE, THE", "Facility Type Code": "SA1", "Facility Type": "Assisted Living Residence", "Map Symbol": "Assisted Living Residence", "Facility Type Detail": "ALR ONLY", "Facility Type Abbreviation": "ALRONLY", "Licensed Beds Total": 140, "Telephone": "(303) 455-9513", "County": "DENVER", "Address Full": "4115 W 38TH AVE, DENVER, CO 80212", "Latitude": 39.769516, "Longitude": -105.040794, "CDPHE HFEMS Licensed": "Licensed", "Operating Status": "Active", "Date Data Updated": "2025-10-27T07:00:00Z", "Source": "CDPHE Health Facilities and Emergency Medical Services Division", "GlobalID": "1c965bfe-c81a-4fab-a042-1baf72c78964", "x": 3129086.774, "y": 1705500.482 }, "geometry": { "type": "Point", "coordinates": [ -105.040794, 39.769516 ] } },
{ "type": "Feature", "properties": { "OBJECTID": 474, "Facility ID": "230472", "Facility Name": "MONARCH MANOR", "Facility Type Code": "SA2", "Facility Type": "Assisted Living Residence", "Map Symbol": "Assisted Living Residence", "Facility Type Detail": "ALR/ACF", "Facility Type Abbreviation": "ALR/ACF", "Licensed Beds Total": 39, "Telephone": "(303) 861-4301", "County": "DENVER", "Address Full": "555 E 11TH AVE, DENVER, CO 80203", "Latitude": 39.733746, "Longitude": -104.980118, "CDPHE HFEMS Licensed": "Licensed", "Operating Status": "Active", "Date Data Updated": "2025-10-27T07:00:00Z", "Source": "CDPHE Health Facilities and Emergency Medical Services Division", "GlobalID": "d27455d8-031b-4740-837f-208440cb8daa", "x": 3146217.343, "y": 1692562.649 }, "geometry": { "type": "Point", "coordinates": [ -104.980118, 39.733746 ] } },
{ "type": "Feature", "properties": { "OBJECTID": 475, "Facility ID": "230481", "Facility Name": "DECATUR WEST PERSONAL CARE FACILITY", "Facility Type Code": "SA2", "Facility Type": "Assisted Living Residence", "Map Symbol": "Assisted Living Residence", "Facility Type Detail": "ALR/ACF", "Facility Type Abbreviation": "ALR/ACF", "Licensed Beds Total": 32, "Telephone": "(303) 455-7001", "County": "DENVER", "Address Full": "2801 W 33RD AVE, DENVER, CO 80211", "Latitude": 39.763275, "Longitude": -105.022179, "CDPHE HFEMS Licensed": "Licensed", "Operating Status": "Active", "Date Data Updated": "2025-10-27T07:00:00Z", "Source": "CDPHE Health Facilities and Emergency Medical Services Division", "GlobalID": "6ad544ed-3ceb-4f17-ac00-ce52518b0b0e", "x": 3134331.408, "y": 1703254.076 }, "geometry": { "type": "Point", "coordinates": [ -105.022179, 39.763275 ] } },
{ "type": "Feature", "properties": { "OBJECTID": 476, "Facility ID": "230490", "Facility Name": "BROOKDALE UNIVERSITY PARK", "Facility Type Code": "SA1", "Facility Type": "Assisted Living Residence", "Map Symbol": "Assisted Living Residence", "Facility Type Detail": "ALR ONLY", "Facility Type Abbreviation": "ALRONLY", "Licensed Beds Total": 40, "Telephone": "(303) 757-1404", "County": "DENVER", "Address Full": "2020 S MONROE ST, DENVER, CO 80210", "Latitude": 39.67968, "Longitude": -104.944931, "CDPHE HFEMS Licensed": "Licensed", "Operating Status": "Active", "Date Data Updated": "2025-10-27T07:00:00Z", "Source": "CDPHE Health Facilities and Emergency Medical Services Division", "GlobalID": "a542eccc-eba3-4d5a-86fe-88ca233159bd", "x": 3156233.746, "y": 1672927.237 }, "geometry": { "type": "Point", "coordinates": [ -104.944931, 39.67968 ] } },
{ "type": "Feature", "properties": { "OBJECTID": 477, "Facility ID": "23049P", "Facility Name": "APEX ASSISTED LIVING LLC", "Facility Type Code": "SA2", "Facility Type": "Assisted Living Residence", "Map Symbol": "Assisted Living Residence", "Facility Type Detail": "ALR/ACF", "Facility Type Abbreviation": "ALR/ACF", "Licensed Beds Total": 8, "Telephone": "(423) 676-3210", "County": "DENVER", "Address Full": "3071 S ROSEMARY ST, DENVER, CO 80231", "Latitude": 39.661633, "Longitude": -104.899284, "CDPHE HFEMS Licensed": "Licensed", "Operating Status": "Active", "Date Data Updated": "2025-10-27T07:00:00Z", "Source": "CDPHE Health Facilities and Emergency Medical Services Division", "GlobalID": "46e4a162-609d-46e7-a5c7-b884c78efef1", "x": 3169124.94, "y": 1666435.31 }, "geometry": { "type": "Point", "coordinates": [ -104.899284, 39.661633 ] } },
{ "type": "Feature", "properties": { "OBJECTID": 478, "Facility ID": "23049U", "Facility Name": "SUNRISE AT PINEHURST", "Facility Type Code": "SA1", "Facility Type": "Assisted Living Residence", "Map Symbol": "Assisted Living Residence", "Facility Type Detail": "ALR ONLY", "Facility Type Abbreviation": "ALRONLY", "Licensed Beds Total": 108, "Telephone": "(303) 984-1431", "County": "DENVER", "Address Full": "5195 W QUINCY AVE, DENVER, CO 80236", "Latitude": 39.639793, "Longitude": -105.052498, "CDPHE HFEMS Licensed": "Licensed", "Operating Status": "Active", "Date Data Updated": "2025-10-27T07:00:00Z", "Source": "CDPHE Health Facilities and Emergency Medical Services Division", "GlobalID": "39c37cb9-0677-4dfa-aee3-6de0981ca9f9", "x": 3126029.545, "y": 1658231.168 }, "geometry": { "type": "Point", "coordinates": [ -105.052498, 39.639793 ] } },
{ "type": "Feature", "properties": { "OBJECTID": 479, "Facility ID": "2304A2", "Facility Name": "BROOKDALE PARKPLACE", "Facility Type Code": "SA1", "Facility Type": "Assisted Living Residence", "Map Symbol": "Assisted Living Residence", "Facility Type Detail": "ALR ONLY", "Facility Type Abbreviation": "ALRONLY", "Licensed Beds Total": 93, "Telephone": "(303) 744-0400", "County": "DENVER", "Address Full": "111 EMERSON ST, DENVER, CO 80218", "Latitude": 39.719021, "Longitude": -104.977516, "CDPHE HFEMS Licensed": "Licensed", "Operating Status": "Active", "Date Data Updated": "2025-10-27T07:00:00Z", "Source": "CDPHE Health Facilities and Emergency Medical Services Division", "GlobalID": "5f55fcdf-7d9e-43c2-8d3e-a3166778b91d", "x": 3146979.985, "y": 1687203.103 }, "geometry": { "type": "Point", "coordinates": [ -104.977516, 39.719021 ] } },
{ "type": "Feature", "properties": { "OBJECTID": 480, "Facility ID": "2304A3", "Facility Name": "MEADOW VISTA ASSISTED LIVING LLC", "Facility Type Code": "SA2", "Facility Type": "Assisted Living Residence", "Map Symbol": "Assisted Living Residence", "Facility Type Detail": "ALR/ACF", "Facility Type Abbreviation": "ALR/ACF", "Licensed Beds Total": 8, "Telephone": "(720) 320-7719", "County": "DENVER", "Address Full": "3901 E DARTMOUTH AVE, DENVER, CO 80210", "Latitude": 39.660828, "Longitude": -104.941826, "CDPHE HFEMS Licensed": "Licensed", "Operating Status": "Active", "Date Data Updated": "2025-10-27T07:00:00Z", "Source": "CDPHE Health Facilities and Emergency Medical Services Division", "GlobalID": "d6ce87b9-1f5f-45a0-acc3-5d1bfb97d7d6", "x": 3157149.867, "y": 1666065.693 }, "geometry": { "type": "Point", "coordinates": [ -104.941826, 39.660828 ] } },
{ "type": "Feature", "properties": { "OBJECTID": 481, "Facility ID": "2304CA", "Facility Name": "BROOKDALE PINEHURST PARK", "Facility Type Code": "SA1", "Facility Type": "Assisted Living Residence", "Map Symbol": "Assisted Living Residence", "Facility Type Detail": "ALR ONLY", "Facility Type Abbreviation": "ALRONLY", "Licensed Beds Total": 76, "Telephone": "(303) 738-8500", "County": "DENVER", "Address Full": "3790 W QUINCY AVE, DENVER, CO 80236", "Latitude": 39.638454, "Longitude": -105.036598, "CDPHE HFEMS Licensed": "Licensed", "Operating Status": "Active", "Date Data Updated": "2025-10-27T07:00:00Z", "Source": "CDPHE Health Facilities and Emergency Medical Services Division", "GlobalID": "c394d6fe-3cb0-4d0b-a9f2-11a8d4aa4a20", "x": 3130509.796, "y": 1657765.884 }, "geometry": { "type": "Point", "coordinates": [ -105.036598, 39.638454 ] } },
{ "type": "Feature", "properties": { "OBJECTID": 482, "Facility ID": "230400", "Facility Name": "JUST FOR SENIORS LIVING CENTER I", "Facility Type Code": "SA2", "Facility Type": "Assisted Living Residence", "Map Symbol": "Assisted Living Residence", "Facility Type Detail": "ALR/ACF", "Facility Type Abbreviation": "ALR/ACF", "Licensed Beds Total": 8, "Telephone": "(303) 893-5356", "County": "DENVER", "Address Full": "1395 VRAIN ST, DENVER, CO 80204", "Latitude": 39.73835, "Longitude": -105.046448, "CDPHE HFEMS Licensed": "Licensed", "Operating Status": "Active", "Date Data Updated": "2025-10-27T07:00:00Z", "Source": "CDPHE Health Facilities and Emergency Medical Services Division", "GlobalID": "b2e2a362-a7b9-417d-998b-481663b3679e", "x": 3127554.113, "y": 1694139.774 }, "geometry": { "type": "Point", "coordinates": [ -105.046448, 39.73835 ] } },
{ "type": "Feature", "properties": { "OBJECTID": 483, "Facility ID": "2304GP", "Facility Name": "PARK HILL RESIDENCE", "Facility Type Code": "SA2", "Facility Type": "Assisted Living Residence", "Map Symbol": "Assisted Living Residence", "Facility Type Detail": "ALR/ACF", "Facility Type Abbreviation": "ALR/ACF", "Licensed Beds Total": 40, "Telephone": "(303) 388-9437", "County": "DENVER", "Address Full": "1901 EUDORA ST, DENVER, CO 80220", "Latitude": 39.745747, "Longitude": -104.93103, "CDPHE HFEMS Licensed": "Licensed", "Operating Status": "Active", "Date Data Updated": "2025-10-27T07:00:00Z", "Source": "CDPHE Health Facilities and Emergency Medical Services Division", "GlobalID": "3b66ae9d-998c-42d5-bae3-d445e887440e", "x": 3159995.577, "y": 1697016.892 }, "geometry": { "type": "Point", "coordinates": [ -104.93103, 39.745747 ] } },
{ "type": "Feature", "properties": { "OBJECTID": 484, "Facility ID": "2304HP", "Facility Name": "ROBERT RUSSELL EASTERN STAR-MASONIC CENTER OF COLORADO INC", "Facility Type Code": "SA2", "Facility Type": "Assisted Living Residence", "Map Symbol": "Assisted Living Residence", "Facility Type Detail": "ALR/ACF", "Facility Type Abbreviation": "ALR/ACF", "Licensed Beds Total": 111, "Telephone": "(303) 756-9489", "County": "DENVER", "Address Full": "2445 S QUEBEC ST, DENVER, CO 80231", "Latitude": 39.672367, "Longitude": -104.903732, "CDPHE HFEMS Licensed": "Licensed", "Operating Status": "Active", "Date Data Updated": "2025-10-27T07:00:00Z", "Source": "CDPHE Health Facilities and Emergency Medical Services Division", "GlobalID": "9c8bb12e-43e3-4927-8ce7-598fe61866be", "x": 3167847.031, "y": 1670336.937 }, "geometry": { "type": "Point", "coordinates": [ -104.903732, 39.672367 ] } },
{ "type": "Feature", "properties": { "OBJECTID": 485, "Facility ID": "2304I0", "Facility Name": "SPRINGBROOKE RETIREMENT AND ASSISTED LIVING", "Facility Type Code": "SA1", "Facility Type": "Assisted Living Residence", "Map Symbol": "Assisted Living Residence", "Facility Type Detail": "ALR ONLY", "Facility Type Abbreviation": "ALRONLY", "Licensed Beds Total": 151, "Telephone": "(303) 331-9963", "County": "DENVER", "Address Full": "6800 LEETSDALE DR, DENVER, CO 80224", "Latitude": 39.700661, "Longitude": -104.90966, "CDPHE HFEMS Licensed": "Licensed", "Operating Status": "Active", "Date Data Updated": "2025-10-27T07:00:00Z", "Source": "CDPHE Health Facilities and Emergency Medical Services Division", "GlobalID": "46e3d6b9-334a-43f3-9a15-658a3c5e6825", "x": 3166111.401, "y": 1680632.25 }, "geometry": { "type": "Point", "coordinates": [ -104.90966, 39.700661 ] } },
{ "type": "Feature", "properties": { "OBJECTID": 486, "Facility ID": "2304IX", "Facility Name": "DAYSPRING VILLA", "Facility Type Code": "SA2", "Facility Type": "Assisted Living Residence", "Map Symbol": "Assisted Living Residence", "Facility Type Detail": "ALR/ACF", "Facility Type Abbreviation": "ALR/ACF", "Licensed Beds Total": 71, "Telephone": "(303) 455-5066", "County": "DENVER", "Address Full": "3777 W 26TH AVE, DENVER, CO 80211", "Latitude": 39.754913, "Longitude": -105.036873, "CDPHE HFEMS Licensed": "Licensed", "Operating Status": "Active", "Date Data Updated": "2025-10-27T07:00:00Z", "Source": "CDPHE Health Facilities and Emergency Medical Services Division", "GlobalID": "3213cc5d-a814-409c-bb4d-7354319179ca", "x": 3130216.086, "y": 1700186.683 }, "geometry": { "type": "Point", "coordinates": [ -105.036873, 39.754913 ] } },
{ "type": "Feature", "properties": { "OBJECTID": 487, "Facility ID": "2304K7", "Facility Name": "BROOKDALE LOWRY", "Facility Type Code": "SA1", "Facility Type": "Assisted Living Residence", "Map Symbol": "Assisted Living Residence", "Facility Type Detail": "ALR ONLY", "Facility Type Abbreviation": "ALRONLY", "Licensed Beds Total": 172, "Telephone": "(303) 364-7149", "County": "DENVER", "Address Full": "150 QUEBEC ST, DENVER, CO 80230", "Latitude": 39.71928, "Longitude": -104.903419, "CDPHE HFEMS Licensed": "Licensed", "Operating Status": "Active", "Date Data Updated": "2025-10-27T07:00:00Z", "Source": "CDPHE Health Facilities and Emergency Medical Services Division", "GlobalID": "1930f1c8-5a87-45a3-a92d-13266a06a3f6", "x": 3167822.916, "y": 1687425.825 }, "geometry": { "type": "Point", "coordinates": [ -104.903419, 39.71928 ] } },
{ "type": "Feature", "properties": { "OBJECTID": 488, "Facility ID": "2304OU", "Facility Name": "SUNRISE AT CHERRY CREEK", "Facility Type Code": "SA1", "Facility Type": "Assisted Living Residence", "Map Symbol": "Assisted Living Residence", "Facility Type Detail": "ALR ONLY", "Facility Type Abbreviation": "ALRONLY", "Licensed Beds Total": 126, "Telephone": "(303) 333-1166", "County": "DENVER", "Address Full": "251 S COLORADO BLVD, DENVER, CO 80246", "Latitude": 39.712334, "Longitude": -104.94088, "CDPHE HFEMS Licensed": "Licensed", "Operating Status": "Active", "Date Data Updated": "2025-10-27T07:00:00Z", "Source": "CDPHE Health Facilities and Emergency Medical Services Division", "GlobalID": "5fdd4c85-8ec8-428e-8d5b-711a9f9c27fd", "x": 3157300.729, "y": 1684828.654 }, "geometry": { "type": "Point", "coordinates": [ -104.94088, 39.712334 ] } },
{ "type": "Feature", "properties": { "OBJECTID": 489, "Facility ID": "2304ST", "Facility Name": "MARYCREST ASSISTED LIVING", "Facility Type Code": "SA2", "Facility Type": "Assisted Living Residence", "Map Symbol": "Assisted Living Residence", "Facility Type Detail": "ALR/ACF", "Facility Type Abbreviation": "ALR/ACF", "Licensed Beds Total": 138, "Telephone": "(303) 433-0282", "County": "DENVER", "Address Full": "2800/2850 COLUMBINE RD, DENVER, CO 80221", "Latitude": 39.793457, "Longitude": -105.023567, "CDPHE HFEMS Licensed": "Licensed", "Operating Status": "Active", "Date Data Updated": "2025-10-27T07:00:00Z", "Source": "CDPHE Health Facilities and Emergency Medical Services Division", "GlobalID": "8fb3479f-7053-4e31-a239-9763d32cce5a", "x": 3133883.548, "y": 1714246.399 }, "geometry": { "type": "Point", "coordinates": [ -105.023567, 39.793457 ] } },
{ "type": "Feature", "properties": { "OBJECTID": 490, "Facility ID": "2304UN", "Facility Name": "HARVEY PARK ASSISTED LIVING", "Facility Type Code": "SA2", "Facility Type": "Assisted Living Residence", "Map Symbol": "Assisted Living Residence", "Facility Type Detail": "ALR/ACF", "Facility Type Abbreviation": "ALR/ACF", "Licensed Beds Total": 6, "Telephone": "(303) 922-1472", "County": "DENVER", "Address Full": "1999 S RALEIGH ST, DENVER, CO 80219", "Latitude": 39.68103, "Longitude": -105.042366, "CDPHE HFEMS Licensed": "Licensed", "Operating Status": "Active", "Date Data Updated": "2025-10-27T07:00:00Z", "Source": "CDPHE Health Facilities and Emergency Medical Services Division", "GlobalID": "b11b6dda-1c78-4c62-942c-a73273edb63e", "x": 3128807.255, "y": 1673266.127 }, "geometry": { "type": "Point", "coordinates": [ -105.042366, 39.68103 ] } },
{ "type": "Feature", "properties": { "OBJECTID": 491, "Facility ID": "2304ZS", "Facility Name": "A LOVING HAND", "Facility Type Code": "SA2", "Facility Type": "Assisted Living Residence", "Map Symbol": "Assisted Living Residence", "Facility Type Detail": "ALR/ACF", "Facility Type Abbreviation": "ALR/ACF", "Licensed Beds Total": 8, "Telephone": "(720) 301-1369", "County": "DENVER", "Address Full": "3079 S HOLLY ST, DENVER, CO 80222", "Latitude": 39.761562, "Longitude": -104.922348, "CDPHE HFEMS Licensed": "Licensed", "Operating Status": "Active", "Date Data Updated": "2025-10-27T07:00:00Z", "Source": "CDPHE Health Facilities and Emergency Medical Services Division", "GlobalID": "9dde0c8f-4839-4dd9-9437-7563af9c2e82", "x": 3162400.268, "y": 1702793.125 }, "geometry": { "type": "Point", "coordinates": [ -104.922348, 39.761562 ] } },
{ "type": "Feature", "properties": { "OBJECTID": 492, "Facility ID": "232QS9", "Facility Name": "AUTUMN MEADOWS ASSISTED LIVING", "Facility Type Code": "SA1", "Facility Type": "Assisted Living Residence", "Map Symbol": "Assisted Living Residence", "Facility Type Detail": "ALR ONLY", "Facility Type Abbreviation": "ALRONLY", "Licensed Beds Total": 0, "Telephone": "Phone Number Not Avaliable", "County": "DENVER", "Address Full": "2107 S HARLAN ST, DENVER, CO 80227", "Latitude": 39.678436, "Longitude": -105.06218, "CDPHE HFEMS Licensed": "Licensed", "Operating Status": "Pending", "Date Data Updated": "2025-10-27T07:00:00Z", "Source": "CDPHE Health Facilities and Emergency Medical Services Division", "GlobalID": "9d2d9ddf-fbfd-49e7-8dea-19f057d14042", "x": 3123235.057, "y": 1672293.76 }, "geometry": { "type": "Point", "coordinates": [ -105.06218, 39.678436 ] } },
{ "type": "Feature", "properties": { "OBJECTID": 493, "Facility ID": "235HXR", "Facility Name": "OPEN ARMS ASSISTED LIVING SUITE B", "Facility Type Code": "SA1", "Facility Type": "Assisted Living Residence", "Map Symbol": "Assisted Living Residence", "Facility Type Detail": "ALR ONLY", "Facility Type Abbreviation": "ALRONLY", "Licensed Beds Total": 14, "Telephone": "(720) 452-8006", "County": "DENVER", "Address Full": "12150 E ANDREWS DR SUITE B, DENVER, CO 80239", "Latitude": 39.78616, "Longitude": -104.846283, "CDPHE HFEMS Licensed": "Licensed", "Operating Status": "Active", "Date Data Updated": "2025-10-27T07:00:00Z", "Source": "CDPHE Health Facilities and Emergency Medical Services Division", "GlobalID": "4095a31f-293c-4bb0-9a76-8c2da0aaefd3", "x": 3183719.881, "y": 1711898.222 }, "geometry": { "type": "Point", "coordinates": [ -104.846283, 39.78616 ] } },
{ "type": "Feature", "properties": { "OBJECTID": 494, "Facility ID": "23E998", "Facility Name": "ROSEMARK AT MAYFAIR PARK", "Facility Type Code": "SA1", "Facility Type": "Assisted Living Residence", "Map Symbol": "Assisted Living Residence", "Facility Type Detail": "ALR ONLY", "Facility Type Abbreviation": "ALRONLY", "Licensed Beds Total": 98, "Telephone": "(303) 770-7673", "County": "DENVER", "Address Full": "833 N JERSEY STREET, DENVER, CO 80220", "Latitude": 39.729698, "Longitude": -104.919525, "CDPHE HFEMS Licensed": "Licensed", "Operating Status": "Active", "Date Data Updated": "2025-10-27T07:00:00Z", "Source": "CDPHE Health Facilities and Emergency Medical Services Division", "GlobalID": "a46db8e4-ed8b-436a-ad67-b4279a802f8e", "x": 3163268.062, "y": 1691191.33 }, "geometry": { "type": "Point", "coordinates": [ -104.919525, 39.729698 ] } },
{ "type": "Feature", "properties": { "OBJECTID": 495, "Facility ID": "23H949", "Facility Name": "BALFOUR AT CENTRAL PARK", "Facility Type Code": "SA1", "Facility Type": "Assisted Living Residence", "Map Symbol": "Assisted Living Residence", "Facility Type Detail": "ALR ONLY", "Facility Type Abbreviation": "ALRONLY", "Licensed Beds Total": 85, "Telephone": "(720) 787-7800", "County": "DENVER", "Address Full": "2979 UINTA ST, DENVER, CO 80238", "Latitude": 39.759579, "Longitude": -104.892654, "CDPHE HFEMS Licensed": "Licensed", "Operating Status": "Active", "Date Data Updated": "2025-10-27T07:00:00Z", "Source": "CDPHE Health Facilities and Emergency Medical Services Division", "GlobalID": "ef8fde0d-f583-4336-8f93-d0d8642f8e32", "x": 3170752.961, "y": 1702125.236 }, "geometry": { "type": "Point", "coordinates": [ -104.892654, 39.759579 ] } },
{ "type": "Feature", "properties": { "OBJECTID": 496, "Facility ID": "23HIDN", "Facility Name": "OPEN ARMS ASSISTED LIVING SUITE A", "Facility Type Code": "SA2", "Facility Type": "Assisted Living Residence", "Map Symbol": "Assisted Living Residence", "Facility Type Detail": "ALR/ACF", "Facility Type Abbreviation": "ALR/ACF", "Licensed Beds Total": 16, "Telephone": "(720) 452-8006", "County": "DENVER", "Address Full": "12150 ANDREWS DR STE A, DENVER, CO 80239", "Latitude": 39.78616, "Longitude": -104.846283, "CDPHE HFEMS Licensed": "Licensed", "Operating Status": "Active", "Date Data Updated": "2025-10-27T07:00:00Z", "Source": "CDPHE Health Facilities and Emergency Medical Services Division", "GlobalID": "70cffc96-47c6-4d29-b252-9ff891d77c4d", "x": 3183719.881, "y": 1711898.222 }, "geometry": { "type": "Point", "coordinates": [ -104.846283, 39.78616 ] } },
{ "type": "Feature", "properties": { "OBJECTID": 497, "Facility ID": "23I587", "Facility Name": "BALFOUR AT RIVERFRONT PARK", "Facility Type Code": "SA1", "Facility Type": "Assisted Living Residence", "Map Symbol": "Assisted Living Residence", "Facility Type Detail": "ALR ONLY", "Facility Type Abbreviation": "ALRONLY", "Licensed Beds Total": 100, "Telephone": "(720) 360-4500", "County": "DENVER", "Address Full": "1500 LITTLE RAVEN ST, DENVER, CO 80202", "Latitude": 39.754379, "Longitude": -105.006447, "CDPHE HFEMS Licensed": "Licensed", "Operating Status": "Active", "Date Data Updated": "2025-10-27T07:00:00Z", "Source": "CDPHE Health Facilities and Emergency Medical Services Division", "GlobalID": "bd056a42-650c-4eca-b884-c75ae1f11e87", "x": 3138771.668, "y": 1700037.209 }, "geometry": { "type": "Point", "coordinates": [ -105.006447, 39.754379 ] } },
{ "type": "Feature", "properties": { "OBJECTID": 498, "Facility ID": "23J981", "Facility Name": "HILLTOP RESERVE", "Facility Type Code": "SA1", "Facility Type": "Assisted Living Residence", "Map Symbol": "Assisted Living Residence", "Facility Type Detail": "ALR ONLY", "Facility Type Abbreviation": "ALRONLY", "Licensed Beds Total": 99, "Telephone": "(303) 792-8200", "County": "DENVER", "Address Full": "525 S HOLLY ST, DENVER, CO 80246", "Latitude": 39.706951, "Longitude": -104.922325, "CDPHE HFEMS Licensed": "Licensed", "Operating Status": "Active", "Date Data Updated": "2025-10-27T07:00:00Z", "Source": "CDPHE Health Facilities and Emergency Medical Services Division", "GlobalID": "082ab788-45eb-4262-9744-e49ffbbb32f6", "x": 3162533.23, "y": 1682900.516 }, "geometry": { "type": "Point", "coordinates": [ -104.922325, 39.706951 ] } },
{ "type": "Feature", "properties": { "OBJECTID": 499, "Facility ID": "23K615", "Facility Name": "HAWKEYE CARE HOME LLC", "Facility Type Code": "SA2", "Facility Type": "Assisted Living Residence", "Map Symbol": "Assisted Living Residence", "Facility Type Detail": "ALR/ACF", "Facility Type Abbreviation": "ALR/ACF", "Licensed Beds Total": 8, "Telephone": "(303) 935-2822", "County": "DENVER", "Address Full": "2710 S JAY ST, DENVER, CO 80227", "Latitude": 39.666069, "Longitude": -105.06395, "CDPHE HFEMS Licensed": "Licensed", "Operating Status": "Active", "Date Data Updated": "2025-10-27T07:00:00Z", "Source": "CDPHE Health Facilities and Emergency Medical Services Division", "GlobalID": "be683f86-d0d0-4723-900c-12f2147693de", "x": 3122758.485, "y": 1667786.61 }, "geometry": { "type": "Point", "coordinates": [ -105.06395, 39.666069 ] } },
{ "type": "Feature", "properties": { "OBJECTID": 500, "Facility ID": "23K988", "Facility Name": "TENDERCARE ASSISTED LIVING LLC", "Facility Type Code": "SA1", "Facility Type": "Assisted Living Residence", "Map Symbol": "Assisted Living Residence", "Facility Type Detail": "ALR ONLY", "Facility Type Abbreviation": "ALRONLY", "Licensed Beds Total": 9, "Telephone": "(303) 356-2938", "County": "DENVER", "Address Full": "3241 S MABRY WAY, DENVER, CO 80236", "Latitude": 39.660061, "Longitude": -105.03624, "CDPHE HFEMS Licensed": "Licensed", "Operating Status": "Active", "Date Data Updated": "2025-10-27T07:00:00Z", "Source": "CDPHE Health Facilities and Emergency Medical Services Division", "GlobalID": "f707f1a6-c3a4-4309-a3dc-a92fe1adf758", "x": 3130570.44, "y": 1665636.803 }, "geometry": { "type": "Point", "coordinates": [ -105.03624, 39.660061 ] } },
{ "type": "Feature", "properties": { "OBJECTID": 501, "Facility ID": "23M205", "Facility Name": "HIGHPOINTE ASSISTED LIVING & MEMORY CARE", "Facility Type Code": "SA1", "Facility Type": "Assisted Living Residence", "Map Symbol": "Assisted Living Residence", "Facility Type Detail": "ALR ONLY", "Facility Type Abbreviation": "ALRONLY", "Licensed Beds Total": 100, "Telephone": "(303) 756-4567", "County": "DENVER", "Address Full": "6383 E GIRARD PL, DENVER, CO 80222", "Latitude": 39.654411, "Longitude": -104.915726, "CDPHE HFEMS Licensed": "Licensed", "Operating Status": "Active", "Date Data Updated": "2025-10-27T07:00:00Z", "Source": "CDPHE Health Facilities and Emergency Medical Services Division", "GlobalID": "95901c18-a2c8-4675-b3d9-da9c5f8098b2", "x": 3164512.938, "y": 1663774.5 }, "geometry": { "type": "Point", "coordinates": [ -104.915726, 39.654411 ] } },
{ "type": "Feature", "properties": { "OBJECTID": 502, "Facility ID": "23N139", "Facility Name": "CARILLON AT BELLEVIEW STATION, THE", "Facility Type Code": "SA1", "Facility Type": "Assisted Living Residence", "Map Symbol": "Assisted Living Residence", "Facility Type Detail": "ALR ONLY", "Facility Type Abbreviation": "ALRONLY", "Licensed Beds Total": 207, "Telephone": "(720) 440-8200", "County": "DENVER", "Address Full": "4855 S NIAGARA ST, DENVER, CO 80237", "Latitude": 39.625278, "Longitude": -104.909035, "CDPHE HFEMS Licensed": "Licensed", "Operating Status": "Active", "Date Data Updated": "2025-10-27T07:00:00Z", "Source": "CDPHE Health Facilities and Emergency Medical Services Division", "GlobalID": "b7501923-8756-411f-8e86-a673d8fb6eed", "x": 3166465.882, "y": 1653175.036 }, "geometry": { "type": "Point", "coordinates": [ -104.909035, 39.625278 ] } },
{ "type": "Feature", "properties": { "OBJECTID": 503, "Facility ID": "23N613", "Facility Name": "MANOR ON MARSTON LAKE-2, THE", "Facility Type Code": "SA1", "Facility Type": "Assisted Living Residence", "Map Symbol": "Assisted Living Residence", "Facility Type Detail": "ALR ONLY", "Facility Type Abbreviation": "ALRONLY", "Licensed Beds Total": 12, "Telephone": "(303) 932-9808", "County": "DENVER", "Address Full": "4802 S WADSWORTH BLVD, LITTLETON, CO 80123", "Latitude": 39.630116, "Longitude": -105.086716, "CDPHE HFEMS Licensed": "Licensed", "Operating Status": "Active", "Date Data Updated": "2025-10-27T07:00:00Z", "Source": "CDPHE Health Facilities and Emergency Medical Services Division", "GlobalID": "af02e51c-f3f6-4ca7-940a-bce1abd3e0bb", "x": 3116409.082, "y": 1654660.649 }, "geometry": { "type": "Point", "coordinates": [ -105.086716, 39.630116 ] } },
{ "type": "Feature", "properties": { "OBJECTID": 504, "Facility ID": "23O672", "Facility Name": "ASSISTED LIVING OF DENVER", "Facility Type Code": "SA2", "Facility Type": "Assisted Living Residence", "Map Symbol": "Assisted Living Residence", "Facility Type Detail": "ALR/ACF", "Facility Type Abbreviation": "ALR/ACF", "Licensed Beds Total": 16, "Telephone": "(303) 834-5646", "County": "DENVER", "Address Full": "3545 LEYDEN ST, DENVER, CO 80207", "Latitude": 39.76693, "Longitude": -104.915306, "CDPHE HFEMS Licensed": "Licensed", "Operating Status": "Active", "Date Data Updated": "2025-10-27T07:00:00Z", "Source": "CDPHE Health Facilities and Emergency Medical Services Division", "GlobalID": "e8c81b99-029c-42a8-ac7a-f888762b1a93", "x": 3164367.399, "y": 1704761.163 }, "geometry": { "type": "Point", "coordinates": [ -104.915306, 39.76693 ] } },
{ "type": "Feature", "properties": { "OBJECTID": 505, "Facility ID": "23P643", "Facility Name": "SCS ASSISTED LIVING DENVER INC", "Facility Type Code": "SA2", "Facility Type": "Assisted Living Residence", "Map Symbol": "Assisted Living Residence", "Facility Type Detail": "ALR/ACF", "Facility Type Abbreviation": "ALR/ACF", "Licensed Beds Total": 10, "Telephone": "(303) 834-5646", "County": "DENVER", "Address Full": "941 S FULTON ST, DENVER, CO 80247", "Latitude": 39.69989, "Longitude": -104.870735, "CDPHE HFEMS Licensed": "Licensed", "Operating Status": "Active", "Date Data Updated": "2025-10-27T07:00:00Z", "Source": "CDPHE Health Facilities and Emergency Medical Services Division", "GlobalID": "54c03988-d6bd-4c92-b6eb-e5c75da6436a", "x": 3177065.809, "y": 1680424.929 }, "geometry": { "type": "Point", "coordinates": [ -104.870735, 39.69989 ] } },
{ "type": "Feature", "properties": { "OBJECTID": 506, "Facility ID": "23Q902", "Facility Name": "GREEN MEADOWS ASSISTED LIVING LLC", "Facility Type Code": "SA1", "Facility Type": "Assisted Living Residence", "Map Symbol": "Assisted Living Residence", "Facility Type Detail": "ALR ONLY", "Facility Type Abbreviation": "ALRONLY", "Licensed Beds Total": 8, "Telephone": "(303) 955-0026", "County": "DENVER", "Address Full": "2177 S GOLDEN CT, DENVER, CO 80227", "Latitude": 39.676041, "Longitude": -105.060242, "CDPHE HFEMS Licensed": "Licensed", "Operating Status": "Active", "Date Data Updated": "2025-10-27T07:00:00Z", "Source": "CDPHE Health Facilities and Emergency Medical Services Division", "GlobalID": "59e56222-88ba-4c7e-9c35-551e0857c7d6", "x": 3123784.76, "y": 1671424.0 }, "geometry": { "type": "Point", "coordinates": [ -105.060242, 39.676041 ] } },
{ "type": "Feature", "properties": { "OBJECTID": 507, "Facility ID": "23T697", "Facility Name": "JERUSALEM ASSISTED LIVING FACILITY", "Facility Type Code": "SA2", "Facility Type": "Assisted Living Residence", "Map Symbol": "Assisted Living Residence", "Facility Type Detail": "ALR/ACF", "Facility Type Abbreviation": "ALR/ACF", "Licensed Beds Total": 8, "Telephone": "(303) 668-1397", "County": "DENVER", "Address Full": "4783  CHANDLER CT, DENVER, CO 80239", "Latitude": 39.781048, "Longitude": -104.830231, "CDPHE HFEMS Licensed": "Licensed", "Operating Status": "Active", "Date Data Updated": "2025-10-27T07:00:00Z", "Source": "CDPHE Health Facilities and Emergency Medical Services Division", "GlobalID": "be90b70d-c6fd-49a7-86db-a483820dfc02", "x": 3188244.696, "y": 1710068.959 }, "geometry": { "type": "Point", "coordinates": [ -104.830231, 39.781048 ] } },
{ "type": "Feature", "properties": { "OBJECTID": 508, "Facility ID": "23U03F", "Facility Name": "ACOYA CHERRY CREEK", "Facility Type Code": "SA1", "Facility Type": "Assisted Living Residence", "Map Symbol": "Assisted Living Residence", "Facility Type Detail": "ALR ONLY", "Facility Type Abbreviation": "ALRONLY", "Licensed Beds Total": 167, "Telephone": "(720) 668-0961", "County": "DENVER", "Address Full": "301 S HARRISON ST, DENVER, CO 80209", "Latitude": 39.711166, "Longitude": -104.941444, "CDPHE HFEMS Licensed": "Licensed", "Operating Status": "Active", "Date Data Updated": "2025-10-27T07:00:00Z", "Source": "CDPHE Health Facilities and Emergency Medical Services Division", "GlobalID": "9f2f155f-de29-40c4-ba73-026aedbf6522", "x": 3157144.676, "y": 1684402.224 }, "geometry": { "type": "Point", "coordinates": [ -104.941444, 39.711166 ] } },
{ "type": "Feature", "properties": { "OBJECTID": 509, "Facility ID": "23W780", "Facility Name": "ASPIN WALL RESIDENTIAL ASSISTED LIVING LLC", "Facility Type Code": "SA2", "Facility Type": "Assisted Living Residence", "Map Symbol": "Assisted Living Residence", "Facility Type Detail": "ALR/ACF", "Facility Type Abbreviation": "ALR/ACF", "Licensed Beds Total": 10, "Telephone": "(303) 351-3791", "County": "DENVER", "Address Full": "8263 E MANSFIELD AVE, DENVER, CO 80237", "Latitude": 39.644077, "Longitude": -104.892342, "CDPHE HFEMS Licensed": "Licensed", "Operating Status": "Active", "Date Data Updated": "2025-10-27T07:00:00Z", "Source": "CDPHE Health Facilities and Emergency Medical Services Division", "GlobalID": "cf3ad4cc-2ba5-47ce-9f11-04cc735fe3bb", "x": 3171122.097, "y": 1660053.542 }, "geometry": { "type": "Point", "coordinates": [ -104.892342, 39.644077 ] } },
{ "type": "Feature", "properties": { "OBJECTID": 510, "Facility ID": "23X801", "Facility Name": "COURTYARDS AT MOUNTAIN VIEW, THE", "Facility Type Code": "SA1", "Facility Type": "Assisted Living Residence", "Map Symbol": "Assisted Living Residence", "Facility Type Detail": "ALR ONLY", "Facility Type Abbreviation": "ALRONLY", "Licensed Beds Total": 178, "Telephone": "(419) 247-2800", "County": "DENVER", "Address Full": "8101 E MISSISSIPPI AVE, DENVER, CO 80247", "Latitude": 39.696709, "Longitude": -104.891335, "CDPHE HFEMS Licensed": "Licensed", "Operating Status": "Active", "Date Data Updated": "2025-10-27T07:00:00Z", "Source": "CDPHE Health Facilities and Emergency Medical Services Division", "GlobalID": "d5f50263-730f-49a0-bcd5-30dccc034cb1", "x": 3171277.219, "y": 1679226.739 }, "geometry": { "type": "Point", "coordinates": [ -104.891335, 39.696709 ] } },
{ "type": "Feature", "properties": { "OBJECTID": 511, "Facility ID": "23Z10E", "Facility Name": "MORNINGSTAR AT OBSERVATORY PARK", "Facility Type Code": "SA1", "Facility Type": "Assisted Living Residence", "Map Symbol": "Assisted Living Residence", "Facility Type Detail": "ALR ONLY", "Facility Type Abbreviation": "ALRONLY", "Licensed Beds Total": 103, "Telephone": "(720) 259-4500", "County": "DENVER", "Address Full": "2100 S JOSEPHINE ST, DENVER, CO 80210", "Latitude": 39.678322, "Longitude": -104.957848, "CDPHE HFEMS Licensed": "Licensed", "Operating Status": "Active", "Date Data Updated": "2025-10-27T07:00:00Z", "Source": "CDPHE Health Facilities and Emergency Medical Services Division", "GlobalID": "67219bb3-354f-44b7-b1a1-678d31f38563", "x": 3152601.095, "y": 1672410.624 }, "geometry": { "type": "Point", "coordinates": [ -104.957848, 39.678322 ] } },
{ "type": "Feature", "properties": { "OBJECTID": 512, "Facility ID": "23Z312", "Facility Name": "ASSISTED LIVING OF DENVER NE LLC", "Facility Type Code": "SA2", "Facility Type": "Assisted Living Residence", "Map Symbol": "Assisted Living Residence", "Facility Type Detail": "ALR/ACF", "Facility Type Abbreviation": "ALR/ACF", "Licensed Beds Total": 10, "Telephone": "(303) 371-0106", "County": "DENVER", "Address Full": "4827 LISBON STREET, DENVER, CO 80249", "Latitude": 39.781776, "Longitude": -104.744545, "CDPHE HFEMS Licensed": "Licensed", "Operating Status": "Active", "Date Data Updated": "2025-10-27T07:00:00Z", "Source": "CDPHE Health Facilities and Emergency Medical Services Division", "GlobalID": "6c18ae9e-5b7a-41c0-b040-d557a185b4a5", "x": 3212324.442, "y": 1710523.049 }, "geometry": { "type": "Point", "coordinates": [ -104.744545, 39.781776 ] } },
{ "type": "Feature", "properties": { "OBJECTID": 513, "Facility ID": "23Z783", "Facility Name": "HARVARD SQUARE MEMORY CARE", "Facility Type Code": "SA1", "Facility Type": "Assisted Living Residence", "Map Symbol": "Assisted Living Residence", "Facility Type Detail": "ALR ONLY", "Facility Type Abbreviation": "ALRONLY", "Licensed Beds Total": 40, "Telephone": "(303) 696-0622", "County": "DENVER", "Address Full": "10370 E HARVARD SQ, DENVER, CO 80231", "Latitude": 39.671986, "Longitude": -104.868958, "CDPHE HFEMS Licensed": "Licensed", "Operating Status": "Active", "Date Data Updated": "2025-10-27T07:00:00Z", "Source": "CDPHE Health Facilities and Emergency Medical Services Division", "GlobalID": "9d5a498a-fbf3-4062-b964-bbc0b6dbb23b", "x": 3177636.419, "y": 1670264.278 }, "geometry": { "type": "Point", "coordinates": [ -104.868958, 39.671986 ] } },
{ "type": "Feature", "properties": { "OBJECTID": 514, "Facility ID": "23Z784", "Facility Name": "TENDERCARE AT PINEHURST LLC", "Facility Type Code": "SA1", "Facility Type": "Assisted Living Residence", "Map Symbol": "Assisted Living Residence", "Facility Type Detail": "ALR ONLY", "Facility Type Abbreviation": "ALRONLY", "Licensed Beds Total": 10, "Telephone": "(303) 988-5295", "County": "DENVER", "Address Full": "5290 W PRINCETON, DENVER, CO 80235", "Latitude": 39.640457, "Longitude": -105.054626, "CDPHE HFEMS Licensed": "Licensed", "Operating Status": "Active", "Date Data Updated": "2025-10-27T07:00:00Z", "Source": "CDPHE Health Facilities and Emergency Medical Services Division", "GlobalID": "8912af44-e1a1-4927-aa97-b49f940d9ebd", "x": 3125429.07, "y": 1658470.085 }, "geometry": { "type": "Point", "coordinates": [ -105.054626, 39.640457 ] } },
{ "type": "Feature", "properties": { "OBJECTID": 515, "Facility ID": "30A6SE", "Facility Name": "DENVER HEALTH PARAMEDIC DIVISION", "Facility Type Code": "SG1", "Facility Type": "All Other Factypes", "Map Symbol": "Integrated Healthcare", "Facility Type Detail": "CIHCS", "Facility Type Abbreviation": "CIHCS", "Licensed Beds Total": 0, "Telephone": "Phone Number Not Avaliable", "County": "DENVER", "Address Full": "777 BANNOCK ST, DENVER, CO 80204", "Latitude": 39.728134, "Longitude": -104.990257, "CDPHE HFEMS Licensed": "Licensed", "Operating Status": "Pending", "Date Data Updated": "2025-10-27T07:00:00Z", "Source": "CDPHE Health Facilities and Emergency Medical Services Division", "GlobalID": "2aedbdcd-08de-4c93-99a8-e039677cf872", "x": 3143377.294, "y": 1690502.252 }, "geometry": { "type": "Point", "coordinates": [ -104.990257, 39.728134 ] } },
{ "type": "Feature", "properties": { "OBJECTID": 516, "Facility ID": "30C003", "Facility Name": "DISPATCHHEALTH", "Facility Type Code": "SG1", "Facility Type": "All Other Factypes", "Map Symbol": "Integrated Healthcare", "Facility Type Detail": "CIHCS", "Facility Type Abbreviation": "CIHCS", "Licensed Beds Total": 0, "Telephone": "(833) 264-4900", "County": "DENVER", "Address Full": "3825 N LAFAYETTE ST, DENVER, CO 80205", "Latitude": 39.769779, "Longitude": -104.970215, "CDPHE HFEMS Licensed": "Licensed", "Operating Status": "Active", "Date Data Updated": "2025-10-27T07:00:00Z", "Source": "CDPHE Health Facilities and Emergency Medical Services Division", "GlobalID": "eb038c89-941f-4035-9983-7251bde1c2d3", "x": 3148925.942, "y": 1705704.278 }, "geometry": { "type": "Point", "coordinates": [ -104.970215, 39.769779 ] } },
{ "type": "Feature", "properties": { "OBJECTID": 517, "Facility ID": "363U9U", "Facility Name": "DENVER MIDTOWN SURGERY CENTER, LTD", "Facility Type Code": "S71", "Facility Type": "All Other Factypes", "Map Symbol": "Rehabilitaton or Recovery", "Facility Type Detail": "CONVALESCENT CENTER", "Facility Type Abbreviation": "CONV", "Licensed Beds Total": 5, "Telephone": "(303) 322-3993", "County": "DENVER", "Address Full": "1919 E. 18TH AVE, DENVER, CO 80206", "Latitude": 39.744862, "Longitude": -104.963905, "CDPHE HFEMS Licensed": "Licensed", "Operating Status": "Active", "Date Data Updated": "2025-10-27T07:00:00Z", "Source": "CDPHE Health Facilities and Emergency Medical Services Division", "GlobalID": "8a091d3e-bd19-43a7-a1f8-b2fc36135419", "x": 3150753.232, "y": 1696638.294 }, "geometry": { "type": "Point", "coordinates": [ -104.963905, 39.744862 ] } },
{ "type": "Feature", "properties": { "OBJECTID": 518, "Facility ID": "36W269", "Facility Name": "DENVER CONVALESCENT & RECOVERY CENTER", "Facility Type Code": "S71", "Facility Type": "All Other Factypes", "Map Symbol": "Rehabilitaton or Recovery", "Facility Type Detail": "CONVALESCENT CENTER", "Facility Type Abbreviation": "CONV", "Licensed Beds Total": 6, "Telephone": "(720) 996-4500", "County": "DENVER", "Address Full": "1830 N FRANKLIN ST #300, DENVER, CO 80218", "Latitude": 39.745224, "Longitude": -104.968376, "CDPHE HFEMS Licensed": "Licensed", "Operating Status": "Active", "Date Data Updated": "2025-10-27T07:00:00Z", "Source": "CDPHE Health Facilities and Emergency Medical Services Division", "GlobalID": "768d3669-c279-4e56-8d01-4c7c95e85cc5", "x": 3149495.225, "y": 1696762.768 }, "geometry": { "type": "Point", "coordinates": [ -104.968376, 39.745224 ] } },
{ "type": "Feature", "properties": { "OBJECTID": 519, "Facility ID": "37J5MF", "Facility Name": "THIRD WAY CENTER INC", "Facility Type Code": "61", "Facility Type": "All Other Factypes", "Map Symbol": "Behavioral/Mental Health", "Facility Type Detail": "MEDICAID", "Facility Type Abbreviation": "PRTF", "Licensed Beds Total": 34, "Telephone": "(303) 780-9188", "County": "DENVER", "Address Full": "9100 E LOWRY BLVD, DENVER, CO 80230", "Latitude": 39.725395, "Longitude": -104.880066, "CDPHE HFEMS Licensed": "HCPF Certified", "Operating Status": "Active", "Date Data Updated": "2025-10-27T07:00:00Z", "Source": "CDPHE Health Facilities and Emergency Medical Services Division", "GlobalID": "c212bbf1-486d-4753-8b8d-449beb6e44bf", "x": 3174376.889, "y": 1689697.249 }, "geometry": { "type": "Point", "coordinates": [ -104.880066, 39.725395 ] } },
{ "type": "Feature", "properties": { "OBJECTID": 520, "Facility ID": "37S3SH", "Facility Name": "DENVER CHILDREN'S HOME", "Facility Type Code": "61", "Facility Type": "All Other Factypes", "Map Symbol": "Behavioral/Mental Health", "Facility Type Detail": "MEDICAID", "Facility Type Abbreviation": "PRTF", "Licensed Beds Total": 0, "Telephone": "(303) 399-4890", "County": "DENVER", "Address Full": "1501 ALBION ST, DENVER, CO 80220", "Latitude": 39.740246, "Longitude": -104.939026, "CDPHE HFEMS Licensed": "HCPF Certified", "Operating Status": "Pending", "Date Data Updated": "2025-10-27T07:00:00Z", "Source": "CDPHE Health Facilities and Emergency Medical Services Division", "GlobalID": "91cb8d64-36e8-4e2d-bac3-99d15350a582", "x": 3157759.527, "y": 1694999.101 }, "geometry": { "type": "Point", "coordinates": [ -104.939026, 39.740246 ] } },
{ "type": "Feature", "properties": { "OBJECTID": 521, "Facility ID": "40I151", "Facility Name": "COLORADO BIRTH AND WELLNESS", "Facility Type Code": "SB1", "Facility Type": "All Other Factypes", "Map Symbol": "Birth Center", "Facility Type Detail": "BIRTH CENTERS", "Facility Type Abbreviation": "BIRTH", "Licensed Beds Total": 4, "Telephone": "(720) 464-7599", "County": "DENVER", "Address Full": "8111 E LOWRY BLVD  STE 230, DENVER, CO 80230", "Latitude": 39.718235, "Longitude": -104.893768, "CDPHE HFEMS Licensed": "Licensed", "Operating Status": "Active", "Date Data Updated": "2025-10-27T07:00:00Z", "Source": "CDPHE Health Facilities and Emergency Medical Services Division", "GlobalID": "b260fac3-76c8-416c-8b81-88a487e5c276", "x": 3170540.274, "y": 1687063.148 }, "geometry": { "type": "Point", "coordinates": [ -104.893768, 39.718235 ] } },
{ "type": "Feature", "properties": { "OBJECTID": 522, "Facility ID": "40M119", "Facility Name": "BIRTH CENTER OF DENVER", "Facility Type Code": "SB1", "Facility Type": "All Other Factypes", "Map Symbol": "Birth Center", "Facility Type Detail": "BIRTH CENTERS", "Facility Type Abbreviation": "BIRTH", "Licensed Beds Total": 5, "Telephone": "(303) 812-2363", "County": "DENVER", "Address Full": "1830 N FRANKLIN ST #330, DENVER, CO 80218", "Latitude": 39.745224, "Longitude": -104.968376, "CDPHE HFEMS Licensed": "Licensed", "Operating Status": "Active", "Date Data Updated": "2025-10-27T07:00:00Z", "Source": "CDPHE Health Facilities and Emergency Medical Services Division", "GlobalID": "c1807edd-7374-4a5b-a60b-04e14d869b3f", "x": 3149495.225, "y": 1696762.768 }, "geometry": { "type": "Point", "coordinates": [ -104.968376, 39.745224 ] } },
{ "type": "Feature", "properties": { "OBJECTID": 523, "Facility ID": "CO061922", "Facility Name": "WEST END HEALTH CENTER", "Facility Type Code": "211", "Facility Type": "All Other Factypes", "Map Symbol": "Federally Qualified Health Center", "Facility Type Detail": "FEDERALLY QHC", "Facility Type Abbreviation": "FQHC", "Licensed Beds Total": 0, "Telephone": "(303) 312-9750", "County": "DENVER", "Address Full": "5050 WEST COLFAX AVENUE, DENVER, CO 80204", "Latitude": 39.740269, "Longitude": -105.051605, "CDPHE HFEMS Licensed": "HCPF Certified", "Operating Status": "Active", "Date Data Updated": "2025-10-27T07:00:00Z", "Source": "CDPHE Health Facilities and Emergency Medical Services Division", "GlobalID": "4ee7b8de-cc5a-43d2-a8f4-2df1be02b880", "x": 3126100.384, "y": 1694831.598 }, "geometry": { "type": "Point", "coordinates": [ -105.051605, 39.740269 ] } },
{ "type": "Feature", "properties": { "OBJECTID": 524, "Facility ID": "CO161931", "Facility Name": "SHERIDAN HEALTH SERVICES", "Facility Type Code": "211", "Facility Type": "All Other Factypes", "Map Symbol": "Federally Qualified Health Center", "Facility Type Detail": "FEDERALLY QHC", "Facility Type Abbreviation": "FQHC", "Licensed Beds Total": 0, "Telephone": "(303) 797-4260", "County": "DENVER", "Address Full": "3525 WEST OXFORD AVENUE, UNIT G-3, DENVER, CO 80236", "Latitude": 39.642323, "Longitude": -105.033607, "CDPHE HFEMS Licensed": "HCPF Certified", "Operating Status": "Active", "Date Data Updated": "2025-10-27T07:00:00Z", "Source": "CDPHE Health Facilities and Emergency Medical Services Division", "GlobalID": "b64b2fb2-47f7-4baf-943b-bd1f06258391", "x": 3131344.903, "y": 1659179.484 }, "geometry": { "type": "Point", "coordinates": [ -105.033607, 39.642323 ] } },
{ "type": "Feature", "properties": { "OBJECTID": 525, "Facility ID": "CO3514", "Facility Name": "PARK HILL FAMILY HEALTH CENTER", "Facility Type Code": "211", "Facility Type": "All Other Factypes", "Map Symbol": "Federally Qualified Health Center", "Facility Type Detail": "FEDERALLY QHC", "Facility Type Abbreviation": "FQHC", "Licensed Beds Total": 0, "Telephone": "(720) 956-2820", "County": "DENVER", "Address Full": "4995 EAST 33RD AVENUE, DENVER, CO 80207", "Latitude": 39.763851, "Longitude": -104.929466, "CDPHE HFEMS Licensed": "HCPF Certified", "Operating Status": "Active", "Date Data Updated": "2025-10-27T07:00:00Z", "Source": "CDPHE Health Facilities and Emergency Medical Services Division", "GlobalID": "c68230b0-c331-4210-8601-a70258fd5ec4", "x": 3160393.947, "y": 1703614.281 }, "geometry": { "type": "Point", "coordinates": [ -104.929466, 39.763851 ] } },
{ "type": "Feature", "properties": { "OBJECTID": 526, "Facility ID": "CO6DNX", "Facility Name": "WESTSIDE FAMILY HEALTH CENTER", "Facility Type Code": "211", "Facility Type": "All Other Factypes", "Map Symbol": "Federally Qualified Health Center", "Facility Type Detail": "FEDERALLY QHC", "Facility Type Abbreviation": "FQHC", "Licensed Beds Total": 0, "Telephone": "(303) 436-4200", "County": "DENVER", "Address Full": "1100 FEDERAL BOULEVARD, DENVER, CO 80204", "Latitude": 39.734322, "Longitude": -105.024237, "CDPHE HFEMS Licensed": "HCPF Certified", "Operating Status": "Active", "Date Data Updated": "2025-10-27T07:00:00Z", "Source": "CDPHE Health Facilities and Emergency Medical Services Division", "GlobalID": "87e4506c-864e-4de9-95a7-a82d52b0994f", "x": 3133808.087, "y": 1692704.469 }, "geometry": { "type": "Point", "coordinates": [ -105.024237, 39.734322 ] } },
{ "type": "Feature", "properties": { "OBJECTID": 527, "Facility ID": "COED2O", "Facility Name": "MONTBELLO FAMILY HEALTH CENTER", "Facility Type Code": "211", "Facility Type": "All Other Factypes", "Map Symbol": "Federally Qualified Health Center", "Facility Type Detail": "FEDERALLY QHC", "Facility Type Abbreviation": "FQHC", "Licensed Beds Total": 0, "Telephone": "(720) 956-2730", "County": "DENVER", "Address Full": "12600 EAST ALBROOK DRIVE, DENVER, CO 80239", "Latitude": 39.781475, "Longitude": -104.843605, "CDPHE HFEMS Licensed": "HCPF Certified", "Operating Status": "Active", "Date Data Updated": "2025-10-27T07:00:00Z", "Source": "CDPHE Health Facilities and Emergency Medical Services Division", "GlobalID": "c7f8b876-c22c-4a8c-99cf-dd932d82452a", "x": 3184484.809, "y": 1710197.065 }, "geometry": { "type": "Point", "coordinates": [ -104.843605, 39.781475 ] } },
{ "type": "Feature", "properties": { "OBJECTID": 528, "Facility ID": "COFZJO", "Facility Name": "WESTWOOD FAMILY HEALTH CENTER", "Facility Type Code": "211", "Facility Type": "All Other Factypes", "Map Symbol": "Federally Qualified Health Center", "Facility Type Detail": "FEDERALLY QHC", "Facility Type Abbreviation": "FQHC", "Licensed Beds Total": 0, "Telephone": "(720) 956-2900", "County": "DENVER", "Address Full": "4320 WEST ALASKA PLACE, DENVER, CO 80219", "Latitude": 39.708885, "Longitude": -105.044014, "CDPHE HFEMS Licensed": "HCPF Certified", "Operating Status": "Active", "Date Data Updated": "2025-10-27T07:00:00Z", "Source": "CDPHE Health Facilities and Emergency Medical Services Division", "GlobalID": "7bb2cbce-6013-41ad-9e45-df66c2b8e7c3", "x": 3128292.488, "y": 1683410.215 }, "geometry": { "type": "Point", "coordinates": [ -105.044014, 39.708885 ] } },
{ "type": "Feature", "properties": { "OBJECTID": 529, "Facility ID": "COKKM5", "Facility Name": "C C H - STOUT STREET CLINIC", "Facility Type Code": "211", "Facility Type": "All Other Factypes", "Map Symbol": "Federally Qualified Health Center", "Facility Type Detail": "FEDERALLY QHC", "Facility Type Abbreviation": "FQHC", "Licensed Beds Total": 0, "Telephone": "(303) 293-2220", "County": "DENVER", "Address Full": "2100 BROADWAY, DENVER, CO 80205", "Latitude": 39.750706, "Longitude": -104.987289, "CDPHE HFEMS Licensed": "HCPF Certified", "Operating Status": "Active", "Date Data Updated": "2025-10-27T07:00:00Z", "Source": "CDPHE Health Facilities and Emergency Medical Services Division", "GlobalID": "7f7ef006-fc81-4b81-b5fa-1b2808405be4", "x": 3144165.685, "y": 1698729.096 }, "geometry": { "type": "Point", "coordinates": [ -104.987289, 39.750706 ] } },
{ "type": "Feature", "properties": { "OBJECTID": 530, "Facility ID": "COM5DB", "Facility Name": "C C H - QUIGG NEWTON CLINIC", "Facility Type Code": "211", "Facility Type": "All Other Factypes", "Map Symbol": "Federally Qualified Health Center", "Facility Type Detail": "FEDERALLY QHC", "Facility Type Abbreviation": "FQHC", "Licensed Beds Total": 0, "Telephone": "(303) 433-8180", "County": "DENVER", "Address Full": "4513 MARIPOSA WAY, DENVER, CO 80211", "Latitude": 39.779018, "Longitude": -105.002968, "CDPHE HFEMS Licensed": "HCPF Certified", "Operating Status": "Active", "Date Data Updated": "2025-10-27T07:00:00Z", "Source": "CDPHE Health Facilities and Emergency Medical Services Division", "GlobalID": "d31fcf37-e7ad-4750-9d49-d8f8b0e26cea", "x": 3139700.72, "y": 1709017.72 }, "geometry": { "type": "Point", "coordinates": [ -105.002968, 39.779018 ] } },
{ "type": "Feature", "properties": { "OBJECTID": 531, "Facility ID": "COOPUP", "Facility Name": "DENVER HEALTH WOMEN'S MOBILE SERVICES", "Facility Type Code": "211", "Facility Type": "All Other Factypes", "Map Symbol": "Federally Qualified Health Center", "Facility Type Detail": "FEDERALLY QHC", "Facility Type Abbreviation": "FQHC", "Licensed Beds Total": 0, "Telephone": "(303) 436-6000", "County": "DENVER", "Address Full": "777 BANNOCK STREET, DENVER, CO 80204", "Latitude": 39.728134, "Longitude": -104.990257, "CDPHE HFEMS Licensed": "HCPF Certified", "Operating Status": "Active", "Date Data Updated": "2025-10-27T07:00:00Z", "Source": "CDPHE Health Facilities and Emergency Medical Services Division", "GlobalID": "a4eda742-3f66-4dd5-afad-6478fb82605b", "x": 3143377.294, "y": 1690502.252 }, "geometry": { "type": "Point", "coordinates": [ -104.990257, 39.728134 ] } },
{ "type": "Feature", "properties": { "OBJECTID": 532, "Facility ID": "COT32C", "Facility Name": "EASTSIDE FAMILY HEALTH CENTER", "Facility Type Code": "211", "Facility Type": "All Other Factypes", "Map Symbol": "Federally Qualified Health Center", "Facility Type Detail": "FEDERALLY QHC", "Facility Type Abbreviation": "FQHC", "Licensed Beds Total": 0, "Telephone": "(303) 297-1241", "County": "DENVER", "Address Full": "501 28TH ST, DENVER, CO 80205", "Latitude": 39.755123, "Longitude": -104.975967, "CDPHE HFEMS Licensed": "HCPF Certified", "Operating Status": "Active", "Date Data Updated": "2025-10-27T07:00:00Z", "Source": "CDPHE Health Facilities and Emergency Medical Services Division", "GlobalID": "7cdd8535-4b03-46cc-9e25-a96ee3e80efa", "x": 3147339.863, "y": 1700356.218 }, "geometry": { "type": "Point", "coordinates": [ -104.975967, 39.755123 ] } },
{ "type": "Feature", "properties": { "OBJECTID": 533, "Facility ID": "COXFI7", "Facility Name": "LOWRY FAMILY HEALTH CENTER", "Facility Type Code": "211", "Facility Type": "All Other Factypes", "Map Symbol": "Federally Qualified Health Center", "Facility Type Detail": "FEDERALLY QHC", "Facility Type Abbreviation": "FQHC", "Licensed Beds Total": 0, "Telephone": "(303) 436-4545", "County": "DENVER", "Address Full": "1001 NORTH YOSEMITE STREET, DENVER, CO 80220", "Latitude": 39.730171, "Longitude": -104.88546, "CDPHE HFEMS Licensed": "HCPF Certified", "Operating Status": "Active", "Date Data Updated": "2025-10-27T07:00:00Z", "Source": "CDPHE Health Facilities and Emergency Medical Services Division", "GlobalID": "0f72ebfb-8970-4234-82c0-d28f5b3b702e", "x": 3172847.927, "y": 1691426.641 }, "geometry": { "type": "Point", "coordinates": [ -104.88546, 39.730171 ] } },
{ "type": "Feature", "properties": { "OBJECTID": 534, "Facility ID": "COXXYN", "Facility Name": "LA CASA / QUIGG NEWTON FAMILY HEALTH CENTER", "Facility Type Code": "211", "Facility Type": "All Other Factypes", "Map Symbol": "Federally Qualified Health Center", "Facility Type Detail": "FEDERALLY QHC", "Facility Type Abbreviation": "FQHC", "Licensed Beds Total": 0, "Telephone": "(303) 436-8700", "County": "DENVER", "Address Full": "4545 NAVAJO STREET, DENVER, CO 80211", "Latitude": 39.778965, "Longitude": -105.00425, "CDPHE HFEMS Licensed": "HCPF Certified", "Operating Status": "Active", "Date Data Updated": "2025-10-27T07:00:00Z", "Source": "CDPHE Health Facilities and Emergency Medical Services Division", "GlobalID": "6ae705ab-d64e-45e4-9fd7-253f6bd5d306", "x": 3139340.505, "y": 1708996.445 }, "geometry": { "type": "Point", "coordinates": [ -105.00425, 39.778965 ] } },
{ "type": "Feature", "properties": { "OBJECTID": 535, "Facility ID": "COZI2J", "Facility Name": "WELLINGTON E WEBB CENTER FOR PRIMARY CARE", "Facility Type Code": "211", "Facility Type": "All Other Factypes", "Map Symbol": "Federally Qualified Health Center", "Facility Type Detail": "FEDERALLY QHC", "Facility Type Abbreviation": "FQHC", "Licensed Beds Total": 0, "Telephone": "(303) 436-6000", "County": "DENVER", "Address Full": "301 WEST 6TH AVENUE, DENVER, CO 80204", "Latitude": 39.725719, "Longitude": -104.992424, "CDPHE HFEMS Licensed": "HCPF Certified", "Operating Status": "Active", "Date Data Updated": "2025-10-27T07:00:00Z", "Source": "CDPHE Health Facilities and Emergency Medical Services Division", "GlobalID": "2cdf7027-6e11-4aa6-aef7-e1776246810d", "x": 3142772.708, "y": 1689619.147 }, "geometry": { "type": "Point", "coordinates": [ -104.992424, 39.725719 ] } },
{ "type": "Feature", "properties": { "OBJECTID": 536, "Facility ID": "DYNAMIC", "Facility Name": "DYNAMIC", "Facility Type Code": "05C", "Facility Type": "Home Care Agency", "Map Symbol": "Home Health", "Facility Type Detail": "HCA LICENSE ONLY", "Facility Type Abbreviation": "HCA-LIC", "Licensed Beds Total": 0, "Telephone": "Phone Number Not Avaliable", "County": "DENVER", "Address Full": "789 SHERMAN ST, DENVER, CO 80203", "Latitude": 39.728859, "Longitude": -104.984932, "CDPHE HFEMS Licensed": "Licensed", "Operating Status": "Pending", "Date Data Updated": "2025-10-27T07:00:00Z", "Source": "CDPHE Health Facilities and Emergency Medical Services Division", "GlobalID": "093d44fa-5e1f-41d4-96c7-832511abd0c1", "x": 3144873.534, "y": 1690774.789 }, "geometry": { "type": "Point", "coordinates": [ -104.984932, 39.728859 ] } },
{ "type": "Feature", "properties": { "OBJECTID": 537, "Facility ID": "TC0004", "Facility Name": "PRESBYTERIAN ST LUKE'S MEDICAL CENTER", "Facility Type Code": "01T", "Facility Type": "Hospital", "Map Symbol": "Hospital", "Facility Type Detail": "TRANSPLANT HOSPITAL", "Facility Type Abbreviation": "TH", "Licensed Beds Total": 0, "Telephone": "(303) 839-6100", "County": "DENVER", "Address Full": "1719 EAST 19TH AVENUE, DENVER, CO 80218", "Latitude": 39.746143, "Longitude": -104.966728, "CDPHE HFEMS Licensed": "HCPF Certified", "Operating Status": "Active", "Date Data Updated": "2025-10-27T07:00:00Z", "Source": "CDPHE Health Facilities and Emergency Medical Services Division", "GlobalID": "c53bcd95-b600-4fc6-9552-5f1febc38862", "x": 3149956.671, "y": 1697100.243 }, "geometry": { "type": "Point", "coordinates": [ -104.966728, 39.746143 ] } },
{ "type": "Feature", "properties": { "OBJECTID": 538, "Facility ID": "TC0005", "Facility Name": "CENTURA HEALTH-PORTER ADVENTIST HOSPITAL", "Facility Type Code": "01T", "Facility Type": "Hospital", "Map Symbol": "Hospital", "Facility Type Detail": "TRANSPLANT HOSPITAL", "Facility Type Abbreviation": "TH", "Licensed Beds Total": 0, "Telephone": "Phone Number Not Avaliable", "County": "DENVER", "Address Full": "2535 S DOWNING ST #380, DENVER, CO 80210", "Latitude": 39.670555, "Longitude": -104.973557, "CDPHE HFEMS Licensed": "HCPF Certified", "Operating Status": "Active", "Date Data Updated": "2025-10-27T07:00:00Z", "Source": "CDPHE Health Facilities and Emergency Medical Services Division", "GlobalID": "dbcacc57-b7dd-4ef7-981b-5cf05e26c978", "x": 3148195.963, "y": 1669555.456 }, "geometry": { "type": "Point", "coordinates": [ -104.973557, 39.670555 ] } }
]
}
