{
"type": "FeatureCollection",
"name": "Neighborhoods",
"crs": { "type": "name", "properties": { "name": "urn:ogc:def:crs:OGC:1.3:CRS84" } },
"features": [
{ "type": "Feature", "properties": { "NBHD_ID": 44, "NBHD_NAME": "Marston", "TYPOLOGY": null, "NOTES": null, "GLOBALID": "aaf9714d-2197-4ca5-986d-7d011d0711d7" }, "geometry": { "type": "MultiPolygon", "coordinates": [ [ [ [ -105.065084091663323, 39.618524426731199 ], [ -105.06510075773042, 39.620051648784184 ], [ -105.065671783230144, 39.62060690325012 ], [ -105.073656135033417, 39.623284403839918 ], [ -105.076125689184579, 39.624231226437466 ], [ -105.074527247365381, 39.624233684008765 ], [ -105.076282857952066, 39.62510104402574 ], [ -105.080241793989742, 39.629466998956644 ], [ -105.080962030620711, 39.631333668370971 ], [ -105.081574638582723, 39.6313074829851 ], [ -105.08157447573916, 39.631334821224328 ], [ -105.083722500926655, 39.631333873237935 ], [ -105.083743209484567, 39.630235803595603 ], [ -105.081700842319108, 39.630236785446598 ], [ -105.081757233383755, 39.627324844468752 ], [ -105.083822591490261, 39.627323943386365 ], [ -105.083799447345896, 39.62853387959337 ], [ -105.08558969239165, 39.628533345004371 ], [ -105.085635920433589, 39.6261131285139 ], [ -105.087400713039372, 39.62605276520511 ], [ -105.087393695584268, 39.62709666386862 ], [ -105.09117385839015, 39.627087230120914 ], [ -105.091198403605915, 39.62420777334053 ], [ -105.100654736912261, 39.624229487680637 ], [ -105.107547144760446, 39.624213821860046 ], [ -105.107529265058091, 39.627096325577384 ], [ -105.107989783633158, 39.627095282635388 ], [ -105.109977108982946, 39.627089340949006 ], [ -105.109948079180128, 39.631454517535246 ], [ -105.109924211595498, 39.635077217196489 ], [ -105.100544949355438, 39.635095172911591 ], [ -105.091128451940435, 39.635088089139551 ], [ -105.091114930083307, 39.638708633073009 ], [ -105.08500366184137, 39.638713648114916 ], [ -105.081537602002257, 39.638716262257184 ], [ -105.081431367846193, 39.638716602257432 ], [ -105.081478907083294, 39.636245538198558 ], [ -105.081290469926017, 39.636174641065971 ], [ -105.080864858218149, 39.636151033466263 ], [ -105.08062339892561, 39.6361662946777 ], [ -105.080309208676795, 39.636215912540621 ], [ -105.079971513318114, 39.636639461553628 ], [ -105.079754780055282, 39.636684566365062 ], [ -105.079490380422499, 39.636732073691697 ], [ -105.079057593999195, 39.636714509365305 ], [ -105.07767933980206, 39.636461122988024 ], [ -105.077233384247094, 39.636416080147676 ], [ -105.076649424809403, 39.636430983181867 ], [ -105.075840228987161, 39.636526424876436 ], [ -105.07525301917974, 39.636515940096764 ], [ -105.074910724621532, 39.636623288631903 ], [ -105.074809095211563, 39.636688519064691 ], [ -105.074793446641877, 39.636624468535516 ], [ -105.074186318022427, 39.636758578263375 ], [ -105.073282401827086, 39.63655023824289 ], [ -105.073286794595447, 39.638437481062191 ], [ -105.073286986277509, 39.638519840588287 ], [ -105.073287296649028, 39.63865317282707 ], [ -105.073228399611438, 39.638721798700573 ], [ -105.073206137012718, 39.638747738658466 ], [ -105.072264627906549, 39.638749495537063 ], [ -105.067454420018365, 39.638756469337352 ], [ -105.065496029379872, 39.638742117548837 ], [ -105.060878577735309, 39.638749892033488 ], [ -105.060021385808838, 39.638760936864173 ], [ -105.059810354840849, 39.638681142108894 ], [ -105.059068227127241, 39.638682134305121 ], [ -105.059125597304842, 39.638389549525741 ], [ -105.059849522452623, 39.634697433096363 ], [ -105.057070873596885, 39.631505462267775 ], [ -105.053443954551156, 39.629304681329543 ], [ -105.053461782032031, 39.627711776533246 ], [ -105.055790216686333, 39.626004408272394 ], [ -105.055819010843422, 39.62425777833819 ], [ -105.053493682480436, 39.624260588459883 ], [ -105.053526747419937, 39.620873312408854 ], [ -105.05433996275832, 39.620828699976855 ], [ -105.055359095053831, 39.62106077026511 ], [ -105.05628264963751, 39.621110590204466 ], [ -105.057253875370009, 39.620919335028233 ], [ -105.05739586231671, 39.620498111043098 ], [ -105.056498696489996, 39.619924377572779 ], [ -105.057130492921701, 39.619374254590909 ], [ -105.057096667494775, 39.619389914169162 ], [ -105.058170434389496, 39.617381794150823 ], [ -105.05810806411111, 39.614415236405769 ], [ -105.097019682063745, 39.614317833859374 ], [ -105.097039565786019, 39.618436868317794 ], [ -105.065084091663323, 39.618524426731199 ] ], [ [ -105.080884194301021, 39.635007020585356 ], [ -105.080880101171275, 39.635693001289034 ], [ -105.081493465789961, 39.635695187670223 ], [ -105.081497552929775, 39.635009206945682 ], [ -105.080884194301021, 39.635007020585356 ] ] ] ] } },
{ "type": "Feature", "properties": { "NBHD_ID": 27, "NBHD_NAME": "Fort Logan", "TYPOLOGY": null, "NOTES": null, "GLOBALID": "51c3d300-0134-4adb-8d11-0eb9903344db" }, "geometry": { "type": "MultiPolygon", "coordinates": [ [ [ [ -105.034625271669825, 39.653282358815872 ], [ -105.034641232711138, 39.64953399486393 ], [ -105.034651210609098, 39.64588443521464 ], [ -105.034369779387646, 39.645884349853972 ], [ -105.034371422048324, 39.645636588467546 ], [ -105.034426855389725, 39.645577782840761 ], [ -105.034445715419778, 39.643804016687724 ], [ -105.03276079537028, 39.643793554323793 ], [ -105.032794570523421, 39.642853404807333 ], [ -105.029990324084466, 39.642825749438984 ], [ -105.02999406728614, 39.642266398197087 ], [ -105.029891090732562, 39.642265986256106 ], [ -105.02991451603161, 39.640092444116853 ], [ -105.03001748972315, 39.640092856038926 ], [ -105.030046784213653, 39.638633472072577 ], [ -105.034710831574586, 39.638627325915131 ], [ -105.034758480718821, 39.633175914669039 ], [ -105.030069162331046, 39.633165831416143 ], [ -105.030067950473779, 39.632948942544608 ], [ -105.029812146712231, 39.632708386179452 ], [ -105.029782204853532, 39.632672919853832 ], [ -105.029748781075668, 39.632627144283809 ], [ -105.029721584752139, 39.632579334851755 ], [ -105.029698837886073, 39.632529827181337 ], [ -105.029682313341524, 39.632478971811437 ], [ -105.029672009264502, 39.632427111624594 ], [ -105.029667032810067, 39.632374929826419 ], [ -105.029134588261343, 39.632355295450445 ], [ -105.02913281539233, 39.632354945357505 ], [ -105.029076914576223, 39.632351975797114 ], [ -105.029021041633783, 39.632344888412192 ], [ -105.028966966946157, 39.632334376526778 ], [ -105.028913807670037, 39.632319750176379 ], [ -105.028862444037557, 39.632302042507398 ], [ -105.028812878616435, 39.632280910243672 ], [ -105.027392986101262, 39.631707259993689 ], [ -105.027264645353711, 39.63165320910332 ], [ -105.027096390772797, 39.631594879054227 ], [ -105.026921842372971, 39.631548534516376 ], [ -105.026742777406014, 39.631513839433104 ], [ -105.026560969012024, 39.631491144118378 ], [ -105.026376412346053, 39.631481134466114 ], [ -105.026191772467996, 39.631483478675541 ], [ -105.025410696658028, 39.631479639757366 ], [ -105.025411266999086, 39.631395222033738 ], [ -105.025435046769715, 39.628532242860231 ], [ -105.025669379495625, 39.628530443904637 ], [ -105.025825593888158, 39.628530388190725 ], [ -105.02637782628328, 39.628506877789889 ], [ -105.026925869956045, 39.628446285734093 ], [ -105.027464396608977, 39.628348933388779 ], [ -105.027990736117047, 39.628215839924003 ], [ -105.028498669980465, 39.628047666570829 ], [ -105.028887478924844, 39.627907496899446 ], [ -105.029323121737519, 39.627798055697014 ], [ -105.031106179746857, 39.627808274354599 ], [ -105.031621354231191, 39.627883768085191 ], [ -105.032395211476555, 39.628032698451634 ], [ -105.032946643784058, 39.628128577650216 ], [ -105.033501802934794, 39.628198044967768 ], [ -105.034803837453978, 39.628203551089214 ], [ -105.034807318112385, 39.62781200692514 ], [ -105.03579429627537, 39.627811792820964 ], [ -105.035918525377568, 39.62781640179562 ], [ -105.036041812836217, 39.627829242798747 ], [ -105.036163268377237, 39.627850656159353 ], [ -105.036282007047859, 39.627880294096705 ], [ -105.036397145619915, 39.627917467960152 ], [ -105.03650690706705, 39.627962513235168 ], [ -105.036612183536405, 39.628014747278527 ], [ -105.036710316659054, 39.628073473592337 ], [ -105.036720036689346, 39.628080032007936 ], [ -105.036806665835769, 39.628133565041843 ], [ -105.037395934020367, 39.627471851089602 ], [ -105.037717774533903, 39.627119651854542 ], [ -105.038017819910849, 39.626842177312618 ], [ -105.039490222121856, 39.627798198729238 ], [ -105.039570660255904, 39.627848616956946 ], [ -105.039655570201674, 39.627893905221811 ], [ -105.039745845836165, 39.627933037098956 ], [ -105.039805172308121, 39.627954546205316 ], [ -105.040037107275239, 39.628047424320933 ], [ -105.040090967105641, 39.627954978850696 ], [ -105.040154562837103, 39.627866689827641 ], [ -105.040217169357163, 39.627793839586161 ], [ -105.040268060170504, 39.62774805376727 ], [ -105.040645401752329, 39.628000387552795 ], [ -105.040921269027081, 39.627754382922454 ], [ -105.041340260317014, 39.628017172523208 ], [ -105.04171972961889, 39.627672050857633 ], [ -105.042302159756574, 39.628052152595878 ], [ -105.042785379193759, 39.627584576444889 ], [ -105.043033970813539, 39.627709771548936 ], [ -105.043295985746099, 39.627818202961372 ], [ -105.043569657793668, 39.6279084908276 ], [ -105.04385144328819, 39.627979592245119 ], [ -105.044141339863941, 39.628031849935795 ], [ -105.044163508532094, 39.62803502440152 ], [ -105.044136831360944, 39.631462165564535 ], [ -105.053315763581026, 39.631511675459073 ], [ -105.053245348656091, 39.638776987395161 ], [ -105.058817363498918, 39.638766641756575 ], [ -105.058760124581212, 39.638975760064142 ], [ -105.059165948093209, 39.638811875893701 ], [ -105.059294946831812, 39.638767061364341 ], [ -105.059429215368269, 39.638731189418209 ], [ -105.059566976660591, 39.638704595158053 ], [ -105.059707340545955, 39.63868761957751 ], [ -105.059810354840849, 39.638681142108894 ], [ -105.060021385808838, 39.638760936864173 ], [ -105.060878577735309, 39.638749892033488 ], [ -105.065496029379872, 39.638742117548837 ], [ -105.067454420018365, 39.638756469337352 ], [ -105.072264627906549, 39.638749495537063 ], [ -105.073206137012718, 39.638747738658466 ], [ -105.073228399611438, 39.638721798700573 ], [ -105.073287296649028, 39.63865317282707 ], [ -105.076919314562517, 39.638644812203751 ], [ -105.07692088747234, 39.639112235746047 ], [ -105.076919286471835, 39.639194701042967 ], [ -105.076912716919097, 39.639277019072331 ], [ -105.07690119307, 39.639359010985629 ], [ -105.076884739944717, 39.639440498642273 ], [ -105.076863393273314, 39.639521304996634 ], [ -105.076837199418421, 39.639601254482777 ], [ -105.07680621527453, 39.639680173395824 ], [ -105.076770508144591, 39.639757890269486 ], [ -105.076747126103328, 39.639803329522792 ], [ -105.076734631588749, 39.639828770466714 ], [ -105.076098138369574, 39.64100526087153 ], [ -105.076045983871197, 39.64111557300113 ], [ -105.07600623886087, 39.641229018511247 ], [ -105.075979794653307, 39.641344914156939 ], [ -105.075966659858494, 39.641461887281956 ], [ -105.075964600880383, 39.641508893841376 ], [ -105.075958178736855, 39.641690406977304 ], [ -105.075951313981605, 39.641798137181773 ], [ -105.075932910892746, 39.641905482404169 ], [ -105.075902090189985, 39.642011067221993 ], [ -105.075859745294608, 39.642113864889915 ], [ -105.075805876353968, 39.642213875697564 ], [ -105.075789741654987, 39.642239554874585 ], [ -105.074559347583801, 39.644140378282252 ], [ -105.07447341237868, 39.644257430678067 ], [ -105.074374199548501, 39.644367914929937 ], [ -105.074263489479492, 39.64447115063146 ], [ -105.074141284039513, 39.644566794872716 ], [ -105.07400936494885, 39.644653824569311 ], [ -105.073866848315674, 39.644731550362685 ], [ -105.073777510346403, 39.644773100334191 ], [ -105.072609000485429, 39.645283694592933 ], [ -105.072532531910554, 39.645321409527774 ], [ -105.07252268, 39.645326183162616 ], [ -105.072459424856646, 39.645362671991862 ], [ -105.072401468667124, 39.645403641337737 ], [ -105.072347043300027, 39.645448055064286 ], [ -105.072298809141444, 39.645496266095506 ], [ -105.072255882621221, 39.645547585251975 ], [ -105.072218268187527, 39.645601325882247 ], [ -105.072187741292396, 39.645657494404809 ], [ -105.072163417921331, 39.645715401284498 ], [ -105.072145298608007, 39.645775046376407 ], [ -105.07213427706705, 39.645835404031672 ], [ -105.072129468497607, 39.645896127242125 ], [ -105.072129726314799, 39.645992602304112 ], [ -105.072041427663109, 39.645992838154598 ], [ -105.063246630140128, 39.646006139272217 ], [ -105.063245452104937, 39.646088493657054 ], [ -105.06320518487253, 39.649632996634431 ], [ -105.062616539161525, 39.649633895517006 ], [ -105.06261533931692, 39.649683993565489 ], [ -105.057100676397468, 39.649697179621079 ], [ -105.057079164011697, 39.651199836744446 ], [ -105.057078502366124, 39.65125474351089 ], [ -105.055633623147216, 39.651257048384686 ], [ -105.055634460191641, 39.651184512586546 ], [ -105.053603081763342, 39.651187722606259 ], [ -105.053732413523065, 39.651401838448798 ], [ -105.054200823198087, 39.65152625003028 ], [ -105.054272893838927, 39.651528210334575 ], [ -105.054344684455941, 39.651533493827557 ], [ -105.054415938848535, 39.651542081653879 ], [ -105.054486402729552, 39.651553943165993 ], [ -105.054555824632587, 39.651569036033408 ], [ -105.05462395680938, 39.65158730639385 ], [ -105.054690556113798, 39.651608689045332 ], [ -105.05475538486948, 39.651633107678961 ], [ -105.054818211718015, 39.651660475151033 ], [ -105.054878812444514, 39.65169069379423 ], [ -105.054936970777717, 39.651723655765956 ], [ -105.054992479161754, 39.651759243433261 ], [ -105.055045139496926, 39.651797329792551 ], [ -105.05509476384654, 39.651837778922804 ], [ -105.055141175107707, 39.651880446470628 ], [ -105.055184207643435, 39.651925180165321 ], [ -105.055241926793215, 39.651998916280277 ], [ -105.055312955590622, 39.651998780200039 ], [ -105.057074199363043, 39.651995392394781 ], [ -105.05706433446467, 39.652851632845739 ], [ -105.057068840592748, 39.652906529748371 ], [ -105.057067572731299, 39.652952456569956 ], [ -105.057066814788399, 39.653172952645498 ], [ -105.053793386015371, 39.653192796497777 ], [ -105.05322865821303, 39.653190651009218 ], [ -105.053188389492348, 39.65319049791843 ], [ -105.053101852557603, 39.653190817862779 ], [ -105.052785991011746, 39.653191985707075 ], [ -105.052298145560187, 39.653193791205339 ], [ -105.05022635294749, 39.653214984826548 ], [ -105.049618672191173, 39.65324742594359 ], [ -105.04832431575764, 39.653316514915026 ], [ -105.046101134237674, 39.653576306994879 ], [ -105.041362694884995, 39.654128222064202 ], [ -105.039413443010829, 39.654362269116085 ], [ -105.038662119804968, 39.654412094344629 ], [ -105.037926278572982, 39.654415068565939 ], [ -105.037456280762328, 39.65436630969527 ], [ -105.036842387119705, 39.654281797882483 ], [ -105.036138491466986, 39.654088171551443 ], [ -105.035422847191768, 39.653826455917034 ], [ -105.035349720359278, 39.65379444075424 ], [ -105.034664455755134, 39.653494415889213 ], [ -105.034625271669825, 39.653282358815872 ] ] ] ] } },
{ "type": "Feature", "properties": { "NBHD_ID": 6, "NBHD_NAME": "Bear Valley", "TYPOLOGY": null, "NOTES": null, "GLOBALID": "845019c6-be39-4c14-833f-a18f40982453" }, "geometry": { "type": "MultiPolygon", "coordinates": [ [ [ [ -105.079244091999129, 39.669331785660354 ], [ -105.079061044760607, 39.669330070665843 ], [ -105.078905311473164, 39.669332166625225 ], [ -105.078749709233662, 39.669337529649859 ], [ -105.078612984418129, 39.669340837340926 ], [ -105.078476275663917, 39.669337154451085 ], [ -105.078340180780685, 39.669326497085095 ], [ -105.078205294893095, 39.669308911846137 ], [ -105.078072691238219, 39.669288166826469 ], [ -105.076698966481672, 39.669073246703938 ], [ -105.076700431596493, 39.66942351909136 ], [ -105.07601363612757, 39.669316063355659 ], [ -105.075931731452329, 39.67000398837002 ], [ -105.075315733487201, 39.670067727131176 ], [ -105.074961589107218, 39.67049537649946 ], [ -105.07451464834719, 39.67026189531974 ], [ -105.07302900281752, 39.669806740963246 ], [ -105.072753391645207, 39.669825279379495 ], [ -105.072545324920156, 39.669446298238313 ], [ -105.072005408211183, 39.669377525714111 ], [ -105.072001561887504, 39.667785465061826 ], [ -105.072001031067316, 39.667785465237003 ], [ -105.068510376740235, 39.667786558184773 ], [ -105.067394952638608, 39.667787262675233 ], [ -105.067311473721333, 39.667787298557108 ], [ -105.062622441569857, 39.66778847608547 ], [ -105.053243484069853, 39.667790952531817 ], [ -105.05326146756687, 39.666390569877585 ], [ -105.053259789244592, 39.665573270920987 ], [ -105.053260125931942, 39.664733819922454 ], [ -105.053252323819393, 39.662580449502478 ], [ -105.053243956151988, 39.659647090808313 ], [ -105.053236850010492, 39.65791752645827 ], [ -105.05323104784145, 39.657179698496201 ], [ -105.053226364617643, 39.656171260542926 ], [ -105.053192417712992, 39.653906572838792 ], [ -105.053199944499497, 39.653757908797729 ], [ -105.05322043385037, 39.653353152270547 ], [ -105.05322865821303, 39.653190651009218 ], [ -105.053793386015371, 39.653192796497777 ], [ -105.057066814788399, 39.653172952645498 ], [ -105.057067572731299, 39.652952456569956 ], [ -105.057068840592748, 39.652906529748371 ], [ -105.05706433446467, 39.652851632845739 ], [ -105.058043192023248, 39.652849738373035 ], [ -105.058059180764957, 39.651460251610501 ], [ -105.058236702850508, 39.651459907116084 ], [ -105.058239070769304, 39.651254072122725 ], [ -105.06201210398315, 39.65124668682919 ], [ -105.062009590244713, 39.651466224295909 ], [ -105.062008961597783, 39.651521131896303 ], [ -105.062594784559693, 39.651519974351835 ], [ -105.062595408828784, 39.651465070648385 ], [ -105.062608747355739, 39.650291987215084 ], [ -105.063893711380572, 39.650289859635834 ], [ -105.063903851850057, 39.649733478139886 ], [ -105.063905001918059, 39.649632167227814 ], [ -105.063976032111412, 39.649632071546698 ], [ -105.064308577607676, 39.649631623018593 ], [ -105.064379586513567, 39.649630395374963 ], [ -105.070843449725103, 39.649619450483016 ], [ -105.070838956194919, 39.650005319546217 ], [ -105.069922737760237, 39.649997058053223 ], [ -105.069769279851812, 39.650325151105946 ], [ -105.069700824109688, 39.650473356434901 ], [ -105.069419024915433, 39.650839983344589 ], [ -105.069176640062707, 39.651159422650572 ], [ -105.069130672546606, 39.651307514619575 ], [ -105.069057371820207, 39.651378581251286 ], [ -105.068209693396014, 39.652194096673433 ], [ -105.068066527634556, 39.652194341864451 ], [ -105.068065858489476, 39.652249245302237 ], [ -105.068062849699686, 39.652496119777858 ], [ -105.067500451399454, 39.652497081408612 ], [ -105.067491240728089, 39.653252329133977 ], [ -105.067264296542177, 39.65325272382325 ], [ -105.067264495076117, 39.653307629128975 ], [ -105.067270863099537, 39.655068712479789 ], [ -105.067278318001527, 39.656884780418189 ], [ -105.07016590765744, 39.656880620258121 ], [ -105.070167758837798, 39.657448568405783 ], [ -105.070122675354924, 39.657995754659986 ], [ -105.070068008248981, 39.659093001954545 ], [ -105.071981076429481, 39.659610616155092 ], [ -105.071982962008505, 39.660029629669637 ], [ -105.074331796627632, 39.659724982928189 ], [ -105.076681845868833, 39.659339037909398 ], [ -105.076683497697445, 39.659915136574654 ], [ -105.078200551243512, 39.660796078604434 ], [ -105.078922870418481, 39.66158837003178 ], [ -105.079223110492748, 39.662045902636265 ], [ -105.081388231636339, 39.662042737812307 ], [ -105.081398129572761, 39.667737742748763 ], [ -105.081408795675372, 39.670160544700288 ], [ -105.08130405058678, 39.670125768597245 ], [ -105.081293159830679, 39.670122224601528 ], [ -105.081188213172425, 39.670085161679658 ], [ -105.081082223810981, 39.670049915454094 ], [ -105.080941011786635, 39.67000626126287 ], [ -105.080798201488051, 39.669965831527264 ], [ -105.080653916162461, 39.669928661138115 ], [ -105.080508280329369, 39.669894782173294 ], [ -105.080361419673238, 39.669864223870213 ], [ -105.080213460935028, 39.669837012600524 ], [ -105.080064531802819, 39.669813171847395 ], [ -105.079914760801714, 39.669792722185193 ], [ -105.07986339544199, 39.669786512934714 ], [ -105.07969191654098, 39.669768724619104 ], [ -105.079519764303782, 39.669755374396594 ], [ -105.079355444719454, 39.669747662226882 ], [ -105.079207937670745, 39.669745563123641 ], [ -105.079207625865749, 39.669742586783485 ], [ -105.079244091999129, 39.669331785660354 ] ], [ [ -105.064921426334536, 39.65378242635294 ], [ -105.064919356429314, 39.653256686031412 ], [ -105.06397995919572, 39.653258352335435 ], [ -105.06399267254281, 39.653784818105017 ], [ -105.064921426334536, 39.65378242635294 ] ], [ [ -105.063563096927368, 39.652900939953405 ], [ -105.063569533419169, 39.651865283984776 ], [ -105.06257336446167, 39.651861580351039 ], [ -105.062566913278857, 39.652897236266348 ], [ -105.063563096927368, 39.652900939953405 ] ] ] ] } },
{ "type": "Feature", "properties": { "NBHD_ID": 35, "NBHD_NAME": "Harvey Park South", "TYPOLOGY": null, "NOTES": null, "GLOBALID": "1ce3d4a2-dbd9-4245-8ed2-a54a3293c6fc" }, "geometry": { "type": "MultiPolygon", "coordinates": [ [ [ [ -105.02511849601629, 39.667722404802845 ], [ -105.025120911647221, 39.666950447120158 ], [ -105.02511460435538, 39.665824147941009 ], [ -105.025130308117951, 39.665340008347407 ], [ -105.025133855775337, 39.665045234127042 ], [ -105.025145269924806, 39.664076105248832 ], [ -105.025146936688557, 39.663731740972317 ], [ -105.025158214331228, 39.662126447360137 ], [ -105.025168202285116, 39.660508648946021 ], [ -105.025190173340377, 39.657436302862941 ], [ -105.025193920046107, 39.656823688563243 ], [ -105.025185337151555, 39.656809428547511 ], [ -105.025359377852894, 39.656808414354437 ], [ -105.025362032539732, 39.656890541149401 ], [ -105.03267113645316, 39.656884254267695 ], [ -105.032565724123288, 39.656817581098515 ], [ -105.032466453784508, 39.65674348532049 ], [ -105.032368624122554, 39.656656734211715 ], [ -105.03228911209483, 39.656572799241395 ], [ -105.032230331231318, 39.656500085953788 ], [ -105.032186890896, 39.656438334832401 ], [ -105.032144303517597, 39.656368578237704 ], [ -105.032171660114457, 39.653282525494788 ], [ -105.034625271669825, 39.653282358815872 ], [ -105.034664455755134, 39.653494415889213 ], [ -105.035349720359278, 39.65379444075424 ], [ -105.035422847191768, 39.653826455917034 ], [ -105.036138491466986, 39.654088171551443 ], [ -105.036842387119705, 39.654281797882483 ], [ -105.037456280762328, 39.65436630969527 ], [ -105.037926278572982, 39.654415068565939 ], [ -105.038662119804968, 39.654412094344629 ], [ -105.039413443010829, 39.654362269116085 ], [ -105.041362694884995, 39.654128222064202 ], [ -105.046101134237674, 39.653576306994879 ], [ -105.04832431575764, 39.653316514915026 ], [ -105.049618672191173, 39.65324742594359 ], [ -105.05022635294749, 39.653214984826548 ], [ -105.052298145560187, 39.653193791205339 ], [ -105.052785991011746, 39.653191985707075 ], [ -105.053101852557603, 39.653190817862779 ], [ -105.053188389492348, 39.65319049791843 ], [ -105.05322865821303, 39.653190651009218 ], [ -105.05322043385037, 39.653353152270547 ], [ -105.053199944499497, 39.653757908797729 ], [ -105.053192417712992, 39.653906572838792 ], [ -105.053226364617643, 39.656171260542926 ], [ -105.05323104784145, 39.657179698496201 ], [ -105.053236850010492, 39.65791752645827 ], [ -105.053243956151988, 39.659647090808313 ], [ -105.053252323819393, 39.662580449502478 ], [ -105.053260125931942, 39.664733819922454 ], [ -105.053259789244592, 39.665573270920987 ], [ -105.05326146756687, 39.666390569877585 ], [ -105.053243484069853, 39.667790952531817 ], [ -105.051791766845824, 39.667784044670228 ], [ -105.050804892264878, 39.667777197829899 ], [ -105.049815921294396, 39.667771698878575 ], [ -105.048818218881621, 39.667760324167261 ], [ -105.047821334211449, 39.667755663320285 ], [ -105.046833604455045, 39.667754405493845 ], [ -105.04656906360006, 39.667753042216432 ], [ -105.045836470324772, 39.667748841589521 ], [ -105.045542586910912, 39.667747362579043 ], [ -105.044841782779741, 39.667743278097447 ], [ -105.043848636762021, 39.667738962698586 ], [ -105.042857069780268, 39.667734285604432 ], [ -105.041761426352579, 39.667725476759735 ], [ -105.040692615473716, 39.667719589176535 ], [ -105.039695644796893, 39.667717778251429 ], [ -105.038696074293085, 39.667708339546515 ], [ -105.037777232636472, 39.667705363586862 ], [ -105.036855886732255, 39.667698636555727 ], [ -105.035932042196137, 39.667692312359357 ], [ -105.034971924853139, 39.667687878045491 ], [ -105.033837405749864, 39.667684204403237 ], [ -105.031895353379809, 39.667699548773435 ], [ -105.030918637704687, 39.667707156136274 ], [ -105.029878902665857, 39.667712862220483 ], [ -105.028882172439339, 39.66772009753673 ], [ -105.027960351283994, 39.667728199689549 ], [ -105.02697726000396, 39.667732825715085 ], [ -105.026055345145025, 39.667739383079336 ], [ -105.02511849601629, 39.667722404802845 ] ] ] ] } },
{ "type": "Feature", "properties": { "NBHD_ID": 58, "NBHD_NAME": "Southmoor Park", "TYPOLOGY": null, "NOTES": null, "GLOBALID": "069d5b00-96fb-426d-844f-60d0e326928e" }, "geometry": { "type": "MultiPolygon", "coordinates": [ [ [ [ -104.90187364641551, 39.624099885999144 ], [ -104.90404881634322, 39.624095143862476 ], [ -104.911641667995951, 39.624090521020094 ], [ -104.913416734744359, 39.624089445750656 ], [ -104.913399948522425, 39.62546205811843 ], [ -104.913326766157866, 39.631355699039553 ], [ -104.913238392722064, 39.638573352546516 ], [ -104.913237395409311, 39.638655708607018 ], [ -104.919784178918562, 39.643762392207634 ], [ -104.920569721272045, 39.644375063347752 ], [ -104.922277857277592, 39.645707241129564 ], [ -104.922354112539495, 39.645764754646457 ], [ -104.922505376824844, 39.645884678169026 ], [ -104.922506268480305, 39.645855935162409 ], [ -104.931883438198369, 39.645831980613117 ], [ -104.931802643585144, 39.64945375912793 ], [ -104.931723241460475, 39.653051982233173 ], [ -104.931712905234178, 39.653052014159641 ], [ -104.930527475501236, 39.653051027650356 ], [ -104.929355676760423, 39.653052552093008 ], [ -104.928192900834077, 39.653056101081724 ], [ -104.927205478651445, 39.653055473814497 ], [ -104.926201090129695, 39.653064864160697 ], [ -104.92609851261669, 39.653064055630537 ], [ -104.925207325894078, 39.653059399511292 ], [ -104.925030941445542, 39.653062871921243 ], [ -104.924214695026663, 39.653065482068783 ], [ -104.923966291627565, 39.653070828879194 ], [ -104.922819719489198, 39.653087094469846 ], [ -104.921745651623027, 39.653100894092397 ], [ -104.920468484782916, 39.653097724639011 ], [ -104.920084982073888, 39.653089381049128 ], [ -104.919164172970341, 39.653087386441861 ], [ -104.918595121437278, 39.653086137043296 ], [ -104.918458155196291, 39.653087912275971 ], [ -104.918335863402433, 39.652834021897597 ], [ -104.918165959863842, 39.652481280303078 ], [ -104.917499400109392, 39.651178555737438 ], [ -104.916685689147897, 39.649694900791509 ], [ -104.911562400738163, 39.640801895753263 ], [ -104.910433836900239, 39.638880160580371 ], [ -104.910228467248615, 39.638530440844974 ], [ -104.90939002590963, 39.637102639011445 ], [ -104.908467892264696, 39.635536300797135 ], [ -104.908263240876039, 39.635107268553057 ], [ -104.907399801232174, 39.633603250751314 ], [ -104.906031060221224, 39.631297792990104 ], [ -104.904753257471612, 39.62903652117037 ], [ -104.904543068146097, 39.628684861269072 ], [ -104.904463572329163, 39.628551859475436 ], [ -104.904360979598692, 39.628356664639853 ], [ -104.904298823455306, 39.628248816569368 ], [ -104.903372114176932, 39.626640820810309 ], [ -104.902971885218022, 39.626001917170925 ], [ -104.902379362466775, 39.624973157967908 ], [ -104.902063258291349, 39.624436132203741 ], [ -104.90187364641551, 39.624099885999144 ] ], [ [ -104.903797473819608, 39.626834457357894 ], [ -104.903927052646878, 39.626835114903706 ], [ -104.903919297308832, 39.624192634458183 ], [ -104.902913768234853, 39.624187527904056 ], [ -104.902806219172646, 39.624310524008351 ], [ -104.90329454430119, 39.625960928048059 ], [ -104.903797473819608, 39.626834457357894 ] ] ] ] } },
{ "type": "Feature", "properties": { "NBHD_ID": 33, "NBHD_NAME": "Hampden South", "TYPOLOGY": null, "NOTES": null, "GLOBALID": "e32cba27-be8c-4484-b28f-f2424353f4a3" }, "geometry": { "type": "MultiPolygon", "coordinates": [ [ [ [ -104.902063258291349, 39.624436132203741 ], [ -104.902379362466775, 39.624973157967908 ], [ -104.902971885218022, 39.626001917170925 ], [ -104.903372114176932, 39.626640820810309 ], [ -104.904298823455306, 39.628248816569368 ], [ -104.904360979598692, 39.628356664639853 ], [ -104.904463572329163, 39.628551859475436 ], [ -104.904543068146097, 39.628684861269072 ], [ -104.904753257471612, 39.62903652117037 ], [ -104.906031060221224, 39.631297792990104 ], [ -104.907399801232174, 39.633603250751314 ], [ -104.908263240876039, 39.635107268553057 ], [ -104.908467892264696, 39.635536300797135 ], [ -104.90939002590963, 39.637102639011445 ], [ -104.910228467248615, 39.638530440844974 ], [ -104.910433836900239, 39.638880160580371 ], [ -104.911562400738163, 39.640801895753263 ], [ -104.916685689147897, 39.649694900791509 ], [ -104.917499400109392, 39.651178555737438 ], [ -104.918165959863842, 39.652481280303078 ], [ -104.918335863402433, 39.652834021897597 ], [ -104.918458155196291, 39.653087912275971 ], [ -104.918388152316453, 39.65308710402293 ], [ -104.917774674278093, 39.653089968414214 ], [ -104.916671979999251, 39.653081412473973 ], [ -104.915356898619791, 39.653094438092225 ], [ -104.912939948482432, 39.653097146965713 ], [ -104.912689630830457, 39.653097953662467 ], [ -104.91106474165845, 39.65310286272566 ], [ -104.909333303742187, 39.653107899384054 ], [ -104.909105349225243, 39.653107848427879 ], [ -104.908849385395186, 39.65310958518662 ], [ -104.907917073114589, 39.653112098269574 ], [ -104.907384320841246, 39.65311387433799 ], [ -104.907165723857602, 39.65311448788762 ], [ -104.906943026190319, 39.653115080086401 ], [ -104.905957436755131, 39.653117995085751 ], [ -104.904998485976208, 39.653120693552658 ], [ -104.904736172217724, 39.653121423176927 ], [ -104.904365399557946, 39.653122634242173 ], [ -104.902287729957635, 39.653121694692224 ], [ -104.900552817646059, 39.653117319531852 ], [ -104.898768655844123, 39.653120424851835 ], [ -104.894560933330894, 39.653102650475944 ], [ -104.894092624452355, 39.653100662458954 ], [ -104.891879148300546, 39.653094720072559 ], [ -104.887987562438994, 39.653087216785629 ], [ -104.887733380280395, 39.653081774504727 ], [ -104.887471204581587, 39.653079377811125 ], [ -104.886436612220365, 39.653077828444665 ], [ -104.884794786338134, 39.653075350929718 ], [ -104.882752781168151, 39.653070475068745 ], [ -104.881430197422588, 39.653067298030194 ], [ -104.881363201776409, 39.653067152412305 ], [ -104.880231222959139, 39.653064687124896 ], [ -104.880101460392922, 39.653064415133215 ], [ -104.880249875523873, 39.645905943843673 ], [ -104.880342710361148, 39.641320960144661 ], [ -104.885094988862718, 39.638970482536273 ], [ -104.885102323212323, 39.638639701932597 ], [ -104.885183582952052, 39.631384752270577 ], [ -104.885264780414175, 39.624134932211817 ], [ -104.894650588169625, 39.624115382868929 ], [ -104.90187364641551, 39.624099885999144 ], [ -104.902063258291349, 39.624436132203741 ] ] ] ] } },
{ "type": "Feature", "properties": { "NBHD_ID": 38, "NBHD_NAME": "Indian Creek", "TYPOLOGY": null, "NOTES": null, "GLOBALID": "d492ac79-a176-48f9-a88e-632c40736bbd" }, "geometry": { "type": "MultiPolygon", "coordinates": [ [ [ [ -104.903524258886449, 39.684798442252813 ], [ -104.903516903658598, 39.684909170893874 ], [ -104.903523919755074, 39.685489580183223 ], [ -104.90354858004514, 39.68738349764606 ], [ -104.903522215499848, 39.689357330145612 ], [ -104.898801496658308, 39.689345780351069 ], [ -104.898805202761878, 39.690710634265891 ], [ -104.898142218043589, 39.6907117068681 ], [ -104.898807176240354, 39.691437422436614 ], [ -104.898811368436753, 39.692981145843909 ], [ -104.894186284117964, 39.692966146071349 ], [ -104.894093030075979, 39.692888726573358 ], [ -104.894080989880067, 39.689332736432085 ], [ -104.894068820716157, 39.685700249772601 ], [ -104.889338652321072, 39.685691220582235 ], [ -104.889318702327202, 39.682062461845369 ], [ -104.894055764282697, 39.682067753852635 ], [ -104.894067409850152, 39.678454941125459 ], [ -104.896347433626943, 39.678458434206341 ], [ -104.903540979282695, 39.678476408190697 ], [ -104.903525394231593, 39.682084262509377 ], [ -104.903524258886449, 39.684798442252813 ] ], [ [ -104.90274718799408, 39.685719189810847 ], [ -104.898792693087998, 39.683420130144874 ], [ -104.898796310539993, 39.685710790894966 ], [ -104.90274718799408, 39.685719189810847 ] ] ] ] } },
{ "type": "Feature", "properties": { "NBHD_ID": 30, "NBHD_NAME": "Goldsmith", "TYPOLOGY": null, "NOTES": null, "GLOBALID": "d6e21ea6-2f5b-4cfa-b3d9-21c879f9522a" }, "geometry": { "type": "MultiPolygon", "coordinates": [ [ [ [ -104.905648047066933, 39.678447482552137 ], [ -104.905505436555416, 39.678401120255465 ], [ -104.905367349002319, 39.678345171760412 ], [ -104.90523644252481, 39.678280337101896 ], [ -104.905113602334907, 39.678206964118665 ], [ -104.904999714286959, 39.678125400102871 ], [ -104.904895657229545, 39.678036679336905 ], [ -104.904848080013295, 39.67799114017604 ], [ -104.903548364266214, 39.676767679058557 ], [ -104.903556505764257, 39.67486862683419 ], [ -104.903554984439978, 39.67337514936073 ], [ -104.90355382878856, 39.671211465881967 ], [ -104.903550699848182, 39.667631750379549 ], [ -104.905901967805661, 39.667650658830532 ], [ -104.907412952342412, 39.667647647210295 ], [ -104.908599935984114, 39.667645731407639 ], [ -104.909772986078011, 39.667643392678791 ], [ -104.910941956806695, 39.667641706368656 ], [ -104.912884153527088, 39.667638382180719 ], [ -104.91464643606615, 39.667598453294978 ], [ -104.915625430942029, 39.667603028985432 ], [ -104.91586222496673, 39.667597295532921 ], [ -104.91629593054121, 39.66759233435122 ], [ -104.916388017425589, 39.667591280825661 ], [ -104.917153496240275, 39.667590798466513 ], [ -104.917554070864995, 39.6675905441437 ], [ -104.917568781741565, 39.672989688849199 ], [ -104.919228412227142, 39.673886705177345 ], [ -104.919244330142547, 39.673895019876895 ], [ -104.91930804500528, 39.673923131177624 ], [ -104.919375346196432, 39.673947142226098 ], [ -104.919444464084862, 39.673966357955358 ], [ -104.919515397426821, 39.673980778004967 ], [ -104.919588143888262, 39.673990745897441 ], [ -104.919661824382132, 39.673995227732021 ], [ -104.91973554149763, 39.673995248685564 ], [ -104.919827939938855, 39.673991586393477 ], [ -104.919930060351092, 39.673993806111206 ], [ -104.920030344439937, 39.674003223484753 ], [ -104.920129683829558, 39.674019499078447 ], [ -104.920227196042788, 39.674041942672233 ], [ -104.920321099224722, 39.674071231956248 ], [ -104.920411398870414, 39.674106680544021 ], [ -104.920497209857047, 39.674147940593258 ], [ -104.920578532067807, 39.674195012163146 ], [ -104.920654483197779, 39.67424720484378 ], [ -104.921059501550317, 39.674568346612823 ], [ -104.921057243230365, 39.674842183420267 ], [ -104.922260729579435, 39.674840211155313 ], [ -104.922264012109707, 39.675628483995972 ], [ -104.922308241370075, 39.6756503208385 ], [ -104.922363134331633, 39.67567152389006 ], [ -104.922421616274661, 39.67568828328524 ], [ -104.922478364275108, 39.67569988654887 ], [ -104.922539592768061, 39.675706707545281 ], [ -104.922675396954318, 39.675717326368137 ], [ -104.922742870779501, 39.675720746171919 ], [ -104.922782848464649, 39.675719569823798 ], [ -104.92280416395073, 39.675719674479268 ], [ -104.92282728390262, 39.675716356384363 ], [ -104.922876185618577, 39.675710076233123 ], [ -104.922922448075482, 39.675700694635992 ], [ -104.922960734313151, 39.675689214555668 ], [ -104.923009703426871, 39.67567469902707 ], [ -104.92307117166375, 39.675652351748546 ], [ -104.923105028244066, 39.675639477240551 ], [ -104.923155827120894, 39.675618450203018 ], [ -104.923240536387297, 39.675578028834764 ], [ -104.923310107721193, 39.675542337546609 ], [ -104.923361847888557, 39.675514794610137 ], [ -104.923424294382784, 39.67548147045563 ], [ -104.923432996211673, 39.676584797731095 ], [ -104.924473043763655, 39.676587834904936 ], [ -104.924474334368725, 39.676213788514609 ], [ -104.924768770539956, 39.676159292922755 ], [ -104.924763575913659, 39.676359677473876 ], [ -104.925292937628527, 39.676359521230729 ], [ -104.925296862745256, 39.67674800617398 ], [ -104.925754320150361, 39.676743378140102 ], [ -104.92575646612687, 39.676589649561251 ], [ -104.925791104203938, 39.676589818748134 ], [ -104.925783962790717, 39.675834128588711 ], [ -104.925734226781657, 39.675833885648309 ], [ -104.9257351458171, 39.675287223877241 ], [ -104.927591498320524, 39.675279118829479 ], [ -104.92758536345417, 39.674833313974872 ], [ -104.929266685572941, 39.674831193567833 ], [ -104.93007670573347, 39.674829975655555 ], [ -104.926301903519089, 39.669406029885216 ], [ -104.925479459087768, 39.669413680751695 ], [ -104.925409259906104, 39.669418485281426 ], [ -104.925328440408265, 39.669418776728683 ], [ -104.925247665927202, 39.669413577158174 ], [ -104.925167821322503, 39.669403234886282 ], [ -104.925089798055524, 39.669387410686802 ], [ -104.925013593136271, 39.66936644793573 ], [ -104.924940094237641, 39.669340350778143 ], [ -104.925095772667177, 39.668983187382871 ], [ -104.924969108746765, 39.668833975747198 ], [ -104.92491569657787, 39.668632617640291 ], [ -104.924721929621853, 39.668435720284641 ], [ -104.9229289161363, 39.667890902104197 ], [ -104.922678814510903, 39.667849866592562 ], [ -104.922674099261684, 39.667667277796369 ], [ -104.921362349055912, 39.667674211390072 ], [ -104.921442459866626, 39.667759711534814 ], [ -104.920711700068637, 39.668174435356882 ], [ -104.920582247159913, 39.668041677310079 ], [ -104.921017756809775, 39.6677840443893 ], [ -104.920814363405754, 39.667590601156448 ], [ -104.920811927189476, 39.667588284210915 ], [ -104.921320593382703, 39.667588577504638 ], [ -104.921412786585861, 39.667588667265647 ], [ -104.92191188899308, 39.667588377375381 ], [ -104.922236638527551, 39.667586542853726 ], [ -104.922649012073364, 39.667586166451919 ], [ -104.923718274353902, 39.667584207057907 ], [ -104.923890114487165, 39.667540371640918 ], [ -104.925062334849386, 39.667508488207865 ], [ -104.925247502635145, 39.667503907171053 ], [ -104.925674266159575, 39.667493964782658 ], [ -104.925881042046555, 39.667789605404494 ], [ -104.926263285070775, 39.668338836332182 ], [ -104.927352242902188, 39.669906306659158 ], [ -104.927689391062941, 39.670360307997605 ], [ -104.928585368964065, 39.671658006857513 ], [ -104.930283325984377, 39.674105721688967 ], [ -104.93045842187783, 39.674352912367574 ], [ -104.930658786063915, 39.674615651222759 ], [ -104.930769851283003, 39.674786705420665 ], [ -104.931036150159031, 39.675110824149641 ], [ -104.932528144137549, 39.676836607043029 ], [ -104.933116753352593, 39.677491775943352 ], [ -104.933790754063409, 39.678229558157859 ], [ -104.933885386853916, 39.678337054002284 ], [ -104.933986574635142, 39.678451995536449 ], [ -104.933986158423735, 39.678452214208967 ], [ -104.933896752455823, 39.678451609031889 ], [ -104.933709344326104, 39.678460054279583 ], [ -104.933295382723074, 39.678466638561027 ], [ -104.933039570522737, 39.678467464350277 ], [ -104.931626462514345, 39.678469906665526 ], [ -104.930896279695276, 39.678470835985422 ], [ -104.925447838499878, 39.678476503411247 ], [ -104.925206431946037, 39.678470264549844 ], [ -104.923909106942574, 39.678477299253949 ], [ -104.923434237404635, 39.678481363304364 ], [ -104.922276087087269, 39.67847820764171 ], [ -104.92099004454046, 39.678466733167497 ], [ -104.918801540598352, 39.678462777548567 ], [ -104.915971542481643, 39.678469835248457 ], [ -104.912821606517085, 39.678468730813606 ], [ -104.908211310328781, 39.678462793945812 ], [ -104.906588071075063, 39.678463560960601 ], [ -104.906423757684635, 39.678459239444472 ], [ -104.906304269534303, 39.67845286302407 ], [ -104.90626281641272, 39.678449365865156 ], [ -104.906125576523479, 39.67848661458747 ], [ -104.905796070576244, 39.678483920198374 ], [ -104.905648047066933, 39.678447482552137 ] ] ] ] } },
{ "type": "Feature", "properties": { "NBHD_ID": 28, "NBHD_NAME": "Gateway - Green Valley Ranch", "TYPOLOGY": null, "NOTES": null, "GLOBALID": "8783b4b8-7428-492b-b59b-b480f37bde30" }, "geometry": { "type": "MultiPolygon", "coordinates": [ [ [ [ -104.809907957915755, 39.772838010277098 ], [ -104.809889283838757, 39.773194815883933 ], [ -104.809907896050518, 39.775055368319101 ], [ -104.809914586564901, 39.776601633208706 ], [ -104.809912135899623, 39.77676695291062 ], [ -104.809886758734578, 39.778478653928111 ], [ -104.809858982565245, 39.78035207202894 ], [ -104.809807329069017, 39.783761967182016 ], [ -104.809779748127553, 39.787874912550762 ], [ -104.809763865952903, 39.790271180579765 ], [ -104.809762696534406, 39.790437644004676 ], [ -104.809731883865737, 39.794797828833829 ], [ -104.809719860060241, 39.796742760524452 ], [ -104.809700903859067, 39.796991007990457 ], [ -104.8096420376841, 39.798313273257392 ], [ -104.800279197670974, 39.798312081525118 ], [ -104.790830136853401, 39.79831046702926 ], [ -104.790828494266833, 39.798260807151671 ], [ -104.790588036571634, 39.798264896723516 ], [ -104.790264585259933, 39.798272925111164 ], [ -104.789953865443351, 39.798300984338532 ], [ -104.789641778153182, 39.798327593048853 ], [ -104.789010819181698, 39.798385530566236 ], [ -104.788640406889499, 39.798404905268804 ], [ -104.787937639108037, 39.798408339707358 ], [ -104.78744945950389, 39.798401438394045 ], [ -104.787311600494874, 39.798399488035962 ], [ -104.786423516591654, 39.798391640231131 ], [ -104.786386871869695, 39.798393808970445 ], [ -104.786325085215083, 39.798390769728726 ], [ -104.786280447051993, 39.798390940910771 ], [ -104.785771925813421, 39.798392887242983 ], [ -104.785474409271515, 39.798443301065412 ], [ -104.784843875458222, 39.798450696917619 ], [ -104.784150761462698, 39.798412816932114 ], [ -104.7833799413431, 39.798385686636465 ], [ -104.782749561009183, 39.798378105847753 ], [ -104.780518091629986, 39.798360193889238 ], [ -104.779895689829871, 39.798364108417296 ], [ -104.779271454175358, 39.798351029195409 ], [ -104.778346558191345, 39.798385499872282 ], [ -104.777725744534536, 39.798419866234468 ], [ -104.776266591582726, 39.798457634791497 ], [ -104.775143921271948, 39.798458448389255 ], [ -104.774237453023957, 39.798452094798158 ], [ -104.772516974892596, 39.798404767242765 ], [ -104.772131112802811, 39.798309864314177 ], [ -104.771810353584897, 39.798307882326064 ], [ -104.771335661595657, 39.798301646811034 ], [ -104.771078916339675, 39.798313255227846 ], [ -104.770873458277123, 39.798328479316595 ], [ -104.770680899499894, 39.798337183823634 ], [ -104.770180512835296, 39.798334084034771 ], [ -104.769790213181139, 39.798307094744068 ], [ -104.769589726302002, 39.798394200897647 ], [ -104.76595607212667, 39.798412635860217 ], [ -104.765316013248182, 39.798422345610675 ], [ -104.765028206200725, 39.798422261113643 ], [ -104.764638710970402, 39.798423346776616 ], [ -104.764292696038595, 39.798423569066081 ], [ -104.764011518098286, 39.798434691272909 ], [ -104.763650820433867, 39.798427219039496 ], [ -104.762984477540243, 39.798439807932766 ], [ -104.76291052843797, 39.798439972917244 ], [ -104.762695391354825, 39.798340732666802 ], [ -104.753273295630891, 39.798375158105422 ], [ -104.743825426430831, 39.798341298019359 ], [ -104.734381928496532, 39.798314601418248 ], [ -104.734466535202955, 39.791058729117609 ], [ -104.734539857694884, 39.783775653977038 ], [ -104.734549380726733, 39.781600426383811 ], [ -104.734573039829002, 39.776501562832543 ], [ -104.734606256546897, 39.769223677235182 ], [ -104.744015476872136, 39.769261485751279 ], [ -104.753444367302805, 39.769289744811466 ], [ -104.762826385912817, 39.769208173150467 ], [ -104.764583066664073, 39.769192737100703 ], [ -104.764558094804244, 39.77157308482662 ], [ -104.77219434512034, 39.771505926055028 ], [ -104.772166489693149, 39.776416025746656 ], [ -104.781570556612024, 39.776442215911501 ], [ -104.781586517447977, 39.772802079074886 ], [ -104.790990051178838, 39.772832663622417 ], [ -104.800413425983919, 39.77283584894861 ], [ -104.808170984946301, 39.77283767210524 ], [ -104.809907957915755, 39.772838010277098 ] ] ] ] } },
{ "type": "Feature", "properties": { "NBHD_ID": 23, "NBHD_NAME": "DIA", "TYPOLOGY": null, "NOTES": null, "GLOBALID": "8d2d15c3-75f2-4a61-9b4a-11b540e70e5e" }, "geometry": { "type": "MultiPolygon", "coordinates": [ [ [ [ -104.762695391354825, 39.798340732666802 ], [ -104.76291052843797, 39.798439972917244 ], [ -104.762984477540243, 39.798439807932766 ], [ -104.763650820433867, 39.798427219039496 ], [ -104.764011518098286, 39.798434691272909 ], [ -104.764292696038595, 39.798423569066081 ], [ -104.764638710970402, 39.798423346776616 ], [ -104.765028206200725, 39.798422261113643 ], [ -104.765316013248182, 39.798422345610675 ], [ -104.76595607212667, 39.798412635860217 ], [ -104.769589726302002, 39.798394200897647 ], [ -104.769790213181139, 39.798307094744068 ], [ -104.770180512835296, 39.798334084034771 ], [ -104.770680899499894, 39.798337183823634 ], [ -104.770873458277123, 39.798328479316595 ], [ -104.771078916339675, 39.798313255227846 ], [ -104.771335661595657, 39.798301646811034 ], [ -104.771810353584897, 39.798307882326064 ], [ -104.772131112802811, 39.798309864314177 ], [ -104.772516974892596, 39.798404767242765 ], [ -104.774237453023957, 39.798452094798158 ], [ -104.775143921271948, 39.798458448389255 ], [ -104.776266591582726, 39.798457634791497 ], [ -104.777725744534536, 39.798419866234468 ], [ -104.778346558191345, 39.798385499872282 ], [ -104.779271454175358, 39.798351029195409 ], [ -104.779895689829871, 39.798364108417296 ], [ -104.780518091629986, 39.798360193889238 ], [ -104.782749561009183, 39.798378105847753 ], [ -104.7833799413431, 39.798385686636465 ], [ -104.784150761462698, 39.798412816932114 ], [ -104.784843875458222, 39.798450696917619 ], [ -104.785474409271515, 39.798443301065412 ], [ -104.785771925813421, 39.798392887242983 ], [ -104.786280447051993, 39.798390940910771 ], [ -104.786325085215083, 39.798390769728726 ], [ -104.786386871869695, 39.798393808970445 ], [ -104.786423516591654, 39.798391640231131 ], [ -104.787311600494874, 39.798399488035962 ], [ -104.78744945950389, 39.798401438394045 ], [ -104.787937639108037, 39.798408339707358 ], [ -104.788640406889499, 39.798404905268804 ], [ -104.789010819181698, 39.798385530566236 ], [ -104.789641778153182, 39.798327593048853 ], [ -104.789953865443351, 39.798300984338532 ], [ -104.790264585259933, 39.798272925111164 ], [ -104.790588036571634, 39.798264896723516 ], [ -104.790828494266833, 39.798260807151671 ], [ -104.790830136853401, 39.79831046702926 ], [ -104.79090327202691, 39.805590949775166 ], [ -104.790976460428254, 39.812867294342048 ], [ -104.790904026810239, 39.820111860703896 ], [ -104.790675792533818, 39.827269678097444 ], [ -104.790755205989669, 39.834546686511395 ], [ -104.790834898520998, 39.841809034353481 ], [ -104.781397705500936, 39.84180253600217 ], [ -104.771960780848318, 39.841780642664339 ], [ -104.762331601150606, 39.841793733225217 ], [ -104.762293374669753, 39.845403274305085 ], [ -104.753099927694734, 39.845358694553695 ], [ -104.734200152439996, 39.84523362539413 ], [ -104.730962806071503, 39.845201882280072 ], [ -104.730820615927982, 39.85648102864824 ], [ -104.730657137737523, 39.87087197097113 ], [ -104.730492494575671, 39.88544365857728 ], [ -104.730399712960903, 39.896137075668427 ], [ -104.714763856455534, 39.896052977864997 ], [ -104.703321651340161, 39.895956160173249 ], [ -104.703195847804082, 39.906933474965534 ], [ -104.692149135103648, 39.90685784887534 ], [ -104.692063960627465, 39.91418496521343 ], [ -104.679590420862283, 39.914111601486816 ], [ -104.67967420372149, 39.907014958256902 ], [ -104.659215475532065, 39.906792961055359 ], [ -104.649792477091069, 39.906753754353318 ], [ -104.63094981017062, 39.90665223905571 ], [ -104.630950689097887, 39.899402397724465 ], [ -104.621495368591042, 39.899373919925587 ], [ -104.612122033103233, 39.899203323091463 ], [ -104.602710590875532, 39.899061012494123 ], [ -104.599590945061621, 39.899044339736562 ], [ -104.599734957558098, 39.884570388129013 ], [ -104.599820003707364, 39.88131335615212 ], [ -104.605164803138351, 39.881353344278004 ], [ -104.605271411786404, 39.873120448168621 ], [ -104.619161897415665, 39.873226386989337 ], [ -104.619809431540048, 39.822347727271378 ], [ -104.655400027625788, 39.822611904695805 ], [ -104.655515909387773, 39.813006743541031 ], [ -104.666191603176173, 39.813081802281587 ], [ -104.666071714945019, 39.822797270639846 ], [ -104.762502917862847, 39.823457216741126 ], [ -104.76255220589735, 39.820128248555505 ], [ -104.762660643265406, 39.812870182943932 ], [ -104.762676741236092, 39.805590586236704 ], [ -104.762691569304891, 39.799137767513358 ], [ -104.762695391354825, 39.798340732666802 ] ] ] ] } },
{ "type": "Feature", "properties": { "NBHD_ID": 65, "NBHD_NAME": "University Hills", "TYPOLOGY": null, "NOTES": null, "GLOBALID": "57fc5ffd-e51d-408e-b690-66e88875eec7" }, "geometry": { "type": "MultiPolygon", "coordinates": [ [ [ [ -104.933989581707138, 39.678455410848258 ], [ -104.933986574635142, 39.678451995536449 ], [ -104.933885386853916, 39.678337054002284 ], [ -104.933790754063409, 39.678229558157859 ], [ -104.933116753352593, 39.677491775943352 ], [ -104.932528144137549, 39.676836607043029 ], [ -104.931036150159031, 39.675110824149641 ], [ -104.930769851283003, 39.674786705420665 ], [ -104.930658786063915, 39.674615651222759 ], [ -104.93045842187783, 39.674352912367574 ], [ -104.930283325984377, 39.674105721688967 ], [ -104.928585368964065, 39.671658006857513 ], [ -104.927689391062941, 39.670360307997605 ], [ -104.927352242902188, 39.669906306659158 ], [ -104.926263285070775, 39.668338836332182 ], [ -104.925881042046555, 39.667789605404494 ], [ -104.925674266159575, 39.667493964782658 ], [ -104.925305433226654, 39.666966614392621 ], [ -104.92403087140373, 39.665126728140287 ], [ -104.923720035247072, 39.664633929122438 ], [ -104.923445085473688, 39.664126030828228 ], [ -104.923036249261912, 39.663305874369293 ], [ -104.922628178130353, 39.662393837684043 ], [ -104.921950318919329, 39.660853276724019 ], [ -104.921061421106899, 39.658834682708289 ], [ -104.920133785892531, 39.656774155782756 ], [ -104.918861519109726, 39.653925325588347 ], [ -104.918596275288408, 39.653374662576205 ], [ -104.918458155196291, 39.653087912275971 ], [ -104.918595121437278, 39.653086137043296 ], [ -104.919164172970341, 39.653087386441861 ], [ -104.920084982073888, 39.653089381049128 ], [ -104.920468484782916, 39.653097724639011 ], [ -104.921745651623027, 39.653100894092397 ], [ -104.922819719489198, 39.653087094469846 ], [ -104.923966291627565, 39.653070828879194 ], [ -104.924214695026663, 39.653065482068783 ], [ -104.925030941445542, 39.653062871921243 ], [ -104.925207325894078, 39.653059399511292 ], [ -104.92609851261669, 39.653064055630537 ], [ -104.926201090129695, 39.653064864160697 ], [ -104.927205478651445, 39.653055473814497 ], [ -104.928192900834077, 39.653056101081724 ], [ -104.929355676760423, 39.653052552093008 ], [ -104.930527475501236, 39.653051027650356 ], [ -104.931712905234178, 39.653052014159641 ], [ -104.931723241460475, 39.653051982233173 ], [ -104.931722729166367, 39.65307519569452 ], [ -104.931722731255292, 39.653075194299355 ], [ -104.940689860230563, 39.653060598683297 ], [ -104.94064000516957, 39.653613051580379 ], [ -104.940571832453173, 39.654368505879866 ], [ -104.940586486021402, 39.654874053415192 ], [ -104.940576719412377, 39.658227304871716 ], [ -104.940566889969574, 39.659335519651542 ], [ -104.9406313691848, 39.659712969849267 ], [ -104.940696943905422, 39.660287273724443 ], [ -104.940696703057881, 39.660763479468237 ], [ -104.94069635324793, 39.662488949385583 ], [ -104.940695968647447, 39.663467880868055 ], [ -104.940689555303109, 39.664113360195834 ], [ -104.940689355835701, 39.664807246555569 ], [ -104.940698460051451, 39.66550528567037 ], [ -104.940689570480032, 39.66756728522445 ], [ -104.940689661225221, 39.668336182445188 ], [ -104.940705609363746, 39.671894494547104 ], [ -104.940717532182234, 39.673327179267254 ], [ -104.940712360507121, 39.674320092826747 ], [ -104.940728085322178, 39.67482183408093 ], [ -104.940741284013569, 39.676603997554295 ], [ -104.940758363927714, 39.678421595233175 ], [ -104.94069359269254, 39.680104885381873 ], [ -104.940697087304343, 39.680813859743601 ], [ -104.940696764684276, 39.681704602440831 ], [ -104.940699615226237, 39.682633776835189 ], [ -104.940697291136118, 39.682968760814539 ], [ -104.940430202889843, 39.68290494037057 ], [ -104.940251298762178, 39.682862190919685 ], [ -104.939478312655254, 39.682628651044922 ], [ -104.939074739697929, 39.682485069965232 ], [ -104.938774746530413, 39.682366036995532 ], [ -104.938247315989898, 39.682139005983409 ], [ -104.937785695529826, 39.681901596317779 ], [ -104.937175036419049, 39.681535525762257 ], [ -104.936905617487739, 39.681360841608353 ], [ -104.936669365804477, 39.681207661447907 ], [ -104.936215435950032, 39.680861744621708 ], [ -104.93593491958778, 39.6806172974037 ], [ -104.935589090772069, 39.680291502040113 ], [ -104.935236919948693, 39.679913394959407 ], [ -104.934592708503985, 39.679148317969073 ], [ -104.934233299820264, 39.678732253533937 ], [ -104.934116373837725, 39.67859943582166 ], [ -104.933989581707138, 39.678455410848258 ] ], [ [ -104.93162951019373, 39.673368735012097 ], [ -104.933895307289049, 39.673353244040619 ], [ -104.933887815435696, 39.671198456282553 ], [ -104.933041425669117, 39.671199524598229 ], [ -104.933038420886533, 39.670581807500795 ], [ -104.931723994995565, 39.670583696477216 ], [ -104.931726988016564, 39.671201413807552 ], [ -104.931620411758573, 39.671201584874382 ], [ -104.931616245376475, 39.670290109841226 ], [ -104.931604477193957, 39.667575247671543 ], [ -104.93043841886103, 39.667576810026134 ], [ -104.930438173962443, 39.668482773876633 ], [ -104.929265884093169, 39.668484294077295 ], [ -104.929264685733358, 39.669396430387728 ], [ -104.92808437951372, 39.669398929868123 ], [ -104.928091403571258, 39.668972748732351 ], [ -104.927211310869836, 39.668971552197569 ], [ -104.929661336784392, 39.672388723700415 ], [ -104.930790116099999, 39.672394194720383 ], [ -104.930786693832673, 39.672816274745337 ], [ -104.931626889014296, 39.67281484928327 ], [ -104.93162951019373, 39.673368735012097 ] ] ] ] } },
{ "type": "Feature", "properties": { "NBHD_ID": 34, "NBHD_NAME": "Harvey Park", "TYPOLOGY": null, "NOTES": null, "GLOBALID": "8868aac4-be35-4668-87b0-6b3592e80e7a" }, "geometry": { "type": "MultiPolygon", "coordinates": [ [ [ [ -105.02511849601629, 39.667722404802845 ], [ -105.026055345145025, 39.667739383079336 ], [ -105.02697726000396, 39.667732825715085 ], [ -105.027960351283994, 39.667728199689549 ], [ -105.028882172439339, 39.66772009753673 ], [ -105.029878902665857, 39.667712862220483 ], [ -105.030918637704687, 39.667707156136274 ], [ -105.031895353379809, 39.667699548773435 ], [ -105.033837405749864, 39.667684204403237 ], [ -105.034971924853139, 39.667687878045491 ], [ -105.035932042196137, 39.667692312359357 ], [ -105.036855886732255, 39.667698636555727 ], [ -105.037777232636472, 39.667705363586862 ], [ -105.038696074293085, 39.667708339546515 ], [ -105.039695644796893, 39.667717778251429 ], [ -105.040692615473716, 39.667719589176535 ], [ -105.041761426352579, 39.667725476759735 ], [ -105.042857069780268, 39.667734285604432 ], [ -105.043848636762021, 39.667738962698586 ], [ -105.044841782779741, 39.667743278097447 ], [ -105.045542586910912, 39.667747362579043 ], [ -105.045836470324772, 39.667748841589521 ], [ -105.04656906360006, 39.667753042216432 ], [ -105.046833604455045, 39.667754405493845 ], [ -105.047821334211449, 39.667755663320285 ], [ -105.048818218881621, 39.667760324167261 ], [ -105.049815921294396, 39.667771698878575 ], [ -105.050804892264878, 39.667777197829899 ], [ -105.051791766845824, 39.667784044670228 ], [ -105.053243484069853, 39.667790952531817 ], [ -105.053243516190079, 39.675043070679394 ], [ -105.062618276055943, 39.675014494037782 ], [ -105.062632429550348, 39.679300331424542 ], [ -105.062163840639926, 39.678874149206123 ], [ -105.061418733059128, 39.678238850488022 ], [ -105.061015533761932, 39.678022777735769 ], [ -105.060343107546572, 39.677936247434744 ], [ -105.059340671032132, 39.67831310884074 ], [ -105.057802145020531, 39.678684457160429 ], [ -105.057804452592734, 39.679095340006896 ], [ -105.057802151892673, 39.682275500420793 ], [ -105.053245287880941, 39.682301011000384 ], [ -105.053230763873088, 39.682298709318466 ], [ -105.052120976398299, 39.682290138374185 ], [ -105.051075660171804, 39.682284396829125 ], [ -105.050035274071064, 39.6822776749095 ], [ -105.048985742124401, 39.682272149635921 ], [ -105.048006264650084, 39.68226400853429 ], [ -105.047077759151819, 39.682261535263713 ], [ -105.046155211974622, 39.682254833352289 ], [ -105.045234218116022, 39.682248899835116 ], [ -105.044274027683173, 39.682244570919273 ], [ -105.043262431033398, 39.682239135113775 ], [ -105.042270707738695, 39.682236820280636 ], [ -105.041269526584642, 39.682232895785667 ], [ -105.040279175772383, 39.682227471030735 ], [ -105.03921240777737, 39.68222421005229 ], [ -105.038286116164343, 39.682220874882262 ], [ -105.037186449419266, 39.682218369898365 ], [ -105.036265869537743, 39.682214447174829 ], [ -105.035343136644414, 39.682211239414585 ], [ -105.034383477165193, 39.682218120254305 ], [ -105.033236035484606, 39.682225012725638 ], [ -105.03209672192996, 39.682230430657839 ], [ -105.030963609762296, 39.682238568804777 ], [ -105.029798939710048, 39.682246217613191 ], [ -105.028331395815798, 39.682256732427732 ], [ -105.027381291415139, 39.682262335094961 ], [ -105.026223657228172, 39.682268354560087 ], [ -105.025048000919242, 39.682277192475119 ], [ -105.025040290764437, 39.680515847136995 ], [ -105.025067719798471, 39.678643593488808 ], [ -105.025054032644078, 39.676772908611262 ], [ -105.025076461916001, 39.675138843835022 ], [ -105.025082805972289, 39.673346680121341 ], [ -105.025086983954793, 39.672518943968868 ], [ -105.025071786026714, 39.671793291300936 ], [ -105.025070064342827, 39.671202695532678 ], [ -105.025086835486846, 39.670160227608378 ], [ -105.025083158147936, 39.668548998482606 ], [ -105.02511849601629, 39.667722404802845 ] ] ] ] } },
{ "type": "Feature", "properties": { "NBHD_ID": 43, "NBHD_NAME": "Mar Lee", "TYPOLOGY": "NEST", "NOTES": null, "GLOBALID": "5664fe69-5b42-48e0-800e-c6ef0cec423b" }, "geometry": { "type": "MultiPolygon", "coordinates": [ [ [ [ -105.025069120073198, 39.696753722203404 ], [ -105.025077087360927, 39.694925243782322 ], [ -105.025073693372562, 39.693115902622708 ], [ -105.025072049032588, 39.691303912910286 ], [ -105.025069383077351, 39.690811695951822 ], [ -105.02506762350113, 39.689492892472948 ], [ -105.025061270146566, 39.68768674056323 ], [ -105.025064270929633, 39.685892526103515 ], [ -105.025054046883213, 39.684978784037909 ], [ -105.025052385852007, 39.684085397404857 ], [ -105.025048000919242, 39.682277192475119 ], [ -105.026223657228172, 39.682268354560087 ], [ -105.027381291415139, 39.682262335094961 ], [ -105.028331395815798, 39.682256732427732 ], [ -105.029798939710048, 39.682246217613191 ], [ -105.030963609762296, 39.682238568804777 ], [ -105.03209672192996, 39.682230430657839 ], [ -105.033236035484606, 39.682225012725638 ], [ -105.034383477165193, 39.682218120254305 ], [ -105.035343136644414, 39.682211239414585 ], [ -105.036265869537743, 39.682214447174829 ], [ -105.037186449419266, 39.682218369898365 ], [ -105.038286116164343, 39.682220874882262 ], [ -105.03921240777737, 39.68222421005229 ], [ -105.040279175772383, 39.682227471030735 ], [ -105.041269526584642, 39.682232895785667 ], [ -105.042270707738695, 39.682236820280636 ], [ -105.043262431033398, 39.682239135113775 ], [ -105.044274027683173, 39.682244570919273 ], [ -105.045234218116022, 39.682248899835116 ], [ -105.046155211974622, 39.682254833352289 ], [ -105.047077759151819, 39.682261535263713 ], [ -105.048006264650084, 39.68226400853429 ], [ -105.048985742124401, 39.682272149635921 ], [ -105.050035274071064, 39.6822776749095 ], [ -105.051075660171804, 39.682284396829125 ], [ -105.052120976398299, 39.682290138374185 ], [ -105.053230763873088, 39.682298709318466 ], [ -105.053245287880941, 39.682301011000384 ], [ -105.053244411968237, 39.689556177382919 ], [ -105.053240860099478, 39.696776808883087 ], [ -105.05323484011231, 39.696776793239714 ], [ -105.051884529230406, 39.696763259412009 ], [ -105.050722444537627, 39.696763973169119 ], [ -105.049570086488714, 39.696771918533955 ], [ -105.04840800409869, 39.696772266098932 ], [ -105.047214000849152, 39.696762870528794 ], [ -105.046058184007066, 39.696756012558289 ], [ -105.044896151083051, 39.696748775789743 ], [ -105.043739339994559, 39.696744412938671 ], [ -105.043648664528575, 39.69678031176128 ], [ -105.042574437491922, 39.696782320220997 ], [ -105.041397973116503, 39.696774476123075 ], [ -105.04023171264619, 39.696768036785983 ], [ -105.03905987321231, 39.696765851714588 ], [ -105.037884462116338, 39.696766385773543 ], [ -105.036716177157643, 39.696764191566203 ], [ -105.036377920966999, 39.696862375520084 ], [ -105.035537986570318, 39.697184722709814 ], [ -105.035399627377387, 39.697221955751395 ], [ -105.035300576571601, 39.697231760033496 ], [ -105.035175129943227, 39.697241459902123 ], [ -105.035082744596494, 39.697241094700324 ], [ -105.034957433303163, 39.697230403578672 ], [ -105.034792596212299, 39.697209360524212 ], [ -105.03466082089399, 39.697178252170715 ], [ -105.03444484783806, 39.697103531618311 ], [ -105.034007632328809, 39.696984781547172 ], [ -105.033556942351524, 39.696888624866062 ], [ -105.033164673964833, 39.696824955915666 ], [ -105.032785634555296, 39.696776094230422 ], [ -105.032084171616972, 39.696738184017299 ], [ -105.03182369338468, 39.696740011187401 ], [ -105.031021436538907, 39.696739216599987 ], [ -105.029749994731205, 39.696751640552144 ], [ -105.028493753607606, 39.696749355835777 ], [ -105.027451626319234, 39.696747231563911 ], [ -105.026405020112733, 39.696750571063454 ], [ -105.025069120073198, 39.696753722203404 ] ] ] ] } },
{ "type": "Feature", "properties": { "NBHD_ID": 76, "NBHD_NAME": "Westwood", "TYPOLOGY": "NEST", "NOTES": null, "GLOBALID": "4da252a6-1505-47ac-b5fd-b927584c8819" }, "geometry": { "type": "MultiPolygon", "coordinates": [ [ [ [ -105.039707561817963, 39.711257371063709 ], [ -105.038495562939161, 39.711244384668348 ], [ -105.037290583675841, 39.711245141505536 ], [ -105.036727237365326, 39.711238805995421 ], [ -105.036092803541791, 39.711232187638068 ], [ -105.035505413541756, 39.711233644358082 ], [ -105.034893142243632, 39.711234999610689 ], [ -105.034297772723207, 39.711233673315661 ], [ -105.033687296811664, 39.711232283968478 ], [ -105.032465541663683, 39.711216796258505 ], [ -105.031845362578295, 39.711204720986039 ], [ -105.031234956265521, 39.711193024369059 ], [ -105.030621862970222, 39.711184402622742 ], [ -105.02995012748255, 39.711174857088068 ], [ -105.029398359791088, 39.711164758074453 ], [ -105.028777288506689, 39.711153348957986 ], [ -105.028169486848014, 39.711150912397216 ], [ -105.027544801483955, 39.711148404879921 ], [ -105.026940467849357, 39.71115867297209 ], [ -105.026330804623811, 39.71116891770221 ], [ -105.025102641691589, 39.711181121091954 ], [ -105.025101258146549, 39.709416237388389 ], [ -105.025099204355001, 39.708538078759524 ], [ -105.025088250991502, 39.707661942796634 ], [ -105.025091878131448, 39.707519888482096 ], [ -105.025099827930177, 39.706739227455863 ], [ -105.02511219106816, 39.705700183462582 ], [ -105.025109477637713, 39.704919478472576 ], [ -105.025093795335167, 39.703954443429168 ], [ -105.025094135451553, 39.703116442366323 ], [ -105.025093116158686, 39.702085578868839 ], [ -105.025088388767003, 39.701339867676616 ], [ -105.025090181700989, 39.700418483372331 ], [ -105.025090181204675, 39.699236974356872 ], [ -105.025091837900078, 39.69859835508705 ], [ -105.025090678532678, 39.6975880786595 ], [ -105.025069120073198, 39.696753722203404 ], [ -105.026405020112733, 39.696750571063454 ], [ -105.027451626319234, 39.696747231563911 ], [ -105.028493753607606, 39.696749355835777 ], [ -105.029749994731205, 39.696751640552144 ], [ -105.031021436538907, 39.696739216599987 ], [ -105.03182369338468, 39.696740011187401 ], [ -105.032084171616972, 39.696738184017299 ], [ -105.032785634555296, 39.696776094230422 ], [ -105.033164673964833, 39.696824955915666 ], [ -105.033556942351524, 39.696888624866062 ], [ -105.034007632328809, 39.696984781547172 ], [ -105.03444484783806, 39.697103531618311 ], [ -105.03466082089399, 39.697178252170715 ], [ -105.034792596212299, 39.697209360524212 ], [ -105.034957433303163, 39.697230403578672 ], [ -105.035082744596494, 39.697241094700324 ], [ -105.035175129943227, 39.697241459902123 ], [ -105.035300576571601, 39.697231760033496 ], [ -105.035399627377387, 39.697221955751395 ], [ -105.035537986570318, 39.697184722709814 ], [ -105.036377920966999, 39.696862375520084 ], [ -105.036716177157643, 39.696764191566203 ], [ -105.037884462116338, 39.696766385773543 ], [ -105.03905987321231, 39.696765851714588 ], [ -105.04023171264619, 39.696768036785983 ], [ -105.041397973116503, 39.696774476123075 ], [ -105.042574437491922, 39.696782320220997 ], [ -105.043648664528575, 39.69678031176128 ], [ -105.043739339994559, 39.696744412938671 ], [ -105.044896151083051, 39.696748775789743 ], [ -105.046058184007066, 39.696756012558289 ], [ -105.047214000849152, 39.696762870528794 ], [ -105.04840800409869, 39.696772266098932 ], [ -105.049570086488714, 39.696771918533955 ], [ -105.050722444537627, 39.696763973169119 ], [ -105.051884529230406, 39.696763259412009 ], [ -105.05323484011231, 39.696776793239714 ], [ -105.053240860099478, 39.696776808883087 ], [ -105.053240840673979, 39.696816119369281 ], [ -105.053259406801146, 39.704087794375091 ], [ -105.05327446227794, 39.711350811994194 ], [ -105.053260261436662, 39.711350461103017 ], [ -105.052062441783377, 39.711343159979556 ], [ -105.051055636684751, 39.711342067137188 ], [ -105.050881487775129, 39.711338656685918 ], [ -105.050041666487445, 39.711349792557016 ], [ -105.048510834459947, 39.711307961958077 ], [ -105.047050913726082, 39.711294113386749 ], [ -105.046097443348387, 39.711290437843743 ], [ -105.045020470875983, 39.711284217592144 ], [ -105.043269058655113, 39.711273998342413 ], [ -105.042085423041613, 39.711272141545855 ], [ -105.040887642015917, 39.711259236757527 ], [ -105.039707561817963, 39.711257371063709 ] ] ] ] } },
{ "type": "Feature", "properties": { "NBHD_ID": 4, "NBHD_NAME": "Barnum", "TYPOLOGY": "NEST", "NOTES": null, "GLOBALID": "b675df64-cee0-4a2e-aeeb-9d1d0485872a" }, "geometry": { "type": "MultiPolygon", "coordinates": [ [ [ [ -105.025146129782172, 39.725549049805785 ], [ -105.025146282310033, 39.725491366867331 ], [ -105.025147469236586, 39.725040524015412 ], [ -105.025143704361639, 39.724546359113418 ], [ -105.025137455096356, 39.723500039858656 ], [ -105.025126113782818, 39.722943388874853 ], [ -105.025125468954613, 39.722907354574446 ], [ -105.025123131338859, 39.722071064147919 ], [ -105.02511823581365, 39.721350065385259 ], [ -105.02511408976693, 39.721174694040933 ], [ -105.025112170197062, 39.720276636251391 ], [ -105.025118341952137, 39.719758832123659 ], [ -105.02510588874955, 39.71936654962893 ], [ -105.025119174789822, 39.718454140004297 ], [ -105.02512378029617, 39.718167619673494 ], [ -105.025115559136651, 39.717544063946292 ], [ -105.025087854399288, 39.716647959951025 ], [ -105.025104733877029, 39.715729730007325 ], [ -105.025104443763055, 39.714985070061971 ], [ -105.025097482283712, 39.714831650280537 ], [ -105.025092098842762, 39.713395499022589 ], [ -105.025092085820475, 39.713003264793798 ], [ -105.025102641691589, 39.711181121091954 ], [ -105.026330804623811, 39.71116891770221 ], [ -105.026940467849357, 39.71115867297209 ], [ -105.027544801483955, 39.711148404879921 ], [ -105.028169486848014, 39.711150912397216 ], [ -105.028777288506689, 39.711153348957986 ], [ -105.029398359791088, 39.711164758074453 ], [ -105.02995012748255, 39.711174857088068 ], [ -105.030621862970222, 39.711184402622742 ], [ -105.031234956265521, 39.711193024369059 ], [ -105.031845362578295, 39.711204720986039 ], [ -105.032465541663683, 39.711216796258505 ], [ -105.033687296811664, 39.711232283968478 ], [ -105.034297772723207, 39.711233673315661 ], [ -105.034893142243632, 39.711234999610689 ], [ -105.035505413541756, 39.711233644358082 ], [ -105.036092803541791, 39.711232187638068 ], [ -105.036727237365326, 39.711238805995421 ], [ -105.037290583675841, 39.711245141505536 ], [ -105.038495562939161, 39.711244384668348 ], [ -105.039707561817963, 39.711257371063709 ], [ -105.039704078449915, 39.711788226266421 ], [ -105.039696298426207, 39.713380462001375 ], [ -105.039710748012936, 39.714970725145065 ], [ -105.039691345284055, 39.716573551750386 ], [ -105.039712079147066, 39.718154228971521 ], [ -105.039711435398061, 39.71974237099905 ], [ -105.039725852606821, 39.721337777822477 ], [ -105.03972765237333, 39.722959900334772 ], [ -105.039460154621707, 39.722956451417723 ], [ -105.039465679007122, 39.724551821423042 ], [ -105.03946565103314, 39.725503745573214 ], [ -105.039464701021586, 39.725648451609011 ], [ -105.039464265901373, 39.725714729046004 ], [ -105.039134568060547, 39.725713980690621 ], [ -105.039127788606308, 39.725713965174123 ], [ -105.037026616806315, 39.725705715495479 ], [ -105.034725629922477, 39.725683215173355 ], [ -105.033821646664407, 39.725689703881045 ], [ -105.033374123724428, 39.725674506465985 ], [ -105.03294227826683, 39.725653415328509 ], [ -105.032850617506057, 39.725648938595718 ], [ -105.032715598767382, 39.725641449215033 ], [ -105.032242573878534, 39.725615209747424 ], [ -105.032133815448759, 39.725609176838972 ], [ -105.031708089003274, 39.725583992093014 ], [ -105.030923726896148, 39.725574155720686 ], [ -105.028945640125229, 39.725572676901358 ], [ -105.028857281591172, 39.725572610203649 ], [ -105.026843075260601, 39.725557815035678 ], [ -105.02539537216667, 39.725550338649462 ], [ -105.025146129782172, 39.725549049805785 ] ] ] ] } },
{ "type": "Feature", "properties": { "NBHD_ID": 5, "NBHD_NAME": "Barnum West", "TYPOLOGY": "NEST", "NOTES": null, "GLOBALID": "d35f05a0-0265-45f9-81eb-fbb7e87c8677" }, "geometry": { "type": "MultiPolygon", "coordinates": [ [ [ [ -105.039464265901373, 39.725714729046004 ], [ -105.039464701021586, 39.725648451609011 ], [ -105.03946565103314, 39.725503745573214 ], [ -105.039465679007122, 39.724551821423042 ], [ -105.039460154621707, 39.722956451417723 ], [ -105.03972765237333, 39.722959900334772 ], [ -105.039725852606821, 39.721337777822477 ], [ -105.039711435398061, 39.71974237099905 ], [ -105.039712079147066, 39.718154228971521 ], [ -105.039691345284055, 39.716573551750386 ], [ -105.039710748012936, 39.714970725145065 ], [ -105.039696298426207, 39.713380462001375 ], [ -105.039704078449915, 39.711788226266421 ], [ -105.039707561817963, 39.711257371063709 ], [ -105.040887642015917, 39.711259236757527 ], [ -105.042085423041613, 39.711272141545855 ], [ -105.043269058655113, 39.711273998342413 ], [ -105.045020470875983, 39.711284217592144 ], [ -105.046097443348387, 39.711290437843743 ], [ -105.047050913726082, 39.711294113386749 ], [ -105.048510834459947, 39.711307961958077 ], [ -105.050041666487445, 39.711349792557016 ], [ -105.050881487775129, 39.711338656685918 ], [ -105.051055636684751, 39.711342067137188 ], [ -105.052062441783377, 39.711343159979556 ], [ -105.053260261436662, 39.711350461103017 ], [ -105.05327446227794, 39.711350811994194 ], [ -105.05327446587637, 39.711352573771578 ], [ -105.05329047388021, 39.718608415857211 ], [ -105.053264054760177, 39.725807327038851 ], [ -105.051430282498757, 39.725815207574364 ], [ -105.048907868989275, 39.725821385305267 ], [ -105.048755357919887, 39.725821757199796 ], [ -105.048164463998134, 39.725799354445535 ], [ -105.047751832377216, 39.725764211520193 ], [ -105.047421663511443, 39.725746162577771 ], [ -105.047154442608246, 39.725738423083129 ], [ -105.043204150081692, 39.725723151635876 ], [ -105.039805110912511, 39.725715501361968 ], [ -105.039464265901373, 39.725714729046004 ] ] ] ] } },
{ "type": "Feature", "properties": { "NBHD_ID": 68, "NBHD_NAME": "Villa Park", "TYPOLOGY": "NEST", "NOTES": null, "GLOBALID": "1cff9242-33bf-414f-86f7-48c3397fdf5b" }, "geometry": { "type": "MultiPolygon", "coordinates": [ [ [ [ -105.037479214026945, 39.734171069982516 ], [ -105.037457683854981, 39.734189459237918 ], [ -105.037427345060152, 39.734206841644856 ], [ -105.037397051138356, 39.734217418113531 ], [ -105.037356669918637, 39.734229899341884 ], [ -105.03731247856004, 39.734247227250627 ], [ -105.037275881777333, 39.734258751117885 ], [ -105.037238025543928, 39.73427027002041 ], [ -105.037195144633387, 39.734279824516541 ], [ -105.03715605485904, 39.734287449480306 ], [ -105.037113187020054, 39.734295059367433 ], [ -105.037081665659372, 39.734300769249266 ], [ -105.037047657763097, 39.734301607662317 ], [ -105.037018956630732, 39.734299841785855 ], [ -105.036976139857458, 39.734299673301585 ], [ -105.036934557107216, 39.734303398919565 ], [ -105.036887859818322, 39.734318772176081 ], [ -105.036823519330213, 39.734336020593872 ], [ -105.03676292476294, 39.734358145401082 ], [ -105.03671494895373, 39.734376430400992 ], [ -105.03666061862701, 39.734403441496937 ], [ -105.036616407977235, 39.734423685913747 ], [ -105.03657087361745, 39.734453648453822 ], [ -105.036541755123537, 39.734476869329953 ], [ -105.036515103836507, 39.734507878439416 ], [ -105.036499773626915, 39.734540876769863 ], [ -105.036488272877648, 39.734566111661586 ], [ -105.036469190271291, 39.734595205944608 ], [ -105.036445096351414, 39.734620391421274 ], [ -105.036403304503978, 39.734642835931659 ], [ -105.036375596106993, 39.734656093154548 ], [ -105.036328937025928, 39.734665632447999 ], [ -105.036279720991089, 39.73468099553709 ], [ -105.036229245488499, 39.73469635364134 ], [ -105.036185092134588, 39.734707847384513 ], [ -105.036125814105304, 39.734721226115155 ], [ -105.036067776206238, 39.734737526751623 ], [ -105.036017106534715, 39.734762944656175 ], [ -105.035963456588092, 39.734793140845369 ], [ -105.035884201228768, 39.734866675626954 ], [ -105.035853099064738, 39.734890444774514 ], [ -105.035822039935923, 39.734907698106554 ], [ -105.035776944076318, 39.734920552100235 ], [ -105.035726250766857, 39.734929039989133 ], [ -105.035664046190718, 39.734976578140781 ], [ -105.035579351069856, 39.735021855515107 ], [ -105.035517261377521, 39.735052018137246 ], [ -105.035446775489234, 39.735075631701079 ], [ -105.035390311892598, 39.735105816518733 ], [ -105.035299903895492, 39.735164102985699 ], [ -105.035203855145028, 39.735224539126236 ], [ -105.03511066252409, 39.735278470495977 ], [ -105.035003418547234, 39.735330174287341 ], [ -105.034884921901963, 39.73538183350049 ], [ -105.034805967322185, 39.735409757154287 ], [ -105.034707363980033, 39.735431087081366 ], [ -105.034620070743259, 39.735443773758291 ], [ -105.034549641812248, 39.735458699057943 ], [ -105.034431461787051, 39.735462575459358 ], [ -105.034335858894735, 39.735455681217957 ], [ -105.034243025867084, 39.735455313788997 ], [ -105.03417281315248, 39.735437659988406 ], [ -105.034066102083983, 39.735409001695892 ], [ -105.033976284265194, 39.735378238239491 ], [ -105.033875300690269, 39.735334398628552 ], [ -105.033755458159746, 39.735290482797303 ], [ -105.03372954837296, 39.735285518450809 ], [ -105.033677974027398, 39.735276563328732 ], [ -105.033623262570103, 39.735269842553514 ], [ -105.033532926507888, 39.73526489549814 ], [ -105.033408574918255, 39.735260910520189 ], [ -105.033251146072075, 39.735262230768541 ], [ -105.033206979192244, 39.735275667971777 ], [ -105.033161617553588, 39.735279377266622 ], [ -105.033104928312397, 39.735282069381398 ], [ -105.033070995264239, 39.735283389839331 ], [ -105.033056729786239, 39.735283333228466 ], [ -105.033002974519817, 39.73527388625984 ], [ -105.032952698579393, 39.735259101880864 ], [ -105.032903835279853, 39.735239995798644 ], [ -105.032850945097266, 39.735215522461672 ], [ -105.032580399621438, 39.735073331033433 ], [ -105.032465805764815, 39.734999763304373 ], [ -105.032447384593951, 39.734992562454366 ], [ -105.032412342510042, 39.73498529690724 ], [ -105.032377262499452, 39.73498373084167 ], [ -105.032344037870061, 39.734980748295605 ], [ -105.0322997404555, 39.734978365973042 ], [ -105.032295669728143, 39.734978895922922 ], [ -105.032020861432841, 39.734976612882754 ], [ -105.031935838974178, 39.734986252846859 ], [ -105.031872961692059, 39.734998831405846 ], [ -105.031839641938049, 39.735010102289046 ], [ -105.031800783133761, 39.735022034663871 ], [ -105.03172661434985, 39.735044809594015 ], [ -105.03164717152552, 39.73506920403463 ], [ -105.031573020662989, 39.735110245408663 ], [ -105.03153410400796, 39.735130045470335 ], [ -105.031498823924352, 39.735158414305808 ], [ -105.031470998005815, 39.735176833206175 ], [ -105.031450624366357, 39.735185304979844 ], [ -105.031435813103755, 39.735190947046796 ], [ -105.031425505172209, 39.735197548596588 ], [ -105.031282103958375, 39.735289387241117 ], [ -105.031269363787075, 39.735297546365643 ], [ -105.031187741053813, 39.735351386479699 ], [ -105.031186702021827, 39.735352003599814 ], [ -105.031154363916485, 39.735371209841112 ], [ -105.031106230719729, 39.735388122486924 ], [ -105.031056308775746, 39.735396476488148 ], [ -105.031008291726096, 39.735396285109452 ], [ -105.03097915807875, 39.73539536589761 ], [ -105.030956588643448, 39.735394653768275 ], [ -105.030929755685989, 39.735399413295973 ], [ -105.030925154537499, 39.735400229456175 ], [ -105.030875261096369, 39.735404307696122 ], [ -105.030790239790903, 39.735413945483153 ], [ -105.03044446768773, 39.735473859089943 ], [ -105.03044051601016, 39.735474261625527 ], [ -105.030350908973773, 39.735483389217492 ], [ -105.030293464412225, 39.735489240626954 ], [ -105.029947808025867, 39.735532048739934 ], [ -105.029824010485797, 39.735540107073831 ], [ -105.029750156136089, 39.735536960031972 ], [ -105.029685592666723, 39.735525298534085 ], [ -105.029607541830288, 39.735508900822687 ], [ -105.029602598637254, 39.735507862323082 ], [ -105.029547213134975, 39.73550479039195 ], [ -105.029513959698392, 39.735506082680899 ], [ -105.029345714571406, 39.735532492475564 ], [ -105.029282045701223, 39.735542842616098 ], [ -105.02907185382999, 39.735577011629786 ], [ -105.029046190184147, 39.735581183507527 ], [ -105.029028363645267, 39.735585426998817 ], [ -105.028833854847576, 39.735631728339641 ], [ -105.028782048116327, 39.735645776232502 ], [ -105.028743178256605, 39.735658449211662 ], [ -105.028621007886088, 39.735699296444373 ], [ -105.028326533218674, 39.735820702275142 ], [ -105.028282169490751, 39.735826225427147 ], [ -105.028228553131953, 39.735834563418976 ], [ -105.028187902393981, 39.735837250923758 ], [ -105.02809992828206, 39.735839726349091 ], [ -105.028099234307646, 39.735839745848722 ], [ -105.028099118267448, 39.735839766612301 ], [ -105.027990044368636, 39.735859265944946 ], [ -105.027919868097527, 39.735871811407236 ], [ -105.027849592103806, 39.735885783383203 ], [ -105.027792329799482, 39.73588697884437 ], [ -105.027746213299565, 39.735892280915259 ], [ -105.027561830760362, 39.735913479215583 ], [ -105.027463859994882, 39.735925914511391 ], [ -105.027401038688211, 39.73592993936149 ], [ -105.027349316087566, 39.735931156857177 ], [ -105.027292082619041, 39.735928076442804 ], [ -105.027240381060366, 39.735926442071168 ], [ -105.027196065281998, 39.735924838759871 ], [ -105.027140660338873, 39.735924616117934 ], [ -105.027099980669462, 39.735931580284294 ], [ -105.027027894719978, 39.735942290396395 ], [ -105.026922498205607, 39.735957949492217 ], [ -105.026648624803471, 39.736036670702873 ], [ -105.02639755254549, 39.736121695702586 ], [ -105.026340155256733, 39.736142846315964 ], [ -105.02626431783915, 39.736159645457278 ], [ -105.026208584662484, 39.736165933871447 ], [ -105.026203322980891, 39.73616652752078 ], [ -105.026146021894419, 39.736173424478267 ], [ -105.026096108440385, 39.736180349706679 ], [ -105.026046204542297, 39.736185849703133 ], [ -105.026003572671726, 39.736208484875526 ], [ -105.02598315953405, 39.73622265799667 ], [ -105.025959015899971, 39.736242515677191 ], [ -105.02567060873163, 39.73638751265743 ], [ -105.025599651166786, 39.736423186398291 ], [ -105.025562427054624, 39.736441900553409 ], [ -105.025443278705808, 39.736512099773435 ], [ -105.025333165859109, 39.736576975242386 ], [ -105.025302313717788, 39.736581955811459 ], [ -105.02518549115014, 39.736600814580648 ], [ -105.025185701184569, 39.73658825402395 ], [ -105.025200695847246, 39.735692048497768 ], [ -105.025174084113402, 39.734764726243803 ], [ -105.025166689503678, 39.733887241381822 ], [ -105.02517272468701, 39.732995739700392 ], [ -105.025166203394363, 39.731201679990029 ], [ -105.025167819592752, 39.730306384958297 ], [ -105.025164983831047, 39.729429813399243 ], [ -105.025164657987702, 39.729329055247916 ], [ -105.025162780435721, 39.729223991332979 ], [ -105.025147897416176, 39.728391134101066 ], [ -105.025144925759307, 39.727517095360277 ], [ -105.025156444044228, 39.725946844531087 ], [ -105.02514577603668, 39.725684627713427 ], [ -105.025146129782172, 39.725549049805785 ], [ -105.02539537216667, 39.725550338649462 ], [ -105.026843075260601, 39.725557815035678 ], [ -105.028857281591172, 39.725572610203649 ], [ -105.028945640125229, 39.725572676901358 ], [ -105.030923726896148, 39.725574155720686 ], [ -105.031708089003274, 39.725583992093014 ], [ -105.032133815448759, 39.725609176838972 ], [ -105.032242573878534, 39.725615209747424 ], [ -105.032715598767382, 39.725641449215033 ], [ -105.032850617506057, 39.725648938595718 ], [ -105.03294227826683, 39.725653415328509 ], [ -105.033374123724428, 39.725674506465985 ], [ -105.033821646664407, 39.725689703881045 ], [ -105.034725629922477, 39.725683215173355 ], [ -105.037026616806315, 39.725705715495479 ], [ -105.039127788606308, 39.725713965174123 ], [ -105.039134568060547, 39.725713980690621 ], [ -105.039464265901373, 39.725714729046004 ], [ -105.039805110912511, 39.725715501361968 ], [ -105.043204150081692, 39.725723151635876 ], [ -105.047154442608246, 39.725738423083129 ], [ -105.047421663511443, 39.725746162577771 ], [ -105.047751832377216, 39.725764211520193 ], [ -105.048164463998134, 39.725799354445535 ], [ -105.048755357919887, 39.725821757199796 ], [ -105.048907868989275, 39.725821385305267 ], [ -105.051430282498757, 39.725815207574364 ], [ -105.053264054760177, 39.725807327038851 ], [ -105.053263873343937, 39.725856184272217 ], [ -105.053252317514094, 39.733113599319942 ], [ -105.054429245717444, 39.7331098265714 ], [ -105.054432058726945, 39.7336465361184 ], [ -105.054684513122297, 39.733645776080188 ], [ -105.054684890013633, 39.733726419543203 ], [ -105.055022682265587, 39.733725295425472 ], [ -105.055019489639363, 39.733107598911374 ], [ -105.05560617597078, 39.733105698481381 ], [ -105.055596465506042, 39.73491890803971 ], [ -105.053242548319503, 39.734926465410247 ], [ -105.053243048997501, 39.734882772441708 ], [ -105.052953691798123, 39.734908883819749 ], [ -105.052900569900771, 39.7349201504083 ], [ -105.05287012648671, 39.734923256400563 ], [ -105.052842383604769, 39.73491628570315 ], [ -105.052821331412247, 39.734905907817712 ], [ -105.052786892385612, 39.734903202457957 ], [ -105.052733498280929, 39.734909864775908 ], [ -105.052676791592759, 39.734913081816522 ], [ -105.052634605163945, 39.734905198019028 ], [ -105.052608953897902, 39.734918830976696 ], [ -105.052574356122989, 39.73494101150839 ], [ -105.052553156088962, 39.73495380324006 ], [ -105.052534200967614, 39.734963170845454 ], [ -105.05252411016464, 39.73497686295871 ], [ -105.052508483961404, 39.734987101409772 ], [ -105.052484004314778, 39.734991299107222 ], [ -105.052458446007648, 39.734990343707281 ], [ -105.052396198374268, 39.734990965117881 ], [ -105.052342875366605, 39.734986471460473 ], [ -105.052299555509933, 39.734982015890651 ], [ -105.052262871662293, 39.734982734445786 ], [ -105.052240658720706, 39.734980075448689 ], [ -105.052204040617553, 39.734970496356794 ], [ -105.052179648556944, 39.734960963835832 ], [ -105.052169689248359, 39.734954060661543 ], [ -105.052148626120285, 39.734945398943822 ], [ -105.052116481292572, 39.734931546101024 ], [ -105.052086488126292, 39.734928857459153 ], [ -105.052034227304105, 39.734932091114359 ], [ -105.051975297675284, 39.734935299353914 ], [ -105.051893005303768, 39.73494185125206 ], [ -105.051837415544668, 39.734944214002176 ], [ -105.051789671900025, 39.734936308734838 ], [ -105.051738517019317, 39.734940404661643 ], [ -105.051698548085284, 39.734933387116136 ], [ -105.0516640542358, 39.734939262768108 ], [ -105.051640647601886, 39.734949471458336 ], [ -105.051622748947423, 39.734967424542532 ], [ -105.051594819643782, 39.734989630148029 ], [ -105.051560309297912, 39.734998080226738 ], [ -105.051506849158415, 39.735015039565873 ], [ -105.051478969186704, 39.735029521972642 ], [ -105.051464448778518, 39.73504062264049 ], [ -105.051391347138605, 39.735174216278075 ], [ -105.05137007003907, 39.735199021660918 ], [ -105.051363274965851, 39.735218733369571 ], [ -105.051353090582964, 39.735247013652881 ], [ -105.051335169821769, 39.735268399216977 ], [ -105.051294898801231, 39.735308578975705 ], [ -105.051264779230706, 39.73532562725967 ], [ -105.05121798211934, 39.735343470067257 ], [ -105.051193524235586, 39.735344234919971 ], [ -105.051173539679624, 39.735340726081944 ], [ -105.05114908728784, 39.735340632806562 ], [ -105.05113231633544, 39.735356015596572 ], [ -105.051118830369035, 39.735379134374845 ], [ -105.051115353154771, 39.735401433144865 ], [ -105.051105212582414, 39.735422848354006 ], [ -105.051089591564931, 39.735432228496173 ], [ -105.051064033180808, 39.735431272843954 ], [ -105.051038546141186, 39.735419161390617 ], [ -105.051015309546884, 39.735402767769941 ], [ -105.050966531078856, 39.735382844064532 ], [ -105.050921103543089, 39.735360358608197 ], [ -105.050895677060467, 39.735338807666253 ], [ -105.050851256617221, 39.735332631033778 ], [ -105.050809037166715, 39.735329895396262 ], [ -105.050745694190809, 39.735327937233535 ], [ -105.050709032134179, 39.735325222778677 ], [ -105.050662339270261, 39.735326760806501 ], [ -105.050621214787824, 39.735326603752668 ], [ -105.050581218317589, 39.735323876523267 ], [ -105.050539004316832, 39.735320282669818 ], [ -105.05050129675034, 39.735307266277971 ], [ -105.050482522751238, 39.735288315128969 ], [ -105.050462637246838, 39.735269359730268 ], [ -105.05044500221976, 39.73524612212681 ], [ -105.0504184644101, 39.735224566834155 ], [ -105.050385252354261, 39.735203844171856 ], [ -105.050373070158798, 39.735196932401692 ], [ -105.050357537114465, 39.735192582244899 ], [ -105.050326443457877, 39.735188172669673 ], [ -105.050269752941389, 39.73518881414325 ], [ -105.050167514240385, 39.735185848856752 ], [ -105.050078536066451, 39.735194948396689 ], [ -105.050011704730736, 39.735217004867579 ], [ -105.04999376154538, 39.735241822753068 ], [ -105.049975834799909, 39.735264066278944 ], [ -105.049952372814573, 39.73528285597088 ], [ -105.049917851113776, 39.735293021754337 ], [ -105.049884462881877, 39.735299759304297 ], [ -105.049838914578658, 39.735296152444313 ], [ -105.049811193882221, 39.735285748507835 ], [ -105.049787957618989, 39.735269354644011 ], [ -105.049761353899441, 39.735258096829554 ], [ -105.049714672142912, 39.735257918193817 ], [ -105.049660221059455, 39.735255993474112 ], [ -105.049632500405451, 39.735245589495392 ], [ -105.049607035787261, 39.735230045206066 ], [ -105.049586990725203, 39.735235975605882 ], [ -105.049570224966118, 39.735250500055081 ], [ -105.049559038626015, 39.735261613251282 ], [ -105.049531207756758, 39.7352683719757 ], [ -105.049493395679988, 39.73527165981848 ], [ -105.049464480845955, 39.735274123577106 ], [ -105.049440056042357, 39.735269739252331 ], [ -105.049415642267206, 39.735263638684941 ], [ -105.049386782630364, 39.73525752108641 ], [ -105.04935345501373, 39.735254818978532 ], [ -105.049326763212264, 39.735257291217358 ], [ -105.04929779323588, 39.735268336273286 ], [ -105.049267717379394, 39.735278518945933 ], [ -105.049237663508947, 39.735285269085352 ], [ -105.049216495919154, 39.735292911351415 ], [ -105.04920198612902, 39.735302295501512 ], [ -105.049188560208322, 39.735315974552059 ], [ -105.049171755736722, 39.735336505925773 ], [ -105.049160563804008, 39.735348477202486 ], [ -105.049129227435628, 39.735381825237887 ], [ -105.049102347946729, 39.735413474013939 ], [ -105.049064403360731, 39.735437356969179 ], [ -105.049028747931558, 39.735450950806857 ], [ -105.048989835250325, 39.735452517990112 ], [ -105.048963204062844, 39.73544555063993 ], [ -105.04894109595368, 39.735426586463959 ], [ -105.048943462407877, 39.735404283497765 ], [ -105.048964718354611, 39.735382911080634 ], [ -105.048982634349812, 39.735362383997128 ], [ -105.048997210397033, 39.735342702248808 ], [ -105.048995108888931, 39.73532381476511 ], [ -105.048985260138693, 39.73529974864605 ], [ -105.048975339658355, 39.735286838320576 ], [ -105.048967675257757, 39.735268787652302 ], [ -105.048955548375304, 39.735253294347253 ], [ -105.048944483345949, 39.735245528521141 ], [ -105.048910088453852, 39.735235956976567 ], [ -105.048884535690419, 39.735234142681925 ], [ -105.04885671580648, 39.735239184959127 ], [ -105.048832197148812, 39.735249388827818 ], [ -105.04878766107889, 39.735261232211194 ], [ -105.048651636341091, 39.735326788539744 ], [ -105.048621593500911, 39.735331822234322 ], [ -105.048601586986109, 39.735331745484523 ], [ -105.048579401688144, 39.735324795102649 ], [ -105.048555388518238, 39.735310705340858 ], [ -105.048537325943329, 39.735299747161854 ], [ -105.048518475144093, 39.735292809562303 ], [ -105.048498479688433, 39.735291016557547 ], [ -105.048477372783452, 39.735289219234147 ], [ -105.04845514331457, 39.73528913392903 ], [ -105.048435563098764, 39.735287290262839 ], [ -105.048419673401099, 39.735276743904443 ], [ -105.048416379535183, 39.735261003197635 ], [ -105.048407984543459, 39.735246553584894 ], [ -105.048394454673186, 39.73523863762405 ], [ -105.04836732742686, 39.735233290815579 ], [ -105.048341880867497, 39.735230571796471 ], [ -105.048318174073998, 39.735221306089684 ], [ -105.048296181730208, 39.735209425615452 ], [ -105.04826739914698, 39.735197519068315 ], [ -105.048238608131726, 39.735186923153833 ], [ -105.048213195363132, 39.735178961547845 ], [ -105.048187748829406, 39.735176242495363 ], [ -105.048160554077256, 39.735181380757076 ], [ -105.048140132679734, 39.735189166368492 ], [ -105.048116324598297, 39.735195628297809 ], [ -105.048087466049964, 39.735195517464248 ], [ -105.048058582166348, 39.735199338542799 ], [ -105.048029706725245, 39.735201848974505 ], [ -105.048000797497195, 39.735209601958076 ], [ -105.047973619611824, 39.735212118897088 ], [ -105.047951509069506, 39.735218587314449 ], [ -105.0479327429629, 39.735232932610081 ], [ -105.047913985296475, 39.735245967262934 ], [ -105.047879898863599, 39.735266807046436 ], [ -105.047866259215553, 39.735275929340851 ], [ -105.047842442630255, 39.735283701854208 ], [ -105.047818617590082, 39.735292785002407 ], [ -105.047799885236302, 39.735301887717775 ], [ -105.047779438412576, 39.735313605185198 ], [ -105.047760714498921, 39.73532139725468 ], [ -105.047747066373773, 39.735331830174744 ], [ -105.047731695325638, 39.735346188487128 ], [ -105.047711256929233, 39.735356595302882 ], [ -105.047697541950512, 39.735363039132608 ], [ -105.047681282690931, 39.735364707013034 ], [ -105.047636799474532, 39.735370369589724 ], [ -105.047607465502779, 39.735370256810945 ], [ -105.04760493081136, 39.735369850591809 ], [ -105.047585577903121, 39.735365286844178 ], [ -105.047555072447437, 39.735357305515244 ], [ -105.047526306839487, 39.735342777508222 ], [ -105.047504348413753, 39.73532565432798 ], [ -105.047486451468188, 39.735309370424993 ], [ -105.047481683581211, 39.73530114136684 ], [ -105.047466793628331, 39.735266768540008 ], [ -105.047460424561081, 39.735252400725948 ], [ -105.047459021286144, 39.735246839676741 ], [ -105.04745676324346, 39.735228481581494 ], [ -105.047419492984318, 39.735216542182094 ], [ -105.04738221428012, 39.735205913410482 ], [ -105.047360213641525, 39.735195343400918 ], [ -105.047331448140369, 39.735180815345402 ], [ -105.04730612852795, 39.735158436506822 ], [ -105.047280800472095, 39.735137368302333 ], [ -105.047250354371769, 39.735120212415794 ], [ -105.047216580854453, 39.735092558338742 ], [ -105.047198076928368, 39.735066273686407 ], [ -105.047176220208499, 39.735033422766286 ], [ -105.047132346044393, 39.734992623068187 ], [ -105.047107051952125, 39.734966312265961 ], [ -105.047080009543151, 39.734947858762368 ], [ -105.047052924828989, 39.734935958451359 ], [ -105.047024083318021, 39.734933226077409 ], [ -105.046945944723021, 39.734940789271263 ], [ -105.04692217048121, 39.734942008400452 ], [ -105.0468610584863, 39.734941773065501 ], [ -105.046837267306842, 39.734945613457036 ], [ -105.046805047626464, 39.734940246674114 ], [ -105.046776231530558, 39.734933582320124 ], [ -105.046743969512121, 39.734934768719263 ], [ -105.046703228186729, 39.734934611771088 ], [ -105.046684521196227, 39.734939782390853 ], [ -105.046659049394862, 39.734940994926788 ], [ -105.046633560649141, 39.734944828736715 ], [ -105.046608054956195, 39.734951283820621 ], [ -105.046591037037459, 39.734957771606361 ], [ -105.046568909501929, 39.734966861044008 ], [ -105.046553572185474, 39.734975976645508 ], [ -105.046536520361542, 39.734987706982224 ], [ -105.046521225405485, 39.734990269380802 ], [ -105.046500854726887, 39.734990190869929 ], [ -105.046480526421306, 39.734983559156937 ], [ -105.04646361865673, 39.734973008607824 ], [ -105.046455232576818, 39.734957248214485 ], [ -105.046451939166786, 39.734941507450841 ], [ -105.046438426526805, 39.734930969984738 ], [ -105.046419804274933, 39.734923034164964 ], [ -105.046397719108825, 39.734925570371828 ], [ -105.046393299749568, 39.734930393327396 ], [ -105.046376427251261, 39.734937942536718 ], [ -105.046344894877294, 39.734956826218855 ], [ -105.04631568496589, 39.73495802090558 ], [ -105.046291893751075, 39.734961861186868 ], [ -105.046268127969313, 39.734961769544171 ], [ -105.046217235212367, 39.734956330591949 ], [ -105.046179931387982, 39.734949633357601 ], [ -105.046152649465355, 39.734944566033434 ], [ -105.046114807790502, 39.734927146250371 ], [ -105.046096954729194, 39.734917857154826 ], [ -105.046074979821128, 39.734903354984688 ], [ -105.046049592848775, 39.734891460991363 ], [ -105.046032685171213, 39.73488091037995 ], [ -105.046014054495259, 39.734874285135525 ], [ -105.045997095925486, 39.734871598357401 ], [ -105.045976716797952, 39.734872830395503 ], [ -105.045958009770388, 39.73487800089989 ], [ -105.045927419862721, 39.734883125544933 ], [ -105.045900242029489, 39.734885642005366 ], [ -105.045876510217539, 39.734880307724659 ], [ -105.045844341559487, 39.734867076840104 ], [ -105.045818886743817, 39.734865667914733 ], [ -105.04579174286323, 39.734862941791199 ], [ -105.045764649912485, 39.734852351823015 ], [ -105.045735842440024, 39.734844376574301 ], [ -105.045701899870295, 39.734842934854512 ], [ -105.045669646365084, 39.7348428103194 ], [ -105.045628879624019, 39.734846584918444 ], [ -105.045516747708973, 39.734860569252135 ], [ -105.045438711220896, 39.734852403769743 ], [ -105.045357304871914, 39.734840293197088 ], [ -105.045331858571828, 39.734837573526619 ], [ -105.045302966188871, 39.734842704568969 ], [ -105.045267292087047, 39.734846498722597 ], [ -105.045241820295047, 39.734847710951804 ], [ -105.045201096020548, 39.734844932204133 ], [ -105.045162009807655, 39.734851334482236 ], [ -105.045138218565867, 39.734855174530402 ], [ -105.04511781392786, 39.734860338338848 ], [ -105.045102467945782, 39.734870764391182 ], [ -105.045093903673788, 39.734882527333525 ], [ -105.045083650345518, 39.734892973072284 ], [ -105.045075086067641, 39.734904736013085 ], [ -105.045049605749853, 39.734907258840273 ], [ -105.045027597054727, 39.734897999033102 ], [ -105.045006920850227, 39.734892676391937 ], [ -105.044986635226621, 39.734879491222308 ], [ -105.044960989379092, 39.73487443556894 ], [ -105.04495709509608, 39.734874706722557 ], [ -105.044937406168685, 39.734879300839594 ], [ -105.044906841697852, 39.734880493300338 ], [ -105.044864385844775, 39.734882950429046 ], [ -105.044835510419617, 39.734885460077201 ], [ -105.044799861788675, 39.734885322170136 ], [ -105.044767625278766, 39.734882576108468 ], [ -105.044732010678445, 39.734877195622275 ], [ -105.044667503640056, 39.734876946011504 ], [ -105.044633586603794, 39.734871572064591 ], [ -105.044601367126063, 39.734866204678085 ], [ -105.044567484141339, 39.734855588153565 ], [ -105.044545458504615, 39.734848949535312 ], [ -105.044511524468447, 39.734846196832528 ], [ -105.044487784263637, 39.734842172911293 ], [ -105.044453833208166, 39.73484204147114 ], [ -105.044421571192558, 39.734843227233561 ], [ -105.044397771399488, 39.734848377771641 ], [ -105.04437395457505, 39.734856149584182 ], [ -105.044348423163186, 39.734866536097336 ], [ -105.044321177160285, 39.73487953731005 ], [ -105.044295671278334, 39.73488599189286 ], [ -105.044248165320425, 39.73488187587747 ], [ -105.044227896875896, 39.734866069297688 ], [ -105.044202544298827, 39.734848932347248 ], [ -105.044180527216298, 39.734840983021044 ], [ -105.044143155501743, 39.734844770257681 ], [ -105.04409048024948, 39.734852430204796 ], [ -105.044072579820281, 39.734863911787123 ], [ -105.04403761007147, 39.734890203175411 ], [ -105.04401457122195, 39.734924028426164 ], [ -105.04399323516067, 39.734959181583484 ], [ -105.043977133443221, 39.734978939313507 ], [ -105.043962843346492, 39.734983288453577 ], [ -105.043948599068699, 39.734980590520557 ], [ -105.043932101518777, 39.734973479428135 ], [ -105.043920190641074, 39.734962862512603 ], [ -105.043910587323708, 39.734948290503688 ], [ -105.043910684699924, 39.734933315608657 ], [ -105.043905607845289, 39.734924486981107 ], [ -105.043896529220817, 39.734916964153378 ], [ -105.043883999157401, 39.73491383247007 ], [ -105.043867438681019, 39.734916410947683 ], [ -105.043854303802078, 39.734918562265591 ], [ -105.043833188227424, 39.734919801767383 ], [ -105.043812645961793, 39.734920603000596 ], [ -105.043671149256085, 39.734923577925279 ], [ -105.043633455994723, 39.734930038446777 ], [ -105.043603763481556, 39.734934327752747 ], [ -105.043573860989312, 39.73493693172427 ], [ -105.043534774576642, 39.734943333461651 ], [ -105.043503908353372, 39.734954187260634 ], [ -105.043476209543698, 39.734964402822463 ], [ -105.043451432282808, 39.734967912892976 ], [ -105.043421546874427, 39.734969107602915 ], [ -105.043346828822308, 39.734972749663307 ], [ -105.043255109598817, 39.734980257700521 ], [ -105.043193971974887, 39.73498395237943 ], [ -105.043064774770258, 39.735000966543481 ], [ -105.042972310579259, 39.735003352838078 ], [ -105.042890493964435, 39.735008868756509 ], [ -105.042809567872126, 39.735014044952635 ], [ -105.042757102427657, 39.735016929213437 ], [ -105.042686917536642, 39.735010822715111 ], [ -105.042616758728428, 39.735000598668272 ], [ -105.042568758363814, 39.735000412071066 ], [ -105.042512683406429, 39.735011518209326 ], [ -105.042454054289735, 39.735005456501298 ], [ -105.04241677590943, 39.734996732390464 ], [ -105.042350126190343, 39.734993727971109 ], [ -105.042283440648305, 39.734996213786289 ], [ -105.042235401693276, 39.735001860841798 ], [ -105.042190826955888, 39.735021590511209 ], [ -105.042156898317259, 39.735044450121592 ], [ -105.042123897209677, 39.735061479392712 ], [ -105.042090101227402, 39.73506409308019 ], [ -105.042060784730765, 39.735061233780279 ], [ -105.042012934449446, 39.735038056115563 ], [ -105.04197926798679, 39.735020767181631 ], [ -105.041909399098174, 39.734966276316996 ], [ -105.041880271248189, 39.734934591889477 ], [ -105.041861884625149, 39.734891625578392 ], [ -105.041836534520868, 39.734825983847784 ], [ -105.041818111825577, 39.734788508201234 ], [ -105.041803243017696, 39.734751389114756 ], [ -105.04177415136401, 39.734714215038949 ], [ -105.041726318574405, 39.734688291462881 ], [ -105.041626023608956, 39.734664909363261 ], [ -105.041470616587475, 39.73464131242055 ], [ -105.041415561010353, 39.734632518711543 ], [ -105.041337382923487, 39.734625350774628 ], [ -105.041292881970023, 39.734633756242467 ], [ -105.041219029588191, 39.734644792459058 ], [ -105.041155861691394, 39.73465312508921 ], [ -105.041100731793634, 39.734655655496375 ], [ -105.041037637972835, 39.734652663999348 ], [ -105.040971027012802, 39.734643825208884 ], [ -105.04094174950157, 39.734635132242452 ], [ -105.040893010744711, 39.73461195024823 ], [ -105.040848621737283, 39.734603198294202 ], [ -105.040797045463009, 39.734606085150361 ], [ -105.040752564872705, 39.73461140216137 ], [ -105.040697432809992, 39.734614275697602 ], [ -105.040619230096411, 39.734610881670264 ], [ -105.04056419262885, 39.734599342828005 ], [ -105.040486120327344, 39.73457604632344 ], [ -105.040445361165652, 39.734555984039154 ], [ -105.040409141893662, 39.734521526586704 ], [ -105.040375532224573, 39.734495658614094 ], [ -105.040353404031819, 39.734481159286034 ], [ -105.04032410662019, 39.734475554469689 ], [ -105.040271699954531, 39.73446951572889 ], [ -105.040213032723571, 39.734469286491446 ], [ -105.040157127325543, 39.734454655532701 ], [ -105.040116302819797, 39.734444544628317 ], [ -105.040061265828115, 39.734433005149597 ], [ -105.039965265109615, 39.734432629847475 ], [ -105.039771830502588, 39.734433109598776 ], [ -105.039744644022548, 39.734436935277309 ], [ -105.039718114049592, 39.734436364210936 ], [ -105.039686093718643, 39.734425915915523 ], [ -105.039649770889341, 39.734407729319209 ], [ -105.039603980275757, 39.734400996790626 ], [ -105.039576854023665, 39.734395647953917 ], [ -105.0395073236607, 39.734384890470174 ], [ -105.03940554004059, 39.734374006693095 ], [ -105.039229288522122, 39.734328753728761 ], [ -105.039198758636502, 39.734324702148953 ], [ -105.039163127990363, 39.734314054583351 ], [ -105.039127634205215, 39.734298210118297 ], [ -105.039097164626028, 39.734284984035426 ], [ -105.039061619669241, 39.734269116715559 ], [ -105.039026040273384, 39.73425849194296 ], [ -105.038997199353787, 39.734255757600842 ], [ -105.03896154243948, 39.73425692856447 ], [ -105.038920818756893, 39.734254147642574 ], [ -105.038885213280636, 39.734247454744875 ], [ -105.038854726535277, 39.734236849878066 ], [ -105.038819155804774, 39.734224914403256 ], [ -105.038780215867462, 39.734209033690831 ], [ -105.038759948849631, 39.734193226165367 ], [ -105.038741396615293, 39.734174804011893 ], [ -105.038721181333003, 39.734151132642204 ], [ -105.03869151797025, 39.734127470950568 ], [ -105.038649125049389, 39.734111529932306 ], [ -105.038623705137752, 39.734104876891699 ], [ -105.038586445601396, 39.734091624050031 ], [ -105.038550935348766, 39.734070514016388 ], [ -105.038520491846867, 39.734053355864333 ], [ -105.038486653294513, 39.734036184387662 ], [ -105.038451125850955, 39.734017695602702 ], [ -105.0384325306199, 39.734005826597397 ], [ -105.03840206992426, 39.733991289693535 ], [ -105.038363104332689, 39.733979340760612 ], [ -105.038327482055507, 39.73397526897373 ], [ -105.038295228962482, 39.733975142417172 ], [ -105.038266336420165, 39.733980271733252 ], [ -105.038237409359624, 39.733990643600634 ], [ -105.038172730565691, 39.734016603221001 ], [ -105.038150584975995, 39.734028312357765 ], [ -105.038126681432132, 39.734049189303775 ], [ -105.038114695131654, 39.7340648703331 ], [ -105.038099278974002, 39.73408578059049 ], [ -105.038071971694933, 39.734107954836524 ], [ -105.038053177969175, 39.734126230480804 ], [ -105.038025905189613, 39.7341431621578 ], [ -105.038000355831443, 39.734156168575232 ], [ -105.037968007686743, 39.73417045896344 ], [ -105.037950457534151, 39.734175461854988 ], [ -105.037928084920495, 39.734180779697169 ], [ -105.03791529772846, 39.734183358705934 ], [ -105.037888093973876, 39.734189805234813 ], [ -105.03785580624033, 39.734194921115702 ], [ -105.0378371271986, 39.734193244386553 ], [ -105.037815745678017, 39.734188239603952 ], [ -105.037796487467915, 39.73418027070597 ], [ -105.037779598477442, 39.734167097626994 ], [ -105.037767793462478, 39.734155255191247 ], [ -105.037754334103994, 39.734136852887914 ], [ -105.037739151304464, 39.7341223758323 ], [ -105.037717161097277, 39.7341104933761 ], [ -105.03769175855183, 39.734101218855152 ], [ -105.037654455996446, 39.734094518915875 ], [ -105.037625589277923, 39.734095716155892 ], [ -105.037591629956154, 39.734096893375174 ], [ -105.037559376808545, 39.734096766616922 ], [ -105.037479214026945, 39.734171069982516 ] ] ] ] } },
{ "type": "Feature", "properties": { "NBHD_ID": 74, "NBHD_NAME": "West Colfax", "TYPOLOGY": null, "NOTES": "Removed NEST Status May 2023", "GLOBALID": "4e6a2137-0b29-4b45-bf3d-f1c5919c9e9b" }, "geometry": { "type": "MultiPolygon", "coordinates": [ [ [ [ -105.025223526449096, 39.746370862442333 ], [ -105.025220117826592, 39.745167052887773 ], [ -105.025228269629963, 39.743962947266994 ], [ -105.02522945546005, 39.742737194176314 ], [ -105.025228396445186, 39.742406384669472 ], [ -105.025222890979393, 39.740686458544843 ], [ -105.025229983445712, 39.740426716842101 ], [ -105.025231445049343, 39.74007944720811 ], [ -105.025234900605, 39.739831701415859 ], [ -105.025161865958452, 39.738013699495667 ], [ -105.02518549115014, 39.736600814580648 ], [ -105.025302313717788, 39.736581955811459 ], [ -105.025333165859109, 39.736576975242386 ], [ -105.025443278705808, 39.736512099773435 ], [ -105.025562427054624, 39.736441900553409 ], [ -105.025599651166786, 39.736423186398291 ], [ -105.02567060873163, 39.73638751265743 ], [ -105.025959015899971, 39.736242515677191 ], [ -105.02598315953405, 39.73622265799667 ], [ -105.026003572671726, 39.736208484875526 ], [ -105.026046204542297, 39.736185849703133 ], [ -105.026096108440385, 39.736180349706679 ], [ -105.026146021894419, 39.736173424478267 ], [ -105.026203322980891, 39.73616652752078 ], [ -105.026208584662484, 39.736165933871447 ], [ -105.02626431783915, 39.736159645457278 ], [ -105.026340155256733, 39.736142846315964 ], [ -105.02639755254549, 39.736121695702586 ], [ -105.026648624803471, 39.736036670702873 ], [ -105.026922498205607, 39.735957949492217 ], [ -105.027027894719978, 39.735942290396395 ], [ -105.027099980669462, 39.735931580284294 ], [ -105.027140660338873, 39.735924616117934 ], [ -105.027196065281998, 39.735924838759871 ], [ -105.027240381060366, 39.735926442071168 ], [ -105.027292082619041, 39.735928076442804 ], [ -105.027349316087566, 39.735931156857177 ], [ -105.027401038688211, 39.73592993936149 ], [ -105.027463859994882, 39.735925914511391 ], [ -105.027561830760362, 39.735913479215583 ], [ -105.027746213299565, 39.735892280915259 ], [ -105.027792329799482, 39.73588697884437 ], [ -105.027849592103806, 39.735885783383203 ], [ -105.027919868097527, 39.735871811407236 ], [ -105.027990044368636, 39.735859265944946 ], [ -105.028099118267448, 39.735839766612301 ], [ -105.028099234307646, 39.735839745848722 ], [ -105.02809992828206, 39.735839726349091 ], [ -105.028187902393981, 39.735837250923758 ], [ -105.028228553131953, 39.735834563418976 ], [ -105.028282169490751, 39.735826225427147 ], [ -105.028326533218674, 39.735820702275142 ], [ -105.028621007886088, 39.735699296444373 ], [ -105.028743178256605, 39.735658449211662 ], [ -105.028782048116327, 39.735645776232502 ], [ -105.028833854847576, 39.735631728339641 ], [ -105.029028363645267, 39.735585426998817 ], [ -105.029046190184147, 39.735581183507527 ], [ -105.029071853764975, 39.73557701162953 ], [ -105.029282045571179, 39.735542842615565 ], [ -105.029345714571406, 39.735532492475564 ], [ -105.029513959698392, 39.735506082680899 ], [ -105.029547213134975, 39.73550479039195 ], [ -105.029602598637254, 39.735507862323082 ], [ -105.029607541830288, 39.735508900822687 ], [ -105.029685592666723, 39.735525298534085 ], [ -105.029750156136089, 39.735536960031972 ], [ -105.029824010485797, 39.735540107073831 ], [ -105.029947808025867, 39.735532048739934 ], [ -105.030293464412225, 39.735489240626954 ], [ -105.030350908973773, 39.735483389217492 ], [ -105.03044051601016, 39.735474261625527 ], [ -105.03044446768773, 39.735473859089943 ], [ -105.030790239790903, 39.735413945483153 ], [ -105.030875261096369, 39.735404307696122 ], [ -105.030925154537499, 39.735400229456175 ], [ -105.030929755685989, 39.735399413295973 ], [ -105.030956588643448, 39.735394653768275 ], [ -105.03097915807875, 39.73539536589761 ], [ -105.031008291726096, 39.735396285109452 ], [ -105.031056308775746, 39.735396476488148 ], [ -105.031106230719729, 39.735388122486924 ], [ -105.031154363916485, 39.735371209841112 ], [ -105.031186702021827, 39.735352003599814 ], [ -105.031187741053813, 39.735351386479699 ], [ -105.031269363787075, 39.735297546365643 ], [ -105.031282103893361, 39.735289387240869 ], [ -105.031425505107208, 39.735197548596325 ], [ -105.031435813103755, 39.735190947046796 ], [ -105.031450624366357, 39.735185304979844 ], [ -105.031470998005815, 39.735176833206175 ], [ -105.031498823924352, 39.735158414305808 ], [ -105.03153410400796, 39.735130045470335 ], [ -105.031573020662989, 39.735110245408663 ], [ -105.03164717152552, 39.73506920403463 ], [ -105.03172661428448, 39.735044809643966 ], [ -105.031800783133761, 39.735022034663871 ], [ -105.031839641938049, 39.735010102289046 ], [ -105.031872961692059, 39.734998831405846 ], [ -105.031935838974178, 39.734986252846859 ], [ -105.032020861432841, 39.734976612882754 ], [ -105.032295669728143, 39.734978895922922 ], [ -105.0322997404555, 39.734978365973042 ], [ -105.032344037870061, 39.734980748295605 ], [ -105.032377262499452, 39.73498373084167 ], [ -105.032412342510042, 39.73498529690724 ], [ -105.032447384593951, 39.734992562454366 ], [ -105.032465805764815, 39.734999763304373 ], [ -105.032580399621438, 39.735073331033433 ], [ -105.032850945097266, 39.735215522461672 ], [ -105.032903835279853, 39.735239995798644 ], [ -105.032952698579393, 39.735259101880864 ], [ -105.033002974519817, 39.73527388625984 ], [ -105.033056729786239, 39.735283333228466 ], [ -105.033070995264239, 39.735283389839331 ], [ -105.033104928312397, 39.735282069381398 ], [ -105.033161617553588, 39.735279377266622 ], [ -105.033206979192244, 39.735275667971777 ], [ -105.033251146072075, 39.735262230768541 ], [ -105.033408574918255, 39.735260910520189 ], [ -105.033532926507888, 39.73526489549814 ], [ -105.033623262570103, 39.735269842553514 ], [ -105.033677974027398, 39.735276563328732 ], [ -105.03372954837296, 39.735285518450809 ], [ -105.033755458159746, 39.735290482797303 ], [ -105.033875300690269, 39.735334398628552 ], [ -105.033976284265194, 39.735378238239491 ], [ -105.034066102083983, 39.735409001695892 ], [ -105.03417281315248, 39.735437659988406 ], [ -105.034243025867084, 39.735455313788997 ], [ -105.034335858894735, 39.735455681217957 ], [ -105.034431461787051, 39.735462575459358 ], [ -105.034549641812248, 39.735458699057943 ], [ -105.034620070743259, 39.735443773758291 ], [ -105.034707363980033, 39.735431087081366 ], [ -105.034805967322185, 39.735409757154287 ], [ -105.034884921901963, 39.73538183350049 ], [ -105.035003418547234, 39.735330174287341 ], [ -105.03511066252409, 39.735278470495977 ], [ -105.035203855145028, 39.735224539126236 ], [ -105.035299903895492, 39.735164102985699 ], [ -105.035390311892598, 39.735105816518733 ], [ -105.035446775489234, 39.735075631701079 ], [ -105.035517261377521, 39.735052018137246 ], [ -105.035579351069856, 39.735021855515107 ], [ -105.035664046190718, 39.734976578140781 ], [ -105.035726250766857, 39.734929039989133 ], [ -105.035776944076318, 39.734920552100235 ], [ -105.035822039935923, 39.734907698106554 ], [ -105.035853099064738, 39.734890444774514 ], [ -105.035884201228768, 39.734866675626954 ], [ -105.035963456588092, 39.734793140845369 ], [ -105.036017106534715, 39.734762944656175 ], [ -105.036067776206238, 39.734737526751623 ], [ -105.036125814105304, 39.734721226115155 ], [ -105.036185092134588, 39.734707847384513 ], [ -105.036229245488499, 39.73469635364134 ], [ -105.036279720991089, 39.73468099553709 ], [ -105.036328937025928, 39.734665632447999 ], [ -105.036375596106993, 39.734656093154548 ], [ -105.036403304503978, 39.734642835931659 ], [ -105.036445096351414, 39.734620391421274 ], [ -105.036469190271291, 39.734595205944608 ], [ -105.036488272877648, 39.734566111661586 ], [ -105.036499773626915, 39.734540876769863 ], [ -105.036515103836507, 39.734507878439416 ], [ -105.036541755123537, 39.734476869329953 ], [ -105.03657087361745, 39.734453648453822 ], [ -105.036616407977235, 39.734423685913747 ], [ -105.03666061862701, 39.734403441496937 ], [ -105.03671494895373, 39.734376430400992 ], [ -105.03676292476294, 39.734358145401082 ], [ -105.036823519330213, 39.734336020593872 ], [ -105.036887859818322, 39.734318772176081 ], [ -105.036934557107216, 39.734303398919565 ], [ -105.036976139857458, 39.734299673301585 ], [ -105.037018956630732, 39.734299841785855 ], [ -105.037047657763097, 39.734301607662317 ], [ -105.037081665659372, 39.734300769249266 ], [ -105.037113187020054, 39.734295059367433 ], [ -105.03715605485904, 39.734287449480306 ], [ -105.037195144633387, 39.734279824516541 ], [ -105.037238025543928, 39.73427027002041 ], [ -105.037275881777333, 39.734258751117885 ], [ -105.03731247856004, 39.734247227250627 ], [ -105.037356669918637, 39.734229899341884 ], [ -105.037397051138356, 39.734217418113531 ], [ -105.037427345060152, 39.734206841644856 ], [ -105.037457683854981, 39.734189459237918 ], [ -105.037479214026945, 39.734171069982516 ], [ -105.037559376808545, 39.734096766616922 ], [ -105.037591629956154, 39.734096893375174 ], [ -105.037625589277923, 39.734095716155892 ], [ -105.037654455996446, 39.734094518915875 ], [ -105.03769175855183, 39.734101218855152 ], [ -105.037717161097277, 39.7341104933761 ], [ -105.037739151304464, 39.7341223758323 ], [ -105.037754334103994, 39.734136852887914 ], [ -105.037767793462478, 39.734155255191247 ], [ -105.037779598477442, 39.734167097626994 ], [ -105.037796487467915, 39.73418027070597 ], [ -105.037815745678017, 39.734188239603952 ], [ -105.0378371271986, 39.734193244386553 ], [ -105.03785580624033, 39.734194921115702 ], [ -105.037888093973876, 39.734189805234813 ], [ -105.03791529772846, 39.734183358705934 ], [ -105.037928084920495, 39.734180779697169 ], [ -105.037950457534151, 39.734175461854988 ], [ -105.037968007686743, 39.73417045896344 ], [ -105.038000355831443, 39.734156168575232 ], [ -105.038025905189613, 39.7341431621578 ], [ -105.038053177969175, 39.734126230480804 ], [ -105.038071971694933, 39.734107954836524 ], [ -105.038099278974002, 39.73408578059049 ], [ -105.038114695131654, 39.7340648703331 ], [ -105.038126681432132, 39.734049189303775 ], [ -105.038150584975995, 39.734028312357765 ], [ -105.038172730565691, 39.734016603221001 ], [ -105.038237409359624, 39.733990643600634 ], [ -105.038266336420165, 39.733980271733252 ], [ -105.038295228962482, 39.733975142417172 ], [ -105.038327482055507, 39.73397526897373 ], [ -105.038363104332689, 39.733979340760612 ], [ -105.03840206992426, 39.733991289693535 ], [ -105.0384325306199, 39.734005826597397 ], [ -105.038451125850955, 39.734017695602702 ], [ -105.038486653294513, 39.734036184387662 ], [ -105.038520491846867, 39.734053355864333 ], [ -105.038550935348766, 39.734070514016388 ], [ -105.038586445601396, 39.734091624050031 ], [ -105.038623705137752, 39.734104876891699 ], [ -105.038649125049389, 39.734111529932306 ], [ -105.03869151797025, 39.734127470950568 ], [ -105.038721181333003, 39.734151132642204 ], [ -105.038741396615293, 39.734174804011893 ], [ -105.038759948849631, 39.734193226165367 ], [ -105.038780215867462, 39.734209033690831 ], [ -105.038819155804774, 39.734224914403256 ], [ -105.038854726535277, 39.734236849878066 ], [ -105.038885213280636, 39.734247454744875 ], [ -105.038920818756893, 39.734254147642574 ], [ -105.03896154243948, 39.73425692856447 ], [ -105.038997199353787, 39.734255757600842 ], [ -105.039026040273384, 39.73425849194296 ], [ -105.039061619669241, 39.734269116715559 ], [ -105.039097164626028, 39.734284984035426 ], [ -105.039127634205215, 39.734298210118297 ], [ -105.039163127990363, 39.734314054583351 ], [ -105.039198758636502, 39.734324702148953 ], [ -105.039229288522122, 39.734328753728761 ], [ -105.03940554004059, 39.734374006693095 ], [ -105.0395073236607, 39.734384890470174 ], [ -105.039576854023665, 39.734395647953917 ], [ -105.039603980275757, 39.734400996790626 ], [ -105.039649770889341, 39.734407729319209 ], [ -105.039686093718643, 39.734425915915523 ], [ -105.039718114049592, 39.734436364210936 ], [ -105.039744644022548, 39.734436935277309 ], [ -105.039771830502588, 39.734433109598776 ], [ -105.039965265109615, 39.734432629847475 ], [ -105.040061265828115, 39.734433005149597 ], [ -105.040116302819797, 39.734444544628317 ], [ -105.040157127325543, 39.734454655532701 ], [ -105.040213032723571, 39.734469286491446 ], [ -105.040271699954531, 39.73446951572889 ], [ -105.04032410662019, 39.734475554469689 ], [ -105.040353404031819, 39.734481159286034 ], [ -105.040375532224573, 39.734495658614094 ], [ -105.040409141893662, 39.734521526586704 ], [ -105.040445361165652, 39.734555984039154 ], [ -105.040486120327344, 39.73457604632344 ], [ -105.04056419262885, 39.734599342828005 ], [ -105.040619230096411, 39.734610881670264 ], [ -105.040697432809992, 39.734614275697602 ], [ -105.040752564872705, 39.73461140216137 ], [ -105.040797045463009, 39.734606085150361 ], [ -105.040848621737283, 39.734603198294202 ], [ -105.040893010744711, 39.73461195024823 ], [ -105.04094174950157, 39.734635132242452 ], [ -105.040971027012802, 39.734643825208884 ], [ -105.041037637972835, 39.734652663999348 ], [ -105.041100731793634, 39.734655655496375 ], [ -105.041155861691394, 39.73465312508921 ], [ -105.041219029588191, 39.734644792459058 ], [ -105.041292881970023, 39.734633756242467 ], [ -105.041337382923487, 39.734625350774628 ], [ -105.041415561010353, 39.734632518711543 ], [ -105.041470616587475, 39.73464131242055 ], [ -105.041626023608956, 39.734664909363261 ], [ -105.041726318574405, 39.734688291462881 ], [ -105.04177415136401, 39.734714215038949 ], [ -105.041803243017696, 39.734751389114756 ], [ -105.041818111825577, 39.734788508201234 ], [ -105.041836534520868, 39.734825983847784 ], [ -105.041861884625149, 39.734891625578392 ], [ -105.041880271248189, 39.734934591889477 ], [ -105.041909399098174, 39.734966276316996 ], [ -105.04197926798679, 39.735020767181631 ], [ -105.042012934449446, 39.735038056115563 ], [ -105.042060784730765, 39.735061233780279 ], [ -105.042090101227402, 39.73506409308019 ], [ -105.042123897209677, 39.735061479392712 ], [ -105.042156898317259, 39.735044450121592 ], [ -105.042190826955888, 39.735021590511209 ], [ -105.042235401693276, 39.735001860841798 ], [ -105.042283440648305, 39.734996213786289 ], [ -105.042350126190343, 39.734993727971109 ], [ -105.04241677590943, 39.734996732390464 ], [ -105.042454054289735, 39.735005456501298 ], [ -105.042512683406429, 39.735011518209326 ], [ -105.042568758363814, 39.735000412071066 ], [ -105.042616758728428, 39.735000598668272 ], [ -105.042686917536642, 39.735010822715111 ], [ -105.042757102427657, 39.735016929213437 ], [ -105.042809567872126, 39.735014044952635 ], [ -105.042890493964435, 39.735008868756509 ], [ -105.042972310579259, 39.735003352838078 ], [ -105.043064774770258, 39.735000966543481 ], [ -105.043193971974887, 39.73498395237943 ], [ -105.043255109598817, 39.734980257700521 ], [ -105.043346828822308, 39.734972749663307 ], [ -105.043421546874427, 39.734969107602915 ], [ -105.043451432282808, 39.734967912892976 ], [ -105.043476209543698, 39.734964402822463 ], [ -105.043503908353372, 39.734954187260634 ], [ -105.043534774576642, 39.734943333461651 ], [ -105.043573860989312, 39.73493693172427 ], [ -105.043603763481556, 39.734934327752747 ], [ -105.043633455994723, 39.734930038446777 ], [ -105.043671149256085, 39.734923577925279 ], [ -105.043812645961793, 39.734920603000596 ], [ -105.043833188227424, 39.734919801767383 ], [ -105.043854303802078, 39.734918562265591 ], [ -105.043867438681019, 39.734916410947683 ], [ -105.043883999157401, 39.73491383247007 ], [ -105.043896529220817, 39.734916964153378 ], [ -105.043905607845289, 39.734924486981107 ], [ -105.043910684699924, 39.734933315608657 ], [ -105.043910587323708, 39.734948290503688 ], [ -105.043920190641074, 39.734962862512603 ], [ -105.043932101518777, 39.734973479428135 ], [ -105.043948599068699, 39.734980590520557 ], [ -105.043962843346492, 39.734983288453577 ], [ -105.043977133443221, 39.734978939313507 ], [ -105.04399323516067, 39.734959181583484 ], [ -105.04401457122195, 39.734924028426164 ], [ -105.04403761007147, 39.734890203175411 ], [ -105.044072579820281, 39.734863911787123 ], [ -105.04409048024948, 39.734852430204796 ], [ -105.044143155501743, 39.734844770257681 ], [ -105.044180527216298, 39.734840983021044 ], [ -105.044202544298827, 39.734848932347248 ], [ -105.044227896875896, 39.734866069297688 ], [ -105.044248165320425, 39.73488187587747 ], [ -105.044295671278334, 39.73488599189286 ], [ -105.044321177160285, 39.73487953731005 ], [ -105.044348423163186, 39.734866536097336 ], [ -105.04437395457505, 39.734856149584182 ], [ -105.044397771399488, 39.734848377771641 ], [ -105.044421571192558, 39.734843227233561 ], [ -105.044453833208166, 39.73484204147114 ], [ -105.044487784263637, 39.734842172911293 ], [ -105.044511524468447, 39.734846196832528 ], [ -105.044545458504615, 39.734848949535312 ], [ -105.044567484141339, 39.734855588153565 ], [ -105.044601367126063, 39.734866204678085 ], [ -105.044633586603794, 39.734871572064591 ], [ -105.044667503640056, 39.734876946011504 ], [ -105.044732010678445, 39.734877195622275 ], [ -105.044767625278766, 39.734882576108468 ], [ -105.044799861788675, 39.734885322170136 ], [ -105.044835510419617, 39.734885460077201 ], [ -105.044864385844775, 39.734882950429046 ], [ -105.044906841697852, 39.734880493300338 ], [ -105.044937406168685, 39.734879300839594 ], [ -105.04495709509608, 39.734874706722557 ], [ -105.044960989379092, 39.73487443556894 ], [ -105.044986635226621, 39.734879491222308 ], [ -105.045006920850227, 39.734892676391937 ], [ -105.045027597054727, 39.734897999033102 ], [ -105.045049605749853, 39.734907258840273 ], [ -105.045075086067641, 39.734904736013085 ], [ -105.045083650345518, 39.734892973072284 ], [ -105.045093903673788, 39.734882527333525 ], [ -105.045102467945782, 39.734870764391182 ], [ -105.04511781392786, 39.734860338338848 ], [ -105.045138218565867, 39.734855174530402 ], [ -105.045162009807655, 39.734851334482236 ], [ -105.045201096020548, 39.734844932204133 ], [ -105.045241820295047, 39.734847710951804 ], [ -105.045267292087047, 39.734846498722597 ], [ -105.045302966188871, 39.734842704568969 ], [ -105.045331858571828, 39.734837573526619 ], [ -105.045357304871914, 39.734840293197088 ], [ -105.045438711220896, 39.734852403769743 ], [ -105.045516747708973, 39.734860569252135 ], [ -105.045628879624019, 39.734846584918444 ], [ -105.045669646365084, 39.7348428103194 ], [ -105.045701899870295, 39.734842934854512 ], [ -105.045735842440024, 39.734844376574301 ], [ -105.045764649912485, 39.734852351823015 ], [ -105.04579174286323, 39.734862941791199 ], [ -105.045818886743817, 39.734865667914733 ], [ -105.045844341559487, 39.734867076840104 ], [ -105.045876510217539, 39.734880307724659 ], [ -105.045900242029489, 39.734885642005366 ], [ -105.045927419862721, 39.734883125544933 ], [ -105.045958009770388, 39.73487800089989 ], [ -105.045976716797952, 39.734872830395503 ], [ -105.045997095925486, 39.734871598357401 ], [ -105.046014054495259, 39.734874285135525 ], [ -105.046032685171213, 39.73488091037995 ], [ -105.046049592848775, 39.734891460991363 ], [ -105.046074979821128, 39.734903354984688 ], [ -105.046096954729194, 39.734917857154826 ], [ -105.046114807790502, 39.734927146250371 ], [ -105.046152649465355, 39.734944566033434 ], [ -105.046179931387982, 39.734949633357601 ], [ -105.046217235212367, 39.734956330591949 ], [ -105.046268127969313, 39.734961769544171 ], [ -105.046291893751075, 39.734961861186868 ], [ -105.04631568496589, 39.73495802090558 ], [ -105.046344894877294, 39.734956826218855 ], [ -105.046376427251261, 39.734937942536718 ], [ -105.046393299749568, 39.734930393327396 ], [ -105.046397719108825, 39.734925570371828 ], [ -105.046419804274933, 39.734923034164964 ], [ -105.046438426526805, 39.734930969984738 ], [ -105.046451939166786, 39.734941507450841 ], [ -105.046455232576818, 39.734957248214485 ], [ -105.04646361865673, 39.734973008607824 ], [ -105.046480526421306, 39.734983559156937 ], [ -105.046500854726887, 39.734990190869929 ], [ -105.046521225405485, 39.734990269380802 ], [ -105.046536520361542, 39.734987706982224 ], [ -105.046553572185474, 39.734975976645508 ], [ -105.046568909501929, 39.734966861044008 ], [ -105.046591037037459, 39.734957771606361 ], [ -105.046608054956195, 39.734951283820621 ], [ -105.046633560649141, 39.734944828736715 ], [ -105.046659049394862, 39.734940994926788 ], [ -105.046684521196227, 39.734939782390853 ], [ -105.046703228186729, 39.734934611771088 ], [ -105.046743969512121, 39.734934768719263 ], [ -105.046776231530558, 39.734933582320124 ], [ -105.046805047626464, 39.734940246674114 ], [ -105.046837267306842, 39.734945613457036 ], [ -105.0468610584863, 39.734941773065501 ], [ -105.04692217048121, 39.734942008400452 ], [ -105.046945944723021, 39.734940789271263 ], [ -105.047024083318021, 39.734933226077409 ], [ -105.047052924828989, 39.734935958451359 ], [ -105.047080009543151, 39.734947858762368 ], [ -105.047107051952125, 39.734966312265961 ], [ -105.047132346044393, 39.734992623068187 ], [ -105.047176220208499, 39.735033422766286 ], [ -105.047198076928368, 39.735066273686407 ], [ -105.047216580854453, 39.735092558338742 ], [ -105.047250354371769, 39.735120212415794 ], [ -105.047280800472095, 39.735137368302333 ], [ -105.04730612852795, 39.735158436506822 ], [ -105.047331448140369, 39.735180815345402 ], [ -105.047360213641525, 39.735195343400918 ], [ -105.04738221428012, 39.735205913410482 ], [ -105.047419492984318, 39.735216542182094 ], [ -105.04745676324346, 39.735228481581494 ], [ -105.047459021286144, 39.735246839676741 ], [ -105.047460424561081, 39.735252400725948 ], [ -105.047466793628331, 39.735266768540008 ], [ -105.047481683581211, 39.73530114136684 ], [ -105.047486451468188, 39.735309370424993 ], [ -105.047504348413753, 39.73532565432798 ], [ -105.047526306839487, 39.735342777508222 ], [ -105.047555072447437, 39.735357305515244 ], [ -105.047585577903121, 39.735365286844178 ], [ -105.04760493081136, 39.735369850591809 ], [ -105.047607465502779, 39.735370256810945 ], [ -105.047636799474532, 39.735370369589724 ], [ -105.047681282690931, 39.735364707013034 ], [ -105.047697541950512, 39.735363039132608 ], [ -105.047711256929233, 39.735356595302882 ], [ -105.047731695325638, 39.735346188487128 ], [ -105.047747066373773, 39.735331830174744 ], [ -105.047760714498921, 39.73532139725468 ], [ -105.047779438412576, 39.735313605185198 ], [ -105.047799885236302, 39.735301887717775 ], [ -105.047818617590082, 39.735292785002407 ], [ -105.047842442630255, 39.735283701854208 ], [ -105.047866259215553, 39.735275929340851 ], [ -105.047879898863599, 39.735266807046436 ], [ -105.047913985296475, 39.735245967262934 ], [ -105.0479327429629, 39.735232932610081 ], [ -105.047951509069506, 39.735218587314449 ], [ -105.047973619611824, 39.735212118897088 ], [ -105.048000797497195, 39.735209601958076 ], [ -105.048029706725245, 39.735201848974505 ], [ -105.048058582166348, 39.735199338542799 ], [ -105.048087466049964, 39.735195517464248 ], [ -105.048116324598297, 39.735195628297809 ], [ -105.048140132679734, 39.735189166368492 ], [ -105.048160554077256, 39.735181380757076 ], [ -105.048187748829406, 39.735176242495363 ], [ -105.048213195363132, 39.735178961547845 ], [ -105.048238608131726, 39.735186923153833 ], [ -105.04826739914698, 39.735197519068315 ], [ -105.048296181730208, 39.735209425615452 ], [ -105.048318174073998, 39.735221306089684 ], [ -105.048341880867497, 39.735230571796471 ], [ -105.04836732742686, 39.735233290815579 ], [ -105.048394454673186, 39.73523863762405 ], [ -105.048407984543459, 39.735246553584894 ], [ -105.048416379535183, 39.735261003197635 ], [ -105.048419673401099, 39.735276743904443 ], [ -105.048435563098764, 39.735287290262839 ], [ -105.04845514331457, 39.73528913392903 ], [ -105.048477372783452, 39.735289219234147 ], [ -105.048498479688433, 39.735291016557547 ], [ -105.048518475144093, 39.735292809562303 ], [ -105.048537325943329, 39.735299747161854 ], [ -105.048555388518238, 39.735310705340858 ], [ -105.048579401688144, 39.735324795102649 ], [ -105.048601586986109, 39.735331745484523 ], [ -105.048621593500911, 39.735331822234322 ], [ -105.048651636341091, 39.735326788539744 ], [ -105.04878766107889, 39.735261232211194 ], [ -105.048832197148812, 39.735249388827818 ], [ -105.04885671580648, 39.735239184959127 ], [ -105.048884535690419, 39.735234142681925 ], [ -105.048910088453852, 39.735235956976567 ], [ -105.048944483345949, 39.735245528521141 ], [ -105.048955548375304, 39.735253294347253 ], [ -105.048967675257757, 39.735268787652302 ], [ -105.048975339658355, 39.735286838320576 ], [ -105.048985260138693, 39.73529974864605 ], [ -105.048995108888931, 39.73532381476511 ], [ -105.048997210397033, 39.735342702248808 ], [ -105.048982634349812, 39.735362383997128 ], [ -105.048964718354611, 39.735382911080634 ], [ -105.048943462407877, 39.735404283497765 ], [ -105.04894109595368, 39.735426586463959 ], [ -105.048963204062844, 39.73544555063993 ], [ -105.048989835250325, 39.735452517990112 ], [ -105.049028747931558, 39.735450950806857 ], [ -105.049064403360731, 39.735437356969179 ], [ -105.049102347946729, 39.735413474013939 ], [ -105.049129227435628, 39.735381825237887 ], [ -105.049160563804008, 39.735348477202486 ], [ -105.049171755736722, 39.735336505925773 ], [ -105.049188560208322, 39.735315974552059 ], [ -105.04920198612902, 39.735302295501512 ], [ -105.049216495919154, 39.735292911351415 ], [ -105.049237663508947, 39.735285269085352 ], [ -105.049267717379394, 39.735278518945933 ], [ -105.04929779323588, 39.735268336273286 ], [ -105.049326763212264, 39.735257291217358 ], [ -105.04935345501373, 39.735254818978532 ], [ -105.049386782630364, 39.73525752108641 ], [ -105.049415642267206, 39.735263638684941 ], [ -105.049440056042357, 39.735269739252331 ], [ -105.049464480845955, 39.735274123577106 ], [ -105.049493395679988, 39.73527165981848 ], [ -105.049531207756758, 39.7352683719757 ], [ -105.049559038626015, 39.735261613251282 ], [ -105.049570224966118, 39.735250500055081 ], [ -105.049586990725203, 39.735235975605882 ], [ -105.049607035787261, 39.735230045206066 ], [ -105.049632500405451, 39.735245589495392 ], [ -105.049660221059455, 39.735255993474112 ], [ -105.049714672142912, 39.735257918193817 ], [ -105.049761353899441, 39.735258096829554 ], [ -105.049787957618989, 39.735269354644011 ], [ -105.049811193882221, 39.735285748507835 ], [ -105.049838914578658, 39.735296152444313 ], [ -105.049884462881877, 39.735299759304297 ], [ -105.049917851113776, 39.735293021754337 ], [ -105.049952372814573, 39.73528285597088 ], [ -105.049975834799909, 39.735264066278944 ], [ -105.04999376154538, 39.735241822753068 ], [ -105.050011704730736, 39.735217004867579 ], [ -105.050078536066451, 39.735194948396689 ], [ -105.050167514240385, 39.735185848856752 ], [ -105.050269752941389, 39.73518881414325 ], [ -105.050326443457877, 39.735188172669673 ], [ -105.050357537114465, 39.735192582244899 ], [ -105.050373070158798, 39.735196932401692 ], [ -105.050385252354261, 39.735203844171856 ], [ -105.0504184644101, 39.735224566834155 ], [ -105.05044500221976, 39.73524612212681 ], [ -105.050462637246838, 39.735269359730268 ], [ -105.050482522751238, 39.735288315128969 ], [ -105.05050129675034, 39.735307266277971 ], [ -105.050539004316832, 39.735320282669818 ], [ -105.050581218317589, 39.735323876523267 ], [ -105.050621214787824, 39.735326603752668 ], [ -105.050662339270261, 39.735326760806501 ], [ -105.050709032134179, 39.735325222778677 ], [ -105.050745694190809, 39.735327937233535 ], [ -105.050809037166715, 39.735329895396262 ], [ -105.050851256617221, 39.735332631033778 ], [ -105.050895677060467, 39.735338807666253 ], [ -105.050921103543089, 39.735360358608197 ], [ -105.050966531078856, 39.735382844064532 ], [ -105.051015309546884, 39.735402767769941 ], [ -105.051038546141186, 39.735419161390617 ], [ -105.051064033180808, 39.735431272843954 ], [ -105.051089591564931, 39.735432228496173 ], [ -105.051105212582414, 39.735422848354006 ], [ -105.051115353154771, 39.735401433144865 ], [ -105.051118830369035, 39.735379134374845 ], [ -105.05113231633544, 39.735356015596572 ], [ -105.05114908728784, 39.735340632806562 ], [ -105.051173539679624, 39.735340726081944 ], [ -105.051193524235586, 39.735344234919971 ], [ -105.05121798211934, 39.735343470067257 ], [ -105.051264779230706, 39.73532562725967 ], [ -105.051294898801231, 39.735308578975705 ], [ -105.051335169821769, 39.735268399216977 ], [ -105.051353090582964, 39.735247013652881 ], [ -105.051363274965851, 39.735218733369571 ], [ -105.05137007003907, 39.735199021660918 ], [ -105.051391347138605, 39.735174216278075 ], [ -105.051464448778518, 39.73504062264049 ], [ -105.051478969186704, 39.735029521972642 ], [ -105.051506849158415, 39.735015039565873 ], [ -105.051560309297912, 39.734998080226738 ], [ -105.051594819643782, 39.734989630148029 ], [ -105.051622748947423, 39.734967424542532 ], [ -105.051640647601886, 39.734949471458336 ], [ -105.0516640542358, 39.734939262768108 ], [ -105.051698548085284, 39.734933387116136 ], [ -105.051738517019317, 39.734940404661643 ], [ -105.051789671900025, 39.734936308734838 ], [ -105.051837415544668, 39.734944214002176 ], [ -105.051893005303768, 39.73494185125206 ], [ -105.051975297675284, 39.734935299353914 ], [ -105.052034227304105, 39.734932091114359 ], [ -105.052086488126292, 39.734928857459153 ], [ -105.052116481292572, 39.734931546101024 ], [ -105.052148626120285, 39.734945398943822 ], [ -105.052169689248359, 39.734954060661543 ], [ -105.052179648556944, 39.734960963835832 ], [ -105.052204040617553, 39.734970496356794 ], [ -105.052240658720706, 39.734980075448689 ], [ -105.052262871662293, 39.734982734445786 ], [ -105.052299555509933, 39.734982015890651 ], [ -105.052342875366605, 39.734986471460473 ], [ -105.052396198374268, 39.734990965117881 ], [ -105.052458446007648, 39.734990343707281 ], [ -105.052484004314778, 39.734991299107222 ], [ -105.052508483961404, 39.734987101409772 ], [ -105.05252411016464, 39.73497686295871 ], [ -105.052534200967614, 39.734963170845454 ], [ -105.052553156088962, 39.73495380324006 ], [ -105.052574356122989, 39.73494101150839 ], [ -105.052608953897902, 39.734918830976696 ], [ -105.052634605163945, 39.734905198019028 ], [ -105.052676791592759, 39.734913081816522 ], [ -105.052733498280929, 39.734909864775908 ], [ -105.052786892385612, 39.734903202457957 ], [ -105.052821331412247, 39.734905907817712 ], [ -105.052842383604769, 39.73491628570315 ], [ -105.05287012648671, 39.734923256400563 ], [ -105.052900569900771, 39.7349201504083 ], [ -105.052953691798123, 39.734908883819749 ], [ -105.053243048997501, 39.734882772441708 ], [ -105.053242548319503, 39.734926465410247 ], [ -105.053214127109754, 39.740365060330767 ], [ -105.05322216314589, 39.743987800347256 ], [ -105.052652323372243, 39.743982544950093 ], [ -105.052097596632947, 39.743977346574859 ], [ -105.051526812962848, 39.743980663103308 ], [ -105.050933803576797, 39.74398389205183 ], [ -105.050331919556314, 39.743984682431673 ], [ -105.049818941535548, 39.743985122975175 ], [ -105.049279257570817, 39.743990949792561 ], [ -105.048696896549444, 39.743997296774239 ], [ -105.04809416072257, 39.743992238575316 ], [ -105.047526096611492, 39.743987310355209 ], [ -105.04633307232713, 39.7439772267618 ], [ -105.045764973095942, 39.743977780296575 ], [ -105.045168425022439, 39.743978221538676 ], [ -105.044597658843998, 39.743978759532027 ], [ -105.044033115315727, 39.743979318617029 ], [ -105.042847167859946, 39.743974717495199 ], [ -105.042520898683435, 39.743973449571868 ], [ -105.039318663525535, 39.743960957270481 ], [ -105.038741701027831, 39.74395732480825 ], [ -105.038167333791066, 39.743964680291164 ], [ -105.037576122483117, 39.743964760815295 ], [ -105.036995626453717, 39.743957674058706 ], [ -105.036390191060647, 39.743957692458835 ], [ -105.035775863231393, 39.743958016040892 ], [ -105.035782069476127, 39.745169384427058 ], [ -105.035781128928207, 39.746385871295097 ], [ -105.035200536229198, 39.74639044301972 ], [ -105.034949806914341, 39.746392197471785 ], [ -105.034592325951223, 39.746403481323675 ], [ -105.033813537011582, 39.746397996611009 ], [ -105.033058750432474, 39.746392945107104 ], [ -105.032326192584861, 39.746387634177388 ], [ -105.031521621490498, 39.746382031985682 ], [ -105.030709017196628, 39.746381196402204 ], [ -105.029950644947746, 39.746380571783149 ], [ -105.029294517523851, 39.746379665028051 ], [ -105.029051800864394, 39.746379723591907 ], [ -105.028390339101392, 39.746378790598975 ], [ -105.02778845379288, 39.746376376431854 ], [ -105.02744172921868, 39.746374984666105 ], [ -105.026830951101488, 39.746372530494433 ], [ -105.025223526449096, 39.746370862442333 ] ] ] ] } },
{ "type": "Feature", "properties": { "NBHD_ID": 75, "NBHD_NAME": "West Highland", "TYPOLOGY": null, "NOTES": null, "GLOBALID": "83ad1e9a-489a-4844-a11d-ab048eeca28f" }, "geometry": { "type": "MultiPolygon", "coordinates": [ [ [ [ -105.02524881158439, 39.769295461401953 ], [ -105.025260495975402, 39.768358013431737 ], [ -105.025298144517805, 39.768163364000699 ], [ -105.02529757189977, 39.767444190014679 ], [ -105.025296886807865, 39.766518570295574 ], [ -105.025297617087247, 39.766085298152355 ], [ -105.025243482291884, 39.76561682740504 ], [ -105.025292975203016, 39.765093818086314 ], [ -105.025291330982029, 39.764672129771384 ], [ -105.025288043786148, 39.763785618753687 ], [ -105.025254470378655, 39.763206212689212 ], [ -105.025252511755866, 39.762445085564472 ], [ -105.025251773584714, 39.762028835590506 ], [ -105.025233883396055, 39.760862380030716 ], [ -105.025245937785058, 39.760263964809326 ], [ -105.025243767688849, 39.758483324492417 ], [ -105.026104496878858, 39.758489195336367 ], [ -105.026851408293936, 39.758494602163275 ], [ -105.027568132943699, 39.758493020182136 ], [ -105.027607260180716, 39.758492834048504 ], [ -105.028183429432886, 39.758499949104376 ], [ -105.029940582300355, 39.758492910288147 ], [ -105.031099209656432, 39.75849753164416 ], [ -105.032292515680297, 39.758502279398492 ], [ -105.033444029116225, 39.758506849404213 ], [ -105.034623902144205, 39.758525932888077 ], [ -105.035208152288817, 39.758521378074292 ], [ -105.035808410216532, 39.758516540770685 ], [ -105.036981356087892, 39.758507434425105 ], [ -105.037572690275226, 39.758507357442149 ], [ -105.038147129499606, 39.758507210443618 ], [ -105.038674438416265, 39.758507219454351 ], [ -105.038710898023155, 39.758507019023781 ], [ -105.039313791824995, 39.75850697839531 ], [ -105.039906917297017, 39.758504837257767 ], [ -105.04050449166651, 39.758502367727928 ], [ -105.04108516859057, 39.758500171654397 ], [ -105.041664958534696, 39.75849762689257 ], [ -105.042258976122639, 39.758495134204487 ], [ -105.04283698512593, 39.758492919314506 ], [ -105.043432718363832, 39.758500035904724 ], [ -105.044016004694384, 39.758506758288732 ], [ -105.04507867046749, 39.758499888762692 ], [ -105.045466386459083, 39.758497612180399 ], [ -105.046336019893829, 39.758501653694239 ], [ -105.046958551157985, 39.758489982073371 ], [ -105.048433794627897, 39.758486385856443 ], [ -105.048680933078558, 39.758496598893323 ], [ -105.049023316893312, 39.758491391234699 ], [ -105.049311455255562, 39.758486660931567 ], [ -105.049871722509735, 39.758477823984641 ], [ -105.050904973225698, 39.75848177084346 ], [ -105.051487428267677, 39.758479531041665 ], [ -105.05152033090171, 39.758479313039395 ], [ -105.052090336841076, 39.758477022619012 ], [ -105.052656761933392, 39.758478490627979 ], [ -105.053249864583407, 39.75848005716972 ], [ -105.053250355472557, 39.758480104601873 ], [ -105.053254416575797, 39.762091776131385 ], [ -105.05325098688742, 39.769328878420026 ], [ -105.053250912535972, 39.76934054565897 ], [ -105.052665711973049, 39.769340725060324 ], [ -105.052089405377501, 39.769340936145475 ], [ -105.051505031241362, 39.769351064888518 ], [ -105.050926882695364, 39.769361214329507 ], [ -105.050346095794026, 39.769366546958096 ], [ -105.04977064771083, 39.769371553416754 ], [ -105.048819024087308, 39.769372714549363 ], [ -105.048608282413014, 39.769367102230248 ], [ -105.047983041669639, 39.769370193512593 ], [ -105.047452077999637, 39.769372614867841 ], [ -105.046295811485052, 39.769387723806268 ], [ -105.045727508299635, 39.769387934393194 ], [ -105.045159203208243, 39.769388485601418 ], [ -105.044022724364396, 39.769369333082849 ], [ -105.043442795424653, 39.769379439279362 ], [ -105.042866425836593, 39.76938921286817 ], [ -105.042319274353943, 39.769419000222769 ], [ -105.042274789780663, 39.769421572438951 ], [ -105.041684933543635, 39.769453592645284 ], [ -105.041096141878228, 39.769458848531272 ], [ -105.040509130689586, 39.76946376525084 ], [ -105.03992845475203, 39.769451888701305 ], [ -105.03934778204264, 39.769439666730143 ], [ -105.038750919927807, 39.76945483007588 ], [ -105.038165622732777, 39.769469693247835 ], [ -105.037589153820505, 39.769494196288001 ], [ -105.036996672452702, 39.769519320175213 ], [ -105.03642119013989, 39.76952906550509 ], [ -105.035814578175149, 39.769539028854474 ], [ -105.035248004930651, 39.769546401930086 ], [ -105.034652968211617, 39.769554345661241 ], [ -105.034054579140388, 39.769531389481436 ], [ -105.033654467745109, 39.769516078908289 ], [ -105.033082752473121, 39.769494253263737 ], [ -105.032310892928322, 39.769478149437802 ], [ -105.031547063100859, 39.769458297865327 ], [ -105.029979444213666, 39.769409498350782 ], [ -105.027620254692209, 39.769366769506874 ], [ -105.02596370929777, 39.769317216461879 ], [ -105.02524881158439, 39.769295461401953 ] ] ] ] } },
{ "type": "Feature", "properties": { "NBHD_ID": 56, "NBHD_NAME": "Sloan Lake", "TYPOLOGY": null, "NOTES": null, "GLOBALID": "1f39cc21-39ac-46f7-a49a-01f81d1d8109" }, "geometry": { "type": "MultiPolygon", "coordinates": [ [ [ [ -105.025243767688849, 39.758483324492417 ], [ -105.025245039381204, 39.757902578217845 ], [ -105.025244699849267, 39.757838800272339 ], [ -105.025287022594426, 39.757796852603995 ], [ -105.025285358746245, 39.757258676291102 ], [ -105.025279829201963, 39.756026618138655 ], [ -105.025283795524331, 39.755474898936335 ], [ -105.025233552296569, 39.755446620787225 ], [ -105.02523284210929, 39.754844115236708 ], [ -105.02522520516203, 39.754053064606659 ], [ -105.025292063030619, 39.75402993618961 ], [ -105.025287184922917, 39.753630903937363 ], [ -105.025306513621771, 39.752422759491893 ], [ -105.025309205438646, 39.751721516277186 ], [ -105.025234943876228, 39.75169313056287 ], [ -105.025238747323726, 39.751213892372881 ], [ -105.025239879680782, 39.750733513277027 ], [ -105.025280193296396, 39.750688883534963 ], [ -105.0252780151216, 39.750005688163952 ], [ -105.025282823404197, 39.748792606567164 ], [ -105.025283896491729, 39.74812650817951 ], [ -105.025242392508872, 39.748094753646058 ], [ -105.025239320035269, 39.747583985682262 ], [ -105.025233672734984, 39.747104227299744 ], [ -105.025231962781447, 39.746963183505919 ], [ -105.025223526449096, 39.746370862442333 ], [ -105.026830951101488, 39.746372530494433 ], [ -105.02744172921868, 39.746374984666105 ], [ -105.02778845379288, 39.746376376431854 ], [ -105.028390339101392, 39.746378790598975 ], [ -105.029051800864394, 39.746379723591907 ], [ -105.029294517523851, 39.746379665028051 ], [ -105.029950644947746, 39.746380571783149 ], [ -105.030709017196628, 39.746381196402204 ], [ -105.031521621490498, 39.746382031985682 ], [ -105.032326192584861, 39.746387634177388 ], [ -105.033058750432474, 39.746392945107104 ], [ -105.033813537011582, 39.746397996611009 ], [ -105.034592325951223, 39.746403481323675 ], [ -105.034949806914341, 39.746392197471785 ], [ -105.035200536229198, 39.74639044301972 ], [ -105.035781128928207, 39.746385871295097 ], [ -105.035782069476127, 39.745169384427058 ], [ -105.035775863231393, 39.743958016040892 ], [ -105.036390191060647, 39.743957692458835 ], [ -105.036995626453717, 39.743957674058706 ], [ -105.037576122483117, 39.743964760815295 ], [ -105.038167333791066, 39.743964680291164 ], [ -105.038741701027831, 39.74395732480825 ], [ -105.039318663525535, 39.743960957270481 ], [ -105.042520898683435, 39.743973449571868 ], [ -105.042847167859946, 39.743974717495199 ], [ -105.044033115315727, 39.743979318617029 ], [ -105.044597658843998, 39.743978759532027 ], [ -105.045168425022439, 39.743978221538676 ], [ -105.045764973095942, 39.743977780296575 ], [ -105.04633307232713, 39.7439772267618 ], [ -105.047526096611492, 39.743987310355209 ], [ -105.04809416072257, 39.743992238575316 ], [ -105.048696896549444, 39.743997296774239 ], [ -105.049279257570817, 39.743990949792561 ], [ -105.049818941535548, 39.743985122975175 ], [ -105.050331919556314, 39.743984682431673 ], [ -105.050933803576797, 39.74398389205183 ], [ -105.051526812962848, 39.743980663103308 ], [ -105.052097596632947, 39.743977346574859 ], [ -105.052652323372243, 39.743982544950093 ], [ -105.053222162369622, 39.743987799742058 ], [ -105.053222163922172, 39.743987800952439 ], [ -105.053230202647441, 39.747610530113086 ], [ -105.053250355472557, 39.758480104601873 ], [ -105.053249864583407, 39.75848005716972 ], [ -105.052656761933392, 39.758478490627979 ], [ -105.052090336841076, 39.758477022619012 ], [ -105.05152033090171, 39.758479313039395 ], [ -105.051487428267677, 39.758479531041665 ], [ -105.050904973225698, 39.75848177084346 ], [ -105.049871722509735, 39.758477823984641 ], [ -105.049311455255562, 39.758486660931567 ], [ -105.049023316893312, 39.758491391234699 ], [ -105.048680933078558, 39.758496598893323 ], [ -105.048433794627897, 39.758486385856443 ], [ -105.046958551157985, 39.758489982073371 ], [ -105.046336019893829, 39.758501653694239 ], [ -105.045466386459083, 39.758497612180399 ], [ -105.04507867046749, 39.758499888762692 ], [ -105.044016004694384, 39.758506758288732 ], [ -105.043432718363832, 39.758500035904724 ], [ -105.04283698512593, 39.758492919314506 ], [ -105.042258976122639, 39.758495134204487 ], [ -105.041664958534696, 39.75849762689257 ], [ -105.04108516859057, 39.758500171654397 ], [ -105.04050449166651, 39.758502367727928 ], [ -105.039906917297017, 39.758504837257767 ], [ -105.039313791824995, 39.75850697839531 ], [ -105.038710898023155, 39.758507019023781 ], [ -105.038674438416265, 39.758507219454351 ], [ -105.038147129499606, 39.758507210443618 ], [ -105.037572690275226, 39.758507357442149 ], [ -105.036981356087892, 39.758507434425105 ], [ -105.035808410216532, 39.758516540770685 ], [ -105.035208152288817, 39.758521378074292 ], [ -105.034623902144205, 39.758525932888077 ], [ -105.033444029116225, 39.758506849404213 ], [ -105.032292515680297, 39.758502279398492 ], [ -105.031099209656432, 39.75849753164416 ], [ -105.029940582300355, 39.758492910288147 ], [ -105.028183429432886, 39.758499949104376 ], [ -105.027607260180716, 39.758492834048504 ], [ -105.027568132943699, 39.758493020182136 ], [ -105.026851408293936, 39.758494602163275 ], [ -105.026104496878858, 39.758489195336367 ], [ -105.025243767688849, 39.758483324492417 ] ] ] ] } },
{ "type": "Feature", "properties": { "NBHD_ID": 8, "NBHD_NAME": "Berkeley", "TYPOLOGY": null, "NOTES": null, "GLOBALID": "fb6cbc49-8e1a-40cd-acad-4ed90581abb0" }, "geometry": { "type": "MultiPolygon", "coordinates": [ [ [ [ -105.025202489269205, 39.784391192982767 ], [ -105.025201446300045, 39.784316149711181 ], [ -105.02520144604803, 39.784316148505702 ], [ -105.025195985237261, 39.783923176021794 ], [ -105.025203205768136, 39.782995063432629 ], [ -105.025250979883495, 39.782578283099944 ], [ -105.02525248163397, 39.782151904439054 ], [ -105.02525505211149, 39.780953748325281 ], [ -105.025198497113436, 39.780269300599464 ], [ -105.025260413599781, 39.779838805084815 ], [ -105.025267370857378, 39.77905033756354 ], [ -105.025278311280587, 39.777859999917546 ], [ -105.025232797386892, 39.77665020629226 ], [ -105.025297064966921, 39.775773773274679 ], [ -105.025295995873137, 39.774719950408482 ], [ -105.025297309035295, 39.773447371491756 ], [ -105.025240114395785, 39.772943495204764 ], [ -105.025301535324814, 39.772440507096249 ], [ -105.025303774306565, 39.77205188439963 ], [ -105.025308880244324, 39.771142261317102 ], [ -105.025309167871924, 39.770847360468828 ], [ -105.025247824377317, 39.770229180353937 ], [ -105.025248291234504, 39.76976592514302 ], [ -105.02524881158439, 39.769295461401953 ], [ -105.02596370929777, 39.769317216461879 ], [ -105.027620254692209, 39.769366769506874 ], [ -105.029979444213666, 39.769409498350782 ], [ -105.031547063100859, 39.769458297865327 ], [ -105.032310892928322, 39.769478149437802 ], [ -105.033082752473121, 39.769494253263737 ], [ -105.033654467745109, 39.769516078908289 ], [ -105.034054579140388, 39.769531389481436 ], [ -105.034652968211617, 39.769554345661241 ], [ -105.035248004930651, 39.769546401930086 ], [ -105.035814578175149, 39.769539028854474 ], [ -105.03642119013989, 39.76952906550509 ], [ -105.036996672452702, 39.769519320175213 ], [ -105.037589153820505, 39.769494196288001 ], [ -105.038165622732777, 39.769469693247835 ], [ -105.038750919927807, 39.76945483007588 ], [ -105.03934778204264, 39.769439666730143 ], [ -105.03992845475203, 39.769451888701305 ], [ -105.040509130689586, 39.76946376525084 ], [ -105.041096141878228, 39.769458848531272 ], [ -105.041684933543635, 39.769453592645284 ], [ -105.042274789780663, 39.769421572438951 ], [ -105.042319274353943, 39.769419000222769 ], [ -105.042866425836593, 39.76938921286817 ], [ -105.043442795424653, 39.769379439279362 ], [ -105.044022724364396, 39.769369333082849 ], [ -105.045159203208243, 39.769388485601418 ], [ -105.045727508299635, 39.769387934393194 ], [ -105.046295811485052, 39.769387723806268 ], [ -105.047452077999637, 39.769372614867841 ], [ -105.047983041669639, 39.769370193512593 ], [ -105.048608282413014, 39.769367102230248 ], [ -105.048819024087308, 39.769372714549363 ], [ -105.04977064771083, 39.769371553416754 ], [ -105.050346095794026, 39.769366546958096 ], [ -105.050926882695364, 39.769361214329507 ], [ -105.051505031241362, 39.769351064888518 ], [ -105.052089405377501, 39.769340936145475 ], [ -105.052665711973049, 39.769340725060324 ], [ -105.053250912535972, 39.76934054565897 ], [ -105.053252838022757, 39.776574560032969 ], [ -105.053253778831319, 39.783678111607294 ], [ -105.053244503276176, 39.783680988385882 ], [ -105.052980550945165, 39.783755490193734 ], [ -105.052623801320323, 39.783891421147821 ], [ -105.052396082429368, 39.783999437368621 ], [ -105.051752790518449, 39.784326002448779 ], [ -105.05092786360224, 39.784748918065397 ], [ -105.050718759543258, 39.78482386430354 ], [ -105.050325214977107, 39.784954913716575 ], [ -105.049852115934826, 39.785052519644722 ], [ -105.049707526332838, 39.785076191802034 ], [ -105.049428284579818, 39.785121908351492 ], [ -105.04887276050691, 39.785155286544637 ], [ -105.048547620277091, 39.785144572340755 ], [ -105.048259386804375, 39.785119796655188 ], [ -105.047995819027577, 39.785076179612581 ], [ -105.047719979999329, 39.785032514643724 ], [ -105.047413798411583, 39.784936658142293 ], [ -105.047101543097611, 39.784831309807146 ], [ -105.046826072888919, 39.784730836174703 ], [ -105.04649577912366, 39.784568609011096 ], [ -105.046107273968374, 39.784394320998103 ], [ -105.045263204715354, 39.783979207441575 ], [ -105.044755043335826, 39.78380682019359 ], [ -105.044246483836872, 39.783695970963038 ], [ -105.044044219719922, 39.783662050163699 ], [ -105.043795922558886, 39.783630317127724 ], [ -105.043550647387093, 39.783605696703695 ], [ -105.043317551373818, 39.783595324795698 ], [ -105.041019704083453, 39.783588757045607 ], [ -105.038292200210194, 39.783604130753929 ], [ -105.03722458296474, 39.783599939602773 ], [ -105.036635615190292, 39.783588154862606 ], [ -105.036279742484851, 39.783586753879533 ], [ -105.035571364026879, 39.783538989468632 ], [ -105.034559503993137, 39.78345451593232 ], [ -105.033762017644136, 39.783427690980105 ], [ -105.033387833907582, 39.78341200709783 ], [ -105.033142436512875, 39.783406300054757 ], [ -105.032856921706966, 39.78343593897543 ], [ -105.032666619569184, 39.78344938542665 ], [ -105.032451711282079, 39.78347220235284 ], [ -105.032120035015552, 39.783522958605602 ], [ -105.031712568657809, 39.783591277281431 ], [ -105.0300652712301, 39.783867458442103 ], [ -105.028100030454013, 39.784136102145794 ], [ -105.027323056402764, 39.784242303000951 ], [ -105.026604722402794, 39.784305693142443 ], [ -105.026027701988298, 39.784341243967098 ], [ -105.025665465982712, 39.784372923474955 ], [ -105.025383123735736, 39.784385987609738 ], [ -105.025345758262247, 39.784387063380464 ], [ -105.025202489269205, 39.784391192982767 ] ] ] ] } },
{ "type": "Feature", "properties": { "NBHD_ID": 52, "NBHD_NAME": "Regis", "TYPOLOGY": null, "NOTES": null, "GLOBALID": "1039ba4d-590a-43cf-b371-551668db322a" }, "geometry": { "type": "MultiPolygon", "coordinates": [ [ [ [ -105.029962678681883, 39.792038285247905 ], [ -105.029953668055612, 39.791131862132943 ], [ -105.025249577210687, 39.791113790614908 ], [ -105.02520148214731, 39.791121832162283 ], [ -105.025194594724411, 39.789249571350915 ], [ -105.025233330702378, 39.787471173135209 ], [ -105.025195218315091, 39.785612167025349 ], [ -105.025206151725996, 39.784654817113804 ], [ -105.025202489868249, 39.784391190977743 ], [ -105.02534575800243, 39.78438706332922 ], [ -105.02538312380112, 39.784385987559808 ], [ -105.025665465854289, 39.784372923223508 ], [ -105.026027701273804, 39.78434124381365 ], [ -105.026604722143588, 39.784305692990856 ], [ -105.027323056532552, 39.78424230305167 ], [ -105.028100029409245, 39.784136102743844 ], [ -105.030065271490272, 39.783867458443147 ], [ -105.031712569241193, 39.783591277584868 ], [ -105.03212003468731, 39.783522959055944 ], [ -105.032451711540929, 39.783472202554599 ], [ -105.032666619244964, 39.7834493852748 ], [ -105.032856921966115, 39.783435939126989 ], [ -105.033142436709653, 39.783406299804611 ], [ -105.03338783403936, 39.783412006847435 ], [ -105.033762017448637, 39.783427691029509 ], [ -105.034559503733917, 39.78345451578074 ], [ -105.034583794455514, 39.783456543544233 ], [ -105.035571364092931, 39.783538989318352 ], [ -105.036279742809739, 39.783586753931019 ], [ -105.036635615580224, 39.783588154914334 ], [ -105.037224584004804, 39.783599939707202 ], [ -105.038292200079482, 39.783604130853774 ], [ -105.041019703824915, 39.783588756793691 ], [ -105.043317551307126, 39.783595325046356 ], [ -105.043550647128228, 39.783605696502001 ], [ -105.043795922232363, 39.783630317327194 ], [ -105.043951167296441, 39.783650159140734 ], [ -105.044044219394706, 39.783662050162434 ], [ -105.044246483577027, 39.783695970911843 ], [ -105.044755043987237, 39.783806820045584 ], [ -105.045263204844815, 39.783979207542451 ], [ -105.046107274098489, 39.784394320998608 ], [ -105.046495778406538, 39.78456860925931 ], [ -105.046826072630054, 39.784730835972965 ], [ -105.04710154329176, 39.784831309958427 ], [ -105.047413798086353, 39.784936658141028 ], [ -105.047719979022361, 39.785032514840758 ], [ -105.047995819224639, 39.785076179312242 ], [ -105.048259386480112, 39.785119796503416 ], [ -105.048547620536297, 39.785144572492314 ], [ -105.048872760374906, 39.785155286845232 ], [ -105.049428284711169, 39.785121908151289 ], [ -105.049707526141589, 39.785076191199067 ], [ -105.049852115610562, 39.785052519492936 ], [ -105.050325215106895, 39.784954913767208 ], [ -105.050718759544537, 39.784823864102826 ], [ -105.050927863737186, 39.784748917313145 ], [ -105.05175279032494, 39.784326002197119 ], [ -105.052396082234225, 39.783999437367889 ], [ -105.052623801450125, 39.783891421198518 ], [ -105.052980551337683, 39.783755489843962 ], [ -105.053194110096285, 39.783695211643149 ], [ -105.053244502169434, 39.783680988532247 ], [ -105.053253777985717, 39.783678111604083 ], [ -105.053253779212213, 39.783683848378985 ], [ -105.053253795249972, 39.783820561334487 ], [ -105.062669402632253, 39.783854536383721 ], [ -105.062662668077351, 39.788346614788807 ], [ -105.065005224459043, 39.788349734657601 ], [ -105.065001430632776, 39.790327138481132 ], [ -105.064414431226041, 39.790326282766223 ], [ -105.064412965756517, 39.791086764888618 ], [ -105.062656506563712, 39.791084186455208 ], [ -105.062657617370405, 39.790507852768272 ], [ -105.061796318147387, 39.790506646896993 ], [ -105.061465252952075, 39.791082504106534 ], [ -105.053256510815757, 39.791070667973386 ], [ -105.044047632708754, 39.791110178957346 ], [ -105.034656362419767, 39.791149965748119 ], [ -105.034667081417098, 39.792054063286024 ], [ -105.029962678681883, 39.792038285247905 ] ] ] ] } },
{ "type": "Feature", "properties": { "NBHD_ID": 11, "NBHD_NAME": "Chaffee Park", "TYPOLOGY": null, "NOTES": null, "GLOBALID": "3dd14fcc-6a4b-4b67-84ce-e226d7ca9782" }, "geometry": { "type": "MultiPolygon", "coordinates": [ [ [ [ -105.020566114542675, 39.792901836319587 ], [ -105.020554197193576, 39.791095110757887 ], [ -105.015857927793249, 39.791076583139535 ], [ -105.006420816824658, 39.791052505729361 ], [ -104.99813710260149, 39.791028651120634 ], [ -104.998131833174568, 39.791028635689564 ], [ -104.998185539928585, 39.782571285255628 ], [ -104.998366842792692, 39.782617089484447 ], [ -104.999352820045871, 39.782881656128694 ], [ -105.000302023863483, 39.78314132467807 ], [ -105.001425546454186, 39.783479834784472 ], [ -105.002056650432678, 39.78360558916696 ], [ -105.002430593182908, 39.783654510244617 ], [ -105.002847654442789, 39.783679941819976 ], [ -105.002961459631592, 39.783673212834294 ], [ -105.003182202528393, 39.78366005101185 ], [ -105.003519868404695, 39.783633071162392 ], [ -105.004269129787076, 39.783536814169146 ], [ -105.005049167808465, 39.783426479513125 ], [ -105.005703371630034, 39.783322712150486 ], [ -105.005979811615376, 39.783276532668282 ], [ -105.006214636944208, 39.783273894458951 ], [ -105.006286629251903, 39.783273085633901 ], [ -105.00664506624183, 39.783270521264676 ], [ -105.00670388980285, 39.783270100699646 ], [ -105.007053657735725, 39.783266831397228 ], [ -105.007691271055478, 39.783340508794879 ], [ -105.008390275719876, 39.783409705593932 ], [ -105.008883818173075, 39.783466206235289 ], [ -105.009742288054156, 39.783545527650787 ], [ -105.009903989016181, 39.78355692740972 ], [ -105.010527296087474, 39.783600867678992 ], [ -105.011091683730228, 39.783617414338956 ], [ -105.014827913770205, 39.783694410592489 ], [ -105.016238969248363, 39.783723886469389 ], [ -105.01829148653519, 39.783715732143889 ], [ -105.01927632067914, 39.783712656180917 ], [ -105.019491071199809, 39.783713532739512 ], [ -105.019773250377241, 39.783724152019687 ], [ -105.020110521225817, 39.783753930944272 ], [ -105.02034345260391, 39.783788018030442 ], [ -105.02077263092059, 39.783837105541281 ], [ -105.021857301878427, 39.784040343041013 ], [ -105.022225524545178, 39.784100132038361 ], [ -105.023337495295252, 39.78428067753795 ], [ -105.023613445064186, 39.784305463985319 ], [ -105.023944551978104, 39.784339941083289 ], [ -105.024398440234961, 39.784365445156588 ], [ -105.025022437358771, 39.784391299503866 ], [ -105.025094676527232, 39.784394292679174 ], [ -105.025202489269205, 39.784391192982767 ], [ -105.025206151725996, 39.784654817113804 ], [ -105.025195218315091, 39.785612167025349 ], [ -105.025233330702378, 39.787471173135209 ], [ -105.025194594724411, 39.789249571350915 ], [ -105.025199472059896, 39.791112101004749 ], [ -105.025252490081925, 39.791113503101542 ], [ -105.025274474186148, 39.793964590684858 ], [ -105.025238560234769, 39.79397474061161 ], [ -105.02504373663983, 39.794029800975295 ], [ -105.024987296868687, 39.794044266664102 ], [ -105.024929821975462, 39.794056060262768 ], [ -105.024734060573806, 39.794075578160793 ], [ -105.024685930751772, 39.794075685385465 ], [ -105.024637852332091, 39.794073966585003 ], [ -105.02458994166679, 39.794070425918989 ], [ -105.024542314701932, 39.794065071955998 ], [ -105.024495086696874, 39.794057917652836 ], [ -105.024448371945482, 39.794048980323247 ], [ -105.024402283499285, 39.794038281595959 ], [ -105.024356932894065, 39.794025847362356 ], [ -105.024312429879842, 39.79401170771375 ], [ -105.024268882155141, 39.793995896868665 ], [ -105.024226395106595, 39.793978453089977 ], [ -105.024185071553617, 39.793959418592245 ], [ -105.024145011499712, 39.793938839439626 ], [ -105.024106311890463, 39.793916765434304 ], [ -105.024069066378829, 39.793893249996067 ], [ -105.024033365098546, 39.793868350032952 ], [ -105.023984082896519, 39.793829542633588 ], [ -105.023938547172889, 39.793788101079492 ], [ -105.023810649319387, 39.793662834212341 ], [ -105.023772939276427, 39.793628301349656 ], [ -105.023732366560807, 39.793595756573914 ], [ -105.023689106882358, 39.793565340825069 ], [ -105.023643347586514, 39.793537185822771 ], [ -105.023595286842848, 39.793511413496184 ], [ -105.023545132787035, 39.793488135455618 ], [ -105.023493102619327, 39.793467452509638 ], [ -105.023439421664179, 39.793449454228274 ], [ -105.023384322394378, 39.793434218555234 ], [ -105.023328043424328, 39.793421811470317 ], [ -105.02327082847691, 39.79341228670387 ], [ -105.023212925327982, 39.793405685503906 ], [ -105.023154584733433, 39.793402036457692 ], [ -105.023096059343473, 39.793401355367799 ], [ -105.02303760260844, 39.793403645183766 ], [ -105.022979467681409, 39.793408895989273 ], [ -105.02297939827811, 39.79340890378802 ], [ -105.022979363733043, 39.793408903798642 ], [ -105.022979261222289, 39.793408910660304 ], [ -105.022915323113665, 39.793418206573065 ], [ -105.022852436975469, 39.793431083200765 ], [ -105.022790939311548, 39.793447471640569 ], [ -105.022731159196695, 39.79346728419798 ], [ -105.022659009778067, 39.79349685050817 ], [ -105.022590681437123, 39.793531398930142 ], [ -105.022526750651821, 39.79357063798583 ], [ -105.02246775680149, 39.793614236622894 ], [ -105.022217116105566, 39.793817208538002 ], [ -105.022182003324559, 39.793847389576058 ], [ -105.02214927572328, 39.79387912575725 ], [ -105.022119048805322, 39.793912305080156 ], [ -105.022091429249443, 39.793946810450102 ], [ -105.022049574112259, 39.794002991857646 ], [ -105.022024971449341, 39.794045113443033 ], [ -105.022003819277188, 39.794088335841856 ], [ -105.021986199822251, 39.794132491045232 ], [ -105.021972181579628, 39.794177407418189 ], [ -105.021926285242046, 39.794330239540791 ], [ -105.021871497937013, 39.794481318908034 ], [ -105.021116424789895, 39.794286707675212 ], [ -105.021578640238033, 39.793220608957526 ], [ -105.02068232059365, 39.793026783921391 ], [ -105.020566114542675, 39.792901836319587 ] ] ] ] } },
{ "type": "Feature", "properties": { "NBHD_ID": 62, "NBHD_NAME": "Sunnyside", "TYPOLOGY": null, "NOTES": null, "GLOBALID": "e8589431-c5f5-4b2b-ac2c-f040fc602432" }, "geometry": { "type": "MultiPolygon", "coordinates": [ [ [ [ -104.998185539928585, 39.782571285255628 ], [ -104.998212382983084, 39.778343476456996 ], [ -104.998204731623716, 39.776554584632173 ], [ -104.998202530672813, 39.775495260207521 ], [ -104.998201818681764, 39.774227990154635 ], [ -104.998220503604003, 39.772984479872591 ], [ -104.998219651309554, 39.77173676792242 ], [ -104.998208011628918, 39.770505137543509 ], [ -104.99821434657143, 39.769393195876724 ], [ -104.998213306458354, 39.769303757563534 ], [ -104.998391229586304, 39.769302473395165 ], [ -105.000445727348193, 39.769326455579296 ], [ -105.000598394436437, 39.769293672328381 ], [ -105.001184502977267, 39.769291009869839 ], [ -105.001769722155828, 39.769288340930224 ], [ -105.002369170544839, 39.769285729231449 ], [ -105.002976623257069, 39.76928314807413 ], [ -105.003568006445064, 39.769289074622058 ], [ -105.003624032376379, 39.769289654040278 ], [ -105.004147828939693, 39.769294950157636 ], [ -105.00471525857229, 39.769292534364695 ], [ -105.00529780967932, 39.769289836661933 ], [ -105.005871433194798, 39.769291902864197 ], [ -105.006058194086279, 39.769292686625747 ], [ -105.006468177536206, 39.769294406124878 ], [ -105.007047154436492, 39.769294086585028 ], [ -105.007448256611553, 39.769294049770785 ], [ -105.008043238731233, 39.769294135418903 ], [ -105.009628085055056, 39.76929354167968 ], [ -105.010227514536751, 39.769293634863942 ], [ -105.010624169798504, 39.769293568677789 ], [ -105.011212039838995, 39.769293265824267 ], [ -105.011811463760793, 39.769294037214181 ], [ -105.012209893728354, 39.769294659188112 ], [ -105.012378872156248, 39.76929467314492 ], [ -105.012804887778472, 39.769293005511955 ], [ -105.012975635563876, 39.769294398120934 ], [ -105.013384717966247, 39.769297805513851 ], [ -105.013545683024873, 39.769299157259383 ], [ -105.013795591461673, 39.769299503172917 ], [ -105.014118427380978, 39.769299806653983 ], [ -105.014409247433889, 39.769299977142644 ], [ -105.014721409177923, 39.769300578061852 ], [ -105.014961553867408, 39.769298136477779 ], [ -105.015298645152342, 39.769294720664753 ], [ -105.015878546351701, 39.769289214519937 ], [ -105.017432327874857, 39.769279465543015 ], [ -105.018005078856817, 39.769279066791363 ], [ -105.018404404661922, 39.769278642002753 ], [ -105.018985162034141, 39.769277928114462 ], [ -105.020533575681029, 39.769272577409346 ], [ -105.021132077716061, 39.769278101992654 ], [ -105.022071184005654, 39.769286722564985 ], [ -105.02291691686014, 39.769293927610562 ], [ -105.023634664641477, 39.76928894161798 ], [ -105.024226962797727, 39.769291336865315 ], [ -105.024615602601642, 39.769292906901207 ], [ -105.02524881158439, 39.769295461401953 ], [ -105.025248291234504, 39.76976592514302 ], [ -105.025247824377317, 39.770229180353937 ], [ -105.025309167871924, 39.770847360468828 ], [ -105.025308880244324, 39.771142261317102 ], [ -105.025303774306565, 39.77205188439963 ], [ -105.025301535324814, 39.772440507096249 ], [ -105.025240114395785, 39.772943495204764 ], [ -105.025297309035295, 39.773447371491756 ], [ -105.025295995873137, 39.774719950408482 ], [ -105.025297064966921, 39.775773773274679 ], [ -105.025232797386892, 39.77665020629226 ], [ -105.025278311280587, 39.777859999917546 ], [ -105.025267370857378, 39.77905033756354 ], [ -105.025260413599781, 39.779838805084815 ], [ -105.025198497113436, 39.780269300599464 ], [ -105.02525505211149, 39.780953748325281 ], [ -105.02525248163397, 39.782151904439054 ], [ -105.025250979883495, 39.782578283099944 ], [ -105.025203205768136, 39.782995063432629 ], [ -105.025195985237261, 39.783923176021794 ], [ -105.02520144604803, 39.784316148505702 ], [ -105.025201446300045, 39.784316149711181 ], [ -105.025202489269205, 39.784391192982767 ], [ -105.025094676527232, 39.784394292679174 ], [ -105.025022437358771, 39.784391299503866 ], [ -105.024398440234961, 39.784365445156588 ], [ -105.023944551978104, 39.784339941083289 ], [ -105.023613445064186, 39.784305463985319 ], [ -105.023337495295252, 39.78428067753795 ], [ -105.022225524545178, 39.784100132038361 ], [ -105.021857301878427, 39.784040343041013 ], [ -105.02077263092059, 39.783837105541281 ], [ -105.02034345260391, 39.783788018030442 ], [ -105.020110521225817, 39.783753930944272 ], [ -105.019773250377241, 39.783724152019687 ], [ -105.019491071199809, 39.783713532739512 ], [ -105.01927632067914, 39.783712656180917 ], [ -105.01829148653519, 39.783715732143889 ], [ -105.016238969248363, 39.783723886469389 ], [ -105.014827913770205, 39.783694410592489 ], [ -105.011091683730228, 39.783617414338956 ], [ -105.010527296087474, 39.783600867678992 ], [ -105.009903989016181, 39.78355692740972 ], [ -105.009742288054156, 39.783545527650787 ], [ -105.008883818173075, 39.783466206235289 ], [ -105.008390275719876, 39.783409705593932 ], [ -105.007691271055478, 39.783340508794879 ], [ -105.007053657735725, 39.783266831397228 ], [ -105.00670388980285, 39.783270100699646 ], [ -105.00664506624183, 39.783270521264676 ], [ -105.006286629251903, 39.783273085633901 ], [ -105.006214636944208, 39.783273894458951 ], [ -105.005979811615376, 39.783276532668282 ], [ -105.005703371630034, 39.783322712150486 ], [ -105.005049167808465, 39.783426479513125 ], [ -105.004269129787076, 39.783536814169146 ], [ -105.003519868404695, 39.783633071162392 ], [ -105.003182202528393, 39.78366005101185 ], [ -105.002961459631592, 39.783673212834294 ], [ -105.002847654442789, 39.783679941819976 ], [ -105.002430593182908, 39.783654510244617 ], [ -105.002056650432678, 39.78360558916696 ], [ -105.001425546454186, 39.783479834784472 ], [ -105.000302023863483, 39.78314132467807 ], [ -104.999352820045871, 39.782881656128694 ], [ -104.998366842792692, 39.782617089484447 ], [ -104.998185539928585, 39.782571285255628 ] ] ] ] } },
{ "type": "Feature", "properties": { "NBHD_ID": 36, "NBHD_NAME": "Highland", "TYPOLOGY": null, "NOTES": null, "GLOBALID": "1244b527-730b-40f5-8491-9474c7d91749" }, "geometry": { "type": "MultiPolygon", "coordinates": [ [ [ [ -104.998213306458354, 39.769303757563534 ], [ -104.998215127903535, 39.769159460555151 ], [ -104.998216669839749, 39.768052992017815 ], [ -104.998256618079779, 39.762126038499233 ], [ -104.998324144937129, 39.762106573126054 ], [ -104.998450562247584, 39.762086865775643 ], [ -104.998568974014162, 39.762067467109553 ], [ -104.998676756281057, 39.762042189359846 ], [ -104.998717533776002, 39.762030096260034 ], [ -104.998762307871019, 39.762016817251578 ], [ -104.998836318661731, 39.761988650559324 ], [ -104.998981716016331, 39.761926128796865 ], [ -104.999052231028088, 39.761889368209246 ], [ -104.999208503115611, 39.761798410619981 ], [ -104.999342479290377, 39.761716279845153 ], [ -104.999461176544585, 39.761656732681317 ], [ -104.999606634400138, 39.761585631521029 ], [ -104.999821652769313, 39.76148668712743 ], [ -105.000033925165198, 39.761398711821045 ], [ -105.000472589747105, 39.761237575228279 ], [ -105.000858502070116, 39.761116362739088 ], [ -105.001040191047778, 39.761076984027667 ], [ -105.001218179013165, 39.761057835425667 ], [ -105.001363123532357, 39.761058449529571 ], [ -105.001492103524242, 39.76105316194819 ], [ -105.001630056038266, 39.761036588348475 ], [ -105.001736924911015, 39.76101439264162 ], [ -105.001867037541714, 39.7609747939184 ], [ -105.00198654069392, 39.760926571633796 ], [ -105.002146177966111, 39.76086170379201 ], [ -105.002280010317108, 39.76079912948768 ], [ -105.002472589756991, 39.760728567397955 ], [ -105.002528732751301, 39.7607116466748 ], [ -105.002658723121172, 39.760689204725153 ], [ -105.002795885270416, 39.760658557167488 ], [ -105.002847582097175, 39.760641617561603 ], [ -105.002892206346402, 39.760618814568737 ], [ -105.002977997665738, 39.760559124880359 ], [ -105.003029867066331, 39.760517821818837 ], [ -105.003178887079613, 39.760412491881048 ], [ -105.003440086437195, 39.760227871022252 ], [ -105.003596368045336, 39.760134162294094 ], [ -105.003726779620564, 39.760052011881662 ], [ -105.003826930532696, 39.759973508174141 ], [ -105.003927958277572, 39.75989672399276 ], [ -105.00403524953262, 39.759814475591391 ], [ -105.004124920878553, 39.759708818473619 ], [ -105.004196824355603, 39.759600684129126 ], [ -105.00425977772008, 39.759500747854425 ], [ -105.004304733208443, 39.759430933510167 ], [ -105.00443225502589, 39.759254058817653 ], [ -105.004548032353114, 39.759103214926938 ], [ -105.004738727471718, 39.758920771882991 ], [ -105.004876551819677, 39.758795756729647 ], [ -105.005084946771618, 39.758625055364874 ], [ -105.005167259145892, 39.758553681575286 ], [ -105.005506736781129, 39.758204746601308 ], [ -105.005622328606748, 39.758079636897023 ], [ -105.005663594164503, 39.758028337281402 ], [ -105.005708559605623, 39.757956806044241 ], [ -105.00576540320175, 39.75784002900609 ], [ -105.005806081930047, 39.757745831821772 ], [ -105.00582171341955, 39.757672804974511 ], [ -105.005837412394058, 39.757590170497132 ], [ -105.005848607390377, 39.757515752873338 ], [ -105.005879262977658, 39.757455829085778 ], [ -105.005953790767521, 39.757353195243923 ], [ -105.006043453659416, 39.757247879430039 ], [ -105.006125964374633, 39.757148024163797 ], [ -105.006185203693477, 39.757069690296966 ], [ -105.006338543357401, 39.756887088184691 ], [ -105.006450816623683, 39.756758622450029 ], [ -105.00651782846721, 39.756681946332108 ], [ -105.006607530440562, 39.75657079678053 ], [ -105.006655956436987, 39.756512663234354 ], [ -105.006757420251631, 39.756372737617404 ], [ -105.006847141276808, 39.75625884276365 ], [ -105.007033535961497, 39.756053729878779 ], [ -105.007164459036957, 39.755897112809237 ], [ -105.007593803271277, 39.755409912239593 ], [ -105.008196513059403, 39.754798526076925 ], [ -105.008227859762641, 39.754789153123866 ], [ -105.008280271761393, 39.754773482515525 ], [ -105.008354150459084, 39.754762466854508 ], [ -105.008446682510325, 39.754754274444608 ], [ -105.008550773128079, 39.754746130225669 ], [ -105.00858817751606, 39.754737707504709 ], [ -105.008639950334469, 39.754709098395629 ], [ -105.00872934615974, 39.754640840383516 ], [ -105.009016183441119, 39.754439231999662 ], [ -105.009079644259231, 39.754392141109427 ], [ -105.009164632051124, 39.754318373792138 ], [ -105.009281162439748, 39.754184342459176 ], [ -105.009340446154837, 39.754098800774187 ], [ -105.009366512388397, 39.754058759930004 ], [ -105.009407732547771, 39.754013292264418 ], [ -105.009499412189584, 39.753933452243565 ], [ -105.010130325582935, 39.754269062746886 ], [ -105.01041670782061, 39.754403852179571 ], [ -105.011717736406652, 39.755016182543123 ], [ -105.011775428637264, 39.75503722313691 ], [ -105.013162408042788, 39.755543047949701 ], [ -105.014649477788524, 39.756085348879509 ], [ -105.014890949483828, 39.756151461703183 ], [ -105.01563155886447, 39.756354230180925 ], [ -105.015845450098581, 39.756310270088932 ], [ -105.016736858270477, 39.756634441161289 ], [ -105.016926668852108, 39.756703851294411 ], [ -105.017821761921994, 39.757010871162286 ], [ -105.018489646378399, 39.757256559564091 ], [ -105.019306478823836, 39.757567022695028 ], [ -105.020548100672158, 39.758045984805989 ], [ -105.021378422150747, 39.758467327328226 ], [ -105.022081785294262, 39.758469155903384 ], [ -105.022633077120176, 39.758473108759674 ], [ -105.023094559658105, 39.758476695184484 ], [ -105.023623621570579, 39.758480553580071 ], [ -105.024384787716883, 39.758481915773814 ], [ -105.025243767688849, 39.758483324492417 ], [ -105.025245937785058, 39.760263964809326 ], [ -105.025233883396055, 39.760862380030716 ], [ -105.025251773584714, 39.762028835590506 ], [ -105.025252511755866, 39.762445085564472 ], [ -105.025254470378655, 39.763206212689212 ], [ -105.025288043786148, 39.763785618753687 ], [ -105.025291330982029, 39.764672129771384 ], [ -105.025292975203016, 39.765093818086314 ], [ -105.025243482291884, 39.76561682740504 ], [ -105.025297617087247, 39.766085298152355 ], [ -105.025296886807865, 39.766518570295574 ], [ -105.02529757189977, 39.767444190014679 ], [ -105.025298144517805, 39.768163364000699 ], [ -105.025260495975402, 39.768358013431737 ], [ -105.02524881158439, 39.769295461401953 ], [ -105.024615602601642, 39.769292906901207 ], [ -105.024226962797727, 39.769291336865315 ], [ -105.023634664641477, 39.76928894161798 ], [ -105.02291691686014, 39.769293927610562 ], [ -105.022071184005654, 39.769286722564985 ], [ -105.021132077716061, 39.769278101992654 ], [ -105.020533575681029, 39.769272577409346 ], [ -105.018985162034141, 39.769277928114462 ], [ -105.018404404661922, 39.769278642002753 ], [ -105.018005078856817, 39.769279066791363 ], [ -105.017432327874857, 39.769279465543015 ], [ -105.015878546351701, 39.769289214519937 ], [ -105.015298645152342, 39.769294720664753 ], [ -105.014961553867408, 39.769298136477779 ], [ -105.014721409177923, 39.769300578061852 ], [ -105.014409247433889, 39.769299977142644 ], [ -105.014118427380978, 39.769299806653983 ], [ -105.013795591461673, 39.769299503172917 ], [ -105.013545683024873, 39.769299157259383 ], [ -105.013384717966247, 39.769297805513851 ], [ -105.012975635563876, 39.769294398120934 ], [ -105.012804887778472, 39.769293005511955 ], [ -105.012378872156248, 39.76929467314492 ], [ -105.012209893728354, 39.769294659188112 ], [ -105.011811463760793, 39.769294037214181 ], [ -105.011212039838995, 39.769293265824267 ], [ -105.010624169798504, 39.769293568677789 ], [ -105.010227514536751, 39.769293634863942 ], [ -105.009628085055056, 39.76929354167968 ], [ -105.008043238731233, 39.769294135418903 ], [ -105.007448256611553, 39.769294049770785 ], [ -105.007047154436492, 39.769294086585028 ], [ -105.006468177536206, 39.769294406124878 ], [ -105.006058194086279, 39.769292686625747 ], [ -105.005871433194798, 39.769291902864197 ], [ -105.00529780967932, 39.769289836661933 ], [ -105.00471525857229, 39.769292534364695 ], [ -105.004147828939693, 39.769294950157636 ], [ -105.003624032376379, 39.769289654040278 ], [ -105.003568006445064, 39.769289074622058 ], [ -105.002976623257069, 39.76928314807413 ], [ -105.002369170544839, 39.769285729231449 ], [ -105.001769722155828, 39.769288340930224 ], [ -105.001184502977267, 39.769291009869839 ], [ -105.000598394436437, 39.769293672328381 ], [ -105.000445727348193, 39.769326455579296 ], [ -104.998391229586304, 39.769302473395165 ], [ -104.998213306458354, 39.769303757563534 ] ] ] ] } },
{ "type": "Feature", "properties": { "NBHD_ID": 29, "NBHD_NAME": "Globeville", "TYPOLOGY": "NEST", "NOTES": null, "GLOBALID": "87f529da-31ac-4cad-bb74-8cd8e7186320" }, "geometry": { "type": "MultiPolygon", "coordinates": [ [ [ [ -104.96883391608489, 39.791008038787048 ], [ -104.96919164399138, 39.790760866501962 ], [ -104.969355351018848, 39.790641500823973 ], [ -104.969530557861546, 39.790530765572257 ], [ -104.969761092802401, 39.790397288101275 ], [ -104.970025593048362, 39.790242687694132 ], [ -104.970197282834562, 39.790126102372881 ], [ -104.970357535461488, 39.789992650418327 ], [ -104.970577565566387, 39.789836132835951 ], [ -104.970778815312329, 39.789692570555914 ], [ -104.971699259930276, 39.789026183368762 ], [ -104.972269402790005, 39.788566856367993 ], [ -104.972761541346117, 39.788187475542394 ], [ -104.973700523137268, 39.787535225038091 ], [ -104.973820206361481, 39.787471590281378 ], [ -104.974102294605316, 39.787341422924626 ], [ -104.974165690759875, 39.787310136160997 ], [ -104.974284581703614, 39.787233457665934 ], [ -104.974374008716282, 39.787171060041928 ], [ -104.974504656449454, 39.787068697217158 ], [ -104.974616581803446, 39.786971741189845 ], [ -104.974747398276818, 39.786846731093526 ], [ -104.974871036552756, 39.786729924277367 ], [ -104.974971502363687, 39.786618847458186 ], [ -104.975064915061054, 39.786499160344817 ], [ -104.975166462479336, 39.786362352336212 ], [ -104.97521876277996, 39.786268217881755 ], [ -104.975275659778347, 39.786154201845719 ], [ -104.97533535624855, 39.786022696900154 ], [ -104.975380634889703, 39.785915835318541 ], [ -104.975419280370232, 39.785744430938976 ], [ -104.975436051010661, 39.785524201759536 ], [ -104.975436564656491, 39.785455573317996 ], [ -104.975422385445384, 39.78532957301865 ], [ -104.975408300729583, 39.785190876366514 ], [ -104.97539516010464, 39.785044977927335 ], [ -104.975385200920798, 39.78483046265557 ], [ -104.975386634109128, 39.784638990016042 ], [ -104.975391273448935, 39.784494543292787 ], [ -104.975404142550644, 39.784320278666911 ], [ -104.975431438498077, 39.784119998818831 ], [ -104.975455217377117, 39.783914212798273 ], [ -104.975492315754337, 39.783751625206719 ], [ -104.97551223890639, 39.78366430834388 ], [ -104.975566710758272, 39.783398607421695 ], [ -104.975623377520307, 39.783196056277774 ], [ -104.975717631832353, 39.782963131796379 ], [ -104.975826801733092, 39.782757725802377 ], [ -104.975924933382558, 39.782600998549185 ], [ -104.97596561244562, 39.782514018562324 ], [ -104.976000226716991, 39.782405393194928 ], [ -104.976056786451224, 39.782216910511906 ], [ -104.976110313055798, 39.782077142037359 ], [ -104.976166177568729, 39.781981650904704 ], [ -104.976219194010284, 39.781910167398607 ], [ -104.976278305570219, 39.781856212406751 ], [ -104.976371217756721, 39.781802407104564 ], [ -104.976415928235369, 39.781771035990147 ], [ -104.976479433588352, 39.781724306476676 ], [ -104.976535879266322, 39.781669995927359 ], [ -104.976599713954499, 39.781579001086776 ], [ -104.976655738558563, 39.781461891436798 ], [ -104.976708182303497, 39.781347854783846 ], [ -104.976761430230482, 39.781245145223799 ], [ -104.976806568186163, 39.781156469219546 ], [ -104.976900034750145, 39.78102820220839 ], [ -104.977005064440519, 39.780899985878293 ], [ -104.977076101135282, 39.780797355225978 ], [ -104.97712467586895, 39.780724822549189 ], [ -104.977218205521368, 39.780587976317065 ], [ -104.97738765582973, 39.780289841794648 ], [ -104.977462589580568, 39.780141589006547 ], [ -104.9775338171236, 39.780013222403362 ], [ -104.977571665769233, 39.779947504804142 ], [ -104.977665257436328, 39.779802080028155 ], [ -104.977694908851802, 39.779762062369606 ], [ -104.977807465478918, 39.779578288308009 ], [ -104.977833602133984, 39.779532421560681 ], [ -104.977856263294655, 39.779475558510192 ], [ -104.977917349521292, 39.77927542765233 ], [ -104.978008253012348, 39.77901297504603 ], [ -104.978024237353537, 39.778897060314428 ], [ -104.978039659541835, 39.77873721868302 ], [ -104.978023809868503, 39.77847669490815 ], [ -104.97800338311022, 39.778233651259256 ], [ -104.977942670190714, 39.777906013552602 ], [ -104.977878604834459, 39.777550908223091 ], [ -104.977849353391434, 39.777417977875281 ], [ -104.977839467411812, 39.777312242762562 ], [ -104.977836847861838, 39.77718629344151 ], [ -104.977802229092021, 39.77681862215897 ], [ -104.977807021687354, 39.776652900016984 ], [ -104.977807724667258, 39.776558535802835 ], [ -104.977812784568229, 39.776516309165785 ], [ -104.977820054023169, 39.776455644357291 ], [ -104.977842972365636, 39.776364124038849 ], [ -104.977891852237832, 39.776250070054616 ], [ -104.977940637386553, 39.776148713185968 ], [ -104.978113685394348, 39.775843386872097 ], [ -104.978207375185733, 39.775683892305651 ], [ -104.97822279728652, 39.775657074002446 ], [ -104.978346145282146, 39.775442583777604 ], [ -104.978424651314995, 39.775312342770334 ], [ -104.978533460527458, 39.775131829193469 ], [ -104.978619683134312, 39.775019313647782 ], [ -104.978735521629787, 39.774871240729865 ], [ -104.978862965125103, 39.774717385438123 ], [ -104.978949092386145, 39.77461756577911 ], [ -104.97907642791769, 39.774478122091324 ], [ -104.979176785110823, 39.774378365020723 ], [ -104.979251188993643, 39.774300112106708 ], [ -104.979438474807083, 39.774112205394417 ], [ -104.979614260983467, 39.773915668895022 ], [ -104.9796887807898, 39.773821630841162 ], [ -104.979782168898566, 39.773701939606958 ], [ -104.979856678328275, 39.773609273983666 ], [ -104.979961775498666, 39.773469731248326 ], [ -104.980118881205044, 39.773273111243064 ], [ -104.980186338431295, 39.773171835404376 ], [ -104.98038844369718, 39.772903694770172 ], [ -104.980493559161786, 39.772761406184692 ], [ -104.981106666079896, 39.771999218976163 ], [ -104.981263788066627, 39.771799509133999 ], [ -104.981593187337225, 39.771395008088959 ], [ -104.981724195894628, 39.771238420224066 ], [ -104.982232051499125, 39.77063430049116 ], [ -104.982426730322487, 39.770406272231405 ], [ -104.982845820124766, 39.769897842876446 ], [ -104.983170694024679, 39.769501553470057 ], [ -104.98327217798257, 39.769367825440426 ], [ -104.983329743565079, 39.769282061312516 ], [ -104.983421451288962, 39.7691454297806 ], [ -104.983549253017557, 39.768940097503574 ], [ -104.983762720531999, 39.768574887491866 ], [ -104.983897824371866, 39.768343850421772 ], [ -104.984033010727657, 39.768101489492615 ], [ -104.984115671556197, 39.767987237723155 ], [ -104.984217025288487, 39.767870666137526 ], [ -104.984365810091077, 39.767713809740634 ], [ -104.984448131839216, 39.767645539343114 ], [ -104.984615190405663, 39.767543324222913 ], [ -104.985340614291019, 39.767217755619996 ], [ -104.985452019743988, 39.76718529953429 ], [ -104.986562712924894, 39.766832924830076 ], [ -104.987550172971112, 39.766548291050199 ], [ -104.987643672456059, 39.766522124317156 ], [ -104.988727377439687, 39.766218833757129 ], [ -104.988861041923471, 39.766182353346771 ], [ -104.989113234964663, 39.766111728593259 ], [ -104.989424987822545, 39.766044449799246 ], [ -104.989628823703171, 39.76601959725793 ], [ -104.990630107787013, 39.765909663838123 ], [ -104.990737784944258, 39.765900177852451 ], [ -104.990860653875984, 39.765880463492302 ], [ -104.990986271061416, 39.765849779755492 ], [ -104.991387168706638, 39.765752683844333 ], [ -104.991662581469384, 39.765668084369352 ], [ -104.991796305233208, 39.76562302241534 ], [ -104.991981817033633, 39.765549358244499 ], [ -104.99215313915272, 39.76547014265099 ], [ -104.992402119557553, 39.765351112069958 ], [ -104.992539575978412, 39.765281700938743 ], [ -104.992826299792455, 39.765108270616992 ], [ -104.992967446568173, 39.765020344746397 ], [ -104.993097943997455, 39.764929284491366 ], [ -104.993209785967437, 39.764835398240699 ], [ -104.993392354577438, 39.764676273954514 ], [ -104.993638310063105, 39.764482762839179 ], [ -104.993809937917447, 39.764360651361756 ], [ -104.99394049442634, 39.764261011539091 ], [ -104.994063130065115, 39.764150013315849 ], [ -104.994197448491448, 39.764021907360544 ], [ -104.994682565219463, 39.763589213255827 ], [ -104.995185110657076, 39.763205319734801 ], [ -104.995334357524726, 39.763103012957927 ], [ -104.995430817072531, 39.763045090037394 ], [ -104.995516535975398, 39.762996729102809 ], [ -104.995680694489977, 39.762922968011623 ], [ -104.996000034087743, 39.762787073638691 ], [ -104.996219458598659, 39.762695017861006 ], [ -104.996397779546726, 39.762630238180662 ], [ -104.99660906666908, 39.762556677162024 ], [ -104.996787182487807, 39.762520377636363 ], [ -104.996965177155374, 39.762500892360578 ], [ -104.997056599363049, 39.762498516752608 ], [ -104.997146623657997, 39.762496177458956 ], [ -104.997280114206859, 39.762482335073486 ], [ -104.99735137721288, 39.762465481644092 ], [ -104.997495723129433, 39.762425948881713 ], [ -104.997618786217089, 39.762378089254149 ], [ -104.997715215579191, 39.762323938933989 ], [ -104.997823306291124, 39.762255769285616 ], [ -104.997919610003052, 39.76221911919334 ], [ -104.998138794417173, 39.762160001487814 ], [ -104.998256618079779, 39.762126038499233 ], [ -104.998216669839749, 39.768052992017815 ], [ -104.998215127903535, 39.769159460555151 ], [ -104.998213306458354, 39.769303757563534 ], [ -104.99821434657143, 39.769393195876724 ], [ -104.998208011628918, 39.770505137543509 ], [ -104.998219651309554, 39.77173676792242 ], [ -104.998220503604003, 39.772984479872591 ], [ -104.998201818681764, 39.774227990154635 ], [ -104.998202530672813, 39.775495260207521 ], [ -104.998204731623716, 39.776554584632173 ], [ -104.998212382983084, 39.778343476456996 ], [ -104.998185539928585, 39.782571285255628 ], [ -104.998131833174568, 39.791028635689564 ], [ -104.996994409734981, 39.791025314758713 ], [ -104.993252326341107, 39.791032243986926 ], [ -104.993250431011219, 39.792048803714458 ], [ -104.990639461648072, 39.792053494085295 ], [ -104.990273032235379, 39.791524626284684 ], [ -104.990272825933957, 39.791037588088379 ], [ -104.987557892485285, 39.791042278638223 ], [ -104.986380691806417, 39.791044603851915 ], [ -104.986376176081905, 39.791874806341852 ], [ -104.985790804486101, 39.791876953749508 ], [ -104.985791925812606, 39.791671118325311 ], [ -104.985204883940852, 39.791673268869339 ], [ -104.985208302254264, 39.791046788475661 ], [ -104.978179918637224, 39.791059660886894 ], [ -104.978176432729526, 39.79188301157739 ], [ -104.977731726380611, 39.791882399890085 ], [ -104.977735129142886, 39.791059061417272 ], [ -104.975967093444964, 39.791056608508626 ], [ -104.975961261815669, 39.792428845886072 ], [ -104.973075401101383, 39.792424791939268 ], [ -104.97306711982327, 39.794120383677175 ], [ -104.974685842539486, 39.794131353898109 ], [ -104.974675407870919, 39.795716768254813 ], [ -104.971171018279094, 39.795692997066652 ], [ -104.971167983859701, 39.796151312767591 ], [ -104.971666068593635, 39.796154699936537 ], [ -104.971651701579518, 39.798322813827525 ], [ -104.968734254354814, 39.798302963986664 ], [ -104.968627987448528, 39.79830221337108 ], [ -104.968648219762045, 39.795669950794625 ], [ -104.968661887369592, 39.793223825835412 ], [ -104.968383747375313, 39.793215018220835 ], [ -104.968359554972793, 39.79327919097323 ], [ -104.967543403079134, 39.7932781587322 ], [ -104.967548662272847, 39.793247108976566 ], [ -104.967705036742018, 39.792813092162611 ], [ -104.967808969818535, 39.792612003565033 ], [ -104.967941705704149, 39.791843965950854 ], [ -104.968324739906876, 39.791844449705046 ], [ -104.968452237089167, 39.791710930093629 ], [ -104.968627817178728, 39.791555466095645 ], [ -104.968780823198458, 39.791439827924449 ], [ -104.968781055934642, 39.79139607900472 ], [ -104.96878291697098, 39.79104624168707 ], [ -104.96883391608489, 39.791008038787048 ] ] ] ] } },
{ "type": "Feature", "properties": { "NBHD_ID": 39, "NBHD_NAME": "Jefferson Park", "TYPOLOGY": null, "NOTES": null, "GLOBALID": "bc5ed825-8c81-4ffa-949c-0585180fdfe7" }, "geometry": { "type": "MultiPolygon", "coordinates": [ [ [ [ -105.009499412189584, 39.753933452243565 ], [ -105.009773629480009, 39.753694651907736 ], [ -105.009930168657817, 39.753560786548398 ], [ -105.01003015222868, 39.753503895709571 ], [ -105.010179177268554, 39.753427305849669 ], [ -105.010279218029225, 39.753362179258446 ], [ -105.010533020871776, 39.753178617140698 ], [ -105.010662622591241, 39.753082042537301 ], [ -105.010834213914194, 39.752956817642449 ], [ -105.011195483488024, 39.752662517872054 ], [ -105.011329610754657, 39.752554294248831 ], [ -105.011404775363744, 39.752485974681193 ], [ -105.011497860464189, 39.752397827048277 ], [ -105.011546291475923, 39.752337975678714 ], [ -105.011617160443507, 39.752248019421195 ], [ -105.011687998422886, 39.752162524255461 ], [ -105.012064604955313, 39.751835342370015 ], [ -105.012243702278568, 39.751652839155398 ], [ -105.012537927875513, 39.751408358144403 ], [ -105.012783605750101, 39.751240542658422 ], [ -105.012973860310922, 39.751115391451634 ], [ -105.013121966271385, 39.751041882397303 ], [ -105.013311881756749, 39.75096545794063 ], [ -105.013385855728671, 39.750940027099134 ], [ -105.013449182395391, 39.750911463624838 ], [ -105.013508918760095, 39.75088768981712 ], [ -105.01359814794786, 39.750842075314658 ], [ -105.014408500788306, 39.750405152002024 ], [ -105.014612826276377, 39.750301675170022 ], [ -105.014695018918047, 39.750244706907949 ], [ -105.014791556898842, 39.750170639962718 ], [ -105.014966787330849, 39.750031354269623 ], [ -105.015093850234678, 39.749914518321297 ], [ -105.015149426727675, 39.749849204333756 ], [ -105.015168325420277, 39.749816339297105 ], [ -105.015202544932393, 39.749753682493747 ], [ -105.015277496493596, 39.749586530745795 ], [ -105.015319224926841, 39.749466597847686 ], [ -105.015384287142965, 39.74918650678314 ], [ -105.015453941749058, 39.748756475041887 ], [ -105.015485275005346, 39.748468009036799 ], [ -105.01555345823688, 39.747735992975372 ], [ -105.01556636955155, 39.747552223851109 ], [ -105.015585997079953, 39.747272865069377 ], [ -105.015603095166782, 39.746985713083319 ], [ -105.015619296649234, 39.746699586597956 ], [ -105.015628343154376, 39.746548291590678 ], [ -105.015629677533738, 39.746355099852323 ], [ -105.015631651836287, 39.746069257916027 ], [ -105.015640236606231, 39.745856192137701 ], [ -105.015688470467992, 39.745308712394014 ], [ -105.015709528844127, 39.744962896608349 ], [ -105.015740852245941, 39.744675459526448 ], [ -105.015760529328801, 39.744529698493594 ], [ -105.015809660980409, 39.74436690104001 ], [ -105.01585022246141, 39.744257065627018 ], [ -105.015854960023432, 39.744244236976634 ], [ -105.015960337140513, 39.744047355268997 ], [ -105.016080056167354, 39.74383337397294 ], [ -105.01627135858179, 39.743396379791378 ], [ -105.01632331745266, 39.743433109961636 ], [ -105.016843315827529, 39.743978373579267 ], [ -105.017425569903622, 39.744566133326437 ], [ -105.017574025329765, 39.744764151695982 ], [ -105.017874858076325, 39.745165415249126 ], [ -105.018091085943638, 39.745552524786966 ], [ -105.018229433657424, 39.745897071623936 ], [ -105.018327992086682, 39.746344046065204 ], [ -105.01833033171286, 39.746386733835926 ], [ -105.018991888739464, 39.746391881858628 ], [ -105.01963911411967, 39.746394525491603 ], [ -105.020492953666107, 39.746398896911131 ], [ -105.020500258537112, 39.746837964555759 ], [ -105.020519009704316, 39.747606369119019 ], [ -105.022078516821452, 39.747598986497714 ], [ -105.023626435239237, 39.747595997020994 ], [ -105.023629684674972, 39.747117649538957 ], [ -105.023634770861406, 39.746368901819878 ], [ -105.025223526449096, 39.746370862442333 ], [ -105.025231962781447, 39.746963183505919 ], [ -105.025233672734984, 39.747104227299744 ], [ -105.025239320035269, 39.747583985682262 ], [ -105.025242392508872, 39.748094753646058 ], [ -105.025283896491729, 39.74812650817951 ], [ -105.025282823404197, 39.748792606567164 ], [ -105.0252780151216, 39.750005688163952 ], [ -105.025280193296396, 39.750688883534963 ], [ -105.025239879680782, 39.750733513277027 ], [ -105.025238747323726, 39.751213892372881 ], [ -105.025234943876228, 39.75169313056287 ], [ -105.025309205438646, 39.751721516277186 ], [ -105.025306513621771, 39.752422759491893 ], [ -105.025287184922917, 39.753630903937363 ], [ -105.025292063030619, 39.75402993618961 ], [ -105.02522520516203, 39.754053064606659 ], [ -105.02523284210929, 39.754844115236708 ], [ -105.025233552296569, 39.755446620787225 ], [ -105.025283795524331, 39.755474898936335 ], [ -105.025279829201963, 39.756026618138655 ], [ -105.025285358746245, 39.757258676291102 ], [ -105.025287022594426, 39.757796852603995 ], [ -105.025244699849267, 39.757838800272339 ], [ -105.025245039381204, 39.757902578217845 ], [ -105.025243767688849, 39.758483324492417 ], [ -105.024384787716883, 39.758481915773814 ], [ -105.023623621570579, 39.758480553580071 ], [ -105.023094559658105, 39.758476695184484 ], [ -105.022633077120176, 39.758473108759674 ], [ -105.022081785294262, 39.758469155903384 ], [ -105.021378422150747, 39.758467327328226 ], [ -105.020548100672158, 39.758045984805989 ], [ -105.019306478823836, 39.757567022695028 ], [ -105.018489646378399, 39.757256559564091 ], [ -105.017821761921994, 39.757010871162286 ], [ -105.016926668852108, 39.756703851294411 ], [ -105.016736858270477, 39.756634441161289 ], [ -105.015845450098581, 39.756310270088932 ], [ -105.01563155886447, 39.756354230180925 ], [ -105.014890949483828, 39.756151461703183 ], [ -105.014649477788524, 39.756085348879509 ], [ -105.013162408042788, 39.755543047949701 ], [ -105.011775428637264, 39.75503722313691 ], [ -105.011717736406652, 39.755016182543123 ], [ -105.01041670782061, 39.754403852179571 ], [ -105.010130325582935, 39.754269062746886 ], [ -105.009499412189584, 39.753933452243565 ] ] ] ] } },
{ "type": "Feature", "properties": { "NBHD_ID": 61, "NBHD_NAME": "Sun Valley", "TYPOLOGY": "NEST", "NOTES": null, "GLOBALID": "0e795b03-edb8-46dd-9bdb-d2b837f55e18" }, "geometry": { "type": "MultiPolygon", "coordinates": [ [ [ [ -105.01627135858179, 39.743396379791378 ], [ -105.016347423490274, 39.743222623828807 ], [ -105.016422197674004, 39.743079834251169 ], [ -105.01644928171919, 39.743019892977415 ], [ -105.016501849395226, 39.742874267137665 ], [ -105.016603546182139, 39.742565843075617 ], [ -105.017071742399452, 39.741321073881359 ], [ -105.01723001180855, 39.74092983730992 ], [ -105.017339330031348, 39.740675662316846 ], [ -105.017395207037922, 39.740521983609227 ], [ -105.017471163793033, 39.740313077413212 ], [ -105.017475251897196, 39.740301834924338 ], [ -105.01756229482838, 39.740054774918001 ], [ -105.017848475373583, 39.739289676297005 ], [ -105.017879199758653, 39.739217052636455 ], [ -105.017924366846444, 39.739112574595502 ], [ -105.01797321478864, 39.738989924097915 ], [ -105.017992394588759, 39.738915537330278 ], [ -105.01802314495427, 39.73870976838657 ], [ -105.018054013038963, 39.738486842012662 ], [ -105.018070499387917, 39.738286848341808 ], [ -105.018071758504547, 39.738103607257237 ], [ -105.018053953453119, 39.737977938673509 ], [ -105.01800367359472, 39.73779174085584 ], [ -105.017963530345597, 39.737682795256674 ], [ -105.01786585622213, 39.737407868706399 ], [ -105.017690802778048, 39.737009773946696 ], [ -105.017438401706386, 39.736484050212582 ], [ -105.017222661008702, 39.736056962739106 ], [ -105.017165074638882, 39.735899559633687 ], [ -105.017095892014851, 39.735618915407379 ], [ -105.017035835098639, 39.735303992495155 ], [ -105.017005629067427, 39.734785012824119 ], [ -105.017015654595284, 39.733845485917442 ], [ -105.017008482988558, 39.733337924691604 ], [ -105.017013381141851, 39.732947471412764 ], [ -105.017024246399544, 39.73208134201623 ], [ -105.017004577555255, 39.731194195376418 ], [ -105.01699318696275, 39.730654016392315 ], [ -105.016976577949578, 39.729838945594992 ], [ -105.016966461951824, 39.729758947844921 ], [ -105.016944773062505, 39.729681648043268 ], [ -105.016908191094771, 39.729572716156035 ], [ -105.016842592278579, 39.729418025262561 ], [ -105.016744499651139, 39.729206236331962 ], [ -105.016685607426908, 39.729110253091065 ], [ -105.016550010169809, 39.728923703496278 ], [ -105.016409829780642, 39.728757381588423 ], [ -105.016101286938067, 39.728387216670548 ], [ -105.015995556997467, 39.728252263082915 ], [ -105.01592962549114, 39.728146299077927 ], [ -105.015834146868912, 39.727942755677951 ], [ -105.015732821566814, 39.727684969222743 ], [ -105.015692092395895, 39.727541897646034 ], [ -105.015685092891843, 39.727517310729077 ], [ -105.015660421968107, 39.727357297231983 ], [ -105.015647406969805, 39.727182575031556 ], [ -105.015652184627712, 39.727005524430353 ], [ -105.015649667349393, 39.726855210566058 ], [ -105.015669338800052, 39.726580763596772 ], [ -105.015686371688275, 39.726302188158435 ], [ -105.015686819749604, 39.726296578916454 ], [ -105.01571069541545, 39.72599756262003 ], [ -105.015726634130274, 39.725877522185051 ], [ -105.015753621652777, 39.725701935727862 ], [ -105.015753997639294, 39.725699036226047 ], [ -105.015778577945994, 39.725509539447735 ], [ -105.016868033416927, 39.725430024289203 ], [ -105.017644138554161, 39.72537616038003 ], [ -105.018022355242451, 39.725357576018304 ], [ -105.018287536733609, 39.72534523864843 ], [ -105.018687563790991, 39.725326146436203 ], [ -105.019437050529334, 39.725339872508457 ], [ -105.020223351106438, 39.725383351152288 ], [ -105.021932663839138, 39.725497694807309 ], [ -105.022308432642731, 39.725519355463597 ], [ -105.022934127757864, 39.725535317617847 ], [ -105.023890167488545, 39.725542546313484 ], [ -105.024614398677272, 39.725546298056209 ], [ -105.024895202702822, 39.725547751623104 ], [ -105.025146129782172, 39.725549049805785 ], [ -105.02514577603668, 39.725684627713427 ], [ -105.025156444044228, 39.725946844531087 ], [ -105.025144925759307, 39.727517095360277 ], [ -105.025147897416176, 39.728391134101066 ], [ -105.025162780435721, 39.729223991332979 ], [ -105.025164657987702, 39.729329055247916 ], [ -105.025164983831047, 39.729429813399243 ], [ -105.025167819592752, 39.730306384958297 ], [ -105.025166203394363, 39.731201679990029 ], [ -105.02517272468701, 39.732995739700392 ], [ -105.025166689503678, 39.733887241381822 ], [ -105.025174084113402, 39.734764726243803 ], [ -105.025200695847246, 39.735692048497768 ], [ -105.025185701184569, 39.73658825402395 ], [ -105.025161865958452, 39.738013699495667 ], [ -105.025234900605, 39.739831701415859 ], [ -105.025231445049343, 39.74007944720811 ], [ -105.025229983445712, 39.740426716842101 ], [ -105.025222890979393, 39.740686458544843 ], [ -105.025228396445186, 39.742406384669472 ], [ -105.02522945546005, 39.742737194176314 ], [ -105.025228269629963, 39.743962947266994 ], [ -105.025220117826592, 39.745167052887773 ], [ -105.025223526449096, 39.746370862442333 ], [ -105.023634770861406, 39.746368901819878 ], [ -105.023629684674972, 39.747117649538957 ], [ -105.023626435239237, 39.747595997020994 ], [ -105.022078516821452, 39.747598986497714 ], [ -105.020519009704316, 39.747606369119019 ], [ -105.020500258537112, 39.746837964555759 ], [ -105.020492953666107, 39.746398896911131 ], [ -105.01963911411967, 39.746394525491603 ], [ -105.018991888739464, 39.746391881858628 ], [ -105.01833033171286, 39.746386733835926 ], [ -105.018327992086682, 39.746344046065204 ], [ -105.018229433657424, 39.745897071623936 ], [ -105.018091085943638, 39.745552524786966 ], [ -105.017874858076325, 39.745165415249126 ], [ -105.017574025329765, 39.744764151695982 ], [ -105.017425569903622, 39.744566133326437 ], [ -105.016843315827529, 39.743978373579267 ], [ -105.01632331745266, 39.743433109961636 ], [ -105.01627135858179, 39.743396379791378 ] ] ] ] } },
{ "type": "Feature", "properties": { "NBHD_ID": 67, "NBHD_NAME": "Valverde", "TYPOLOGY": "NEST", "NOTES": null, "GLOBALID": "2e09e7c4-1157-4af1-90fa-f854a2eb161f" }, "geometry": { "type": "MultiPolygon", "coordinates": [ [ [ [ -105.015778577945994, 39.725509539447735 ], [ -105.015827783878308, 39.725130193512399 ], [ -105.015835604130416, 39.72502727759089 ], [ -105.01584812501288, 39.724887320287777 ], [ -105.015856281827894, 39.724735677229035 ], [ -105.015846099422006, 39.724665630602139 ], [ -105.015802371509849, 39.724562502716083 ], [ -105.015739901637545, 39.724470621924567 ], [ -105.015687166737024, 39.724402995925601 ], [ -105.0156773507927, 39.724390408251509 ], [ -105.01552306094257, 39.724209613919051 ], [ -105.015402170502682, 39.724083176371074 ], [ -105.015280151758517, 39.723991393136295 ], [ -105.01515445266709, 39.723917782220191 ], [ -105.014531099452284, 39.723577885170656 ], [ -105.014335497062746, 39.723459717098947 ], [ -105.014059513036017, 39.723269839318853 ], [ -105.013897544018093, 39.723172056212221 ], [ -105.013229156329217, 39.722791816419594 ], [ -105.013030012430306, 39.722672258659571 ], [ -105.012953089514696, 39.722614632664204 ], [ -105.012893920291646, 39.722560168278527 ], [ -105.012820531058793, 39.722505645175367 ], [ -105.012709855444214, 39.722445133559624 ], [ -105.012561814560982, 39.722389957921955 ], [ -105.012469624034935, 39.722355259911019 ], [ -105.012277144438031, 39.722300242868478 ], [ -105.012066911242599, 39.722242063071924 ], [ -105.010891126275354, 39.721979810444971 ], [ -105.010428873593625, 39.721866360403084 ], [ -105.010214218819968, 39.72180541410156 ], [ -105.010067048655699, 39.721753327275223 ], [ -105.009963426319331, 39.721701421470257 ], [ -105.009643033980794, 39.72150997572588 ], [ -105.009391875426275, 39.721331514682426 ], [ -105.009226662894974, 39.721190816236863 ], [ -105.008785243323189, 39.720768602174047 ], [ -105.008494897874073, 39.720475703010734 ], [ -105.008071302672789, 39.72004772721391 ], [ -105.007130483782348, 39.719111765140241 ], [ -105.007038813908267, 39.719003971274041 ], [ -105.006851149288877, 39.718771551539753 ], [ -105.006778030045567, 39.718679964009674 ], [ -105.006686268802582, 39.718585210099569 ], [ -105.006597844182096, 39.718521697753872 ], [ -105.006501541886479, 39.718447381261697 ], [ -105.00640603346244, 39.71837367698776 ], [ -105.006290336024151, 39.718299175949923 ], [ -105.006151238243191, 39.718209606131822 ], [ -105.005790265770585, 39.717979202091961 ], [ -105.005506366959835, 39.717783780224764 ], [ -105.005063901586439, 39.717515969405838 ], [ -105.004585087182463, 39.717236336276599 ], [ -105.00412404670503, 39.716957120012452 ], [ -105.003773608132562, 39.716747000278239 ], [ -105.003378942990366, 39.716507867144379 ], [ -105.0032834720121, 39.716436086795788 ], [ -105.003032571490948, 39.716226041736384 ], [ -105.002727836324127, 39.715963265129147 ], [ -105.002558289329116, 39.715810871028616 ], [ -105.002473625191442, 39.71571923186643 ], [ -105.00237056534317, 39.715590110562523 ], [ -105.002051756180563, 39.715182458737168 ], [ -105.001970770031676, 39.715073676904765 ], [ -105.00183550191521, 39.714850048979159 ], [ -105.001781149398354, 39.714745154863209 ], [ -105.001682762690635, 39.714458884508787 ], [ -105.001541587192378, 39.714066396164306 ], [ -105.001476014616685, 39.71391478410581 ], [ -105.001267569393335, 39.713484948665645 ], [ -105.001070170422594, 39.713126537128673 ], [ -105.000916797575471, 39.712825620016652 ], [ -105.000610645722276, 39.712140742729773 ], [ -105.000526732018329, 39.7119447843505 ], [ -105.000428898177375, 39.711706900776697 ], [ -105.000377326173904, 39.711586575205459 ], [ -105.000293998798625, 39.71143317111715 ], [ -105.000153083730609, 39.711209701860881 ], [ -105.000659944527285, 39.711207208992633 ], [ -105.00157452267932, 39.711181575829947 ], [ -105.003895467190318, 39.71120202629443 ], [ -105.006283285193319, 39.711190454257483 ], [ -105.008663783926821, 39.711208658081681 ], [ -105.011019611819975, 39.711196856062898 ], [ -105.014533300257995, 39.711187389323705 ], [ -105.015710659186126, 39.711197390110982 ], [ -105.016329176274766, 39.711192385520413 ], [ -105.016924589983887, 39.711187282794619 ], [ -105.017510210405774, 39.711184882367718 ], [ -105.018086946557546, 39.71118209959716 ], [ -105.018662784929077, 39.711180682590268 ], [ -105.019170198853573, 39.711179326000199 ], [ -105.019839354121984, 39.711176225942786 ], [ -105.020344995780405, 39.711174170942755 ], [ -105.020992824491358, 39.711170977554715 ], [ -105.021516239447109, 39.711168646569028 ], [ -105.022145398579042, 39.711166743300545 ], [ -105.022716795913198, 39.711164945226351 ], [ -105.02387558838096, 39.711161061979205 ], [ -105.025102641691589, 39.711181121091954 ], [ -105.025092085820475, 39.713003264793798 ], [ -105.025092098842762, 39.713395499022589 ], [ -105.025097482283712, 39.714831650280537 ], [ -105.025104443763055, 39.714985070061971 ], [ -105.025104733877029, 39.715729730007325 ], [ -105.025087854399288, 39.716647959951025 ], [ -105.025115559136651, 39.717544063946292 ], [ -105.02512378029617, 39.718167619673494 ], [ -105.025119174789822, 39.718454140004297 ], [ -105.02510588874955, 39.71936654962893 ], [ -105.025118341952137, 39.719758832123659 ], [ -105.025112170197062, 39.720276636251391 ], [ -105.02511408976693, 39.721174694040933 ], [ -105.02511823581365, 39.721350065385259 ], [ -105.025123131338859, 39.722071064147919 ], [ -105.025125468954613, 39.722907354574446 ], [ -105.025126113782818, 39.722943388874853 ], [ -105.025137455096356, 39.723500039858656 ], [ -105.025143704361639, 39.724546359113418 ], [ -105.025147469236586, 39.725040524015412 ], [ -105.025146282310033, 39.725491366867331 ], [ -105.025146129782172, 39.725549049805785 ], [ -105.024895202702822, 39.725547751623104 ], [ -105.024614398677272, 39.725546298056209 ], [ -105.023890167488545, 39.725542546313484 ], [ -105.022934127757864, 39.725535317617847 ], [ -105.022308432642731, 39.725519355463597 ], [ -105.021932663839138, 39.725497694807309 ], [ -105.020223351106438, 39.725383351152288 ], [ -105.019437050529334, 39.725339872508457 ], [ -105.018687563790991, 39.725326146436203 ], [ -105.018287536733609, 39.72534523864843 ], [ -105.018022355242451, 39.725357576018304 ], [ -105.017644138554161, 39.72537616038003 ], [ -105.016868033416927, 39.725430024289203 ], [ -105.015778577945994, 39.725509539447735 ] ] ] ] } },
{ "type": "Feature", "properties": { "NBHD_ID": 1, "NBHD_NAME": "Athmar Park", "TYPOLOGY": "NEST", "NOTES": null, "GLOBALID": "a34a6308-757b-496d-9d96-1a42e66c5f37" }, "geometry": { "type": "MultiPolygon", "coordinates": [ [ [ [ -104.992394188304488, 39.696667415861988 ], [ -104.992955765965718, 39.696668413730109 ], [ -104.994450061885047, 39.696677249444825 ], [ -104.9956280998192, 39.696682307906499 ], [ -104.996802566401513, 39.696689741354419 ], [ -104.997974385681587, 39.696694749701187 ], [ -104.999159531592184, 39.696699803128581 ], [ -105.000324226736353, 39.696707160238148 ], [ -105.001525364097688, 39.696712257768489 ], [ -105.006176690859292, 39.696729971145146 ], [ -105.006605353701971, 39.696731594121339 ], [ -105.00871980570804, 39.69673532671829 ], [ -105.009372790999095, 39.696738052837262 ], [ -105.010718724819299, 39.696746062543788 ], [ -105.011716433429868, 39.696747807343087 ], [ -105.012717661804075, 39.696754362396625 ], [ -105.013883225684083, 39.696764789406792 ], [ -105.015700218140552, 39.696770029636184 ], [ -105.017024757978533, 39.69676458131763 ], [ -105.018071381654138, 39.69675892345326 ], [ -105.019233482718548, 39.696756130344674 ], [ -105.02036985200408, 39.696748416825237 ], [ -105.021563935780733, 39.696745731077492 ], [ -105.022735806788518, 39.696743286640888 ], [ -105.023727612606322, 39.696740930844918 ], [ -105.025069120073198, 39.696753722203404 ], [ -105.025090678532678, 39.6975880786595 ], [ -105.025091837900078, 39.69859835508705 ], [ -105.025090181204675, 39.699236974356872 ], [ -105.025090181700989, 39.700418483372331 ], [ -105.025088388767003, 39.701339867676616 ], [ -105.025093116158686, 39.702085578868839 ], [ -105.025094135451553, 39.703116442366323 ], [ -105.025093795335167, 39.703954443429168 ], [ -105.025109477637713, 39.704919478472576 ], [ -105.02511219106816, 39.705700183462582 ], [ -105.025099827930177, 39.706739227455863 ], [ -105.025091878131448, 39.707519888482096 ], [ -105.025088250991502, 39.707661942796634 ], [ -105.025099204355001, 39.708538078759524 ], [ -105.025101258146549, 39.709416237388389 ], [ -105.025102641691589, 39.711181121091954 ], [ -105.02387558838096, 39.711161061979205 ], [ -105.022716795913198, 39.711164945226351 ], [ -105.022145398579042, 39.711166743300545 ], [ -105.021516239447109, 39.711168646569028 ], [ -105.020992824491358, 39.711170977554715 ], [ -105.020344995780405, 39.711174170942755 ], [ -105.019839354121984, 39.711176225942786 ], [ -105.019170198853573, 39.711179326000199 ], [ -105.018662784929077, 39.711180682590268 ], [ -105.018086946557546, 39.71118209959716 ], [ -105.017510210405774, 39.711184882367718 ], [ -105.016924589983887, 39.711187282794619 ], [ -105.016329176274766, 39.711192385520413 ], [ -105.015710659186126, 39.711197390110982 ], [ -105.014533300257995, 39.711187389323705 ], [ -105.011019611819975, 39.711196856062898 ], [ -105.008663783926821, 39.711208658081681 ], [ -105.006283285193319, 39.711190454257483 ], [ -105.003895467190318, 39.71120202629443 ], [ -105.00157452267932, 39.711181575829947 ], [ -105.000659944527285, 39.711207208992633 ], [ -105.000153083730609, 39.711209701860881 ], [ -105.000145404938124, 39.711197524293858 ], [ -105.000011936385633, 39.710985862149691 ], [ -104.999960140116073, 39.710897106328957 ], [ -104.999934821221558, 39.710833856792505 ], [ -104.999894862987574, 39.710705001250005 ], [ -104.999844525654055, 39.710536294965799 ], [ -104.999725286903001, 39.710185419281508 ], [ -104.99965972452236, 39.710033462630015 ], [ -104.999619471204426, 39.70994612834432 ], [ -104.999400263248248, 39.709533401386537 ], [ -104.999187902301131, 39.709157764122118 ], [ -104.999081690473631, 39.708974406579145 ], [ -104.998968660140591, 39.708750526754919 ], [ -104.99875377165759, 39.708231779179492 ], [ -104.99867386302725, 39.707974067084209 ], [ -104.998648881731739, 39.707863805525633 ], [ -104.998620272811635, 39.707763823142663 ], [ -104.99857666438507, 39.707649021164087 ], [ -104.998510858959065, 39.707531722463109 ], [ -104.998382930909557, 39.707279295824783 ], [ -104.998073068558767, 39.706623219871318 ], [ -104.998003926631995, 39.706475708391913 ], [ -104.997938432632395, 39.706315171785491 ], [ -104.997883763642491, 39.706132032802579 ], [ -104.997851973528313, 39.705980219467172 ], [ -104.997815565914465, 39.705852750545823 ], [ -104.997764869101033, 39.705735515648577 ], [ -104.997724620348791, 39.705648180328119 ], [ -104.997614640510477, 39.705496033008309 ], [ -104.997567232431223, 39.705415873681211 ], [ -104.997493559832634, 39.705281039044593 ], [ -104.997417241212545, 39.705143448155809 ], [ -104.997365433134874, 39.705057435966062 ], [ -104.997303944571215, 39.704958342270281 ], [ -104.997219507248886, 39.704837874251332 ], [ -104.997123662119151, 39.704697454276122 ], [ -104.996996261547949, 39.704496845583236 ], [ -104.996930218164223, 39.704413518090121 ], [ -104.996837150956154, 39.704326907477409 ], [ -104.996757218965314, 39.704252520845465 ], [ -104.996480961833015, 39.703993966272179 ], [ -104.996424349096941, 39.703944490369082 ], [ -104.996139243230004, 39.703695323491864 ], [ -104.995399314102258, 39.703047348502452 ], [ -104.995024370490853, 39.702675123065177 ], [ -104.99484092315285, 39.70248559570306 ], [ -104.994756419171651, 39.702375420565616 ], [ -104.994679861907201, 39.702272142822203 ], [ -104.994357034593989, 39.701820182105934 ], [ -104.994129877428264, 39.701531977765811 ], [ -104.993696379122056, 39.701026691978534 ], [ -104.99346111949049, 39.70075389370411 ], [ -104.993277619386546, 39.700572942381164 ], [ -104.993185838612121, 39.700486756137153 ], [ -104.993097713981683, 39.700386516005231 ], [ -104.992932666975861, 39.700111273807508 ], [ -104.992823172200914, 39.699894608670562 ], [ -104.992710751768684, 39.699591110366541 ], [ -104.992685492579184, 39.699520996355076 ], [ -104.992659955848609, 39.699489314875457 ], [ -104.992590160447435, 39.699434794034033 ], [ -104.992501853570502, 39.699359946528091 ], [ -104.992446315930067, 39.699299653294389 ], [ -104.992402409598995, 39.69922808585784 ], [ -104.992358752109723, 39.69912220300678 ], [ -104.992329972270483, 39.699047612501744 ], [ -104.992300624063873, 39.698928751255657 ], [ -104.992280503434941, 39.698639720385394 ], [ -104.992274729091079, 39.698455416664231 ], [ -104.992265185049149, 39.698300952129237 ], [ -104.992274278797737, 39.698026460487966 ], [ -104.992279570311894, 39.697786268940987 ], [ -104.992300069427159, 39.697531729658579 ], [ -104.992327022741506, 39.697367470978534 ], [ -104.992373119341835, 39.697136034356042 ], [ -104.992388976918761, 39.697031780946418 ], [ -104.992389515530988, 39.696957316946204 ], [ -104.992390260156128, 39.696854371070572 ], [ -104.992391262915262, 39.696715737180362 ], [ -104.992394188304488, 39.696667415861988 ] ] ] ] } },
{ "type": "Feature", "properties": { "NBHD_ID": 78, "NBHD_NAME": "Windsor", "TYPOLOGY": "NEST", "NOTES": null, "GLOBALID": "4aecb570-2f9d-4348-9ac5-41fb97b6b461" }, "geometry": { "type": "MultiPolygon", "coordinates": [ [ [ [ -104.89678678721431, 39.696609809522577 ], [ -104.896826320287374, 39.696608773968158 ], [ -104.896837840233118, 39.696608032661096 ], [ -104.896887046464897, 39.696602594383108 ], [ -104.896935354495923, 39.6965935476208 ], [ -104.89698126047729, 39.696581303068882 ], [ -104.897025485477883, 39.696565800036922 ], [ -104.897067642904091, 39.696547174045314 ], [ -104.897107364236902, 39.696525587913918 ], [ -104.897144302253395, 39.696501230338441 ], [ -104.897178134062131, 39.696474314241158 ], [ -104.897208563925602, 39.69644507490942 ], [ -104.897235325845472, 39.6964137679389 ], [ -104.897257632400141, 39.696381564528231 ], [ -104.897333923221368, 39.696257630902885 ], [ -104.897892219649364, 39.695997176445481 ], [ -104.899060944866704, 39.695328358690269 ], [ -104.899465717590445, 39.695750253843599 ], [ -104.89954226588516, 39.695691757191206 ], [ -104.900417113947057, 39.696603601697852 ], [ -104.899796178999594, 39.697161239172061 ], [ -104.903518918558376, 39.698525682470006 ], [ -104.90355461442303, 39.698542426055134 ], [ -104.903540907634493, 39.699716668666838 ], [ -104.903536197841319, 39.700140715984375 ], [ -104.90353407563542, 39.700331827680721 ], [ -104.903512007854843, 39.703888954066684 ], [ -104.903520700960016, 39.707514555592581 ], [ -104.903521183705919, 39.708084897366746 ], [ -104.903520887546776, 39.708537873004381 ], [ -104.903520712519324, 39.708558462092235 ], [ -104.903521210072213, 39.709649726623077 ], [ -104.903521721759176, 39.710843940744013 ], [ -104.903521048449505, 39.711132195027545 ], [ -104.903504667586219, 39.711288869513957 ], [ -104.903369517439188, 39.711217676499174 ], [ -104.90171926349727, 39.711214893638441 ], [ -104.892919867835587, 39.711199665081779 ], [ -104.892568998754712, 39.711161724852303 ], [ -104.892380787647639, 39.7111267668108 ], [ -104.892136414438696, 39.711042988480777 ], [ -104.891870341459111, 39.710925120557469 ], [ -104.891595273886409, 39.710757453066101 ], [ -104.891004611296736, 39.710385502207444 ], [ -104.889857133432898, 39.709677371925103 ], [ -104.889301227196512, 39.709334302449548 ], [ -104.888685803408904, 39.708950811814709 ], [ -104.887569663249721, 39.708255288325553 ], [ -104.887319843255284, 39.708099609583037 ], [ -104.886825784430755, 39.707796865851307 ], [ -104.88651979406481, 39.70760277138433 ], [ -104.886250983105427, 39.707441191073634 ], [ -104.886019601511478, 39.707311356108448 ], [ -104.885831826089955, 39.707225432474196 ], [ -104.885565607908745, 39.707126964812318 ], [ -104.885381787813429, 39.707070582660748 ], [ -104.885160706419882, 39.707013614879351 ], [ -104.884948938628668, 39.70697286251653 ], [ -104.884740891740421, 39.706943053419877 ], [ -104.884435845652078, 39.706921687887196 ], [ -104.88411950573817, 39.706918434502008 ], [ -104.883819524792074, 39.706936028884655 ], [ -104.883623252134512, 39.706962838916411 ], [ -104.883140177030981, 39.70706343184564 ], [ -104.878989559242243, 39.708049873383757 ], [ -104.875383440771486, 39.70890448983765 ], [ -104.870675209828065, 39.710039699228837 ], [ -104.870675465103446, 39.709941500725634 ], [ -104.865984128684062, 39.711059045773972 ], [ -104.865979439540979, 39.703947364426469 ], [ -104.866041258437662, 39.703914511612567 ], [ -104.86610532064627, 39.703884331823723 ], [ -104.866171432655364, 39.703856916222172 ], [ -104.866239394762459, 39.703832347620512 ], [ -104.866588732030749, 39.703715087070258 ], [ -104.866782000280054, 39.703652028986383 ], [ -104.866976892815259, 39.7035920280901 ], [ -104.8671733285979, 39.703535109329351 ], [ -104.867371225948503, 39.703481296370562 ], [ -104.868305255292029, 39.703235610624432 ], [ -104.868439956006085, 39.703189064031932 ], [ -104.868503171540993, 39.703158418451288 ], [ -104.868562396970134, 39.703123337885735 ], [ -104.86861711251268, 39.703084130216872 ], [ -104.868666837970807, 39.703041139546897 ], [ -104.868712309121577, 39.702993375039291 ], [ -104.868751608914636, 39.702942447751298 ], [ -104.868784371466361, 39.70288883183693 ], [ -104.868810291759772, 39.702833026481393 ], [ -104.869332150806102, 39.70151469693333 ], [ -104.869364303999205, 39.701442490555436 ], [ -104.869402757171187, 39.701372146089874 ], [ -104.869447331254861, 39.701303991079882 ], [ -104.869497818684181, 39.701238342873189 ], [ -104.869542580393258, 39.701187548308532 ], [ -104.869590888474193, 39.701138730860912 ], [ -104.869642596887971, 39.701092038102026 ], [ -104.869697549317522, 39.701047611180456 ], [ -104.869755579640355, 39.701005584395112 ], [ -104.869816512430745, 39.700966084789286 ], [ -104.869880163489981, 39.700929231766501 ], [ -104.869946340403203, 39.700895136729891 ], [ -104.870110949875667, 39.700815326152174 ], [ -104.870187970607347, 39.700781241146657 ], [ -104.870268275320313, 39.700752026431935 ], [ -104.870351348949782, 39.700727869386363 ], [ -104.870436658673412, 39.700708924949176 ], [ -104.870632874102114, 39.700671916135654 ], [ -104.870663504030844, 39.700666138922784 ], [ -104.870667278876184, 39.700665426933782 ], [ -104.87066535784227, 39.698376951803837 ], [ -104.868213393199468, 39.698376314952334 ], [ -104.868214470496127, 39.700188411381518 ], [ -104.867148860811469, 39.700190060007216 ], [ -104.867148336110233, 39.699284011809674 ], [ -104.865975375733669, 39.69928581527293 ], [ -104.865972914814719, 39.696565717857801 ], [ -104.867142118796451, 39.696565152706597 ], [ -104.870657714932122, 39.696564458985748 ], [ -104.875320666688737, 39.69656288633734 ], [ -104.875327390506627, 39.69844171129867 ], [ -104.877737576099548, 39.698443878963346 ], [ -104.87773062354556, 39.696564948581248 ], [ -104.884658708565937, 39.696570607581776 ], [ -104.894105351504152, 39.696600055527142 ], [ -104.894102337686249, 39.695873981180732 ], [ -104.894775562051294, 39.695876401994902 ], [ -104.894778582965714, 39.696602476173524 ], [ -104.89678678721431, 39.696609809522577 ] ] ] ] } },
{ "type": "Feature", "properties": { "NBHD_ID": 24, "NBHD_NAME": "East Colfax", "TYPOLOGY": "NEST", "NOTES": null, "GLOBALID": "4531120b-6358-410e-befe-2778840d77b9" }, "geometry": { "type": "MultiPolygon", "coordinates": [ [ [ [ -104.884667368621265, 39.747461745447971 ], [ -104.884659390637495, 39.740163711209412 ], [ -104.884710187842401, 39.732853611194578 ], [ -104.884718723360336, 39.732853657636774 ], [ -104.885878178435959, 39.732857790941011 ], [ -104.887057206027762, 39.732859821706207 ], [ -104.888236430485179, 39.732859645040257 ], [ -104.889432385699564, 39.732857002504467 ], [ -104.890605354573609, 39.732861504487559 ], [ -104.893379177823419, 39.732861470825235 ], [ -104.8952099905827, 39.732867363050431 ], [ -104.895991132319722, 39.732869868745929 ], [ -104.8965231754961, 39.732871572128971 ], [ -104.896880248844994, 39.732872714103429 ], [ -104.89759854401747, 39.732875008011135 ], [ -104.897769365700157, 39.732875552994521 ], [ -104.898773538642089, 39.732878751068711 ], [ -104.899902796753977, 39.732880398784012 ], [ -104.900986532670672, 39.732881803912704 ], [ -104.902049864834268, 39.73287904522185 ], [ -104.903468710290909, 39.732901506472771 ], [ -104.903463796086967, 39.734178119465071 ], [ -104.90346461250995, 39.734702028708696 ], [ -104.903468241380978, 39.735633057285739 ], [ -104.903467626541314, 39.737276508074174 ], [ -104.903474629805501, 39.73870786326745 ], [ -104.903465087658901, 39.740152763496965 ], [ -104.90346510512056, 39.741486110956401 ], [ -104.903462693392598, 39.741984821858225 ], [ -104.903468731214687, 39.742608799055425 ], [ -104.903465061976348, 39.743791679763994 ], [ -104.903473748858772, 39.745622093769057 ], [ -104.903457768940441, 39.747448396167378 ], [ -104.903446543827258, 39.748638036871242 ], [ -104.903432842321735, 39.749829226611865 ], [ -104.903437573928215, 39.751023027433753 ], [ -104.902247227764519, 39.751025122685014 ], [ -104.90107296551686, 39.751024027719467 ], [ -104.899900077710825, 39.751027077385224 ], [ -104.898744938409365, 39.751023207445655 ], [ -104.898759597133008, 39.749832206192337 ], [ -104.898777370694418, 39.747449056190966 ], [ -104.897570554901876, 39.747451064059945 ], [ -104.89638564860978, 39.747457119526636 ], [ -104.894025033321128, 39.747464553879396 ], [ -104.892856746313228, 39.747467174870728 ], [ -104.89169113620963, 39.747468530231707 ], [ -104.890515363326287, 39.747470509577916 ], [ -104.889340356290589, 39.74747082222548 ], [ -104.888184532613451, 39.747471339306649 ], [ -104.887011436388079, 39.747472098046224 ], [ -104.885836730148498, 39.747472834231232 ], [ -104.884674072215418, 39.747474939945647 ], [ -104.884667368621265, 39.747461745447971 ] ] ] ] } },
{ "type": "Feature", "properties": { "NBHD_ID": 49, "NBHD_NAME": "Northeast Park Hill", "TYPOLOGY": null, "NOTES": "Removed NEST Status May 2023", "GLOBALID": "c05fc42c-3b3e-4322-a31b-7cc7371c8cda" }, "geometry": { "type": "MultiPolygon", "coordinates": [ [ [ [ -104.903520613426863, 39.783829835482528 ], [ -104.903544609236278, 39.782842349807126 ], [ -104.903552102480646, 39.781473685217193 ], [ -104.903541351721685, 39.779342153975961 ], [ -104.90354926850209, 39.779290961354882 ], [ -104.903559701743362, 39.779160403027809 ], [ -104.903581491759979, 39.778666569924262 ], [ -104.903579518547559, 39.778496302466053 ], [ -104.903578838326467, 39.778437610413192 ], [ -104.903577437955832, 39.778316174367589 ], [ -104.903578051211468, 39.778244101640283 ], [ -104.903578497855349, 39.77819160982488 ], [ -104.903570568856736, 39.777447414527465 ], [ -104.903506842693972, 39.777399721856476 ], [ -104.903575412007186, 39.777317551024538 ], [ -104.903596773473325, 39.776533897726232 ], [ -104.903593954002304, 39.775238992896597 ], [ -104.903670104451763, 39.774826725751716 ], [ -104.903667399304723, 39.774740098058906 ], [ -104.903664963477354, 39.774619940013707 ], [ -104.903652235129073, 39.774489051893134 ], [ -104.903629244072505, 39.774344762577421 ], [ -104.903566822491911, 39.773954643007542 ], [ -104.903550746808222, 39.773810388679436 ], [ -104.903541119890463, 39.77372223364241 ], [ -104.903521609274279, 39.773575291581707 ], [ -104.903515823303721, 39.773441769858898 ], [ -104.903509949118273, 39.773318923464089 ], [ -104.90350751651701, 39.772739857639543 ], [ -104.90350202618481, 39.771775708753083 ], [ -104.903503161794418, 39.771108088288237 ], [ -104.903505184385949, 39.769283731697001 ], [ -104.903523295909935, 39.768482040951461 ], [ -104.903526907566373, 39.768198320539945 ], [ -104.903468280703152, 39.768053613892988 ], [ -104.903462076303413, 39.767467098004182 ], [ -104.903457091731511, 39.766732890603407 ], [ -104.903459258732241, 39.765650038190778 ], [ -104.903438998199462, 39.763842388086935 ], [ -104.903449416516395, 39.761990267733189 ], [ -104.905801678179671, 39.761981152015061 ], [ -104.906958390185565, 39.761981425153792 ], [ -104.90819035537433, 39.761983926015901 ], [ -104.909418869170423, 39.761982708160261 ], [ -104.910583367815974, 39.761982979926877 ], [ -104.911739985021995, 39.761983225878907 ], [ -104.912441038804417, 39.761980627377618 ], [ -104.912861304467555, 39.762002292387031 ], [ -104.914062640131121, 39.762005661625217 ], [ -104.915222828421747, 39.76200491972002 ], [ -104.916386204485747, 39.762004165924807 ], [ -104.917596829340752, 39.761999706975871 ], [ -104.91882264286707, 39.761997971004838 ], [ -104.919984246861773, 39.762002389632841 ], [ -104.92114499004208, 39.762000258638373 ], [ -104.921983529694273, 39.762001770202545 ], [ -104.922145841428275, 39.762002567126615 ], [ -104.922301590005176, 39.762013769645939 ], [ -104.922455108563881, 39.762021049083607 ], [ -104.924044460840477, 39.76202492134356 ], [ -104.925825627697435, 39.762017387126775 ], [ -104.927603971480181, 39.762012298769179 ], [ -104.929365753231522, 39.762004336630568 ], [ -104.931862994971851, 39.762006788225655 ], [ -104.933177052406378, 39.762008982279042 ], [ -104.93440197736146, 39.762008001013704 ], [ -104.935025082480138, 39.762006115430005 ], [ -104.935631030938751, 39.762004278990673 ], [ -104.936862577724114, 39.762001922889986 ], [ -104.938092858634832, 39.761996798600684 ], [ -104.939324521100517, 39.762001294086289 ], [ -104.939536606460464, 39.762005055318973 ], [ -104.939689928598881, 39.762001659022282 ], [ -104.940588193969589, 39.761964657234373 ], [ -104.940581940590079, 39.763773139308341 ], [ -104.940579843534394, 39.764481747574756 ], [ -104.940580078885858, 39.765677503078038 ], [ -104.940635759392762, 39.765802891004718 ], [ -104.940640539342951, 39.76691505748385 ], [ -104.940628401072914, 39.768102528767855 ], [ -104.94061707671888, 39.769188996726378 ], [ -104.940627250312019, 39.772884113874859 ], [ -104.940627170778441, 39.772894113546144 ], [ -104.940619544179242, 39.773854063436332 ], [ -104.940660615017805, 39.77508660235722 ], [ -104.940667257056319, 39.777576244933478 ], [ -104.94067616681825, 39.778096441308136 ], [ -104.940690951225079, 39.779030351391512 ], [ -104.940686230608748, 39.779738140338367 ], [ -104.94067849668356, 39.780036324730752 ], [ -104.940652049555098, 39.780587408077018 ], [ -104.94064725215047, 39.781074628447982 ], [ -104.94062131393278, 39.781363802425865 ], [ -104.940606163947862, 39.781505182918004 ], [ -104.940566799972387, 39.782276344401289 ], [ -104.940528994419523, 39.783780895065647 ], [ -104.940572457319462, 39.787251414872472 ], [ -104.940578530531255, 39.787939466542944 ], [ -104.940561343616849, 39.788436450176334 ], [ -104.940559551504577, 39.788660957563373 ], [ -104.940557857137634, 39.788873218535024 ], [ -104.940539686007227, 39.789160920866053 ], [ -104.940505429695421, 39.789475079507042 ], [ -104.940445189645459, 39.789729925026499 ], [ -104.940401125245231, 39.789935883476815 ], [ -104.940390223743748, 39.78998683561155 ], [ -104.940335420942674, 39.790223337088051 ], [ -104.94025938690686, 39.790467901586702 ], [ -104.940172313779996, 39.79076956297024 ], [ -104.940098436390059, 39.790981726150136 ], [ -104.931670848926942, 39.791022939441952 ], [ -104.926968343615059, 39.791045742706061 ], [ -104.926990926367708, 39.783782363144816 ], [ -104.922284117738229, 39.783806375924179 ], [ -104.912908976231336, 39.783826233683307 ], [ -104.903520613426863, 39.783829835482528 ] ] ] ] } },
{ "type": "Feature", "properties": { "NBHD_ID": 25, "NBHD_NAME": "Elyria Swansea", "TYPOLOGY": "NEST", "NOTES": null, "GLOBALID": "00c9b7f8-bda9-4b45-bedb-867a28532ce6" }, "geometry": { "type": "MultiPolygon", "coordinates": [ [ [ [ -104.940098436390059, 39.790981726150136 ], [ -104.940172313779996, 39.79076956297024 ], [ -104.94025938690686, 39.790467901586702 ], [ -104.940335420942674, 39.790223337088051 ], [ -104.940390223743748, 39.78998683561155 ], [ -104.940401125245231, 39.789935883476815 ], [ -104.940445189645459, 39.789729925026499 ], [ -104.940505429695421, 39.789475079507042 ], [ -104.940539686007227, 39.789160920866053 ], [ -104.940557857137634, 39.788873218535024 ], [ -104.940559551504577, 39.788660957563373 ], [ -104.940561343616849, 39.788436450176334 ], [ -104.940578530531255, 39.787939466542944 ], [ -104.940572457319462, 39.787251414872472 ], [ -104.940528994419523, 39.783780895065647 ], [ -104.940566799972387, 39.782276344401289 ], [ -104.940606163947862, 39.781505182918004 ], [ -104.94062131393278, 39.781363802425865 ], [ -104.94064725215047, 39.781074628447982 ], [ -104.940652049555098, 39.780587408077018 ], [ -104.94067849668356, 39.780036324730752 ], [ -104.940686230608748, 39.779738140338367 ], [ -104.940690951225079, 39.779030351391512 ], [ -104.94067616681825, 39.778096441308136 ], [ -104.940667257056319, 39.777576244933478 ], [ -104.940660615017805, 39.77508660235722 ], [ -104.940619544179242, 39.773854063436332 ], [ -104.940627170778441, 39.772894113546144 ], [ -104.940627250312019, 39.772884113874859 ], [ -104.941002857533022, 39.772883869151066 ], [ -104.941698386123093, 39.772882708697431 ], [ -104.942943514881549, 39.772888607062221 ], [ -104.946411224976671, 39.772901532281097 ], [ -104.94698845877187, 39.772900813682355 ], [ -104.947550569513766, 39.7729003642607 ], [ -104.94865070303689, 39.772908953050447 ], [ -104.949197684201252, 39.77290979765008 ], [ -104.949286624378274, 39.772909870807915 ], [ -104.94983449202995, 39.772911059567839 ], [ -104.950300550664451, 39.772910148309961 ], [ -104.950854662408631, 39.772908959216629 ], [ -104.951954769835936, 39.772920948886565 ], [ -104.95251425628841, 39.772914972983322 ], [ -104.953063069548662, 39.772908945238839 ], [ -104.953620696334212, 39.772913250222445 ], [ -104.954163203877798, 39.772917482717688 ], [ -104.957180055914634, 39.77292113655529 ], [ -104.958271376627891, 39.772919300424469 ], [ -104.959410856202055, 39.772900517341704 ], [ -104.96471525578167, 39.77290588161739 ], [ -104.965947186835706, 39.772892945557189 ], [ -104.968486262576562, 39.772917819316966 ], [ -104.969734009407176, 39.771989722012613 ], [ -104.971925708602996, 39.77030747521097 ], [ -104.972376847887844, 39.770631722208201 ], [ -104.972820035931079, 39.770949753399805 ], [ -104.97369014480158, 39.771621768796372 ], [ -104.974560162651997, 39.772308189902063 ], [ -104.974995289889591, 39.772636471004084 ], [ -104.975435723729049, 39.77296923522384 ], [ -104.975869941319829, 39.773301283917064 ], [ -104.97631035778889, 39.773637476088098 ], [ -104.977190319265532, 39.774309165741208 ], [ -104.978056093485137, 39.774977353654805 ], [ -104.978312414967689, 39.775194333578199 ], [ -104.978424651314995, 39.775312342770334 ], [ -104.978346145282146, 39.775442583777604 ], [ -104.97822279728652, 39.775657074002446 ], [ -104.978207375185733, 39.775683892305651 ], [ -104.978113685394348, 39.775843386872097 ], [ -104.977940637386553, 39.776148713185968 ], [ -104.977891852237832, 39.776250070054616 ], [ -104.977842972365636, 39.776364124038849 ], [ -104.977820054023169, 39.776455644357291 ], [ -104.977812784568229, 39.776516309165785 ], [ -104.977807724667258, 39.776558535802835 ], [ -104.977807021687354, 39.776652900016984 ], [ -104.977802229092021, 39.77681862215897 ], [ -104.977836847861838, 39.77718629344151 ], [ -104.977839467411812, 39.777312242762562 ], [ -104.977849353391434, 39.777417977875281 ], [ -104.977878604834459, 39.777550908223091 ], [ -104.977942670190714, 39.777906013552602 ], [ -104.97800338311022, 39.778233651259256 ], [ -104.978023809868503, 39.77847669490815 ], [ -104.978039659541835, 39.77873721868302 ], [ -104.978024237353537, 39.778897060314428 ], [ -104.978008253012348, 39.77901297504603 ], [ -104.977917349521292, 39.77927542765233 ], [ -104.977856263294655, 39.779475558510192 ], [ -104.977833602133984, 39.779532421560681 ], [ -104.977807465478918, 39.779578288308009 ], [ -104.977694908851802, 39.779762062369606 ], [ -104.977665257436328, 39.779802080028155 ], [ -104.977571665769233, 39.779947504804142 ], [ -104.9775338171236, 39.780013222403362 ], [ -104.977462589580568, 39.780141589006547 ], [ -104.97738765582973, 39.780289841794648 ], [ -104.977218205521368, 39.780587976317065 ], [ -104.97712467586895, 39.780724822549189 ], [ -104.977076101135282, 39.780797355225978 ], [ -104.977005064440519, 39.780899985878293 ], [ -104.976900034750145, 39.78102820220839 ], [ -104.976806568186163, 39.781156469219546 ], [ -104.976761430230482, 39.781245145223799 ], [ -104.976708182303497, 39.781347854783846 ], [ -104.976655738558563, 39.781461891436798 ], [ -104.976599713954499, 39.781579001086776 ], [ -104.976535879266322, 39.781669995927359 ], [ -104.976479433588352, 39.781724306476676 ], [ -104.976415928235369, 39.781771035990147 ], [ -104.976371217756721, 39.781802407104564 ], [ -104.976278305570219, 39.781856212406751 ], [ -104.976219194010284, 39.781910167398607 ], [ -104.976166177568729, 39.781981650904704 ], [ -104.976110313055798, 39.782077142037359 ], [ -104.976056786451224, 39.782216910511906 ], [ -104.976000226716991, 39.782405393194928 ], [ -104.97596561244562, 39.782514018562324 ], [ -104.975924933382558, 39.782600998549185 ], [ -104.975826801733092, 39.782757725802377 ], [ -104.975717631832353, 39.782963131796379 ], [ -104.975623377520307, 39.783196056277774 ], [ -104.975566710758272, 39.783398607421695 ], [ -104.97551223890639, 39.78366430834388 ], [ -104.975492315754337, 39.783751625206719 ], [ -104.975455217377117, 39.783914212798273 ], [ -104.975431438498077, 39.784119998818831 ], [ -104.975404142550644, 39.784320278666911 ], [ -104.975391273448935, 39.784494543292787 ], [ -104.975386634109128, 39.784638990016042 ], [ -104.975385200920798, 39.78483046265557 ], [ -104.97539516010464, 39.785044977927335 ], [ -104.975408300729583, 39.785190876366514 ], [ -104.975422385445384, 39.78532957301865 ], [ -104.975436564656491, 39.785455573317996 ], [ -104.975436051010661, 39.785524201759536 ], [ -104.975419280370232, 39.785744430938976 ], [ -104.975380634889703, 39.785915835318541 ], [ -104.97533535624855, 39.786022696900154 ], [ -104.975275659778347, 39.786154201845719 ], [ -104.97521876277996, 39.786268217881755 ], [ -104.975166462479336, 39.786362352336212 ], [ -104.975064915061054, 39.786499160344817 ], [ -104.974971502363687, 39.786618847458186 ], [ -104.974871036552756, 39.786729924277367 ], [ -104.974747398276818, 39.786846731093526 ], [ -104.974616581803446, 39.786971741189845 ], [ -104.974504656449454, 39.787068697217158 ], [ -104.974374008716282, 39.787171060041928 ], [ -104.974284581703614, 39.787233457665934 ], [ -104.974165690759875, 39.787310136160997 ], [ -104.974102294605316, 39.787341422924626 ], [ -104.973820206361481, 39.787471590281378 ], [ -104.973700523137268, 39.787535225038091 ], [ -104.972761541346117, 39.788187475542394 ], [ -104.972269402790005, 39.788566856367993 ], [ -104.971699259930276, 39.789026183368762 ], [ -104.970778815312329, 39.789692570555914 ], [ -104.970577565566387, 39.789836132835951 ], [ -104.970357535461488, 39.789992650418327 ], [ -104.970197282834562, 39.790126102372881 ], [ -104.970025593048362, 39.790242687694132 ], [ -104.969761092802401, 39.790397288101275 ], [ -104.969530557861546, 39.790530765572257 ], [ -104.969355351018848, 39.790641500823973 ], [ -104.96919164399138, 39.790760866501962 ], [ -104.96883391608489, 39.791008038787048 ], [ -104.96878265979295, 39.791046364134424 ], [ -104.960200669807861, 39.791031921294383 ], [ -104.959357747743937, 39.791664602292364 ], [ -104.955463997515167, 39.794631063160978 ], [ -104.949906745762021, 39.794645379154495 ], [ -104.940486305963361, 39.794602603842961 ], [ -104.940497324078279, 39.790979760530362 ], [ -104.940098436390059, 39.790981726150136 ] ] ] ] } },
{ "type": "Feature", "properties": { "NBHD_ID": 73, "NBHD_NAME": "Wellshire", "TYPOLOGY": null, "NOTES": null, "GLOBALID": "bcb81ae6-0fd9-408f-a55a-7ccbbcebe0c2" }, "geometry": { "type": "MultiPolygon", "coordinates": [ [ [ [ -104.94064000516957, 39.653613051580379 ], [ -104.940689860230563, 39.653060598683297 ], [ -104.940707442776201, 39.653060643363965 ], [ -104.950087872981783, 39.653081232309979 ], [ -104.953538867269629, 39.653088120634145 ], [ -104.95364541213911, 39.65308833168519 ], [ -104.954974759743351, 39.653090956900073 ], [ -104.954408571710815, 39.655796624064529 ], [ -104.953572035487809, 39.655876391710123 ], [ -104.953583782480521, 39.656050311482588 ], [ -104.953810929330288, 39.656713592034023 ], [ -104.959463498076204, 39.656724871631447 ], [ -104.959463247306743, 39.65680723060138 ], [ -104.959452459209018, 39.660350448931176 ], [ -104.959449312804026, 39.66157265598023 ], [ -104.959455109467925, 39.661917666938947 ], [ -104.959452072303449, 39.663055023754815 ], [ -104.959444102853524, 39.663931638424906 ], [ -104.959409345195297, 39.666032065512027 ], [ -104.959389282352944, 39.667601697398794 ], [ -104.957971318869284, 39.667595119940529 ], [ -104.956551961129762, 39.667588667487209 ], [ -104.955133212459174, 39.667586474681656 ], [ -104.953847155812952, 39.667587012178963 ], [ -104.953305430257302, 39.667581775563526 ], [ -104.952380957403221, 39.66758244588992 ], [ -104.951461979675699, 39.66757879096307 ], [ -104.950792751635362, 39.667551065157319 ], [ -104.950634670976186, 39.667502613374623 ], [ -104.950414715261772, 39.667367512491531 ], [ -104.950267984931003, 39.667287780865742 ], [ -104.950119187075146, 39.667224405309447 ], [ -104.950005354270942, 39.667187945567086 ], [ -104.949826770751216, 39.667129854092167 ], [ -104.949654274247422, 39.667082923812195 ], [ -104.949555641754074, 39.667057821943828 ], [ -104.949326035319189, 39.667011360643826 ], [ -104.949222286795887, 39.666991313208847 ], [ -104.949153109170325, 39.666979665012356 ], [ -104.949083023422858, 39.66697041216139 ], [ -104.949012916375125, 39.666963908873157 ], [ -104.948924151094829, 39.666958685345676 ], [ -104.94869358036442, 39.666950054425676 ], [ -104.948518920129899, 39.666947167922153 ], [ -104.94830694761518, 39.666958535618541 ], [ -104.948079382896523, 39.666985952644445 ], [ -104.947941124120206, 39.667002377476997 ], [ -104.947799433475993, 39.667024408294907 ], [ -104.947417476788615, 39.667121797446065 ], [ -104.947185409929489, 39.667197669752532 ], [ -104.946954827729073, 39.667283007834946 ], [ -104.946471155154796, 39.667444869123393 ], [ -104.946193189037118, 39.66753553096521 ], [ -104.946074970410038, 39.66756536763608 ], [ -104.945996277371648, 39.667570062463888 ], [ -104.945832359033162, 39.667572551923769 ], [ -104.945372547586985, 39.667571413543065 ], [ -104.944853860047928, 39.667569590555075 ], [ -104.944377592154396, 39.667571268271018 ], [ -104.943833220723405, 39.667569128006903 ], [ -104.942808639450334, 39.667565746625911 ], [ -104.941783132721454, 39.667565218311651 ], [ -104.940689570480032, 39.66756728522445 ], [ -104.940698460051451, 39.66550528567037 ], [ -104.940689355835701, 39.664807246555569 ], [ -104.940689555303109, 39.664113360195834 ], [ -104.940695968647447, 39.663467880868055 ], [ -104.94069635324793, 39.662488949385583 ], [ -104.940696703057881, 39.660763479468237 ], [ -104.940696943905422, 39.660287273724443 ], [ -104.9406313691848, 39.659712969849267 ], [ -104.940566889969574, 39.659335519651542 ], [ -104.940576719412377, 39.658227304871716 ], [ -104.940586486021402, 39.654874053415192 ], [ -104.940571832453173, 39.654368505879866 ], [ -104.94064000516957, 39.653613051580379 ] ] ] ] } },
{ "type": "Feature", "properties": { "NBHD_ID": 64, "NBHD_NAME": "University", "TYPOLOGY": null, "NOTES": null, "GLOBALID": "d11b827a-3a2c-4893-9093-5e1924f8266c" }, "geometry": { "type": "MultiPolygon", "coordinates": [ [ [ [ -104.959457131300056, 39.684735177990184 ], [ -104.959456847291676, 39.684610955014712 ], [ -104.959456412080996, 39.684419936226455 ], [ -104.95944461957653, 39.683303538895444 ], [ -104.959435126443054, 39.682794122575551 ], [ -104.959396118127799, 39.68249250377761 ], [ -104.959388368668257, 39.682042090058395 ], [ -104.959398503381976, 39.680259411662227 ], [ -104.959403323274344, 39.678432287261437 ], [ -104.959401523882363, 39.676637775110784 ], [ -104.959391220810232, 39.674849184154191 ], [ -104.959395134416368, 39.673036029537023 ], [ -104.959400233616066, 39.671221036329946 ], [ -104.95940443488368, 39.669414396966069 ], [ -104.959389282352944, 39.667601697398794 ], [ -104.959409345195297, 39.666032065512027 ], [ -104.959444102853524, 39.663931638424906 ], [ -104.959452072303449, 39.663055023754815 ], [ -104.959455109467925, 39.661917666938947 ], [ -104.959449312804026, 39.66157265598023 ], [ -104.963088943462452, 39.661594467466657 ], [ -104.963095296776231, 39.660384376383817 ], [ -104.968837792864761, 39.660437506703573 ], [ -104.968814741022527, 39.665845369243392 ], [ -104.9699743217124, 39.665860920782869 ], [ -104.971144754648122, 39.665863790506279 ], [ -104.973510708881236, 39.665882071859151 ], [ -104.973495968376255, 39.667682186060617 ], [ -104.973495934477569, 39.667691382556093 ], [ -104.973484915551097, 39.669498622631778 ], [ -104.973475033333614, 39.671285878075473 ], [ -104.973461457851414, 39.67311742896991 ], [ -104.973455522129086, 39.674855690048993 ], [ -104.973466615743135, 39.676708750660246 ], [ -104.973440650440949, 39.678519387880108 ], [ -104.973426391639293, 39.680338977189372 ], [ -104.973412188116995, 39.682085079456321 ], [ -104.973432602779312, 39.682151513201262 ], [ -104.973435232901878, 39.683987464662536 ], [ -104.97343163652593, 39.685753755680679 ], [ -104.973434090693786, 39.687567516531516 ], [ -104.973429613676089, 39.688888339411754 ], [ -104.973434015957977, 39.689046181956918 ], [ -104.973443028299826, 39.689369160862235 ], [ -104.973439281157681, 39.689691214497188 ], [ -104.973434221903716, 39.689830416910155 ], [ -104.973292407766408, 39.689760860084014 ], [ -104.969923353983759, 39.688108258510908 ], [ -104.96885202506752, 39.687580672173617 ], [ -104.968617841954952, 39.687465344363112 ], [ -104.968201391113539, 39.687260252849811 ], [ -104.965309645818024, 39.68583035919891 ], [ -104.964655966484401, 39.685520786557021 ], [ -104.964247659217634, 39.685348319657898 ], [ -104.963711521629932, 39.68515301550886 ], [ -104.963178228412787, 39.685004700589189 ], [ -104.962628227698659, 39.684883012664073 ], [ -104.962166824161329, 39.684815872481984 ], [ -104.961754322165348, 39.684774423924075 ], [ -104.961180171959157, 39.684738414111983 ], [ -104.960058386120082, 39.684736913390864 ], [ -104.959457131300056, 39.684735177990184 ] ] ] ] } },
{ "type": "Feature", "properties": { "NBHD_ID": 53, "NBHD_NAME": "Rosedale", "TYPOLOGY": null, "NOTES": null, "GLOBALID": "33aa7f34-ebc5-4f60-8714-c432c26d7ee0" }, "geometry": { "type": "MultiPolygon", "coordinates": [ [ [ [ -104.973440650440949, 39.678519387880108 ], [ -104.973466615743135, 39.676708750660246 ], [ -104.973455522129086, 39.674855690048993 ], [ -104.973461457851414, 39.67311742896991 ], [ -104.973475033333614, 39.671285878075473 ], [ -104.973484915551097, 39.669498622631778 ], [ -104.973495934477569, 39.667691382556093 ], [ -104.973495968376255, 39.667682186060617 ], [ -104.978195511583039, 39.667708254516036 ], [ -104.987581898308633, 39.667689330581609 ], [ -104.987594283707324, 39.669491583444888 ], [ -104.987594071555478, 39.671294412386153 ], [ -104.987591417511908, 39.673095666306693 ], [ -104.987584517298842, 39.674898156443703 ], [ -104.987584060891109, 39.676712519161065 ], [ -104.987577223066538, 39.678525960430029 ], [ -104.986379694256669, 39.678560915975837 ], [ -104.985234016365467, 39.678567378419551 ], [ -104.984084735199133, 39.678568052031281 ], [ -104.982895585863659, 39.67857122656374 ], [ -104.981690109274666, 39.67857579848134 ], [ -104.980533186622111, 39.678576145320356 ], [ -104.979370535711254, 39.678552480104344 ], [ -104.978137745339978, 39.678538741416709 ], [ -104.976920974464178, 39.678535683119712 ], [ -104.975761653630599, 39.678533349568148 ], [ -104.97460388346677, 39.678526070877226 ], [ -104.973440650440949, 39.678519387880108 ] ] ] ] } },
{ "type": "Feature", "properties": { "NBHD_ID": 12, "NBHD_NAME": "Cheesman Park", "TYPOLOGY": null, "NOTES": null, "GLOBALID": "bd5cd10b-12c7-49ea-853b-92435815a8a4" }, "geometry": { "type": "MultiPolygon", "coordinates": [ [ [ [ -104.960202500502973, 39.729115857934829 ], [ -104.960780256845837, 39.729115761657255 ], [ -104.961360679594961, 39.72911567555294 ], [ -104.961941999306546, 39.729114560851436 ], [ -104.962516208043482, 39.729113410591722 ], [ -104.963098416526051, 39.729112293785271 ], [ -104.963674400727939, 39.729111489555038 ], [ -104.964251299413093, 39.729107254686937 ], [ -104.964832639693938, 39.729103380372059 ], [ -104.965891286289263, 39.72910064148958 ], [ -104.966573957463282, 39.729096532232113 ], [ -104.967151739961054, 39.729092973506908 ], [ -104.967740161758059, 39.729092891757531 ], [ -104.96831702909293, 39.729092754649727 ], [ -104.968897452163276, 39.729092630965425 ], [ -104.969471650222161, 39.729092819525768 ], [ -104.970631586055745, 39.729095299029382 ], [ -104.971788937988379, 39.72908677380024 ], [ -104.972945346684355, 39.729085440001036 ], [ -104.972958124890724, 39.730460540164685 ], [ -104.972989689637728, 39.732056374902641 ], [ -104.97298877693521, 39.733715890967417 ], [ -104.97300900450459, 39.735164457668056 ], [ -104.973018315589243, 39.736883041418317 ], [ -104.973029083605056, 39.73840774520103 ], [ -104.97300982004333, 39.739551750761422 ], [ -104.973001664959355, 39.740045520025618 ], [ -104.972765216238201, 39.740042402136368 ], [ -104.97214654215135, 39.740033794762851 ], [ -104.971886957590954, 39.740033659461488 ], [ -104.971300229133689, 39.740032740741164 ], [ -104.970797957656615, 39.740031512195948 ], [ -104.970321453054524, 39.740032113477966 ], [ -104.970150764676134, 39.740032374462359 ], [ -104.969698262187435, 39.740033081294271 ], [ -104.968471569334881, 39.740017594904351 ], [ -104.967858154406557, 39.740018940510474 ], [ -104.967242077774785, 39.740019584364205 ], [ -104.966615367024374, 39.740015715793987 ], [ -104.966000210706241, 39.740012239296711 ], [ -104.965391271882041, 39.740009474335004 ], [ -104.964776110440567, 39.740006677918913 ], [ -104.964134280113541, 39.740003756842484 ], [ -104.963476448350605, 39.740000759307847 ], [ -104.962861266294865, 39.740000698402284 ], [ -104.962247858782334, 39.740000985165508 ], [ -104.961642476429759, 39.739998217056147 ], [ -104.961023758946936, 39.739995384753605 ], [ -104.960412132259137, 39.739995326877136 ], [ -104.959791612662173, 39.739995567821992 ], [ -104.959790859073138, 39.739731332334934 ], [ -104.959787045580498, 39.738395739411509 ], [ -104.95979475386811, 39.736817927456165 ], [ -104.959803049502852, 39.735048291844436 ], [ -104.959805494801017, 39.733461188898573 ], [ -104.95980918431836, 39.732289657752325 ], [ -104.95984373035337, 39.731959009726651 ], [ -104.959854442988728, 39.731491331759905 ], [ -104.959849556922308, 39.731087066875283 ], [ -104.959907584030276, 39.73093908797653 ], [ -104.960104206535235, 39.730684679020094 ], [ -104.960179406913639, 39.730499717546593 ], [ -104.960202500502973, 39.729115857934829 ] ] ] ] } },
{ "type": "Feature", "properties": { "NBHD_ID": 37, "NBHD_NAME": "Hilltop", "TYPOLOGY": null, "NOTES": null, "GLOBALID": "1f322e11-efe7-46ef-ba7a-69d2855a8fac" }, "geometry": { "type": "MultiPolygon", "coordinates": [ [ [ [ -104.910246793251503, 39.711208434390919 ], [ -104.911134426899608, 39.711211859183429 ], [ -104.911822677028312, 39.711209094700322 ], [ -104.912801845732659, 39.711218206676861 ], [ -104.912928202849528, 39.711219381746425 ], [ -104.914135683103595, 39.711214174951714 ], [ -104.915294121518485, 39.711192849899852 ], [ -104.916465644367648, 39.711202949301445 ], [ -104.917632524989997, 39.711204998517942 ], [ -104.918796629967616, 39.711197394692647 ], [ -104.919962114556839, 39.711203212735199 ], [ -104.921131763631905, 39.711205443144692 ], [ -104.922295894240079, 39.711221384707962 ], [ -104.923464568356465, 39.711206649790853 ], [ -104.924634547730193, 39.711181638350176 ], [ -104.925812910260674, 39.711187417046744 ], [ -104.926988321519104, 39.711186290778365 ], [ -104.928158485267403, 39.71118857592797 ], [ -104.929329402646431, 39.71119425609691 ], [ -104.931575518640983, 39.711215711121781 ], [ -104.931683746520591, 39.711101431370629 ], [ -104.940696362628699, 39.711082519732884 ], [ -104.940714691874561, 39.711570242477165 ], [ -104.940694769944301, 39.713065994533778 ], [ -104.940705236031405, 39.714651456628488 ], [ -104.940707796023517, 39.715071379024636 ], [ -104.940714863714049, 39.716230736433282 ], [ -104.940717945456058, 39.717463059460634 ], [ -104.940718788493584, 39.717800180137111 ], [ -104.940718513255945, 39.718356480966889 ], [ -104.940717994519431, 39.719405345581336 ], [ -104.940712646351656, 39.720968079901468 ], [ -104.940710737402839, 39.722545242527346 ], [ -104.940712964015574, 39.723157796732316 ], [ -104.940704417953128, 39.724118265283344 ], [ -104.9407061204749, 39.72435059378023 ], [ -104.940698522859435, 39.725303516884772 ], [ -104.940701441779908, 39.725606199026466 ], [ -104.939481326546627, 39.72561266121 ], [ -104.938321859819368, 39.725610778520725 ], [ -104.937166076541359, 39.725617051955787 ], [ -104.936027385666307, 39.725615371914685 ], [ -104.934937336384991, 39.725618826098547 ], [ -104.933827518335974, 39.72562219928885 ], [ -104.932725133158343, 39.72562019320285 ], [ -104.931628923815239, 39.725623610669693 ], [ -104.930531662019902, 39.725622850059708 ], [ -104.929423467338481, 39.725627904558159 ], [ -104.928322506482516, 39.725627706947094 ], [ -104.927220773892032, 39.725630133913391 ], [ -104.926114934934461, 39.725632530481725 ], [ -104.925011153494381, 39.725634003520049 ], [ -104.923911968929644, 39.725634094614932 ], [ -104.922808778158725, 39.725638531801565 ], [ -104.92167200978875, 39.725642818331025 ], [ -104.920572532876918, 39.725640792116302 ], [ -104.919471209386714, 39.725640510541936 ], [ -104.918367413922823, 39.725641605704539 ], [ -104.917266853399084, 39.725642421823238 ], [ -104.916164693319615, 39.725643480531318 ], [ -104.915059013875677, 39.725644166078325 ], [ -104.91396210791423, 39.725645306761081 ], [ -104.912803741779086, 39.725645884357114 ], [ -104.912461125332257, 39.72564708887294 ], [ -104.911646651361977, 39.725645981806004 ], [ -104.910509223557852, 39.725646539691532 ], [ -104.90937031681753, 39.725647346201754 ], [ -104.908164808436339, 39.725646833630464 ], [ -104.906953006889793, 39.725648967819552 ], [ -104.905812977152934, 39.725649848859803 ], [ -104.904637404145888, 39.725649807761506 ], [ -104.904374225609033, 39.725649507880249 ], [ -104.903417522491623, 39.725648413372099 ], [ -104.903503831297215, 39.725261181353389 ], [ -104.903520695708053, 39.725046434111199 ], [ -104.90352999194431, 39.724837455039278 ], [ -104.903538921266332, 39.72328155536691 ], [ -104.903544028701759, 39.722391580576506 ], [ -104.903546619478931, 39.722002065216365 ], [ -104.903744712151521, 39.722002137527291 ], [ -104.904782719932456, 39.722008844190484 ], [ -104.905799783115185, 39.722011023843471 ], [ -104.906017493202583, 39.722015554642091 ], [ -104.906531597388067, 39.722014912315586 ], [ -104.906670744481019, 39.722014733309081 ], [ -104.906875161160357, 39.722014734429074 ], [ -104.907954135030892, 39.722013649357592 ], [ -104.908154996664194, 39.722013630613297 ], [ -104.90815611413089, 39.721881175634536 ], [ -104.908156840826919, 39.721689694112335 ], [ -104.90815830278423, 39.721516404688465 ], [ -104.908167859905078, 39.720067482566854 ], [ -104.908174971419655, 39.718803100402326 ], [ -104.908175504081058, 39.71863460990091 ], [ -104.90817690803533, 39.718468183058356 ], [ -104.90817945826106, 39.718376571528729 ], [ -104.908232782510041, 39.71837649646011 ], [ -104.908286106434375, 39.718376421315469 ], [ -104.908339430159842, 39.718376346597381 ], [ -104.908366090576649, 39.718376480686942 ], [ -104.90839275125343, 39.718376614771763 ], [ -104.908787134524474, 39.718372468115739 ], [ -104.909739108052463, 39.718369012044349 ], [ -104.910701620306, 39.718369446817022 ], [ -104.911653446331655, 39.71836894801266 ], [ -104.912791288206975, 39.718370325825063 ], [ -104.912705041223873, 39.718286669273809 ], [ -104.912707432285629, 39.716257301889755 ], [ -104.912709147303445, 39.714801720064173 ], [ -104.91015665499161, 39.714807498832741 ], [ -104.90744190526749, 39.714789939423405 ], [ -104.907464433218891, 39.714761234311013 ], [ -104.907470415039924, 39.71475361242414 ], [ -104.90769745792683, 39.71446432162476 ], [ -104.908775078072594, 39.713091227608274 ], [ -104.909106549221804, 39.712668852659839 ], [ -104.909987505723919, 39.711546242679496 ], [ -104.910107465201236, 39.711390238499682 ], [ -104.910246793251503, 39.711208434390919 ] ] ] ] } },
{ "type": "Feature", "properties": { "NBHD_ID": 46, "NBHD_NAME": "Montclair", "TYPOLOGY": null, "NOTES": null, "GLOBALID": "59ff9262-6fad-47b4-a700-25bf6ee33797" }, "geometry": { "type": "MultiPolygon", "coordinates": [ [ [ [ -104.903465087658901, 39.740152763496965 ], [ -104.903474629805501, 39.73870786326745 ], [ -104.903467626541314, 39.737276508074174 ], [ -104.903468241380978, 39.735633057285739 ], [ -104.90346461250995, 39.734702028708696 ], [ -104.903463796086967, 39.734178119465071 ], [ -104.903468710290909, 39.732901506472771 ], [ -104.903473307668705, 39.731693744596946 ], [ -104.903474829492623, 39.730724188969376 ], [ -104.90347761682095, 39.730051972737883 ], [ -104.903478059554985, 39.729883310540977 ], [ -104.903478818645496, 39.729582475779644 ], [ -104.903477737025852, 39.729291443788334 ], [ -104.903474074669944, 39.728679853392016 ], [ -104.903470471006358, 39.728078160263387 ], [ -104.903474928838037, 39.727025256154178 ], [ -104.903469573593057, 39.726887287153545 ], [ -104.903464715062242, 39.726705837943946 ], [ -104.903417522491623, 39.725648413372099 ], [ -104.904374225609033, 39.725649507880249 ], [ -104.904637404145888, 39.725649807761506 ], [ -104.905812977152934, 39.725649848859803 ], [ -104.906953006889793, 39.725648967819552 ], [ -104.908164808436339, 39.725646833630464 ], [ -104.90937031681753, 39.725647346201754 ], [ -104.910509223557852, 39.725646539691532 ], [ -104.911646651361977, 39.725645981806004 ], [ -104.912461125332257, 39.72564708887294 ], [ -104.912803741779086, 39.725645884357114 ], [ -104.91396210791423, 39.725645306761081 ], [ -104.915059013875677, 39.725644166078325 ], [ -104.916164693319615, 39.725643480531318 ], [ -104.917266853399084, 39.725642421823238 ], [ -104.918367413922823, 39.725641605704539 ], [ -104.919471209386714, 39.725640510541936 ], [ -104.920572532876918, 39.725640792116302 ], [ -104.92167200978875, 39.725642818331025 ], [ -104.922808778158725, 39.725638531801565 ], [ -104.922821078953291, 39.728073172099108 ], [ -104.922818322838722, 39.729262275865771 ], [ -104.922323888797408, 39.729268496170214 ], [ -104.922324160203047, 39.730487885078297 ], [ -104.922322537464666, 39.731073786686473 ], [ -104.922334794875511, 39.731678912300907 ], [ -104.922329657720539, 39.732886813782777 ], [ -104.922340025977817, 39.733660020024836 ], [ -104.922334698411291, 39.734712718230774 ], [ -104.922341468931421, 39.735111926486375 ], [ -104.922344441190447, 39.736686788719403 ], [ -104.922334918766893, 39.738305712370064 ], [ -104.922331253946069, 39.740149438631654 ], [ -104.921671736256116, 39.740147601840661 ], [ -104.921143230771065, 39.740146281041341 ], [ -104.9205709372022, 39.740149049196013 ], [ -104.919959249173786, 39.740149468324034 ], [ -104.919467082779278, 39.740152280919048 ], [ -104.918783349028018, 39.740152681202524 ], [ -104.918369396841257, 39.740151227948161 ], [ -104.917565766095763, 39.740152057148158 ], [ -104.917264758669333, 39.740152625399901 ], [ -104.916332713864492, 39.740153497085061 ], [ -104.915065671532773, 39.740153309813465 ], [ -104.913958613403409, 39.740155767509265 ], [ -104.912812985986989, 39.740161189880709 ], [ -104.912440412141777, 39.740160395704208 ], [ -104.911650558753152, 39.740155820267695 ], [ -104.910510097347881, 39.740155948972429 ], [ -104.909366243122577, 39.740154577311472 ], [ -104.908166773677152, 39.740161532270953 ], [ -104.906951476101483, 39.740166241463456 ], [ -104.905807383347621, 39.740160528721958 ], [ -104.904662526364575, 39.740165226620384 ], [ -104.903465087658901, 39.740152763496965 ] ] ] ] } },
{ "type": "Feature", "properties": { "NBHD_ID": 31, "NBHD_NAME": "Hale", "TYPOLOGY": null, "NOTES": null, "GLOBALID": "ef45a14f-b09e-41de-a840-c12ba3f94a75" }, "geometry": { "type": "MultiPolygon", "coordinates": [ [ [ [ -104.922331253946069, 39.740149438631654 ], [ -104.922334918766893, 39.738305712370064 ], [ -104.922344441190447, 39.736686788719403 ], [ -104.922341468931421, 39.735111926486375 ], [ -104.922334698411291, 39.734712718230774 ], [ -104.922340025977817, 39.733660020024836 ], [ -104.922329657720539, 39.732886813782777 ], [ -104.922334794875511, 39.731678912300907 ], [ -104.922322537464666, 39.731073786686473 ], [ -104.922324160203047, 39.730487885078297 ], [ -104.922323888797408, 39.729268496170214 ], [ -104.922818322838722, 39.729262275865771 ], [ -104.922821078953291, 39.728073172099108 ], [ -104.922808778158725, 39.725638531801565 ], [ -104.923911968929644, 39.725634094614932 ], [ -104.925011153494381, 39.725634003520049 ], [ -104.926114934934461, 39.725632530481725 ], [ -104.927220773892032, 39.725630133913391 ], [ -104.928322506482516, 39.725627706947094 ], [ -104.929423467338481, 39.725627904558159 ], [ -104.930531662019902, 39.725622850059708 ], [ -104.931628923815239, 39.725623610669693 ], [ -104.932725133158343, 39.72562019320285 ], [ -104.933827518335974, 39.72562219928885 ], [ -104.934937336384991, 39.725618826098547 ], [ -104.936027385666307, 39.725615371914685 ], [ -104.937166076541359, 39.725617051955787 ], [ -104.938321859819368, 39.725610778520725 ], [ -104.939481326546627, 39.72561266121 ], [ -104.940701441779908, 39.725606199026466 ], [ -104.940710785084633, 39.726886921372603 ], [ -104.940709162103275, 39.7273134629718 ], [ -104.940702736764578, 39.72923410422289 ], [ -104.940698971385572, 39.730486623628003 ], [ -104.94069815476017, 39.731034990236125 ], [ -104.940692503203678, 39.732078171313169 ], [ -104.940688102407194, 39.732853007122117 ], [ -104.940683559229058, 39.733645685692608 ], [ -104.940677841307803, 39.734697101732742 ], [ -104.940671978782902, 39.735097884822522 ], [ -104.940680415353071, 39.736715238256942 ], [ -104.94067411316702, 39.738285850933465 ], [ -104.940673581641931, 39.74013582289178 ], [ -104.939499133437039, 39.740142216368206 ], [ -104.938954091221888, 39.740136901623238 ], [ -104.93839540674341, 39.740138802956267 ], [ -104.937247139497074, 39.74014495773686 ], [ -104.936158416194345, 39.740143756188075 ], [ -104.935527594237229, 39.740144163955421 ], [ -104.935012770664457, 39.740144097473184 ], [ -104.933811094711217, 39.740143019384462 ], [ -104.932701421114189, 39.740143509838092 ], [ -104.932097402685883, 39.740140384870529 ], [ -104.931544775148168, 39.740142283914892 ], [ -104.930944403405775, 39.740140992226458 ], [ -104.930389669276423, 39.740141395599046 ], [ -104.929809659984585, 39.74014201786683 ], [ -104.929230845914333, 39.740142301300899 ], [ -104.928668525032151, 39.740142660613124 ], [ -104.928077182612171, 39.740145038438101 ], [ -104.927536195206514, 39.740145154653973 ], [ -104.926910542198158, 39.740149525657529 ], [ -104.925786349126739, 39.740157163705327 ], [ -104.924619371384352, 39.740152862234424 ], [ -104.923441144438357, 39.740156914021945 ], [ -104.922331253946069, 39.740149438631654 ] ] ] ] } },
{ "type": "Feature", "properties": { "NBHD_ID": 48, "NBHD_NAME": "North Park Hill", "TYPOLOGY": null, "NOTES": null, "GLOBALID": "a0a0c8b0-d495-416f-a8e5-c6c9c170e748" }, "geometry": { "type": "MultiPolygon", "coordinates": [ [ [ [ -104.903434643133039, 39.752219467953431 ], [ -104.903437573928215, 39.751023027433753 ], [ -104.904652542928503, 39.751023241727012 ], [ -104.905822832282951, 39.751021779864878 ], [ -104.906964134635956, 39.751020397036797 ], [ -104.908174657164153, 39.751019350844302 ], [ -104.909382934851735, 39.751016432308454 ], [ -104.910517361858354, 39.75101841324134 ], [ -104.911692339394349, 39.75101495996968 ], [ -104.912142024386156, 39.751015948647023 ], [ -104.912285330942964, 39.751019614592217 ], [ -104.912396106648728, 39.751033412644297 ], [ -104.912859226510918, 39.751087743498729 ], [ -104.913997757149517, 39.751091423118034 ], [ -104.915166663517979, 39.75108591050725 ], [ -104.91634322221401, 39.751089690505715 ], [ -104.917559986739974, 39.751082133356789 ], [ -104.918772033521179, 39.751083324754681 ], [ -104.919943299579018, 39.751081821053255 ], [ -104.921117596130657, 39.751083345151194 ], [ -104.92229341910695, 39.751077863032521 ], [ -104.923482494495858, 39.751074720088305 ], [ -104.924646931777986, 39.751071979023166 ], [ -104.925795654923292, 39.751072068425358 ], [ -104.926999544945673, 39.751071384184598 ], [ -104.928171414140664, 39.751069851371589 ], [ -104.929342401569755, 39.751064880739705 ], [ -104.930513393177307, 39.75106438310516 ], [ -104.931711133426887, 39.751062298695317 ], [ -104.932843006103511, 39.751059203413178 ], [ -104.933943805581535, 39.751051444100959 ], [ -104.935048992181933, 39.751054006694631 ], [ -104.936149761041278, 39.75105516895507 ], [ -104.937252278339429, 39.751055638561979 ], [ -104.938353968542458, 39.751049582081457 ], [ -104.939457357294017, 39.751048319060054 ], [ -104.940631039017646, 39.751043264808629 ], [ -104.940624652072827, 39.752846873865749 ], [ -104.940618278489978, 39.754426055943568 ], [ -104.940618099704594, 39.754671412776915 ], [ -104.940616248339268, 39.755014904997616 ], [ -104.940612164690293, 39.755972638180232 ], [ -104.940610534133896, 39.756511387618076 ], [ -104.940603362331942, 39.758301948177049 ], [ -104.940595473181489, 39.760182411508289 ], [ -104.94058848006496, 39.761807407409435 ], [ -104.940588193969589, 39.761964657234373 ], [ -104.939689928598881, 39.762001659022282 ], [ -104.939536606460464, 39.762005055318973 ], [ -104.939324521100517, 39.762001294086289 ], [ -104.938092858634832, 39.761996798600684 ], [ -104.936862577724114, 39.762001922889986 ], [ -104.935631030938751, 39.762004278990673 ], [ -104.935025082480138, 39.762006115430005 ], [ -104.93440197736146, 39.762008001013704 ], [ -104.933177052406378, 39.762008982279042 ], [ -104.931862994971851, 39.762006788225655 ], [ -104.929365753231522, 39.762004336630568 ], [ -104.927603971480181, 39.762012298769179 ], [ -104.925825627697435, 39.762017387126775 ], [ -104.924044460840477, 39.76202492134356 ], [ -104.922455108563881, 39.762021049083607 ], [ -104.922301590005176, 39.762013769645939 ], [ -104.922145841428275, 39.762002567126615 ], [ -104.921983529694273, 39.762001770202545 ], [ -104.92114499004208, 39.762000258638373 ], [ -104.919984246861773, 39.762002389632841 ], [ -104.91882264286707, 39.761997971004838 ], [ -104.917596829340752, 39.761999706975871 ], [ -104.916386204485747, 39.762004165924807 ], [ -104.915222828421747, 39.76200491972002 ], [ -104.914062640131121, 39.762005661625217 ], [ -104.912861304467555, 39.762002292387031 ], [ -104.912441038804417, 39.761980627377618 ], [ -104.911739985021995, 39.761983225878907 ], [ -104.910583367815974, 39.761982979926877 ], [ -104.909418869170423, 39.761982708160261 ], [ -104.90819035537433, 39.761983926015901 ], [ -104.906958390185565, 39.761981425153792 ], [ -104.905801678179671, 39.761981152015061 ], [ -104.903449416516395, 39.761990267733189 ], [ -104.903466513454077, 39.761430601507151 ], [ -104.903471857645357, 39.760226120023212 ], [ -104.903468933519292, 39.758416509055408 ], [ -104.903403724275677, 39.758021900883364 ], [ -104.903413314329512, 39.754737154937295 ], [ -104.903433632770813, 39.753414382465657 ], [ -104.903434643133039, 39.752219467953431 ] ] ] ] } },
{ "type": "Feature", "properties": { "NBHD_ID": 57, "NBHD_NAME": "South Park Hill", "TYPOLOGY": null, "NOTES": null, "GLOBALID": "c06a55de-af4e-4472-8056-c276c5076a8a" }, "geometry": { "type": "MultiPolygon", "coordinates": [ [ [ [ -104.903437573928215, 39.751023027433753 ], [ -104.903432842321735, 39.749829226611865 ], [ -104.903446543827258, 39.748638036871242 ], [ -104.903457768940441, 39.747448396167378 ], [ -104.903473748858772, 39.745622093769057 ], [ -104.903465061976348, 39.743791679763994 ], [ -104.903468731214687, 39.742608799055425 ], [ -104.903462693392598, 39.741984821858225 ], [ -104.90346510512056, 39.741486110956401 ], [ -104.903465087658901, 39.740152763496965 ], [ -104.904662526364575, 39.740165226620384 ], [ -104.905807383347621, 39.740160528721958 ], [ -104.906951476101483, 39.740166241463456 ], [ -104.908166773677152, 39.740161532270953 ], [ -104.909366243122577, 39.740154577311472 ], [ -104.910510097347881, 39.740155948972429 ], [ -104.911650558753152, 39.740155820267695 ], [ -104.912440412141777, 39.740160395704208 ], [ -104.912812985986989, 39.740161189880709 ], [ -104.913958613403409, 39.740155767509265 ], [ -104.915065671532773, 39.740153309813465 ], [ -104.916332713864492, 39.740153497085061 ], [ -104.917264758669333, 39.740152625399901 ], [ -104.917565766095763, 39.740152057148158 ], [ -104.918369396841257, 39.740151227948161 ], [ -104.918783349028018, 39.740152681202524 ], [ -104.919467082779278, 39.740152280919048 ], [ -104.919959249173786, 39.740149468324034 ], [ -104.9205709372022, 39.740149049196013 ], [ -104.921143230771065, 39.740146281041341 ], [ -104.921671736256116, 39.740147601840661 ], [ -104.922331253946069, 39.740149438631654 ], [ -104.923441144438357, 39.740156914021945 ], [ -104.924619371384352, 39.740152862234424 ], [ -104.925786349126739, 39.740157163705327 ], [ -104.926910542198158, 39.740149525657529 ], [ -104.927536195206514, 39.740145154653973 ], [ -104.928077182612171, 39.740145038438101 ], [ -104.928668525032151, 39.740142660613124 ], [ -104.929230845914333, 39.740142301300899 ], [ -104.929809659984585, 39.74014201786683 ], [ -104.930389669276423, 39.740141395599046 ], [ -104.930944403405775, 39.740140992226458 ], [ -104.931544775148168, 39.740142283914892 ], [ -104.932097402685883, 39.740140384870529 ], [ -104.932701421114189, 39.740143509838092 ], [ -104.933811094711217, 39.740143019384462 ], [ -104.935012770664457, 39.740144097473184 ], [ -104.935527594237229, 39.740144163955421 ], [ -104.936158416194345, 39.740143756188075 ], [ -104.937247139497074, 39.74014495773686 ], [ -104.93839540674341, 39.740138802956267 ], [ -104.938954091221888, 39.740136901623238 ], [ -104.939499133437039, 39.740142216368206 ], [ -104.940673581641931, 39.74013582289178 ], [ -104.940667995022167, 39.741393817874027 ], [ -104.940666864319624, 39.741758590782354 ], [ -104.940666236867983, 39.74194869788068 ], [ -104.940663903698422, 39.742575638802833 ], [ -104.940660834314059, 39.743406412534988 ], [ -104.940663349292038, 39.743759878518048 ], [ -104.940654645518279, 39.744962609320062 ], [ -104.940649760210917, 39.746132414494475 ], [ -104.940645003194419, 39.747397617998566 ], [ -104.940638221424265, 39.749250984545746 ], [ -104.940631039017646, 39.751043264808629 ], [ -104.939457357294017, 39.751048319060054 ], [ -104.938353968542458, 39.751049582081457 ], [ -104.937252278339429, 39.751055638561979 ], [ -104.936149761041278, 39.75105516895507 ], [ -104.935048992181933, 39.751054006694631 ], [ -104.933943805581535, 39.751051444100959 ], [ -104.932843006103511, 39.751059203413178 ], [ -104.931711133426887, 39.751062298695317 ], [ -104.930513393177307, 39.75106438310516 ], [ -104.929342401569755, 39.751064880739705 ], [ -104.928171414140664, 39.751069851371589 ], [ -104.926999544945673, 39.751071384184598 ], [ -104.925795654923292, 39.751072068425358 ], [ -104.924646931777986, 39.751071979023166 ], [ -104.923482494495858, 39.751074720088305 ], [ -104.92229341910695, 39.751077863032521 ], [ -104.921117596130657, 39.751083345151194 ], [ -104.919943299579018, 39.751081821053255 ], [ -104.918772033521179, 39.751083324754681 ], [ -104.917559986739974, 39.751082133356789 ], [ -104.91634322221401, 39.751089690505715 ], [ -104.915166663517979, 39.75108591050725 ], [ -104.913997757149517, 39.751091423118034 ], [ -104.912859226510918, 39.751087743498729 ], [ -104.912396106648728, 39.751033412644297 ], [ -104.912285330942964, 39.751019614592217 ], [ -104.912142024386156, 39.751015948647023 ], [ -104.911692339394349, 39.75101495996968 ], [ -104.910517361858354, 39.75101841324134 ], [ -104.909382934851735, 39.751016432308454 ], [ -104.908174657164153, 39.751019350844302 ], [ -104.906964134635956, 39.751020397036797 ], [ -104.905822832282951, 39.751021779864878 ], [ -104.904652542928503, 39.751023241727012 ], [ -104.903437573928215, 39.751023027433753 ] ] ] ] } },
{ "type": "Feature", "properties": { "NBHD_ID": 66, "NBHD_NAME": "University Park", "TYPOLOGY": null, "NOTES": null, "GLOBALID": "f01887e2-bdd7-4b91-b128-fbebd486061e" }, "geometry": { "type": "MultiPolygon", "coordinates": [ [ [ [ -104.940697291136118, 39.682968760814539 ], [ -104.940699615226237, 39.682633776835189 ], [ -104.940696764684276, 39.681704602440831 ], [ -104.940697087304343, 39.680813859743601 ], [ -104.94069359269254, 39.680104885381873 ], [ -104.940758363927714, 39.678421595233175 ], [ -104.940741284013569, 39.676603997554295 ], [ -104.940728085322178, 39.67482183408093 ], [ -104.940712360507121, 39.674320092826747 ], [ -104.940717532182234, 39.673327179267254 ], [ -104.940705609363746, 39.671894494547104 ], [ -104.940689661225221, 39.668336182445188 ], [ -104.940689570480032, 39.66756728522445 ], [ -104.941783132721454, 39.667565218311651 ], [ -104.942808639450334, 39.667565746625911 ], [ -104.943833220723405, 39.667569128006903 ], [ -104.944377592154396, 39.667571268271018 ], [ -104.944853860047928, 39.667569590555075 ], [ -104.945372547586985, 39.667571413543065 ], [ -104.945832359033162, 39.667572551923769 ], [ -104.945996277371648, 39.667570062463888 ], [ -104.946074970410038, 39.66756536763608 ], [ -104.946193189037118, 39.66753553096521 ], [ -104.946471155154796, 39.667444869123393 ], [ -104.946954827729073, 39.667283007834946 ], [ -104.947185409929489, 39.667197669752532 ], [ -104.947417476788615, 39.667121797446065 ], [ -104.947799433475993, 39.667024408294907 ], [ -104.947941124120206, 39.667002377476997 ], [ -104.948079382896523, 39.666985952644445 ], [ -104.94830694761518, 39.666958535618541 ], [ -104.948518920129899, 39.666947167922153 ], [ -104.94869358036442, 39.666950054425676 ], [ -104.948924151094829, 39.666958685345676 ], [ -104.949012916375125, 39.666963908873157 ], [ -104.949083023422858, 39.66697041216139 ], [ -104.949153109170325, 39.666979665012356 ], [ -104.949222286795887, 39.666991313208847 ], [ -104.949326035319189, 39.667011360643826 ], [ -104.949555641754074, 39.667057821943828 ], [ -104.949654274247422, 39.667082923812195 ], [ -104.949826770751216, 39.667129854092167 ], [ -104.950005354270942, 39.667187945567086 ], [ -104.950119187075146, 39.667224405309447 ], [ -104.950267984931003, 39.667287780865742 ], [ -104.950414715261772, 39.667367512491531 ], [ -104.950634670976186, 39.667502613374623 ], [ -104.950792751635362, 39.667551065157319 ], [ -104.951461979675699, 39.66757879096307 ], [ -104.952380957403221, 39.66758244588992 ], [ -104.953305430257302, 39.667581775563526 ], [ -104.953847155812952, 39.667587012178963 ], [ -104.955133212459174, 39.667586474681656 ], [ -104.956551961129762, 39.667588667487209 ], [ -104.957971318869284, 39.667595119940529 ], [ -104.959389282352944, 39.667601697398794 ], [ -104.95940443488368, 39.669414396966069 ], [ -104.959400233616066, 39.671221036329946 ], [ -104.959395134416368, 39.673036029537023 ], [ -104.959391220810232, 39.674849184154191 ], [ -104.959401523882363, 39.676637775110784 ], [ -104.959403323274344, 39.678432287261437 ], [ -104.959398503381976, 39.680259411662227 ], [ -104.959388368668257, 39.682042090058395 ], [ -104.959396118127799, 39.68249250377761 ], [ -104.959435126443054, 39.682794122575551 ], [ -104.95944461957653, 39.683303538895444 ], [ -104.959456412080996, 39.684419936226455 ], [ -104.959456847291676, 39.684610955014712 ], [ -104.959457131300056, 39.684735177990184 ], [ -104.958573694935509, 39.684732622397767 ], [ -104.955503954086907, 39.684736305231816 ], [ -104.953757933578387, 39.684745665352246 ], [ -104.951241547666925, 39.684743701172948 ], [ -104.95061294510505, 39.684733674581921 ], [ -104.950338387146871, 39.684729294131266 ], [ -104.950088691758694, 39.68472530977423 ], [ -104.949609121845526, 39.68470680890939 ], [ -104.948629147105123, 39.684643693893385 ], [ -104.947868110928667, 39.684565342852487 ], [ -104.946880287997004, 39.684430647858022 ], [ -104.946186915325512, 39.6843103371545 ], [ -104.944909837872771, 39.684037708331374 ], [ -104.943775812544303, 39.683745407307292 ], [ -104.943070367787939, 39.683580330139648 ], [ -104.941949081146106, 39.683298652766339 ], [ -104.941256710179829, 39.683128910251028 ], [ -104.940995470671368, 39.683054123545254 ], [ -104.940697291136118, 39.682968760814539 ] ] ] ] } },
{ "type": "Feature", "properties": { "NBHD_ID": 51, "NBHD_NAME": "Platt Park", "TYPOLOGY": null, "NOTES": null, "GLOBALID": "c62659dc-fb26-47a4-a12c-c10df091722a" }, "geometry": { "type": "MultiPolygon", "coordinates": [ [ [ [ -104.973434221903716, 39.689830416910155 ], [ -104.973439281157681, 39.689691214497188 ], [ -104.973443028299826, 39.689369160862235 ], [ -104.973434015957977, 39.689046181956918 ], [ -104.973429613676089, 39.688888339411754 ], [ -104.973434090693786, 39.687567516531516 ], [ -104.97343163652593, 39.685753755680679 ], [ -104.973435232901878, 39.683987464662536 ], [ -104.973432602779312, 39.682151513201262 ], [ -104.973412188116995, 39.682085079456321 ], [ -104.973426391639293, 39.680338977189372 ], [ -104.973440650440949, 39.678519387880108 ], [ -104.97460388346677, 39.678526070877226 ], [ -104.975761653630599, 39.678533349568148 ], [ -104.976920974464178, 39.678535683119712 ], [ -104.978137745339978, 39.678538741416709 ], [ -104.979370535711254, 39.678552480104344 ], [ -104.980533186622111, 39.678576145320356 ], [ -104.981690109274666, 39.67857579848134 ], [ -104.982895585863659, 39.67857122656374 ], [ -104.984084735199133, 39.678568052031281 ], [ -104.985234016365467, 39.678567378419551 ], [ -104.986379694256669, 39.678560915975837 ], [ -104.987577223066538, 39.678525960430029 ], [ -104.987581401901863, 39.680334230100371 ], [ -104.987578655866585, 39.682155711422311 ], [ -104.987555523216272, 39.683972584488437 ], [ -104.987543903553075, 39.68578415557301 ], [ -104.987522704489294, 39.687580913798506 ], [ -104.987509851391039, 39.689406541475812 ], [ -104.987490266208013, 39.691175072658112 ], [ -104.987478289163505, 39.693025744754152 ], [ -104.987459333956835, 39.69480531365398 ], [ -104.987440749024046, 39.696640749692854 ], [ -104.986229409571337, 39.696634655555357 ], [ -104.985080495109216, 39.69663179218584 ], [ -104.983952659345405, 39.696626857803288 ], [ -104.982779567644641, 39.6966660202499 ], [ -104.982228076583368, 39.696664192713911 ], [ -104.982037453085425, 39.696495635429841 ], [ -104.98118041680307, 39.695748824040876 ], [ -104.981060160198965, 39.695647624231839 ], [ -104.980282826129738, 39.695034184982049 ], [ -104.979894319322369, 39.694706491341272 ], [ -104.979424182667387, 39.694290963180336 ], [ -104.979117547847778, 39.694019941855167 ], [ -104.979108525824614, 39.694011802280372 ], [ -104.97814948146096, 39.693146555764947 ], [ -104.976807714807123, 39.69193596891688 ], [ -104.97617099178099, 39.691401439000025 ], [ -104.975797642298033, 39.691126530277394 ], [ -104.975186309807782, 39.690730713741907 ], [ -104.974750669501972, 39.690489080035967 ], [ -104.973615653297699, 39.689919410309159 ], [ -104.973570075585016, 39.689897055068286 ], [ -104.973434221903716, 39.689830416910155 ] ] ] ] } },
{ "type": "Feature", "properties": { "NBHD_ID": 19, "NBHD_NAME": "College View - South Platte", "TYPOLOGY": "NEST", "NOTES": null, "GLOBALID": "ba7d2bdb-60fe-4e82-b667-7de0e9e69959" }, "geometry": { "type": "MultiPolygon", "coordinates": [ [ [ [ -105.00140476446434, 39.682174271410517 ], [ -105.001357653281417, 39.682053963792036 ], [ -105.001204570913501, 39.681721473443361 ], [ -105.00114922239942, 39.681635447134894 ], [ -105.001050575232156, 39.681517665956228 ], [ -105.000950896768984, 39.681420127418711 ], [ -105.000836925858181, 39.681333851854724 ], [ -105.000460836474261, 39.681134934536949 ], [ -105.00008099332743, 39.680964483041308 ], [ -104.99984791070591, 39.680890740127424 ], [ -104.999593543554468, 39.680812445778095 ], [ -104.999445558928969, 39.680763086104264 ], [ -104.99936491567702, 39.680737005142859 ], [ -104.999264811243137, 39.680699517244953 ], [ -104.999169222635302, 39.680651753147735 ], [ -104.999072897270921, 39.680582709919378 ], [ -104.99893343683496, 39.680459262267284 ], [ -104.998738448374922, 39.680275524027145 ], [ -104.998650363249411, 39.68017219858492 ], [ -104.998573804861536, 39.680071667751051 ], [ -104.998460575122238, 39.679882443566946 ], [ -104.998361679696401, 39.67967612235072 ], [ -104.998186983608491, 39.679263577993289 ], [ -104.998096532674765, 39.678994493314839 ], [ -104.998038517910132, 39.67878525721509 ], [ -104.998010434585098, 39.678613554736593 ], [ -104.997940519506997, 39.678081349178761 ], [ -104.997907811833187, 39.677935363653674 ], [ -104.99787173608523, 39.677763626753681 ], [ -104.997836906480956, 39.677541792886394 ], [ -104.99781296870502, 39.677287404914217 ], [ -104.997796349203952, 39.676506631006049 ], [ -104.99780086409379, 39.676372128984681 ], [ -104.997798457984231, 39.676211860355401 ], [ -104.997781380569137, 39.67599181779849 ], [ -104.99776389519883, 39.675828739256495 ], [ -104.997724351326326, 39.675645319559237 ], [ -104.997695860498339, 39.675530923383427 ], [ -104.997677926348501, 39.675430642446301 ], [ -104.997678989566637, 39.675282056138926 ], [ -104.997690057057056, 39.675224794656344 ], [ -104.997679910366841, 39.675153372434394 ], [ -104.997636792247945, 39.674973025996152 ], [ -104.997622852933617, 39.674909991801492 ], [ -104.997557642934282, 39.674615108596761 ], [ -104.997511034410337, 39.674426167805684 ], [ -104.997452961486601, 39.67422585375067 ], [ -104.997428085535489, 39.67410289359902 ], [ -104.997424984666083, 39.674039737816756 ], [ -104.997425576723032, 39.673957037024465 ], [ -104.997422434549861, 39.673899715394413 ], [ -104.997407889229024, 39.673822440579372 ], [ -104.99735742183492, 39.673676378993768 ], [ -104.997324164630754, 39.673607603709662 ], [ -104.99732459463273, 39.673547551067131 ], [ -104.997359571683702, 39.673376117682423 ], [ -104.997386310318035, 39.673238965525414 ], [ -104.997390580103556, 39.673138778938913 ], [ -104.997402985236221, 39.673018723745997 ], [ -104.997414645172384, 39.67287876182494 ], [ -104.997423200592905, 39.672800213356879 ], [ -104.997438496605241, 39.672648598951291 ], [ -104.997454124764175, 39.672574541756489 ], [ -104.997476870345892, 39.672498799161787 ], [ -104.997518644447226, 39.67237029036513 ], [ -104.997574915638808, 39.672201692942558 ], [ -104.997642976881806, 39.671998829032496 ], [ -104.997790150569926, 39.671662125284094 ], [ -104.997891274187197, 39.671430919884841 ], [ -104.997959088893026, 39.671262371335004 ], [ -104.998007965958763, 39.671133892450214 ], [ -104.998068866441585, 39.670938547709056 ], [ -104.998114558785218, 39.670758579945378 ], [ -104.998141223549894, 39.670631378987885 ], [ -104.998160999299188, 39.670473949972134 ], [ -104.99816867534112, 39.670394024796281 ], [ -104.998187783800958, 39.670329934110413 ], [ -104.998236426804155, 39.670234055127573 ], [ -104.998311761235385, 39.670131426697353 ], [ -104.998371191107296, 39.670017405856939 ], [ -104.99848030314061, 39.669786233524874 ], [ -104.998518256654862, 39.669694769904332 ], [ -104.998551973171459, 39.669574805371745 ], [ -104.998579370339257, 39.669469227175291 ], [ -104.99863918859954, 39.669300643823391 ], [ -104.998695932906003, 39.669189356614261 ], [ -104.998763150690735, 39.669103851584524 ], [ -104.998901054024586, 39.668944523765845 ], [ -104.999038795385118, 39.668807844129532 ], [ -104.999162030884236, 39.668712625573768 ], [ -104.99929148504269, 39.668617090191233 ], [ -104.999444116411098, 39.668509299662304 ], [ -104.999615440591597, 39.668395411430971 ], [ -104.999782138477428, 39.668307583901758 ], [ -104.999997780695907, 39.668205551123286 ], [ -105.000205327636507, 39.668117896589102 ], [ -105.000180444735548, 39.667680714766789 ], [ -105.002676585599573, 39.666902242117729 ], [ -105.0027647176355, 39.666872073207934 ], [ -105.002990927678326, 39.666781404228509 ], [ -105.003205699757828, 39.666675587138826 ], [ -105.003408135867687, 39.666555990946186 ], [ -105.003596457176812, 39.666422950984249 ], [ -105.003633973056736, 39.666392224470549 ], [ -105.00369565700889, 39.666334489683038 ], [ -105.003751151523545, 39.666272953948535 ], [ -105.003798677836258, 39.666207953001916 ], [ -105.003839121810088, 39.666139833274919 ], [ -105.003871590402198, 39.666069277977456 ], [ -105.00389607872215, 39.665996972963399 ], [ -105.003912586791003, 39.665922918488562 ], [ -105.003920217253039, 39.66584848340851 ], [ -105.003919860241936, 39.665773328246374 ], [ -105.004477681628217, 39.664555325748054 ], [ -105.004724393222574, 39.664016616153013 ], [ -105.00488681025513, 39.66365646351278 ], [ -105.005064246689614, 39.663651468230853 ], [ -105.004972945516641, 39.661763052411949 ], [ -105.004945469530597, 39.661503845041587 ], [ -105.004888668195363, 39.661247602382993 ], [ -105.004803419028619, 39.660996044469833 ], [ -105.004689707470888, 39.660751230091719 ], [ -105.004568049460673, 39.660542772007283 ], [ -105.006399111676771, 39.660550682141434 ], [ -105.010908342809358, 39.660571862609402 ], [ -105.008185342122388, 39.664100124717223 ], [ -105.008114302019365, 39.664099827451928 ], [ -105.008069500382987, 39.664156948714563 ], [ -105.007664919940936, 39.664738639506915 ], [ -105.007326758417605, 39.665345658024478 ], [ -105.00715266106873, 39.665730991270983 ], [ -105.006331871609575, 39.667706825966071 ], [ -105.006369716630473, 39.667707093304202 ], [ -105.006366566660333, 39.674975689655128 ], [ -105.006366091952827, 39.67679044868283 ], [ -105.008703910708064, 39.676802731094014 ], [ -105.008703880807687, 39.678622228400592 ], [ -105.015714975506725, 39.678672915915548 ], [ -105.015719641404331, 39.675005668389851 ], [ -105.01572438959424, 39.667751152390373 ], [ -105.015834697930515, 39.66051249564147 ], [ -105.022811574654128, 39.660503612874436 ], [ -105.0228442588446, 39.656809185761382 ], [ -105.025185336882359, 39.656809429951693 ], [ -105.025193920046107, 39.656823688563243 ], [ -105.025190173340377, 39.657436302862941 ], [ -105.025168202285116, 39.660508648946021 ], [ -105.025158214331228, 39.662126447360137 ], [ -105.025146936688557, 39.663731740972317 ], [ -105.025145269924806, 39.664076105248832 ], [ -105.025133855775337, 39.665045234127042 ], [ -105.025130308117951, 39.665340008347407 ], [ -105.02511460435538, 39.665824147941009 ], [ -105.025120911647221, 39.666950447120158 ], [ -105.02511849601629, 39.667722404802845 ], [ -105.025083158147936, 39.668548998482606 ], [ -105.025086835486846, 39.670160227608378 ], [ -105.025070064342827, 39.671202695532678 ], [ -105.025071786026714, 39.671793291300936 ], [ -105.025086983954793, 39.672518943968868 ], [ -105.025082805972289, 39.673346680121341 ], [ -105.025076461916001, 39.675138843835022 ], [ -105.025054032644078, 39.676772908611262 ], [ -105.025067719798471, 39.678643593488808 ], [ -105.025040290764437, 39.680515847136995 ], [ -105.025048000919242, 39.682277192475119 ], [ -105.023755871797476, 39.682279535989728 ], [ -105.022711577060264, 39.682286567062832 ], [ -105.021547554134713, 39.682293429575196 ], [ -105.020376563622392, 39.682302483932951 ], [ -105.019202631607953, 39.682308184704155 ], [ -105.018039950189888, 39.682318757556914 ], [ -105.01687442123162, 39.682326084064627 ], [ -105.015702740830577, 39.682345575742097 ], [ -105.014746531299892, 39.682343083035242 ], [ -105.0138286436068, 39.682332642447449 ], [ -105.01338200690553, 39.682327388046218 ], [ -105.012898332884674, 39.682321953616274 ], [ -105.011051522529172, 39.68230154223383 ], [ -105.00999611372599, 39.682292552408128 ], [ -105.008926378637327, 39.682278113007307 ], [ -105.008699840551657, 39.682274178975675 ], [ -105.006800248487963, 39.682255365483449 ], [ -105.006373998643696, 39.682248306457154 ], [ -105.006196718926674, 39.682239656765965 ], [ -105.005251776562204, 39.682222780189676 ], [ -105.00408882773263, 39.682209988124534 ], [ -105.002434175894109, 39.682185495678617 ], [ -105.001837785664065, 39.682184159349347 ], [ -105.00140476446434, 39.682174271410517 ] ] ] ] } },
{ "type": "Feature", "properties": { "NBHD_ID": 50, "NBHD_NAME": "Overland", "TYPOLOGY": null, "NOTES": null, "GLOBALID": "fd47777d-586b-4c69-b020-31702855f132" }, "geometry": { "type": "MultiPolygon", "coordinates": [ [ [ [ -104.987440749024046, 39.696640749692854 ], [ -104.987459333956835, 39.69480531365398 ], [ -104.987478289163505, 39.693025744754152 ], [ -104.987490266208013, 39.691175072658112 ], [ -104.987509851391039, 39.689406541475812 ], [ -104.987522704489294, 39.687580913798506 ], [ -104.987543903553075, 39.68578415557301 ], [ -104.987555523216272, 39.683972584488437 ], [ -104.987578655866585, 39.682155711422311 ], [ -104.987581401901863, 39.680334230100371 ], [ -104.987577223066538, 39.678525960430029 ], [ -104.987584060891109, 39.676712519161065 ], [ -104.987584517298842, 39.674898156443703 ], [ -104.987591417511908, 39.673095666306693 ], [ -104.987594071555478, 39.671294412386153 ], [ -104.987594283707324, 39.669491583444888 ], [ -104.987581898308633, 39.667689330581609 ], [ -104.997015019985426, 39.667667093803125 ], [ -105.000180444735548, 39.667680714766789 ], [ -105.000205327636507, 39.668117896589102 ], [ -104.999997780695907, 39.668205551123286 ], [ -104.999782138477428, 39.668307583901758 ], [ -104.999615440591597, 39.668395411430971 ], [ -104.999444116411098, 39.668509299662304 ], [ -104.99929148504269, 39.668617090191233 ], [ -104.999162030884236, 39.668712625573768 ], [ -104.999038795385118, 39.668807844129532 ], [ -104.998901054024586, 39.668944523765845 ], [ -104.998763150690735, 39.669103851584524 ], [ -104.998695932906003, 39.669189356614261 ], [ -104.99863918859954, 39.669300643823391 ], [ -104.998579370339257, 39.669469227175291 ], [ -104.998551973171459, 39.669574805371745 ], [ -104.998518256654862, 39.669694769904332 ], [ -104.99848030314061, 39.669786233524874 ], [ -104.998371191107296, 39.670017405856939 ], [ -104.998311761235385, 39.670131426697353 ], [ -104.998236426804155, 39.670234055127573 ], [ -104.998187783800958, 39.670329934110413 ], [ -104.99816867534112, 39.670394024796281 ], [ -104.998160999299188, 39.670473949972134 ], [ -104.998141223549894, 39.670631378987885 ], [ -104.998114558785218, 39.670758579945378 ], [ -104.998068866441585, 39.670938547709056 ], [ -104.998007965958763, 39.671133892450214 ], [ -104.997959088893026, 39.671262371335004 ], [ -104.997891274187197, 39.671430919884841 ], [ -104.997790150569926, 39.671662125284094 ], [ -104.997642976881806, 39.671998829032496 ], [ -104.997574915638808, 39.672201692942558 ], [ -104.997518644447226, 39.67237029036513 ], [ -104.997476870345892, 39.672498799161787 ], [ -104.997454124764175, 39.672574541756489 ], [ -104.997438496605241, 39.672648598951291 ], [ -104.997423200592905, 39.672800213356879 ], [ -104.997414645172384, 39.67287876182494 ], [ -104.997402985236221, 39.673018723745997 ], [ -104.997390580103556, 39.673138778938913 ], [ -104.997386310318035, 39.673238965525414 ], [ -104.997359571683702, 39.673376117682423 ], [ -104.99732459463273, 39.673547551067131 ], [ -104.997324164630754, 39.673607603709662 ], [ -104.99735742183492, 39.673676378993768 ], [ -104.997407889229024, 39.673822440579372 ], [ -104.997422434549861, 39.673899715394413 ], [ -104.997425576723032, 39.673957037024465 ], [ -104.997424984666083, 39.674039737816756 ], [ -104.997428085535489, 39.67410289359902 ], [ -104.997452961486601, 39.67422585375067 ], [ -104.997511034410337, 39.674426167805684 ], [ -104.997557642934282, 39.674615108596761 ], [ -104.997622852933617, 39.674909991801492 ], [ -104.997636792247945, 39.674973025996152 ], [ -104.997679910366841, 39.675153372434394 ], [ -104.997690057057056, 39.675224794656344 ], [ -104.997678989566637, 39.675282056138926 ], [ -104.997677926348501, 39.675430642446301 ], [ -104.997695860498339, 39.675530923383427 ], [ -104.997724351326326, 39.675645319559237 ], [ -104.99776389519883, 39.675828739256495 ], [ -104.997781380569137, 39.67599181779849 ], [ -104.997798457984231, 39.676211860355401 ], [ -104.99780086409379, 39.676372128984681 ], [ -104.997796349203952, 39.676506631006049 ], [ -104.99781296870502, 39.677287404914217 ], [ -104.997836906480956, 39.677541792886394 ], [ -104.99787173608523, 39.677763626753681 ], [ -104.997907811833187, 39.677935363653674 ], [ -104.997940519506997, 39.678081349178761 ], [ -104.998010434585098, 39.678613554736593 ], [ -104.998038517910132, 39.67878525721509 ], [ -104.998096532674765, 39.678994493314839 ], [ -104.998186983608491, 39.679263577993289 ], [ -104.998361679696401, 39.67967612235072 ], [ -104.998460575122238, 39.679882443566946 ], [ -104.998573804861536, 39.680071667751051 ], [ -104.998650363249411, 39.68017219858492 ], [ -104.998738448374922, 39.680275524027145 ], [ -104.99893343683496, 39.680459262267284 ], [ -104.999072897270921, 39.680582709919378 ], [ -104.999169222635302, 39.680651753147735 ], [ -104.999264811243137, 39.680699517244953 ], [ -104.99936491567702, 39.680737005142859 ], [ -104.999445558928969, 39.680763086104264 ], [ -104.999593543554468, 39.680812445778095 ], [ -104.99984791070591, 39.680890740127424 ], [ -105.00008099332743, 39.680964483041308 ], [ -105.000460836474261, 39.681134934536949 ], [ -105.000836925858181, 39.681333851854724 ], [ -105.000950896768984, 39.681420127418711 ], [ -105.001050575232156, 39.681517665956228 ], [ -105.00114922239942, 39.681635447134894 ], [ -105.001204570913501, 39.681721473443361 ], [ -105.001357653281417, 39.682053963792036 ], [ -105.00140476446434, 39.682174271410517 ], [ -105.00142268596619, 39.682277296924546 ], [ -105.001442383772016, 39.682630497533864 ], [ -105.001440353472262, 39.682916345550908 ], [ -105.001419465154484, 39.68323093933838 ], [ -105.001403755995597, 39.683316664003236 ], [ -105.001358124594745, 39.68348805339312 ], [ -105.001312553924066, 39.683650863439823 ], [ -105.000911573845968, 39.684951816632257 ], [ -105.000542161545468, 39.68630849475371 ], [ -105.00050829843093, 39.686448361992639 ], [ -105.000481580662736, 39.686582768900585 ], [ -105.000435701427421, 39.686788473154266 ], [ -105.000404236451075, 39.686965755222424 ], [ -105.000358703352489, 39.687122731679509 ], [ -105.000325183740685, 39.687214214010034 ], [ -105.000295381550416, 39.687282720453233 ], [ -105.000242199932686, 39.687390934333948 ], [ -105.00018980135377, 39.687513907811457 ], [ -105.000118242583056, 39.687707834566382 ], [ -105.000102631036881, 39.687779489921176 ], [ -105.000102203328865, 39.687839541672986 ], [ -105.000101277026857, 39.68796959746377 ], [ -105.000100871312512, 39.688026560914054 ], [ -105.00009338566332, 39.688079719707652 ], [ -105.000089507186274, 39.688125344023213 ], [ -105.000062185926268, 39.688219598112077 ], [ -104.999998884720583, 39.688376498167621 ], [ -104.9999267198599, 39.688530615478129 ], [ -104.999870502358206, 39.688690634016609 ], [ -104.999824529216085, 39.688909034085981 ], [ -104.999794317141863, 39.68903484711182 ], [ -104.999733435106904, 39.689226074152351 ], [ -104.999687979249771, 39.689371725399951 ], [ -104.999667692562809, 39.689426365765115 ], [ -104.999620048965909, 39.689554686398921 ], [ -104.99955620444473, 39.689662854468523 ], [ -104.999511399098608, 39.689717227238297 ], [ -104.999429164089889, 39.689788255080167 ], [ -104.99936215282338, 39.689842189874348 ], [ -104.999312137046445, 39.689879724903648 ], [ -104.999135292925502, 39.69001280590404 ], [ -104.998923656531517, 39.690166328357627 ], [ -104.998700347783043, 39.690336958620144 ], [ -104.998503106114811, 39.690464804365774 ], [ -104.99833187123302, 39.690558444073076 ], [ -104.998172306467552, 39.690634975380839 ], [ -104.997942379032509, 39.690736943124584 ], [ -104.997678610280573, 39.690850433397351 ], [ -104.99745944450126, 39.690938033219616 ], [ -104.997154851903133, 39.691045514394396 ], [ -104.99689580797525, 39.691144804543171 ], [ -104.996424379316863, 39.691325498593265 ], [ -104.996134866058512, 39.691435786958102 ], [ -104.995785607696959, 39.691577046005683 ], [ -104.995461994419301, 39.691734543209762 ], [ -104.994993900898805, 39.691970003647697 ], [ -104.994845816376881, 39.692055158434322 ], [ -104.994689511876672, 39.692171506073677 ], [ -104.994543896340261, 39.692283781013728 ], [ -104.994201335272379, 39.692604196368933 ], [ -104.994044572775749, 39.692783683093381 ], [ -104.993925306936745, 39.692937593887706 ], [ -104.993756323697511, 39.693210025261678 ], [ -104.993561142791876, 39.693542396871528 ], [ -104.993332317314156, 39.693981690793862 ], [ -104.993204763139886, 39.694298567888929 ], [ -104.993117577533212, 39.694561398663751 ], [ -104.993086556819293, 39.694674165985965 ], [ -104.993052778915555, 39.694799618583374 ], [ -104.993014185028457, 39.694976867736706 ], [ -104.992938341177521, 39.695268230348638 ], [ -104.992896482810963, 39.695405315309223 ], [ -104.992870203576558, 39.695476580012745 ], [ -104.992764606694934, 39.695705014818891 ], [ -104.992700456309066, 39.695853328078279 ], [ -104.992625415987249, 39.696033165064684 ], [ -104.992535322279991, 39.696206074104907 ], [ -104.992445282531818, 39.69637143390753 ], [ -104.992415396784892, 39.69644988953533 ], [ -104.992403371201135, 39.696515724929498 ], [ -104.992394188304488, 39.696667415861988 ], [ -104.99188430365615, 39.696668593177534 ], [ -104.991285567194552, 39.696658455240204 ], [ -104.990248094361277, 39.696653962668151 ], [ -104.990135959075658, 39.696653476540234 ], [ -104.990003047985155, 39.696652850420818 ], [ -104.987440749024046, 39.696640749692854 ] ] ] ] } },
{ "type": "Feature", "properties": { "NBHD_ID": 54, "NBHD_NAME": "Ruby Hill", "TYPOLOGY": "NEST", "NOTES": null, "GLOBALID": "91bb90f5-0ba9-4faf-be8e-b16fbe3f48c0" }, "geometry": { "type": "MultiPolygon", "coordinates": [ [ [ [ -104.992394188304488, 39.696667415861988 ], [ -104.992403371201135, 39.696515724929498 ], [ -104.992415396784892, 39.69644988953533 ], [ -104.992445282531818, 39.69637143390753 ], [ -104.992535322279991, 39.696206074104907 ], [ -104.992625415987249, 39.696033165064684 ], [ -104.992700456309066, 39.695853328078279 ], [ -104.992764606694934, 39.695705014818891 ], [ -104.992870203576558, 39.695476580012745 ], [ -104.992896482810963, 39.695405315309223 ], [ -104.992938341177521, 39.695268230348638 ], [ -104.993014185028457, 39.694976867736706 ], [ -104.993052778915555, 39.694799618583374 ], [ -104.993086556819293, 39.694674165985965 ], [ -104.993117577533212, 39.694561398663751 ], [ -104.993204763139886, 39.694298567888929 ], [ -104.993332317314156, 39.693981690793862 ], [ -104.993561142791876, 39.693542396871528 ], [ -104.993756323697511, 39.693210025261678 ], [ -104.993925306936745, 39.692937593887706 ], [ -104.994044572775749, 39.692783683093381 ], [ -104.994201335272379, 39.692604196368933 ], [ -104.994543896340261, 39.692283781013728 ], [ -104.994689511876672, 39.692171506073677 ], [ -104.994845816376881, 39.692055158434322 ], [ -104.994993900898805, 39.691970003647697 ], [ -104.995461994419301, 39.691734543209762 ], [ -104.995785607696959, 39.691577046005683 ], [ -104.996134866058512, 39.691435786958102 ], [ -104.996424379316863, 39.691325498593265 ], [ -104.99689580797525, 39.691144804543171 ], [ -104.997154851903133, 39.691045514394396 ], [ -104.99745944450126, 39.690938033219616 ], [ -104.997678610280573, 39.690850433397351 ], [ -104.997942379032509, 39.690736943124584 ], [ -104.998172306467552, 39.690634975380839 ], [ -104.99833187123302, 39.690558444073076 ], [ -104.998503106114811, 39.690464804365774 ], [ -104.998700347783043, 39.690336958620144 ], [ -104.998923656531517, 39.690166328357627 ], [ -104.999135292925502, 39.69001280590404 ], [ -104.999312137046445, 39.689879724903648 ], [ -104.99936215282338, 39.689842189874348 ], [ -104.999429164089889, 39.689788255080167 ], [ -104.999511399098608, 39.689717227238297 ], [ -104.99955620444473, 39.689662854468523 ], [ -104.999620048965909, 39.689554686398921 ], [ -104.999667692562809, 39.689426365765115 ], [ -104.999687979249771, 39.689371725399951 ], [ -104.999733435106904, 39.689226074152351 ], [ -104.999794317141863, 39.68903484711182 ], [ -104.999824529216085, 39.688909034085981 ], [ -104.999870502358206, 39.688690634016609 ], [ -104.9999267198599, 39.688530615478129 ], [ -104.999998884720583, 39.688376498167621 ], [ -105.000062185926268, 39.688219598112077 ], [ -105.000089507186274, 39.688125344023213 ], [ -105.00009338566332, 39.688079719707652 ], [ -105.000100871312512, 39.688026560914054 ], [ -105.000101277026857, 39.68796959746377 ], [ -105.000102203328865, 39.687839541672986 ], [ -105.000102631036881, 39.687779489921176 ], [ -105.000118242583056, 39.687707834566382 ], [ -105.00018980135377, 39.687513907811457 ], [ -105.000242199932686, 39.687390934333948 ], [ -105.000295381550416, 39.687282720453233 ], [ -105.000325183740685, 39.687214214010034 ], [ -105.000358703352489, 39.687122731679509 ], [ -105.000404236451075, 39.686965755222424 ], [ -105.000435701427421, 39.686788473154266 ], [ -105.000481580662736, 39.686582768900585 ], [ -105.00050829843093, 39.686448361992639 ], [ -105.000542161545468, 39.68630849475371 ], [ -105.000911573845968, 39.684951816632257 ], [ -105.001312553924066, 39.683650863439823 ], [ -105.001358124594745, 39.68348805339312 ], [ -105.001403755995597, 39.683316664003236 ], [ -105.001419465154484, 39.68323093933838 ], [ -105.001440353472262, 39.682916345550908 ], [ -105.001442383772016, 39.682630497533864 ], [ -105.00142268596619, 39.682277296924546 ], [ -105.00140476446434, 39.682174271410517 ], [ -105.001837785664065, 39.682184159349347 ], [ -105.002434175894109, 39.682185495678617 ], [ -105.00408882773263, 39.682209988124534 ], [ -105.005251776562204, 39.682222780189676 ], [ -105.006196718926674, 39.682239656765965 ], [ -105.006373998643696, 39.682248306457154 ], [ -105.006800248487963, 39.682255365483449 ], [ -105.008699840551657, 39.682274178975675 ], [ -105.008926378637327, 39.682278113007307 ], [ -105.00999611372599, 39.682292552408128 ], [ -105.011051522529172, 39.68230154223383 ], [ -105.012898332884674, 39.682321953616274 ], [ -105.01338200690553, 39.682327388046218 ], [ -105.0138286436068, 39.682332642447449 ], [ -105.014746531299892, 39.682343083035242 ], [ -105.015702740830577, 39.682345575742097 ], [ -105.01687442123162, 39.682326084064627 ], [ -105.018039950189888, 39.682318757556914 ], [ -105.019202631607953, 39.682308184704155 ], [ -105.020376563622392, 39.682302483932951 ], [ -105.021547554134713, 39.682293429575196 ], [ -105.022711577060264, 39.682286567062832 ], [ -105.023755871797476, 39.682279535989728 ], [ -105.025048000919242, 39.682277192475119 ], [ -105.025052385852007, 39.684085397404857 ], [ -105.025054046883213, 39.684978784037909 ], [ -105.025064270929633, 39.685892526103515 ], [ -105.025061270146566, 39.68768674056323 ], [ -105.02506762350113, 39.689492892472948 ], [ -105.025069383077351, 39.690811695951822 ], [ -105.025072049032588, 39.691303912910286 ], [ -105.025073693372562, 39.693115902622708 ], [ -105.025077087360927, 39.694925243782322 ], [ -105.025069120073198, 39.696753722203404 ], [ -105.023727612606322, 39.696740930844918 ], [ -105.022735806788518, 39.696743286640888 ], [ -105.021563935780733, 39.696745731077492 ], [ -105.02036985200408, 39.696748416825237 ], [ -105.019233482718548, 39.696756130344674 ], [ -105.018071381654138, 39.69675892345326 ], [ -105.017024757978533, 39.69676458131763 ], [ -105.015700218140552, 39.696770029636184 ], [ -105.013883225684083, 39.696764789406792 ], [ -105.012717661804075, 39.696754362396625 ], [ -105.011716433429868, 39.696747807343087 ], [ -105.010718724819299, 39.696746062543788 ], [ -105.009372790999095, 39.696738052837262 ], [ -105.00871980570804, 39.69673532671829 ], [ -105.006605353701971, 39.696731594121339 ], [ -105.006176690859292, 39.696729971145146 ], [ -105.001525364097688, 39.696712257768489 ], [ -105.000324226736353, 39.696707160238148 ], [ -104.999159531592184, 39.696699803128581 ], [ -104.997974385681587, 39.696694749701187 ], [ -104.996802566401513, 39.696689741354419 ], [ -104.9956280998192, 39.696682307906499 ], [ -104.994450061885047, 39.696677249444825 ], [ -104.992955765965718, 39.696668413730109 ], [ -104.992394188304488, 39.696667415861988 ] ] ] ] } },
{ "type": "Feature", "properties": { "NBHD_ID": 40, "NBHD_NAME": "Kennedy", "TYPOLOGY": "NEST", "NOTES": null, "GLOBALID": "339ce9af-b1b5-462f-b6be-2e43fc469b08" }, "geometry": { "type": "MultiPolygon", "coordinates": [ [ [ [ -104.854487459495019, 39.660159226150974 ], [ -104.854236940897508, 39.66008076376842 ], [ -104.853073653107884, 39.659776854708014 ], [ -104.852017268206239, 39.659606390107065 ], [ -104.851693191696029, 39.659458443486507 ], [ -104.849255645915193, 39.659082509673389 ], [ -104.84888291919934, 39.659122997484907 ], [ -104.848686963620338, 39.659092465707317 ], [ -104.848635407950695, 39.659084432636838 ], [ -104.848637097146252, 39.657841063189508 ], [ -104.848562512839109, 39.657840649813295 ], [ -104.848568794032815, 39.657067861492798 ], [ -104.847260770810053, 39.657075703593136 ], [ -104.84793269812775, 39.656815877503512 ], [ -104.848631718697689, 39.656602182612808 ], [ -104.849308012890475, 39.656444981209219 ], [ -104.851396156882913, 39.655996329985975 ], [ -104.852314533532848, 39.655776617423911 ], [ -104.853205051711072, 39.655496002350112 ], [ -104.854059702434228, 39.655156158074831 ], [ -104.854874016406725, 39.654760149042566 ], [ -104.855171210599437, 39.654594998403645 ], [ -104.867171263713502, 39.647616962031549 ], [ -104.867673713839409, 39.647327970036244 ], [ -104.86820602898085, 39.6470741402226 ], [ -104.868764643684145, 39.6468571684387 ], [ -104.869117241971225, 39.646743412961548 ], [ -104.870072223192437, 39.646283193914762 ], [ -104.871198393838256, 39.646235690577186 ], [ -104.873051283946666, 39.645834813251078 ], [ -104.874076544881291, 39.645553386561666 ], [ -104.875065113552779, 39.645204150860515 ], [ -104.875580173912766, 39.644988974286775 ], [ -104.87556405911819, 39.645902757312768 ], [ -104.875460401903112, 39.651668871920705 ], [ -104.876690230638587, 39.653056324242641 ], [ -104.875668064231604, 39.653056928830935 ], [ -104.872010515915605, 39.653045137963268 ], [ -104.870934541966136, 39.653055298689054 ], [ -104.870393780726801, 39.653052402892484 ], [ -104.870119694614047, 39.653062081741687 ], [ -104.869888669943165, 39.653094285570113 ], [ -104.869686535218548, 39.653121070150249 ], [ -104.869440939783146, 39.653169916036617 ], [ -104.869166302655174, 39.653240900506731 ], [ -104.86884810322978, 39.65334509226404 ], [ -104.868596307159507, 39.653434531915288 ], [ -104.868418093737404, 39.653516976722884 ], [ -104.868247401630981, 39.653592681362468 ], [ -104.868066193639365, 39.653697607933111 ], [ -104.867892094858206, 39.65381371914772 ], [ -104.86773246620065, 39.653924334658889 ], [ -104.867550955472026, 39.654062700467364 ], [ -104.867412805584095, 39.654190152358581 ], [ -104.867318268437586, 39.654278823020285 ], [ -104.867216320604868, 39.654389747876706 ], [ -104.867128943062738, 39.654484030274226 ], [ -104.867026893371687, 39.654606102302161 ], [ -104.866946575201197, 39.654717143660456 ], [ -104.866866005321157, 39.654856052271306 ], [ -104.866785385321279, 39.655000533943685 ], [ -104.866712225945832, 39.65511718759528 ], [ -104.866601456248588, 39.655406423268261 ], [ -104.866526938668969, 39.655673559402153 ], [ -104.866489227450728, 39.655857288101572 ], [ -104.866465987141012, 39.656035521244689 ], [ -104.866442294133321, 39.656263915399194 ], [ -104.866439880371345, 39.656531439874207 ], [ -104.866431450960704, 39.657002569526654 ], [ -104.866379429369488, 39.659404352451446 ], [ -104.866343751370081, 39.660316358710418 ], [ -104.866032417487517, 39.66027763931266 ], [ -104.864966810843313, 39.660279779468972 ], [ -104.856671949084159, 39.660296098037584 ], [ -104.856489907599467, 39.660296474144701 ], [ -104.85642418385649, 39.660297830079386 ], [ -104.856324655325565, 39.660305864132575 ], [ -104.856225063583167, 39.660320761639149 ], [ -104.856128076315628, 39.660342193220863 ], [ -104.856034583788841, 39.660369821174882 ], [ -104.855943698576084, 39.660403640345599 ], [ -104.855857196254291, 39.660443660520073 ], [ -104.85577596756184, 39.660489543350685 ], [ -104.855608120625519, 39.660297819742844 ], [ -104.855036247289732, 39.660298801735721 ], [ -104.854933669862945, 39.660298977378041 ], [ -104.854487459495019, 39.660159226150974 ] ] ] ] } },
{ "type": "Feature", "properties": { "NBHD_ID": 32, "NBHD_NAME": "Hampden", "TYPOLOGY": null, "NOTES": null, "GLOBALID": "2f50554b-8af6-44dd-9d5b-54d26b75a10a" }, "geometry": { "type": "MultiPolygon", "coordinates": [ [ [ [ -104.866032417487517, 39.66027763931266 ], [ -104.866343751370081, 39.660316358710418 ], [ -104.866379429369488, 39.659404352451446 ], [ -104.866431450960704, 39.657002569526654 ], [ -104.866439880371345, 39.656531439874207 ], [ -104.866442294133321, 39.656263915399194 ], [ -104.866465987141012, 39.656035521244689 ], [ -104.866489227450728, 39.655857288101572 ], [ -104.866526938668969, 39.655673559402153 ], [ -104.866601456248588, 39.655406423268261 ], [ -104.866712225945832, 39.65511718759528 ], [ -104.866785385321279, 39.655000533943685 ], [ -104.866866005321157, 39.654856052271306 ], [ -104.866946575201197, 39.654717143660456 ], [ -104.867026893371687, 39.654606102302161 ], [ -104.867128943062738, 39.654484030274226 ], [ -104.867216320604868, 39.654389747876706 ], [ -104.867318268437586, 39.654278823020285 ], [ -104.867412805584095, 39.654190152358581 ], [ -104.867550955472026, 39.654062700467364 ], [ -104.86773246620065, 39.653924334658889 ], [ -104.867892094858206, 39.65381371914772 ], [ -104.868066193639365, 39.653697607933111 ], [ -104.868247401630981, 39.653592681362468 ], [ -104.868418093737404, 39.653516976722884 ], [ -104.868596307159507, 39.653434531915288 ], [ -104.86884810322978, 39.65334509226404 ], [ -104.869166302655174, 39.653240900506731 ], [ -104.869440939783146, 39.653169916036617 ], [ -104.869686535218548, 39.653121070150249 ], [ -104.869888669943165, 39.653094285570113 ], [ -104.870119694614047, 39.653062081741687 ], [ -104.870393780726801, 39.653052402892484 ], [ -104.870934541966136, 39.653055298689054 ], [ -104.872010515915605, 39.653045137963268 ], [ -104.875668064231604, 39.653056928830935 ], [ -104.876690230638587, 39.653056324242641 ], [ -104.880101460392922, 39.653064415133215 ], [ -104.880231222959139, 39.653064687124896 ], [ -104.881363201776409, 39.653067152412305 ], [ -104.881430197422588, 39.653067298030194 ], [ -104.882752781168151, 39.653070475068745 ], [ -104.884794786338134, 39.653075350929718 ], [ -104.886436612220365, 39.653077828444665 ], [ -104.887471204581587, 39.653079377811125 ], [ -104.887733380280395, 39.653081774504727 ], [ -104.887987562438994, 39.653087216785629 ], [ -104.891879148300546, 39.653094720072559 ], [ -104.894092624452355, 39.653100662458954 ], [ -104.894560933330894, 39.653102650475944 ], [ -104.898768655844123, 39.653120424851835 ], [ -104.900552817646059, 39.653117319531852 ], [ -104.902287729957635, 39.653121694692224 ], [ -104.904365399557946, 39.653122634242173 ], [ -104.904736172217724, 39.653121423176927 ], [ -104.904998485976208, 39.653120693552658 ], [ -104.905957436755131, 39.653117995085751 ], [ -104.906943026190319, 39.653115080086401 ], [ -104.907165723857602, 39.65311448788762 ], [ -104.907384320841246, 39.65311387433799 ], [ -104.907917073114589, 39.653112098269574 ], [ -104.908849385395186, 39.65310958518662 ], [ -104.909105349225243, 39.653107848427879 ], [ -104.909333303742187, 39.653107899384054 ], [ -104.91106474165845, 39.65310286272566 ], [ -104.912689630830457, 39.653097953662467 ], [ -104.912939948482432, 39.653097146965713 ], [ -104.915356898619791, 39.653094438092225 ], [ -104.916671979999251, 39.653081412473973 ], [ -104.917774674278093, 39.653089968414214 ], [ -104.918388152316453, 39.65308710402293 ], [ -104.918458155196291, 39.653087912275971 ], [ -104.918596275288408, 39.653374662576205 ], [ -104.918861519109726, 39.653925325588347 ], [ -104.920133785892531, 39.656774155782756 ], [ -104.921061421106899, 39.658834682708289 ], [ -104.921950318919329, 39.660853276724019 ], [ -104.922628178130353, 39.662393837684043 ], [ -104.923036249261912, 39.663305874369293 ], [ -104.923445085473688, 39.664126030828228 ], [ -104.923720035247072, 39.664633929122438 ], [ -104.92403087140373, 39.665126728140287 ], [ -104.925305433226654, 39.666966614392621 ], [ -104.925674266159575, 39.667493964782658 ], [ -104.925247502635145, 39.667503907171053 ], [ -104.925062334849386, 39.667508488207865 ], [ -104.923890114487165, 39.667540371640918 ], [ -104.923718274353902, 39.667584207057907 ], [ -104.922649012073364, 39.667586166451919 ], [ -104.922236638527551, 39.667586542853726 ], [ -104.92191188899308, 39.667588377375381 ], [ -104.921412786585861, 39.667588667265647 ], [ -104.921320593382703, 39.667588577504638 ], [ -104.920811927189476, 39.667588284210915 ], [ -104.9207828974547, 39.667560674492094 ], [ -104.920318114808396, 39.667118623603329 ], [ -104.92059307416659, 39.666944963041963 ], [ -104.922230609215219, 39.666953023341961 ], [ -104.922249730104056, 39.663766105962182 ], [ -104.922162954994107, 39.663735480394536 ], [ -104.922171065829929, 39.663721107513794 ], [ -104.922177402828268, 39.663706382173181 ], [ -104.922181967218108, 39.663691305081706 ], [ -104.922184758220055, 39.663675876386264 ], [ -104.922186661249071, 39.663660443074576 ], [ -104.922185900356681, 39.663644996667365 ], [ -104.92218336351749, 39.663629541579887 ], [ -104.922179938706705, 39.663614082076919 ], [ -104.922173844070755, 39.663599295772997 ], [ -104.922166858640338, 39.663584848276614 ], [ -104.922158094766786, 39.6635707353744 ], [ -104.922147546156225, 39.663557643007721 ], [ -104.921630195829124, 39.662973769633211 ], [ -104.921615241308302, 39.662956537589906 ], [ -104.921592425085791, 39.662923481049447 ], [ -104.92157228414932, 39.662889065021012 ], [ -104.921556594617883, 39.662853298246937 ], [ -104.92154535050841, 39.662816866822837 ], [ -104.921537666805705, 39.662779423608868 ], [ -104.921534423115972, 39.66274200229558 ], [ -104.921535622065008, 39.662704259658796 ], [ -104.921541261079781, 39.66266653867234 ], [ -104.921550443125639, 39.662629864583003 ], [ -104.9215640624587, 39.66259355571755 ], [ -104.921582113290825, 39.662558298119343 ], [ -104.921603704632957, 39.662524430840122 ], [ -104.921628833660677, 39.662492296298595 ], [ -104.921657500624463, 39.662461895246523 ], [ -104.92187587371842, 39.662255695120521 ], [ -104.921025822547961, 39.660344517726415 ], [ -104.918884888879475, 39.660344247118132 ], [ -104.918895445928754, 39.659927004777416 ], [ -104.918623711972003, 39.659928406275583 ], [ -104.918257296071872, 39.659353842789692 ], [ -104.917902866116123, 39.659155108352792 ], [ -104.91782246544966, 39.659320461421636 ], [ -104.916767411687246, 39.65901667273981 ], [ -104.916873089652313, 39.658801686107424 ], [ -104.915907594418911, 39.658514463327485 ], [ -104.915941980725151, 39.658437077818661 ], [ -104.916262722398926, 39.658094128499542 ], [ -104.916042104457674, 39.657502093488795 ], [ -104.91603854146075, 39.657503448437197 ], [ -104.916010068222548, 39.65751051355744 ], [ -104.915981609443321, 39.657515862953261 ], [ -104.915952282485421, 39.657518805661951 ], [ -104.915922969794849, 39.657520032845682 ], [ -104.915893671638798, 39.65751954385334 ], [ -104.915521635304287, 39.657517694301717 ], [ -104.915521274255312, 39.657134371576092 ], [ -104.915905579442082, 39.65715549953817 ], [ -104.916033503485494, 39.656934790536383 ], [ -104.916581872392655, 39.656125573006044 ], [ -104.915873004979076, 39.656054447435196 ], [ -104.915867238108945, 39.656107266987156 ], [ -104.9158515359441, 39.656180284453932 ], [ -104.915828741871337, 39.656251893663459 ], [ -104.915797080366104, 39.656322086137486 ], [ -104.915780812234857, 39.656356322276501 ], [ -104.915260175993922, 39.656179745695354 ], [ -104.913098881963251, 39.656187160637025 ], [ -104.913064757859459, 39.663137898229365 ], [ -104.915048525885794, 39.663146757982886 ], [ -104.915597283756952, 39.663258272171845 ], [ -104.915948892715789, 39.66347758952648 ], [ -104.915960340304736, 39.666158141541736 ], [ -104.916399023978187, 39.666160320389217 ], [ -104.916388017425589, 39.667591280825661 ], [ -104.91629593054121, 39.66759233435122 ], [ -104.91586222496673, 39.667597295532921 ], [ -104.915625430942029, 39.667603028985432 ], [ -104.91464643606615, 39.667598453294978 ], [ -104.912884153527088, 39.667638382180719 ], [ -104.910941956806695, 39.667641706368656 ], [ -104.909772986078011, 39.667643392678791 ], [ -104.908599935984114, 39.667645731407639 ], [ -104.907412952342412, 39.667647647210295 ], [ -104.905901967805661, 39.667650658830532 ], [ -104.903550699848182, 39.667631750379549 ], [ -104.903550680600276, 39.667609547211576 ], [ -104.9034650641876, 39.667609411322182 ], [ -104.898827937743476, 39.66760196069945 ], [ -104.894105195140767, 39.667594184439345 ], [ -104.894030596992636, 39.6675941430885 ], [ -104.890226265483662, 39.664503100006762 ], [ -104.88836178220285, 39.665680094692739 ], [ -104.888856852925912, 39.66573345886043 ], [ -104.888897665892415, 39.665737789202694 ], [ -104.888937566714418, 39.665744860039425 ], [ -104.888976555979781, 39.665754671474865 ], [ -104.889014636289929, 39.665766880285545 ], [ -104.889050916532497, 39.665781825178925 ], [ -104.889085402811148, 39.665798819963499 ], [ -104.889118089552071, 39.665818550234434 ], [ -104.889148096863096, 39.66583998281105 ], [ -104.889164855854403, 39.665853110230778 ], [ -104.889678781884882, 39.666291605487402 ], [ -104.889747496358808, 39.666355448740717 ], [ -104.8898090701435, 39.666423372833584 ], [ -104.889862616455147, 39.666495373174079 ], [ -104.88990114698403, 39.666558030140514 ], [ -104.89046858383395, 39.667585335432101 ], [ -104.88517396118489, 39.667572517516966 ], [ -104.879535700848209, 39.663933975258232 ], [ -104.876221536375297, 39.663938536236088 ], [ -104.876101807366709, 39.664020948267378 ], [ -104.875991778917935, 39.66411096121336 ], [ -104.875892342121332, 39.664208236894602 ], [ -104.875803506143626, 39.664311745720966 ], [ -104.875727940984916, 39.664420815720703 ], [ -104.875663879945648, 39.664534407919881 ], [ -104.875613990002449, 39.664652193716925 ], [ -104.875576507720382, 39.664772790506689 ], [ -104.875553218089166, 39.664895178670641 ], [ -104.875544123910515, 39.6650190148424 ], [ -104.875546000972136, 39.665107562677157 ], [ -104.875543171214105, 39.665924979065103 ], [ -104.875446137728531, 39.667548687676764 ], [ -104.875388009161242, 39.668492439244019 ], [ -104.875390977483391, 39.668657862750308 ], [ -104.875413489496495, 39.668822703766999 ], [ -104.875446878900703, 39.668962894758863 ], [ -104.876275883005945, 39.670916157082004 ], [ -104.876321115345604, 39.67102312287679 ], [ -104.876378811219894, 39.671126722945871 ], [ -104.876448092205791, 39.671225923300447 ], [ -104.876528075847972, 39.671320032815132 ], [ -104.876618765609294, 39.671408708249274 ], [ -104.876718397618788, 39.671490567778186 ], [ -104.876751928691732, 39.671515110602371 ], [ -104.877238979160552, 39.671875617243678 ], [ -104.877469030663292, 39.672073129007408 ], [ -104.87544588401083, 39.672069604475276 ], [ -104.875429157981486, 39.674880367723411 ], [ -104.870749227220657, 39.674867969683433 ], [ -104.866363794341453, 39.671281127475993 ], [ -104.865975906593803, 39.670961260757288 ], [ -104.865956342759134, 39.667522248286787 ], [ -104.865994381924011, 39.66389994598768 ], [ -104.866032417487517, 39.66027763931266 ] ] ] ] } },
{ "type": "Feature", "properties": { "NBHD_ID": 3, "NBHD_NAME": "Baker", "TYPOLOGY": null, "NOTES": null, "GLOBALID": "e9be7a29-a82d-44a0-a8b9-58df4aaf59f2" }, "geometry": { "type": "MultiPolygon", "coordinates": [ [ [ [ -104.987445463707445, 39.725644809548839 ], [ -104.987468797875351, 39.724884124652128 ], [ -104.987491983554932, 39.724143685913148 ], [ -104.987495679448287, 39.722542857856027 ], [ -104.98746020893266, 39.720950437250025 ], [ -104.987508150748354, 39.719375879948274 ], [ -104.987507534748431, 39.718365268232915 ], [ -104.987515856779041, 39.717469310390896 ], [ -104.987511672619775, 39.716582220384119 ], [ -104.98751581736586, 39.716136471781013 ], [ -104.9875209284032, 39.715680088706712 ], [ -104.987535453027007, 39.714786559729305 ], [ -104.987546345654621, 39.713903652003026 ], [ -104.987552964904992, 39.712997390517337 ], [ -104.987559383484893, 39.71211858078928 ], [ -104.987585013871779, 39.711164358971139 ], [ -104.987591725086105, 39.710245400138945 ], [ -104.987608090472975, 39.709342954603272 ], [ -104.9876118140496, 39.708467906866787 ], [ -104.987632791752446, 39.707542145992122 ], [ -104.987567781018811, 39.705736827270563 ], [ -104.987498654305128, 39.703887221487044 ], [ -104.987498053957182, 39.703361150130377 ], [ -104.98749792074949, 39.702649429265406 ], [ -104.987538065714929, 39.702140692571497 ], [ -104.987571946883719, 39.702002890068776 ], [ -104.987567527865252, 39.701926998600314 ], [ -104.987556283763368, 39.701733914791745 ], [ -104.987550368071894, 39.701536955783972 ], [ -104.987538996390739, 39.701415716437225 ], [ -104.987504904498635, 39.701273667965907 ], [ -104.987485321209874, 39.701192072343908 ], [ -104.98747959939891, 39.701021726435386 ], [ -104.987487157120853, 39.700351904394722 ], [ -104.987485499559284, 39.70021935192959 ], [ -104.987440749024046, 39.696640749692854 ], [ -104.990003047985155, 39.696652850420818 ], [ -104.990135959075658, 39.696653476540234 ], [ -104.990248094361277, 39.696653962668151 ], [ -104.991285567194552, 39.696658455240204 ], [ -104.99188430365615, 39.696668593177534 ], [ -104.992394188304488, 39.696667415861988 ], [ -104.992391262915262, 39.696715737180362 ], [ -104.992390260156128, 39.696854371070572 ], [ -104.992389515530988, 39.696957316946204 ], [ -104.992388976918761, 39.697031780946418 ], [ -104.992373119341835, 39.697136034356042 ], [ -104.992327022741506, 39.697367470978534 ], [ -104.992300069427159, 39.697531729658579 ], [ -104.992279570311894, 39.697786268940987 ], [ -104.992274278797737, 39.698026460487966 ], [ -104.992265185049149, 39.698300952129237 ], [ -104.992274729091079, 39.698455416664231 ], [ -104.992280503434941, 39.698639720385394 ], [ -104.992300624063873, 39.698928751255657 ], [ -104.992329972270483, 39.699047612501744 ], [ -104.992358752109723, 39.69912220300678 ], [ -104.992402409598995, 39.69922808585784 ], [ -104.992446315930067, 39.699299653294389 ], [ -104.992501853570502, 39.699359946528091 ], [ -104.992590160447435, 39.699434794034033 ], [ -104.992659955848609, 39.699489314875457 ], [ -104.992685492579184, 39.699520996355076 ], [ -104.992710751768684, 39.699591110366541 ], [ -104.992823172200914, 39.699894608670562 ], [ -104.992932666975861, 39.700111273807508 ], [ -104.993097713981683, 39.700386516005231 ], [ -104.993185838612121, 39.700486756137153 ], [ -104.993277619386546, 39.700572942381164 ], [ -104.99346111949049, 39.70075389370411 ], [ -104.993696379122056, 39.701026691978534 ], [ -104.994129877428264, 39.701531977765811 ], [ -104.994357034593989, 39.701820182105934 ], [ -104.994679861907201, 39.702272142822203 ], [ -104.994756419171651, 39.702375420565616 ], [ -104.99484092315285, 39.70248559570306 ], [ -104.995024370490853, 39.702675123065177 ], [ -104.995399314102258, 39.703047348502452 ], [ -104.996139243230004, 39.703695323491864 ], [ -104.996424349096941, 39.703944490369082 ], [ -104.996480961833015, 39.703993966272179 ], [ -104.996757218965314, 39.704252520845465 ], [ -104.996837150956154, 39.704326907477409 ], [ -104.996930218164223, 39.704413518090121 ], [ -104.996996261547949, 39.704496845583236 ], [ -104.997123662119151, 39.704697454276122 ], [ -104.997219507248886, 39.704837874251332 ], [ -104.997303944571215, 39.704958342270281 ], [ -104.997365433134874, 39.705057435966062 ], [ -104.997417241212545, 39.705143448155809 ], [ -104.997493559832634, 39.705281039044593 ], [ -104.997567232431223, 39.705415873681211 ], [ -104.997614640510477, 39.705496033008309 ], [ -104.997724620348791, 39.705648180328119 ], [ -104.997764869101033, 39.705735515648577 ], [ -104.997815565914465, 39.705852750545823 ], [ -104.997851973528313, 39.705980219467172 ], [ -104.997883763642491, 39.706132032802579 ], [ -104.997938432632395, 39.706315171785491 ], [ -104.998003926631995, 39.706475708391913 ], [ -104.998073068558767, 39.706623219871318 ], [ -104.998382930909557, 39.707279295824783 ], [ -104.998510858959065, 39.707531722463109 ], [ -104.99857666438507, 39.707649021164087 ], [ -104.998620272811635, 39.707763823142663 ], [ -104.998648881731739, 39.707863805525633 ], [ -104.99867386302725, 39.707974067084209 ], [ -104.99875377165759, 39.708231779179492 ], [ -104.998968660140591, 39.708750526754919 ], [ -104.999081690473631, 39.708974406579145 ], [ -104.999187902301131, 39.709157764122118 ], [ -104.999400263248248, 39.709533401386537 ], [ -104.999619471204426, 39.70994612834432 ], [ -104.99965972452236, 39.710033462630015 ], [ -104.999725286903001, 39.710185419281508 ], [ -104.999844525654055, 39.710536294965799 ], [ -104.999894862987574, 39.710705001250005 ], [ -104.999934821221558, 39.710833856792505 ], [ -104.999960140116073, 39.710897106328957 ], [ -105.000011936385633, 39.710985862149691 ], [ -105.000145404938124, 39.711197524293858 ], [ -105.000153083730609, 39.711209701860881 ], [ -105.000293998798625, 39.71143317111715 ], [ -105.000377326173904, 39.711586575205459 ], [ -105.000428898177375, 39.711706900776697 ], [ -105.000526732018329, 39.7119447843505 ], [ -105.000610645722276, 39.712140742729773 ], [ -105.000916797575471, 39.712825620016652 ], [ -105.001070170422594, 39.713126537128673 ], [ -105.001267569393335, 39.713484948665645 ], [ -105.001476014616685, 39.71391478410581 ], [ -105.001541587192378, 39.714066396164306 ], [ -105.001682762690635, 39.714458884508787 ], [ -105.001781149398354, 39.714745154863209 ], [ -105.00183550191521, 39.714850048979159 ], [ -105.001970770031676, 39.715073676904765 ], [ -105.002051756180563, 39.715182458737168 ], [ -105.00237056534317, 39.715590110562523 ], [ -105.002473625191442, 39.71571923186643 ], [ -105.002558289329116, 39.715810871028616 ], [ -105.002727836324127, 39.715963265129147 ], [ -105.003032571490948, 39.716226041736384 ], [ -105.0032834720121, 39.716436086795788 ], [ -105.003378942990366, 39.716507867144379 ], [ -105.003773608132562, 39.716747000278239 ], [ -105.00412404670503, 39.716957120012452 ], [ -105.004585087182463, 39.717236336276599 ], [ -105.005063901586439, 39.717515969405838 ], [ -105.005506366959835, 39.717783780224764 ], [ -105.005790265770585, 39.717979202091961 ], [ -105.006151238243191, 39.718209606131822 ], [ -105.006290336024151, 39.718299175949923 ], [ -105.00640603346244, 39.71837367698776 ], [ -105.006501541886479, 39.718447381261697 ], [ -105.006597844182096, 39.718521697753872 ], [ -105.006686268802582, 39.718585210099569 ], [ -105.006778030045567, 39.718679964009674 ], [ -105.006851149288877, 39.718771551539753 ], [ -105.007038813908267, 39.719003971274041 ], [ -105.007130483782348, 39.719111765140241 ], [ -105.008071302672789, 39.72004772721391 ], [ -105.008494897874073, 39.720475703010734 ], [ -105.008785243323189, 39.720768602174047 ], [ -105.009226662894974, 39.721190816236863 ], [ -105.009391875426275, 39.721331514682426 ], [ -105.009643033980794, 39.72150997572588 ], [ -105.009963426319331, 39.721701421470257 ], [ -105.010067048655699, 39.721753327275223 ], [ -105.010214218819968, 39.72180541410156 ], [ -105.010428873593625, 39.721866360403084 ], [ -105.010891126275354, 39.721979810444971 ], [ -105.012066911242599, 39.722242063071924 ], [ -105.012277144438031, 39.722300242868478 ], [ -105.012469624034935, 39.722355259911019 ], [ -105.012561814560982, 39.722389957921955 ], [ -105.012709855444214, 39.722445133559624 ], [ -105.012820531058793, 39.722505645175367 ], [ -105.012893920291646, 39.722560168278527 ], [ -105.012953089514696, 39.722614632664204 ], [ -105.013030012430306, 39.722672258659571 ], [ -105.013229156329217, 39.722791816419594 ], [ -105.013897544018093, 39.723172056212221 ], [ -105.014059513036017, 39.723269839318853 ], [ -105.014335497062746, 39.723459717098947 ], [ -105.014531099452284, 39.723577885170656 ], [ -105.01515445266709, 39.723917782220191 ], [ -105.015280151758517, 39.723991393136295 ], [ -105.015402170502682, 39.724083176371074 ], [ -105.01552306094257, 39.724209613919051 ], [ -105.0156773507927, 39.724390408251509 ], [ -105.015687166737024, 39.724402995925601 ], [ -105.015739901637545, 39.724470621924567 ], [ -105.015802371509849, 39.724562502716083 ], [ -105.015846099422006, 39.724665630602139 ], [ -105.015856281827894, 39.724735677229035 ], [ -105.01584812501288, 39.724887320287777 ], [ -105.015835604130416, 39.72502727759089 ], [ -105.015827783878308, 39.725130193512399 ], [ -105.015778577945994, 39.725509539447735 ], [ -105.015686386777048, 39.725516267774175 ], [ -105.014822276613174, 39.725579327560773 ], [ -105.014331273389757, 39.725615766532385 ], [ -105.013665681965847, 39.725665158533012 ], [ -105.013465709741112, 39.725676978342712 ], [ -105.013054578097211, 39.72569290259343 ], [ -105.013001003817905, 39.725695334665865 ], [ -105.012446280674865, 39.725720515742942 ], [ -105.01196366934613, 39.725752072700672 ], [ -105.01165502768859, 39.725764214832111 ], [ -105.011333348271762, 39.725776302603016 ], [ -105.010735760867064, 39.725780530556385 ], [ -105.009697032694831, 39.725789629411118 ], [ -105.009494225562349, 39.72580204971409 ], [ -105.009440516382455, 39.725805339002946 ], [ -105.009049211160814, 39.725830552860948 ], [ -105.009017239882141, 39.725832158864421 ], [ -105.008555779454923, 39.725855339457205 ], [ -105.008299309691822, 39.725864334868866 ], [ -105.008060246034901, 39.725870047113865 ], [ -105.007786510264836, 39.725862190542927 ], [ -105.007365090178553, 39.725843647988889 ], [ -105.007085582231653, 39.725826483056451 ], [ -105.007013225521106, 39.725822039161791 ], [ -105.006372439409759, 39.725789150496297 ], [ -105.004605916229011, 39.725778369240345 ], [ -105.000879437204503, 39.725762618860038 ], [ -105.000158489944369, 39.725714608560274 ], [ -104.999459889512408, 39.725714040431889 ], [ -104.999347900042181, 39.725713907089023 ], [ -104.998582638985695, 39.725713393435228 ], [ -104.99808760695565, 39.725708537129378 ], [ -104.99805383322537, 39.725708393037756 ], [ -104.997557023738793, 39.725703527116266 ], [ -104.996973930769343, 39.725708241812249 ], [ -104.996388264526189, 39.725699902445207 ], [ -104.99580345148884, 39.725696711286623 ], [ -104.995202642001487, 39.725693105407011 ], [ -104.994612505670858, 39.725688512724915 ], [ -104.994017925014887, 39.725683898319367 ], [ -104.993430440779278, 39.725681370181256 ], [ -104.99283317908926, 39.725678796960082 ], [ -104.992167481665106, 39.725675925319472 ], [ -104.991539113241217, 39.725673211250147 ], [ -104.990900079453723, 39.725670447672314 ], [ -104.990291293306981, 39.725663693639305 ], [ -104.989199887622192, 39.725656557954224 ], [ -104.988887908082958, 39.725657605087477 ], [ -104.988381320186576, 39.725653001060131 ], [ -104.987445463707445, 39.725644809548839 ] ] ] ] } },
{ "type": "Feature", "properties": { "NBHD_ID": 41, "NBHD_NAME": "Lincoln Park", "TYPOLOGY": "NEST", "NOTES": null, "GLOBALID": "a58f1523-11c0-4a1b-be9a-2134aac23cf8" }, "geometry": { "type": "MultiPolygon", "coordinates": [ [ [ [ -104.998576949491436, 39.740200167033244 ], [ -104.998420547229927, 39.739930128894876 ], [ -104.998389032413286, 39.739861706281708 ], [ -104.998360939215289, 39.739812171926069 ], [ -104.998323045413045, 39.739765684113607 ], [ -104.998273673201638, 39.73970816611304 ], [ -104.998206544686624, 39.739647484088366 ], [ -104.998160571529581, 39.739611942549132 ], [ -104.998126157798993, 39.739576107368109 ], [ -104.99807686446799, 39.739507608431445 ], [ -104.998031147148112, 39.73943637991983 ], [ -104.998006499597025, 39.739402302142075 ], [ -104.997978561080259, 39.739331148848855 ], [ -104.997951455575901, 39.739267892152981 ], [ -104.997916288361893, 39.739213179853529 ], [ -104.997881002695777, 39.73917493859031 ], [ -104.99781037554807, 39.739106348944695 ], [ -104.997771654993713, 39.739051278005938 ], [ -104.997719793879881, 39.738969041949254 ], [ -104.997670639263319, 39.738881326852081 ], [ -104.997646139553311, 39.738826660151602 ], [ -104.997596847477865, 39.73875816099612 ], [ -104.997555458037141, 39.738703422210492 ], [ -104.997502531493126, 39.738645888681184 ], [ -104.997474360990921, 39.738607334744955 ], [ -104.997407211570589, 39.738549740478582 ], [ -104.997227951410636, 39.738382199438497 ], [ -104.997172897637228, 39.738249505366859 ], [ -104.997074258462263, 39.738120399219902 ], [ -104.997050113731092, 39.738091481052848 ], [ -104.996993170135084, 39.738023281603596 ], [ -104.996870705725399, 39.73786970980747 ], [ -104.996688402594671, 39.737631121128906 ], [ -104.996492133601279, 39.737356784139791 ], [ -104.996401475465305, 39.737230799914471 ], [ -104.996309968694078, 39.737099321757988 ], [ -104.995959672636161, 39.736611222690854 ], [ -104.995889128613868, 39.736531650916199 ], [ -104.995818644214324, 39.736443843314767 ], [ -104.995738694911708, 39.736312413787076 ], [ -104.995664909218647, 39.736189247005051 ], [ -104.995609537115556, 39.736101504087948 ], [ -104.995507297017596, 39.73597958742257 ], [ -104.995416644833, 39.735853259409268 ], [ -104.995307441936035, 39.735710723702923 ], [ -104.995192215109498, 39.735540708558815 ], [ -104.99505834862974, 39.735366839059182 ], [ -104.994988775090832, 39.735276289609388 ], [ -104.994897216160695, 39.73515270267778 ], [ -104.994810020659941, 39.735040458382628 ], [ -104.994729030748147, 39.73493064315381 ], [ -104.994560855513399, 39.734707210552713 ], [ -104.994504577301399, 39.734622208328382 ], [ -104.994462402250846, 39.734553738504722 ], [ -104.994417481765865, 39.734496238124677 ], [ -104.994315159164231, 39.734386330666659 ], [ -104.994227945492824, 39.734276831036816 ], [ -104.994132814187907, 39.734155973312269 ], [ -104.994045720158994, 39.734030002813022 ], [ -104.993985946798063, 39.733936749440417 ], [ -104.993933135974274, 39.733864115893432 ], [ -104.993804007733402, 39.733650458692146 ], [ -104.993744076245733, 39.733579166572419 ], [ -104.993607483951621, 39.733414548814565 ], [ -104.993547681964458, 39.733325413094121 ], [ -104.993512520642398, 39.733270699708548 ], [ -104.993435956272037, 39.733163990693029 ], [ -104.993337391395045, 39.733026645835935 ], [ -104.9932592816415, 39.732914485578391 ], [ -104.99325733170275, 39.732911685792722 ], [ -104.993134094673124, 39.732744379335578 ], [ -104.993043379083403, 39.732628000819709 ], [ -104.992958958133471, 39.732501697568694 ], [ -104.992843662612501, 39.732342661049934 ], [ -104.992678946021442, 39.732134339496454 ], [ -104.992590938679967, 39.732012481441487 ], [ -104.992472208353519, 39.731836958006895 ], [ -104.992345439657811, 39.731666890842845 ], [ -104.992223016335487, 39.731510567867588 ], [ -104.992142021607506, 39.731402466396418 ], [ -104.992093609079831, 39.731336713918665 ], [ -104.992023194034275, 39.731240668279568 ], [ -104.991945907127814, 39.731111649855528 ], [ -104.991869387854891, 39.730999449474886 ], [ -104.99181658117611, 39.730926814648001 ], [ -104.991742651649375, 39.730825263457966 ], [ -104.991641543263313, 39.730671777312146 ], [ -104.991549874358952, 39.730565001880798 ], [ -104.991413392347852, 39.730386655128292 ], [ -104.99133326213402, 39.730282331482996 ], [ -104.991259281204421, 39.730187985710863 ], [ -104.991126137124013, 39.730039851340457 ], [ -104.991045198072683, 39.729924542705689 ], [ -104.990929831693336, 39.729776485047147 ], [ -104.990855924329821, 39.729672187922247 ], [ -104.990757217188644, 39.729555772494926 ], [ -104.990687754627231, 39.729451494492288 ], [ -104.990603299181089, 39.729331023239247 ], [ -104.990537332425077, 39.729234995681715 ], [ -104.990473932888321, 39.729152705903537 ], [ -104.990424554639091, 39.729097929771264 ], [ -104.990231360811023, 39.72889634433885 ], [ -104.990181925829219, 39.728849460536459 ], [ -104.990115760878311, 39.728780885020846 ], [ -104.990045111876867, 39.728717780471115 ], [ -104.989995694351109, 39.728668494368165 ], [ -104.989936662542249, 39.728596861318394 ], [ -104.989873341129282, 39.728503933373439 ], [ -104.989809803265246, 39.728440859707547 ], [ -104.989718831591446, 39.728361195345592 ], [ -104.989658731842368, 39.728314264854589 ], [ -104.989609335366268, 39.728262233449954 ], [ -104.98955718492148, 39.72822220079378 ], [ -104.989475791341377, 39.728170030504018 ], [ -104.989377630184094, 39.728101315705416 ], [ -104.989260864021148, 39.728024284041908 ], [ -104.989074379409246, 39.727878661099041 ], [ -104.988962228221013, 39.727778314034431 ], [ -104.988902026641099, 39.727745452488485 ], [ -104.988802740348305, 39.727709332543128 ], [ -104.988746845809189, 39.727695363206003 ], [ -104.988697230076085, 39.727673528591829 ], [ -104.988553132238124, 39.727566179228631 ], [ -104.988323948142167, 39.727425860075527 ], [ -104.988087576877405, 39.727296146653089 ], [ -104.987784723893327, 39.727141779196117 ], [ -104.987541450845441, 39.727009256661297 ], [ -104.987433611742205, 39.726950511679966 ], [ -104.987439714269414, 39.726674951514219 ], [ -104.987440001904787, 39.726623418155476 ], [ -104.987445463707445, 39.725644809548839 ], [ -104.988381320186576, 39.725653001060131 ], [ -104.988887908082958, 39.725657605087477 ], [ -104.989199887622192, 39.725656557954224 ], [ -104.990291293306981, 39.725663693639305 ], [ -104.990900079453723, 39.725670447672314 ], [ -104.991539113241217, 39.725673211250147 ], [ -104.992167481665106, 39.725675925319472 ], [ -104.99283317908926, 39.725678796960082 ], [ -104.993430440779278, 39.725681370181256 ], [ -104.994017925014887, 39.725683898319367 ], [ -104.994612505670858, 39.725688512724915 ], [ -104.995202642001487, 39.725693105407011 ], [ -104.99580345148884, 39.725696711286623 ], [ -104.996388264526189, 39.725699902445207 ], [ -104.996973930769343, 39.725708241812249 ], [ -104.997557023738793, 39.725703527116266 ], [ -104.99805383322537, 39.725708393037756 ], [ -104.99808760695565, 39.725708537129378 ], [ -104.998582638985695, 39.725713393435228 ], [ -104.999347900042181, 39.725713907089023 ], [ -104.999459889512408, 39.725714040431889 ], [ -105.000158489944369, 39.725714608560274 ], [ -105.000879437204503, 39.725762618860038 ], [ -105.004605916229011, 39.725778369240345 ], [ -105.006372439409759, 39.725789150496297 ], [ -105.007013225521106, 39.725822039161791 ], [ -105.007085582231653, 39.725826483056451 ], [ -105.007365090178553, 39.725843647988889 ], [ -105.007786510264836, 39.725862190542927 ], [ -105.008060246034901, 39.725870047113865 ], [ -105.008299309691822, 39.725864334868866 ], [ -105.008555779454923, 39.725855339457205 ], [ -105.009017239882141, 39.725832158864421 ], [ -105.009049211160814, 39.725830552860948 ], [ -105.009440516382455, 39.725805339002946 ], [ -105.009494225562349, 39.72580204971409 ], [ -105.009697032694831, 39.725789629411118 ], [ -105.010735760867064, 39.725780530556385 ], [ -105.011333348271762, 39.725776302603016 ], [ -105.01165502768859, 39.725764214832111 ], [ -105.01196366934613, 39.725752072700672 ], [ -105.012446280674865, 39.725720515742942 ], [ -105.013001003817905, 39.725695334665865 ], [ -105.013054578097211, 39.72569290259343 ], [ -105.013465709741112, 39.725676978342712 ], [ -105.013665681965847, 39.725665158533012 ], [ -105.014331273389757, 39.725615766532385 ], [ -105.014822276613174, 39.725579327560773 ], [ -105.015686386777048, 39.725516267774175 ], [ -105.015778577945994, 39.725509539447735 ], [ -105.015753997639294, 39.725699036226047 ], [ -105.015753621652777, 39.725701935727862 ], [ -105.015726634130274, 39.725877522185051 ], [ -105.01571069541545, 39.72599756262003 ], [ -105.015686819749604, 39.726296578916454 ], [ -105.015686371688275, 39.726302188158435 ], [ -105.015669338800052, 39.726580763596772 ], [ -105.015649667349393, 39.726855210566058 ], [ -105.015652184627712, 39.727005524430353 ], [ -105.015647406969805, 39.727182575031556 ], [ -105.015660421968107, 39.727357297231983 ], [ -105.015685092891843, 39.727517310729077 ], [ -105.015692092395895, 39.727541897646034 ], [ -105.015732821566814, 39.727684969222743 ], [ -105.015834146868912, 39.727942755677951 ], [ -105.01592962549114, 39.728146299077927 ], [ -105.015995556997467, 39.728252263082915 ], [ -105.016101286938067, 39.728387216670548 ], [ -105.016409829780642, 39.728757381588423 ], [ -105.016550010169809, 39.728923703496278 ], [ -105.016685607426908, 39.729110253091065 ], [ -105.016744499651139, 39.729206236331962 ], [ -105.016842592278579, 39.729418025262561 ], [ -105.016908191094771, 39.729572716156035 ], [ -105.016944773062505, 39.729681648043268 ], [ -105.016966461951824, 39.729758947844921 ], [ -105.016976577949578, 39.729838945594992 ], [ -105.01699318696275, 39.730654016392315 ], [ -105.017004577555255, 39.731194195376418 ], [ -105.017024246399544, 39.73208134201623 ], [ -105.017013381141851, 39.732947471412764 ], [ -105.017008482988558, 39.733337924691604 ], [ -105.017015654595284, 39.733845485917442 ], [ -105.017005629067427, 39.734785012824119 ], [ -105.017035835098639, 39.735303992495155 ], [ -105.017095892014851, 39.735618915407379 ], [ -105.017165074638882, 39.735899559633687 ], [ -105.017222661008702, 39.736056962739106 ], [ -105.017438401706386, 39.736484050212582 ], [ -105.017690802778048, 39.737009773946696 ], [ -105.01786585622213, 39.737407868706399 ], [ -105.017963530345597, 39.737682795256674 ], [ -105.01800367359472, 39.73779174085584 ], [ -105.018053953453119, 39.737977938673509 ], [ -105.018071758504547, 39.738103607257237 ], [ -105.018070499387917, 39.738286848341808 ], [ -105.018054013038963, 39.738486842012662 ], [ -105.01802314495427, 39.73870976838657 ], [ -105.017992394588759, 39.738915537330278 ], [ -105.01797321478864, 39.738989924097915 ], [ -105.017924366846444, 39.739112574595502 ], [ -105.017879199758653, 39.739217052636455 ], [ -105.017848475373583, 39.739289676297005 ], [ -105.01756229482838, 39.740054774918001 ], [ -105.017475251897196, 39.740301834924338 ], [ -105.017471163793033, 39.740313077413212 ], [ -105.017395207037922, 39.740521983609227 ], [ -105.01533283815796, 39.740472884275313 ], [ -105.014587911740335, 39.740454792303396 ], [ -105.010876693440466, 39.74037933526926 ], [ -105.009356677279484, 39.740341460014093 ], [ -105.006443327110489, 39.740268811920181 ], [ -105.005896965011132, 39.740244833510104 ], [ -105.005244386363145, 39.740216190848969 ], [ -105.004787422745792, 39.740196131920889 ], [ -105.004427608090083, 39.740172083498159 ], [ -105.004135843721571, 39.740155832080447 ], [ -105.003556941003879, 39.740157146760097 ], [ -105.002831624839345, 39.740165295252069 ], [ -105.001734982095087, 39.740177613100016 ], [ -105.001579590809555, 39.740181128435438 ], [ -105.000155864009116, 39.740213328632699 ], [ -105.00012695367495, 39.740213982061306 ], [ -105.00005960459545, 39.740214418178411 ], [ -104.999980011415289, 39.740214933567707 ], [ -104.999076139158532, 39.740220780450478 ], [ -104.99892173658057, 39.740214368219675 ], [ -104.998576949491436, 39.740200167033244 ] ] ] ] } },
{ "type": "Feature", "properties": { "NBHD_ID": 2, "NBHD_NAME": "Auraria", "TYPOLOGY": null, "NOTES": null, "GLOBALID": "e03bad7f-f2b5-49c1-aa53-b0d27a306a44" }, "geometry": { "type": "MultiPolygon", "coordinates": [ [ [ [ -105.000431600583454, 39.745526333798793 ], [ -105.000424538416027, 39.745392119000336 ], [ -105.000421256146936, 39.745353671535462 ], [ -105.000415329189551, 39.745187214705503 ], [ -105.00040896732294, 39.745081838427311 ], [ -105.000399098595949, 39.744969584099948 ], [ -105.000375411425992, 39.744800306841519 ], [ -105.000351745657582, 39.744627941380251 ], [ -105.00033490879963, 39.744495410993636 ], [ -105.000311613145641, 39.744271230036261 ], [ -105.0003059437839, 39.744068743156525 ], [ -105.000300290987312, 39.743863853902091 ], [ -105.000297309601208, 39.743783199053887 ], [ -105.000281061614089, 39.743692879554132 ], [ -105.000264019714606, 39.743589173783541 ], [ -105.0002291610176, 39.743490539422787 ], [ -105.000194165922267, 39.743411121448929 ], [ -105.00014508310511, 39.743312426441172 ], [ -105.000106512748843, 39.743235738402738 ], [ -105.000054741207492, 39.743140120458733 ], [ -105.000019592166637, 39.743082320778946 ], [ -104.999998635566087, 39.743029042172189 ], [ -104.999956606878584, 39.742938613207656 ], [ -104.9999181340294, 39.742848199134897 ], [ -104.999884241219604, 39.742738930901872 ], [ -104.999849442731076, 39.742632061034826 ], [ -104.999803877952431, 39.742538871415185 ], [ -104.999755009759241, 39.742410322688343 ], [ -104.999712942398148, 39.742325383658596 ], [ -104.999664584037788, 39.742250026633478 ], [ -104.999552352386971, 39.742030957615988 ], [ -104.99953483505368, 39.741994165465776 ], [ -104.999497078882712, 39.741928118545005 ], [ -104.999444361388512, 39.741840732224034 ], [ -104.999395222719983, 39.741750272418024 ], [ -104.999346161783279, 39.741648832295539 ], [ -104.999308540716925, 39.741563912010278 ], [ -104.999129481569028, 39.741241954091556 ], [ -104.999123354681203, 39.741228545156517 ], [ -104.999105790691985, 39.741198272220238 ], [ -104.999084707641231, 39.741162837214461 ], [ -104.999067202767407, 39.741124328903453 ], [ -104.99905321394435, 39.741091326171365 ], [ -104.999035745873101, 39.741047670573117 ], [ -104.998989987354676, 39.740981932720871 ], [ -104.998961814576475, 39.740943379171604 ], [ -104.998940751287392, 39.740905199013412 ], [ -104.998920636078665, 39.740858786916142 ], [ -104.998899771434225, 39.740792811496846 ], [ -104.998875407404654, 39.740718928875211 ], [ -104.998865011861852, 39.740680794580783 ], [ -104.998847566079519, 39.740634050458219 ], [ -104.998826561279458, 39.740587634350184 ], [ -104.998787905513751, 39.740523299260374 ], [ -104.998759769881829, 39.740479598574709 ], [ -104.998704294344336, 39.74040523985375 ], [ -104.998633937704284, 39.740298561212768 ], [ -104.99862372093942, 39.74028092205625 ], [ -104.998576949491436, 39.740200167033244 ], [ -104.99892173658057, 39.740214368219675 ], [ -104.999076139158532, 39.740220780450478 ], [ -104.999980011415289, 39.740214933567707 ], [ -105.00005960459545, 39.740214418178411 ], [ -105.00012695367495, 39.740213982061306 ], [ -105.000155864009116, 39.740213328632699 ], [ -105.001579590809555, 39.740181128435438 ], [ -105.001734982095087, 39.740177613100016 ], [ -105.002831624839345, 39.740165295252069 ], [ -105.003556941003879, 39.740157146760097 ], [ -105.004135843721571, 39.740155832080447 ], [ -105.004427608090083, 39.740172083498159 ], [ -105.004787422745792, 39.740196131920889 ], [ -105.005244386363145, 39.740216190848969 ], [ -105.005896965011132, 39.740244833510104 ], [ -105.006443327110489, 39.740268811920181 ], [ -105.009356677279484, 39.740341460014093 ], [ -105.010876693440466, 39.74037933526926 ], [ -105.014587911740335, 39.740454792303396 ], [ -105.01533283815796, 39.740472884275313 ], [ -105.017395207037922, 39.740521983609227 ], [ -105.017339330031348, 39.740675662316846 ], [ -105.01723001180855, 39.74092983730992 ], [ -105.017071742399452, 39.741321073881359 ], [ -105.016603546182139, 39.742565843075617 ], [ -105.016501849395226, 39.742874267137665 ], [ -105.01644928171919, 39.743019892977415 ], [ -105.016422197674004, 39.743079834251169 ], [ -105.016347423490274, 39.743222623828807 ], [ -105.01627135858179, 39.743396379791378 ], [ -105.016080056167354, 39.74383337397294 ], [ -105.015960337140513, 39.744047355268997 ], [ -105.015854960023432, 39.744244236976634 ], [ -105.01585022246141, 39.744257065627018 ], [ -105.015809660980409, 39.74436690104001 ], [ -105.015760529328801, 39.744529698493594 ], [ -105.015740852245941, 39.744675459526448 ], [ -105.015709528844127, 39.744962896608349 ], [ -105.015688470467992, 39.745308712394014 ], [ -105.015640236606231, 39.745856192137701 ], [ -105.015631651836287, 39.746069257916027 ], [ -105.015629677533738, 39.746355099852323 ], [ -105.015628343154376, 39.746548291590678 ], [ -105.015619296649234, 39.746699586597956 ], [ -105.015603095166782, 39.746985713083319 ], [ -105.015585997079953, 39.747272865069377 ], [ -105.01556636955155, 39.747552223851109 ], [ -105.01555345823688, 39.747735992975372 ], [ -105.015485275005346, 39.748468009036799 ], [ -105.015453941749058, 39.748756475041887 ], [ -105.015384287142965, 39.74918650678314 ], [ -105.015319224926841, 39.749466597847686 ], [ -105.015277496493596, 39.749586530745795 ], [ -105.015202544932393, 39.749753682493747 ], [ -105.015168325420277, 39.749816339297105 ], [ -105.015149426727675, 39.749849204333756 ], [ -105.015093850234678, 39.749914518321297 ], [ -105.014966787330849, 39.750031354269623 ], [ -105.014791556898842, 39.750170639962718 ], [ -105.014695018918047, 39.750244706907949 ], [ -105.014612826276377, 39.750301675170022 ], [ -105.014408500788306, 39.750405152002024 ], [ -105.01359814794786, 39.750842075314658 ], [ -105.013508918760095, 39.75088768981712 ], [ -105.013449182395391, 39.750911463624838 ], [ -105.013385855728671, 39.750940027099134 ], [ -105.013311881756749, 39.75096545794063 ], [ -105.013121966271385, 39.751041882397303 ], [ -105.012973860310922, 39.751115391451634 ], [ -105.012783605750101, 39.751240542658422 ], [ -105.012537927875513, 39.751408358144403 ], [ -105.012243702278568, 39.751652839155398 ], [ -105.012064604955313, 39.751835342370015 ], [ -105.011687998422886, 39.752162524255461 ], [ -105.011617160443507, 39.752248019421195 ], [ -105.011546291475923, 39.752337975678714 ], [ -105.011497860464189, 39.752397827048277 ], [ -105.011404775363744, 39.752485974681193 ], [ -105.011329610754657, 39.752554294248831 ], [ -105.011195483488024, 39.752662517872054 ], [ -105.010834213914194, 39.752956817642449 ], [ -105.010662622591241, 39.753082042537301 ], [ -105.010533020871776, 39.753178617140698 ], [ -105.010279218029225, 39.753362179258446 ], [ -105.010179177268554, 39.753427305849669 ], [ -105.01003015222868, 39.753503895709571 ], [ -105.009930168657817, 39.753560786548398 ], [ -105.009773629480009, 39.753694651907736 ], [ -105.009499412189584, 39.753933452243565 ], [ -105.009407732547771, 39.754013292264418 ], [ -105.009366512388397, 39.754058759930004 ], [ -105.009340446154837, 39.754098800774187 ], [ -105.009281162439748, 39.754184342459176 ], [ -105.009164632051124, 39.754318373792138 ], [ -105.009079644259231, 39.754392141109427 ], [ -105.009016183441119, 39.754439231999662 ], [ -105.00872934615974, 39.754640840383516 ], [ -105.008639950334469, 39.754709098395629 ], [ -105.00858817751606, 39.754737707504709 ], [ -105.008550773128079, 39.754746130225669 ], [ -105.008446682510325, 39.754754274444608 ], [ -105.008354150459084, 39.754762466854508 ], [ -105.008280271761393, 39.754773482515525 ], [ -105.008227859762641, 39.754789153123866 ], [ -105.008196513059403, 39.754798526076925 ], [ -105.008196126349816, 39.754789121152491 ], [ -105.008193473990659, 39.754724734582915 ], [ -105.008183302688991, 39.754653658826463 ], [ -105.008176897001391, 39.754552744118463 ], [ -105.008142233476661, 39.754423915778595 ], [ -105.008117958481577, 39.754335279944044 ], [ -105.008048905387966, 39.754165471980755 ], [ -105.007993131681062, 39.754003955404954 ], [ -105.007958524405964, 39.753867234814983 ], [ -105.007927637754548, 39.753707194624475 ], [ -105.007899741589981, 39.753627808980127 ], [ -105.007869043204636, 39.753567628508804 ], [ -105.007837400363329, 39.753515336231004 ], [ -105.007780936346009, 39.753452302393598 ], [ -105.007619203199198, 39.753312304550647 ], [ -105.007576736878335, 39.753281929211141 ], [ -105.00752015779662, 39.753235366268498 ], [ -105.007397212004278, 39.753143229207254 ], [ -105.00726727656405, 39.75303356116617 ], [ -105.007125823919466, 39.752918011384956 ], [ -105.00697818391626, 39.752797288546425 ], [ -105.006773852884251, 39.752646129667248 ], [ -105.006587199080712, 39.752510143649388 ], [ -105.006513807553929, 39.752452186020683 ], [ -105.006455677179588, 39.752408175696608 ], [ -105.006365222772502, 39.752339693552678 ], [ -105.006189249699275, 39.752202379282316 ], [ -105.005939016654509, 39.752004356945299 ], [ -105.005809056644708, 39.751898805721211 ], [ -105.005717980731617, 39.751827046744431 ], [ -105.005597734129893, 39.751731143851103 ], [ -105.005421764089547, 39.751593828000708 ], [ -105.005066203932927, 39.751328446320031 ], [ -105.004907882203497, 39.751210420607087 ], [ -105.004784083585704, 39.751114158885073 ], [ -105.004618710741767, 39.750987524439083 ], [ -105.00445337487038, 39.750855742439931 ], [ -105.003960686657436, 39.750494382068737 ], [ -105.003794386407804, 39.750373576031315 ], [ -105.003618539377186, 39.750219786575101 ], [ -105.003414456378081, 39.750035679839769 ], [ -105.00328446788096, 39.749935272416941 ], [ -105.00322431809829, 39.749891437856071 ], [ -105.00306594704243, 39.749781302185575 ], [ -105.00295015239297, 39.749685415432928 ], [ -105.002795397085833, 39.749567058914373 ], [ -105.002664433341124, 39.749479000401728 ], [ -105.002527245759637, 39.749390915832379 ], [ -105.002301654754206, 39.749231423302881 ], [ -105.002203527388104, 39.749152082039714 ], [ -105.002044328959613, 39.749033705906903 ], [ -105.001942589286045, 39.748962241954665 ], [ -105.001805462391928, 39.748865920829779 ], [ -105.001724113764624, 39.748802778594936 ], [ -105.001534245151007, 39.748621473794003 ], [ -105.001477790998607, 39.748558437020257 ], [ -105.001415288918253, 39.748470667054171 ], [ -105.001316935865887, 39.748298328922132 ], [ -105.001215588776859, 39.748171960541718 ], [ -105.001148835039089, 39.74805706303016 ], [ -105.001050863514138, 39.747831193417461 ], [ -105.001027190928141, 39.747784423806898 ], [ -105.000963818152513, 39.747694247804205 ], [ -105.000928705153569, 39.747630958108942 ], [ -105.000876327747292, 39.747533092085582 ], [ -105.000876060004501, 39.747532591795419 ], [ -105.000817504126374, 39.747390276331281 ], [ -105.000779067329333, 39.747294372456473 ], [ -105.000747615566326, 39.74721634240035 ], [ -105.000719535184118, 39.747164406540115 ], [ -105.000677348902272, 39.747095595944522 ], [ -105.000636068906388, 39.747024387102002 ], [ -105.000604373836424, 39.746980671874418 ], [ -105.000558531253958, 39.746925915193465 ], [ -105.000481678536715, 39.7467313620078 ], [ -105.000458258471127, 39.746649248145495 ], [ -105.000433929618382, 39.746569875418047 ], [ -105.000423825967758, 39.74649056322172 ], [ -105.000424195090744, 39.746438748092359 ], [ -105.00042449576874, 39.746396540774562 ], [ -105.000452698641766, 39.74593202560159 ], [ -105.000446463761193, 39.745808805531645 ], [ -105.000431600583454, 39.745526333798793 ] ] ] ] } },
{ "type": "Feature", "properties": { "NBHD_ID": 21, "NBHD_NAME": "Cory - Merrill", "TYPOLOGY": null, "NOTES": null, "GLOBALID": "38444651-81f0-4505-802a-34acf14fa6d2" }, "geometry": { "type": "MultiPolygon", "coordinates": [ [ [ [ -104.940706651129787, 39.695410951549555 ], [ -104.940705893407753, 39.694768873918925 ], [ -104.940642848140413, 39.694768918236598 ], [ -104.940642918400854, 39.694762874275064 ], [ -104.940639950502657, 39.69294827565826 ], [ -104.940657991295978, 39.691136226729526 ], [ -104.940638956287088, 39.689327848521366 ], [ -104.940661394932263, 39.68749961549404 ], [ -104.9407029543124, 39.685693400443661 ], [ -104.940718405113856, 39.684899007201736 ], [ -104.940698954717348, 39.684448484768659 ], [ -104.940698107156948, 39.683440259622643 ], [ -104.940697391277894, 39.683134724802898 ], [ -104.940696776457671, 39.683049656174283 ], [ -104.940697291136118, 39.682968760814539 ], [ -104.940995470671368, 39.683054123545254 ], [ -104.941256710179829, 39.683128910251028 ], [ -104.941949081146106, 39.683298652766339 ], [ -104.943070367787939, 39.683580330139648 ], [ -104.943775812544303, 39.683745407307292 ], [ -104.944909837872771, 39.684037708331374 ], [ -104.946186915325512, 39.6843103371545 ], [ -104.946880287997004, 39.684430647858022 ], [ -104.947868110928667, 39.684565342852487 ], [ -104.948629147105123, 39.684643693893385 ], [ -104.949609121845526, 39.68470680890939 ], [ -104.950088691758694, 39.68472530977423 ], [ -104.950338387146871, 39.684729294131266 ], [ -104.95061294510505, 39.684733674581921 ], [ -104.951241547666925, 39.684743701172948 ], [ -104.953757933578387, 39.684745665352246 ], [ -104.955503954086907, 39.684736305231816 ], [ -104.958573694935509, 39.684732622397767 ], [ -104.959457131300056, 39.684735177990184 ], [ -104.959457441894813, 39.684872075893658 ], [ -104.959456802620736, 39.68502851869826 ], [ -104.959456305747437, 39.685150140800502 ], [ -104.959454209460972, 39.686375118194597 ], [ -104.959404676953667, 39.687513115371011 ], [ -104.959362684913799, 39.689311649667836 ], [ -104.959354194608011, 39.691154597272877 ], [ -104.959353143057314, 39.69296937577105 ], [ -104.959347183313412, 39.694780915676311 ], [ -104.959331477187817, 39.69658897758864 ], [ -104.958113416690921, 39.69658989210977 ], [ -104.956973532636312, 39.696591153378122 ], [ -104.955832812517144, 39.696585880368062 ], [ -104.954679617813937, 39.69658534259792 ], [ -104.953526393472927, 39.696588568538786 ], [ -104.95236516520589, 39.696592774993924 ], [ -104.95120314795318, 39.696584269503155 ], [ -104.950028617418837, 39.696585302566334 ], [ -104.94885413811943, 39.696579803972135 ], [ -104.947696512414723, 39.696577804578034 ], [ -104.946538861902297, 39.696578881862919 ], [ -104.94538121161284, 39.696579947953857 ], [ -104.94419871007031, 39.696577796402543 ], [ -104.943036617544706, 39.696578818618555 ], [ -104.941891456470884, 39.696573389337146 ], [ -104.941326391844058, 39.696575167646074 ], [ -104.940708028726718, 39.696576002847145 ], [ -104.940706651129787, 39.695410951549555 ] ] ] ] } },
{ "type": "Feature", "properties": { "NBHD_ID": 7, "NBHD_NAME": "Belcaro", "TYPOLOGY": null, "NOTES": null, "GLOBALID": "cf4c6a60-8241-4cd6-a855-6522282238c3" }, "geometry": { "type": "MultiPolygon", "coordinates": [ [ [ [ -104.940714691874561, 39.711570242477165 ], [ -104.940696362628699, 39.711082519732884 ], [ -104.940700939290167, 39.703819827740155 ], [ -104.940706786406039, 39.69773520775221 ], [ -104.940037750386679, 39.697738544131106 ], [ -104.940036195140934, 39.697933454294208 ], [ -104.93857285400658, 39.697939174325612 ], [ -104.938574148911968, 39.696666725274383 ], [ -104.939563002993594, 39.696664921668877 ], [ -104.939563718229522, 39.696575359350724 ], [ -104.940621838875543, 39.696577651842745 ], [ -104.940708028726718, 39.696576002847145 ], [ -104.941326391844058, 39.696575167646074 ], [ -104.941891456470884, 39.696573389337146 ], [ -104.943036617544706, 39.696578818618555 ], [ -104.94419871007031, 39.696577796402543 ], [ -104.94538121161284, 39.696579947953857 ], [ -104.946538861902297, 39.696578881862919 ], [ -104.947696512414723, 39.696577804578034 ], [ -104.94885413811943, 39.696579803972135 ], [ -104.950028617418837, 39.696585302566334 ], [ -104.95120314795318, 39.696584269503155 ], [ -104.95236516520589, 39.696592774993924 ], [ -104.953526393472927, 39.696588568538786 ], [ -104.954679617813937, 39.69658534259792 ], [ -104.955832812517144, 39.696585880368062 ], [ -104.956973532636312, 39.696591153378122 ], [ -104.958113416690921, 39.69658989210977 ], [ -104.959331477187817, 39.69658897758864 ], [ -104.959338819278813, 39.698403664518146 ], [ -104.959338070169494, 39.700230667074059 ], [ -104.959343686642114, 39.702038823571513 ], [ -104.95936955870404, 39.703870407147768 ], [ -104.959338785694356, 39.705673246653063 ], [ -104.959333144140089, 39.707327954025253 ], [ -104.959338063208094, 39.707496812892046 ], [ -104.959337438454767, 39.709307681205956 ], [ -104.959318644867764, 39.710939333979802 ], [ -104.959271010033831, 39.711124423052901 ], [ -104.959324252699133, 39.711194067758193 ], [ -104.959324846191549, 39.711732657909529 ], [ -104.959317668466326, 39.712977067825349 ], [ -104.959311769728572, 39.713999786030143 ], [ -104.959310729682102, 39.714180050399001 ], [ -104.959312571377708, 39.714519754333033 ], [ -104.959316905596566, 39.715319396611378 ], [ -104.95931877078705, 39.715663513723655 ], [ -104.958981593579963, 39.715698476303494 ], [ -104.958913991371901, 39.715706400825944 ], [ -104.958817921452763, 39.715718313604974 ], [ -104.958665771347299, 39.715742320809532 ], [ -104.95848875975031, 39.71576346873357 ], [ -104.958361557592184, 39.715779011343116 ], [ -104.958124159874785, 39.715794390373553 ], [ -104.957911569563194, 39.715819490733786 ], [ -104.957808400842751, 39.715829996602743 ], [ -104.957670535100817, 39.715845489464513 ], [ -104.957561124106434, 39.715858711576004 ], [ -104.957418833384494, 39.715871781879507 ], [ -104.957220620512956, 39.715876358317217 ], [ -104.957082879094315, 39.715875722659682 ], [ -104.956803830313063, 39.715875806762554 ], [ -104.956697170314328, 39.715878059416745 ], [ -104.956623433364655, 39.715874973583745 ], [ -104.956492082282665, 39.71585240453873 ], [ -104.956375814560914, 39.715832993172732 ], [ -104.956294143837525, 39.715821634397926 ], [ -104.956110362220997, 39.715798822721979 ], [ -104.956001164188436, 39.715784591422874 ], [ -104.955915960073099, 39.715770470352943 ], [ -104.955817455219005, 39.715752513462355 ], [ -104.955735783833816, 39.715741154446263 ], [ -104.955608706507803, 39.715740566402523 ], [ -104.955505622585804, 39.715740089286172 ], [ -104.955448791658625, 39.715734335580173 ], [ -104.955353833260347, 39.715717424358544 ], [ -104.955275781251032, 39.715697845911279 ], [ -104.955099171183321, 39.715667172720273 ], [ -104.954961642940773, 39.715639082414746 ], [ -104.954802766600508, 39.715613638695714 ], [ -104.954731770328863, 39.715600955436152 ], [ -104.954640407279911, 39.715578913002616 ], [ -104.954516358808561, 39.715531667437297 ], [ -104.954375359457487, 39.715492922817248 ], [ -104.954255583834112, 39.715467659265549 ], [ -104.954117040047464, 39.715456035699447 ], [ -104.954043324238484, 39.715450202903419 ], [ -104.953954563727052, 39.715436407281828 ], [ -104.953856008830883, 39.715424968630664 ], [ -104.953788578647732, 39.715410928987112 ], [ -104.953707036503019, 39.715383097164747 ], [ -104.953640588288465, 39.715357051394662 ], [ -104.95351309295296, 39.71529606260151 ], [ -104.953361687819637, 39.715224324626391 ], [ -104.953206813873294, 39.715141588914875 ], [ -104.953073160448454, 39.715072678117885 ], [ -104.952913780089986, 39.714998157183459 ], [ -104.952822590002398, 39.71495415165333 ], [ -104.952712930352519, 39.714885351998973 ], [ -104.95266785590816, 39.714853571301411 ], [ -104.952604127996935, 39.714820674291346 ], [ -104.952512073292937, 39.714773575870169 ], [ -104.952431418336076, 39.714746090862349 ], [ -104.952230190181879, 39.714682011808144 ], [ -104.952127362403658, 39.714648932449933 ], [ -104.952043134498979, 39.714623832592665 ], [ -104.951943796976892, 39.714599005255941 ], [ -104.951870104734951, 39.714590426009835 ], [ -104.951742376426324, 39.714559632137515 ], [ -104.95169360870139, 39.714545678466678 ], [ -104.951619260749837, 39.714507240979074 ], [ -104.951544979940351, 39.71446022485194 ], [ -104.951510556499997, 39.71443020871277 ], [ -104.951439905439528, 39.71437360074556 ], [ -104.951306725172202, 39.714244636872756 ], [ -104.951204349339463, 39.714153907472728 ], [ -104.951127680366312, 39.714071533862175 ], [ -104.95102543101585, 39.713964676466134 ], [ -104.950938055639199, 39.71388774344129 ], [ -104.950888847917724, 39.713816478965036 ], [ -104.950786430337473, 39.713731239471727 ], [ -104.950727276512708, 39.71368189137543 ], [ -104.950670705051735, 39.713643192696033 ], [ -104.950642376937623, 39.713629334034302 ], [ -104.950519284956144, 39.713574196312763 ], [ -104.950462670692417, 39.713540988016824 ], [ -104.950413163421672, 39.713508156431061 ], [ -104.950336250664918, 39.713457008801576 ], [ -104.950215803788538, 39.713404628560546 ], [ -104.950131704530236, 39.713363398684479 ], [ -104.950071665563186, 39.71331370277958 ], [ -104.95004014562862, 39.713253501943861 ], [ -104.950044192722373, 39.713190722203208 ], [ -104.950030124743094, 39.713171439174786 ], [ -104.950024264523108, 39.713170457815231 ], [ -104.949962676227216, 39.713160142871835 ], [ -104.949906798068369, 39.713146497926033 ], [ -104.949797209007755, 39.713069460333806 ], [ -104.949656647946384, 39.712975805265756 ], [ -104.949600077640582, 39.712937106663858 ], [ -104.949477074372666, 39.712870987119366 ], [ -104.949395663457466, 39.712827024243637 ], [ -104.949325871996109, 39.712774536847682 ], [ -104.94926234147762, 39.712716931166021 ], [ -104.94921302930419, 39.712659392278546 ], [ -104.949157819821153, 39.71256064579017 ], [ -104.949140454038016, 39.712508747108657 ], [ -104.949105596961289, 39.712421077028466 ], [ -104.949074056634316, 39.712363621308285 ], [ -104.949049520518997, 39.712319581576253 ], [ -104.949007274147561, 39.712267566126201 ], [ -104.948913093360275, 39.712152508509057 ], [ -104.948863654663455, 39.712111097303264 ], [ -104.948810615584833, 39.712075503024181 ], [ -104.948733695560634, 39.712025727096623 ], [ -104.948652307143931, 39.711979018547254 ], [ -104.948609935045241, 39.711943131044372 ], [ -104.948561619897603, 39.711871869711466 ], [ -104.948519482303027, 39.711806128211059 ], [ -104.948466508367588, 39.711762298191736 ], [ -104.94837515505175, 39.711739907292518 ], [ -104.948265097650435, 39.711722919278479 ], [ -104.948211954439969, 39.711700707678155 ], [ -104.948127869129465, 39.711658104173594 ], [ -104.948042884609293, 39.71161686860917 ], [ -104.947983650802328, 39.71157815690367 ], [ -104.947902458403362, 39.711506740784877 ], [ -104.946192773360707, 39.711501105315669 ], [ -104.945589403862726, 39.711499636131208 ], [ -104.944984254259197, 39.711498498030494 ], [ -104.944393324420773, 39.711497080805238 ], [ -104.943778403194841, 39.711495547111618 ], [ -104.943174098661444, 39.711499894587455 ], [ -104.94256979327703, 39.711504238503188 ], [ -104.942195107966697, 39.711476030472021 ], [ -104.941359414854318, 39.711449619356991 ], [ -104.940918703937356, 39.711469970432056 ], [ -104.940714691874561, 39.711570242477165 ] ] ] ] } },
{ "type": "Feature", "properties": { "NBHD_ID": 70, "NBHD_NAME": "Washington Park", "TYPOLOGY": null, "NOTES": null, "GLOBALID": "0d0dc7d8-0fea-4fce-9442-6672759e977d" }, "geometry": { "type": "MultiPolygon", "coordinates": [ [ [ [ -104.95931877078705, 39.715663513723655 ], [ -104.959316905596566, 39.715319396611378 ], [ -104.959312571377708, 39.714519754333033 ], [ -104.959310729682102, 39.714180050399001 ], [ -104.959311769728572, 39.713999786030143 ], [ -104.959317668466326, 39.712977067825349 ], [ -104.959324846191549, 39.711732657909529 ], [ -104.959324252699133, 39.711194067758193 ], [ -104.959271010033831, 39.711124423052901 ], [ -104.959318644867764, 39.710939333979802 ], [ -104.959337438454767, 39.709307681205956 ], [ -104.959338063208094, 39.707496812892046 ], [ -104.959333144140089, 39.707327954025253 ], [ -104.959338785694356, 39.705673246653063 ], [ -104.95936955870404, 39.703870407147768 ], [ -104.959343686642114, 39.702038823571513 ], [ -104.959338070169494, 39.700230667074059 ], [ -104.959338819278813, 39.698403664518146 ], [ -104.959331477187817, 39.69658897758864 ], [ -104.959347183313412, 39.694780915676311 ], [ -104.959353143057314, 39.69296937577105 ], [ -104.959354194608011, 39.691154597272877 ], [ -104.959362684913799, 39.689311649667836 ], [ -104.959404676953667, 39.687513115371011 ], [ -104.959454209460972, 39.686375118194597 ], [ -104.959456305747437, 39.685150140800502 ], [ -104.959456802620736, 39.68502851869826 ], [ -104.959457441894813, 39.684872075893658 ], [ -104.959457131300056, 39.684735177990184 ], [ -104.960058386120082, 39.684736913390864 ], [ -104.961180171959157, 39.684738414111983 ], [ -104.961754322165348, 39.684774423924075 ], [ -104.962166824161329, 39.684815872481984 ], [ -104.962628227698659, 39.684883012664073 ], [ -104.963178228412787, 39.685004700589189 ], [ -104.963711521629932, 39.68515301550886 ], [ -104.964247659217634, 39.685348319657898 ], [ -104.964655966484401, 39.685520786557021 ], [ -104.965309645818024, 39.68583035919891 ], [ -104.968201391113539, 39.687260252849811 ], [ -104.968617841954952, 39.687465344363112 ], [ -104.96885202506752, 39.687580672173617 ], [ -104.969923353983759, 39.688108258510908 ], [ -104.973292407766408, 39.689760860084014 ], [ -104.973434221903716, 39.689830416910155 ], [ -104.97342775031818, 39.690008486697103 ], [ -104.973436406674537, 39.690478448389108 ], [ -104.973436856997509, 39.690753382560956 ], [ -104.973436297004397, 39.691140007945251 ], [ -104.973423943293341, 39.692978042665068 ], [ -104.973422621003522, 39.694753504928286 ], [ -104.973398022598545, 39.69661094296881 ], [ -104.973391106686279, 39.698361391732448 ], [ -104.973410966492949, 39.698438006430251 ], [ -104.973399446038869, 39.700210052874709 ], [ -104.973393531542371, 39.702063796244687 ], [ -104.973388873545233, 39.703868471682668 ], [ -104.973383275292861, 39.705680005066888 ], [ -104.973383852627776, 39.707497398299772 ], [ -104.973386299814422, 39.709302445382349 ], [ -104.973402905650104, 39.711115447078775 ], [ -104.973404074892358, 39.711551611682559 ], [ -104.973407112627172, 39.712922901554315 ], [ -104.973402395281568, 39.71473546224825 ], [ -104.973155340337229, 39.714736072779552 ], [ -104.973155988956989, 39.716543165069524 ], [ -104.973160958272146, 39.718011575947656 ], [ -104.973242170869142, 39.718203080697528 ], [ -104.97325794934055, 39.718410005922181 ], [ -104.97314748773988, 39.718385218439437 ], [ -104.973031275977391, 39.718357244812566 ], [ -104.972963951537821, 39.718342130179316 ], [ -104.972883109672608, 39.718323980649252 ], [ -104.972773119053244, 39.718296034843078 ], [ -104.972713680012646, 39.718282042108193 ], [ -104.972116642040234, 39.718140040734838 ], [ -104.971862010636841, 39.718082962426017 ], [ -104.971783909791739, 39.71806888543194 ], [ -104.971692540825146, 39.718046512693597 ], [ -104.971561281571411, 39.71801057750141 ], [ -104.971423680615246, 39.717990742294887 ], [ -104.971335866001539, 39.717968385248909 ], [ -104.971218888479896, 39.717924278202062 ], [ -104.971120431272112, 39.717899127768604 ], [ -104.970992748262162, 39.717860462781566 ], [ -104.970905172230246, 39.717806535783836 ], [ -104.97080596880339, 39.717762508063885 ], [ -104.970760791062901, 39.717743087419741 ], [ -104.970693375719577, 39.717726312536442 ], [ -104.970597540679847, 39.717707007209668 ], [ -104.970495632693925, 39.717668114343553 ], [ -104.970344059808539, 39.717615614631711 ], [ -104.970255461445063, 39.717579527068501 ], [ -104.970146483246793, 39.717535454364338 ], [ -104.970100479181156, 39.717507794487773 ], [ -104.970029786955948, 39.71745428580985 ], [ -104.969949287722741, 39.717404850951958 ], [ -104.969875012568721, 39.717355100957867 ], [ -104.969800776417301, 39.717300203950579 ], [ -104.969731045907423, 39.717237090746352 ], [ -104.969639347749691, 39.717140935329247 ], [ -104.96954851748032, 39.71704752893536 ], [ -104.969439147226041, 39.716937910461191 ], [ -104.969365945592116, 39.716863800479821 ], [ -104.969288342727836, 39.716784179669929 ], [ -104.969224812889195, 39.71672384016351 ], [ -104.969155064775975, 39.716663128576933 ], [ -104.969087887939281, 39.716615126047593 ], [ -104.969000197859117, 39.71657663920876 ], [ -104.968915301548122, 39.716521350168861 ], [ -104.968851731029631, 39.716466500490931 ], [ -104.968803204882349, 39.716419954424374 ], [ -104.96874333456384, 39.716345904437489 ], [ -104.968724247880772, 39.716325443862281 ], [ -104.968630497927379, 39.716224944839531 ], [ -104.968500889038765, 39.716089153320056 ], [ -104.968469248571893, 39.716042683803146 ], [ -104.968410228305245, 39.715973784969634 ], [ -104.968353892339252, 39.715902495526635 ], [ -104.968279825102087, 39.715825635431415 ], [ -104.968206688538089, 39.715743289069877 ], [ -104.96812902520503, 39.715671903743228 ], [ -104.968047808017886, 39.715600501839724 ], [ -104.967981655863014, 39.715534658489801 ], [ -104.967910966977371, 39.715481149101599 ], [ -104.967766989244438, 39.715365538231616 ], [ -104.96757709114064, 39.715211628637263 ], [ -104.967408041549987, 39.715120954650416 ], [ -104.967301904124682, 39.715054587124897 ], [ -104.967171956033823, 39.714964090010618 ], [ -104.967024238391204, 39.714873169357077 ], [ -104.966893217177429, 39.714807031832137 ], [ -104.966798507895035, 39.714757187164857 ], [ -104.966685259816998, 39.714691129765804 ], [ -104.966558860044955, 39.714601677783904 ], [ -104.966460739800468, 39.714532943326823 ], [ -104.966375866559389, 39.714475250188102 ], [ -104.966319324978997, 39.714431412126856 ], [ -104.966252990717237, 39.714389931862357 ], [ -104.966160945955991, 39.714340441789517 ], [ -104.966066196041439, 39.714296086812645 ], [ -104.96597049181095, 39.714260306674191 ], [ -104.965885329268616, 39.714240702980618 ], [ -104.965843584544785, 39.714237767982134 ], [ -104.965772556311165, 39.714229209748702 ], [ -104.965694398519688, 39.714223364276606 ], [ -104.965659762484123, 39.714220461502691 ], [ -104.965606465249536, 39.714217474191415 ], [ -104.965553210105227, 39.714208996117051 ], [ -104.965517714219558, 39.714202314916413 ], [ -104.965461855993581, 39.714185589305011 ], [ -104.965390932450021, 39.714163304718411 ], [ -104.965323542233733, 39.714143781188049 ], [ -104.965260491487442, 39.714138004095012 ], [ -104.965185804338574, 39.71414315501913 ], [ -104.965118142645565, 39.714159319151243 ], [ -104.965012206676377, 39.714183545092368 ], [ -104.964916048029025, 39.714207472034474 ], [ -104.964849274828111, 39.714223640053838 ], [ -104.964753093026573, 39.714250655578418 ], [ -104.964671978627095, 39.7142828866453 ], [ -104.964611383654159, 39.714304573527016 ], [ -104.964525781255716, 39.714342617924913 ], [ -104.964394619875875, 39.714411682645547 ], [ -104.96429196813861, 39.714471268525067 ], [ -104.964202666491829, 39.714528169936159 ], [ -104.964131261012582, 39.714569024302747 ], [ -104.964078582219642, 39.714601384548011 ], [ -104.96405359552692, 39.714614997050511 ], [ -104.963989529547959, 39.714625686488979 ], [ -104.963946812087386, 39.714633727894238 ], [ -104.963901428560348, 39.714641756781973 ], [ -104.963837239282924, 39.714668574181424 ], [ -104.963787265227936, 39.7146957988747 ], [ -104.963719458676721, 39.714730835638115 ], [ -104.963595727459676, 39.714757724612767 ], [ -104.963475551162574, 39.714784629421175 ], [ -104.963386447923867, 39.714815450592837 ], [ -104.963329322593069, 39.714848133949296 ], [ -104.963208644581684, 39.714940579854904 ], [ -104.963129921395819, 39.715008510229723 ], [ -104.963070090327733, 39.715046327805503 ], [ -104.963034355457395, 39.715070872385994 ], [ -104.96296667161981, 39.715089780619969 ], [ -104.962874996460684, 39.715108236087005 ], [ -104.962775278938921, 39.715132488209456 ], [ -104.9626443953196, 39.715164833745106 ], [ -104.962481565517152, 39.715191199751935 ], [ -104.962300833635567, 39.715234298465482 ], [ -104.962154782207676, 39.715274467260649 ], [ -104.962091530044503, 39.715294767472734 ], [ -104.962016673285689, 39.71532187842697 ], [ -104.961910653229452, 39.715356739168747 ], [ -104.961761064971597, 39.715394488635461 ], [ -104.961598087032485, 39.715440069765549 ], [ -104.961467244504078, 39.715466923753844 ], [ -104.961371146632786, 39.715482612563584 ], [ -104.961265333851969, 39.715490363713577 ], [ -104.961169327884491, 39.715494042034003 ], [ -104.961059960599172, 39.715501776867711 ], [ -104.960950571874818, 39.715512256539604 ], [ -104.960858046553781, 39.715525559293567 ], [ -104.960752233910284, 39.715533310133651 ], [ -104.960627759567174, 39.715540975360227 ], [ -104.96048280628122, 39.715553694027406 ], [ -104.960344938448415, 39.715569533190319 ], [ -104.960216888084204, 39.715579926765223 ], [ -104.96015368860381, 39.715593363483173 ], [ -104.960103828646396, 39.715605488422717 ], [ -104.960061067697566, 39.715619018496028 ], [ -104.960000557566346, 39.71562937870619 ], [ -104.959937400068796, 39.715637324872638 ], [ -104.959841362129936, 39.715645119570723 ], [ -104.959753385551096, 39.715644715548372 ], [ -104.959700171791766, 39.715630744592836 ], [ -104.959589936575583, 39.715635729086628 ], [ -104.959498320879646, 39.715646289260839 ], [ -104.959409392210262, 39.71565411647363 ], [ -104.959340346569803, 39.715661276278901 ], [ -104.95931877078705, 39.715663513723655 ] ] ] ] } },
{ "type": "Feature", "properties": { "NBHD_ID": 71, "NBHD_NAME": "Washington Park West", "TYPOLOGY": null, "NOTES": null, "GLOBALID": "387db3a4-d0f7-4036-9f8d-e4520c211372" }, "geometry": { "type": "MultiPolygon", "coordinates": [ [ [ [ -104.973434221903716, 39.689830416910155 ], [ -104.973570075585016, 39.689897055068286 ], [ -104.973615653297699, 39.689919410309159 ], [ -104.974750669501972, 39.690489080035967 ], [ -104.975186309807782, 39.690730713741907 ], [ -104.975797642298033, 39.691126530277394 ], [ -104.97617099178099, 39.691401439000025 ], [ -104.976807714807123, 39.69193596891688 ], [ -104.97814948146096, 39.693146555764947 ], [ -104.979108525824614, 39.694011802280372 ], [ -104.979117547847778, 39.694019941855167 ], [ -104.979424182667387, 39.694290963180336 ], [ -104.979894319322369, 39.694706491341272 ], [ -104.980282826129738, 39.695034184982049 ], [ -104.981060160198965, 39.695647624231839 ], [ -104.98118041680307, 39.695748824040876 ], [ -104.982037453085425, 39.696495635429841 ], [ -104.982228076583368, 39.696664192713911 ], [ -104.982779567644641, 39.6966660202499 ], [ -104.983952659345405, 39.696626857803288 ], [ -104.985080495109216, 39.69663179218584 ], [ -104.986229409571337, 39.696634655555357 ], [ -104.987440749024046, 39.696640749692854 ], [ -104.987485499559284, 39.70021935192959 ], [ -104.987487157120853, 39.700351904394722 ], [ -104.98747959939891, 39.701021726435386 ], [ -104.987485321209874, 39.701192072343908 ], [ -104.987504904498635, 39.701273667965907 ], [ -104.987538996390739, 39.701415716437225 ], [ -104.987550368071894, 39.701536955783972 ], [ -104.987556283763368, 39.701733914791745 ], [ -104.987567527865252, 39.701926998600314 ], [ -104.987571946883719, 39.702002890068776 ], [ -104.987538065714929, 39.702140692571497 ], [ -104.98749792074949, 39.702649429265406 ], [ -104.987498053957182, 39.703361150130377 ], [ -104.987498654305128, 39.703887221487044 ], [ -104.987567781018811, 39.705736827270563 ], [ -104.987632791752446, 39.707542145992122 ], [ -104.9876118140496, 39.708467906866787 ], [ -104.987608090472975, 39.709342954603272 ], [ -104.987591725086105, 39.710245400138945 ], [ -104.987585013871779, 39.711164358971139 ], [ -104.986973633425308, 39.711165125690471 ], [ -104.986379136483791, 39.711165962556763 ], [ -104.985789107503365, 39.711163384603509 ], [ -104.985204410817531, 39.711160827028223 ], [ -104.984622392055996, 39.711156562731517 ], [ -104.984024378630835, 39.7111522251408 ], [ -104.983442347317649, 39.711149670497974 ], [ -104.982791894674904, 39.711146812133308 ], [ -104.982145934591784, 39.711137106501198 ], [ -104.982137937388742, 39.711137071291773 ], [ -104.982114833902983, 39.711136969570646 ], [ -104.981541732191531, 39.711128611179603 ], [ -104.980979245257075, 39.711126816803819 ], [ -104.980392763817861, 39.711125256922777 ], [ -104.979808087480265, 39.711119927370802 ], [ -104.97923585209864, 39.711114649994158 ], [ -104.978672494346426, 39.711110438470534 ], [ -104.978092253753275, 39.711106149488508 ], [ -104.977507526382141, 39.711107671574275 ], [ -104.976917468105697, 39.711109167046246 ], [ -104.976330966353302, 39.711110331810829 ], [ -104.975746239429029, 39.711111845143286 ], [ -104.975163291941584, 39.711113020328916 ], [ -104.974570569890872, 39.711114148610768 ], [ -104.973976961748903, 39.711114927114309 ], [ -104.973402905650104, 39.711115447078775 ], [ -104.973386299814422, 39.709302445382349 ], [ -104.973383852627776, 39.707497398299772 ], [ -104.973383275292861, 39.705680005066888 ], [ -104.973388873545233, 39.703868471682668 ], [ -104.973393531542371, 39.702063796244687 ], [ -104.973399446038869, 39.700210052874709 ], [ -104.973410966492949, 39.698438006430251 ], [ -104.973391106686279, 39.698361391732448 ], [ -104.973398022598545, 39.69661094296881 ], [ -104.973422621003522, 39.694753504928286 ], [ -104.973423943293341, 39.692978042665068 ], [ -104.973436297004397, 39.691140007945251 ], [ -104.973436856997509, 39.690753382560956 ], [ -104.973436406674537, 39.690478448389108 ], [ -104.97342775031818, 39.690008486697103 ], [ -104.973434221903716, 39.689830416910155 ] ] ] ] } },
{ "type": "Feature", "properties": { "NBHD_ID": 59, "NBHD_NAME": "Speer", "TYPOLOGY": null, "NOTES": null, "GLOBALID": "db326da2-f50a-49b7-9acc-118705ea3716" }, "geometry": { "type": "MultiPolygon", "coordinates": [ [ [ [ -104.97325794934055, 39.718410005922181 ], [ -104.973242170869142, 39.718203080697528 ], [ -104.973160958272146, 39.718011575947656 ], [ -104.973155988956989, 39.716543165069524 ], [ -104.973155340337229, 39.714736072779552 ], [ -104.973402395281568, 39.71473546224825 ], [ -104.973407112627172, 39.712922901554315 ], [ -104.973404074892358, 39.711551611682559 ], [ -104.973402905650104, 39.711115447078775 ], [ -104.973976961748903, 39.711114927114309 ], [ -104.974570569890872, 39.711114148610768 ], [ -104.975163291941584, 39.711113020328916 ], [ -104.975746239429029, 39.711111845143286 ], [ -104.976330966353302, 39.711110331810829 ], [ -104.976917468105697, 39.711109167046246 ], [ -104.977507526382141, 39.711107671574275 ], [ -104.978092253753275, 39.711106149488508 ], [ -104.978672494346426, 39.711110438470534 ], [ -104.97923585209864, 39.711114649994158 ], [ -104.979808087480265, 39.711119927370802 ], [ -104.980392763817861, 39.711125256922777 ], [ -104.980979245257075, 39.711126816803819 ], [ -104.981541732191531, 39.711128611179603 ], [ -104.982114833902983, 39.711136969570646 ], [ -104.982137937388742, 39.711137071291773 ], [ -104.982145934591784, 39.711137106501198 ], [ -104.982791894674904, 39.711146812133308 ], [ -104.983442347317649, 39.711149670497974 ], [ -104.984024378630835, 39.7111522251408 ], [ -104.984622392055996, 39.711156562731517 ], [ -104.985204410817531, 39.711160827028223 ], [ -104.985789107503365, 39.711163384603509 ], [ -104.986379136483791, 39.711165962556763 ], [ -104.986973633425308, 39.711165125690471 ], [ -104.987585013871779, 39.711164358971139 ], [ -104.987559383484893, 39.71211858078928 ], [ -104.987552964904992, 39.712997390517337 ], [ -104.987546345654621, 39.713903652003026 ], [ -104.987535453027007, 39.714786559729305 ], [ -104.9875209284032, 39.715680088706712 ], [ -104.98751581736586, 39.716136471781013 ], [ -104.987511672619775, 39.716582220384119 ], [ -104.987515856779041, 39.717469310390896 ], [ -104.987507534748431, 39.718365268232915 ], [ -104.987508150748354, 39.719375879948274 ], [ -104.98746020893266, 39.720950437250025 ], [ -104.987495679448287, 39.722542857856027 ], [ -104.987491983554932, 39.724143685913148 ], [ -104.987468797875351, 39.724884124652128 ], [ -104.987445463707445, 39.725644809548839 ], [ -104.987440001904787, 39.726623418155476 ], [ -104.987439714269414, 39.726674951514219 ], [ -104.987433611742205, 39.726950511679966 ], [ -104.987425499668475, 39.72728228316101 ], [ -104.986159790554822, 39.727284311114175 ], [ -104.984902972230586, 39.72728602200214 ], [ -104.983632796395071, 39.727291091564858 ], [ -104.982988422552623, 39.727287232357703 ], [ -104.982374268432338, 39.727283502432101 ], [ -104.981760132058355, 39.727277367282916 ], [ -104.981148659603761, 39.727271583452215 ], [ -104.979947818042021, 39.727275890102085 ], [ -104.97936654697321, 39.727272632951902 ], [ -104.978780834338025, 39.727269009923809 ], [ -104.977568474089736, 39.72726843711537 ], [ -104.976417323310898, 39.727283909272501 ], [ -104.975260045068936, 39.727286646000039 ], [ -104.974092101416133, 39.727289323468774 ], [ -104.973516132490616, 39.727290179152284 ], [ -104.972949054537793, 39.727290728517673 ], [ -104.972924552148825, 39.72558339531269 ], [ -104.9729259135799, 39.723746118836999 ], [ -104.972920669266614, 39.721959942935491 ], [ -104.972921164670566, 39.720237962471053 ], [ -104.972940771242108, 39.720112452841377 ], [ -104.973004908831243, 39.719974446681086 ], [ -104.973110090554201, 39.719814661709854 ], [ -104.973193874166199, 39.719664045747422 ], [ -104.973258646912683, 39.719441280833585 ], [ -104.973261686933725, 39.719383486520101 ], [ -104.973261916858561, 39.718769042516307 ], [ -104.973281004310294, 39.718712505863593 ], [ -104.97325794934055, 39.718410005922181 ] ] ] ] } },
{ "type": "Feature", "properties": { "NBHD_ID": 13, "NBHD_NAME": "Cherry Creek", "TYPOLOGY": null, "NOTES": null, "GLOBALID": "921c4cc0-a027-47d2-b17a-149066a6515e" }, "geometry": { "type": "MultiPolygon", "coordinates": [ [ [ [ -104.940714691874561, 39.711570242477165 ], [ -104.940918703937356, 39.711469970432056 ], [ -104.941359414854318, 39.711449619356991 ], [ -104.942195107966697, 39.711476030472021 ], [ -104.94256979327703, 39.711504238503188 ], [ -104.943174098661444, 39.711499894587455 ], [ -104.943778403194841, 39.711495547111618 ], [ -104.944393324420773, 39.711497080805238 ], [ -104.944984254259197, 39.711498498030494 ], [ -104.945589403862726, 39.711499636131208 ], [ -104.946192773360707, 39.711501105315669 ], [ -104.947902458403362, 39.711506740784877 ], [ -104.947983650802328, 39.71157815690367 ], [ -104.948042884609293, 39.71161686860917 ], [ -104.948127869129465, 39.711658104173594 ], [ -104.948211954439969, 39.711700707678155 ], [ -104.948265097650435, 39.711722919278479 ], [ -104.94837515505175, 39.711739907292518 ], [ -104.948466508367588, 39.711762298191736 ], [ -104.948519482303027, 39.711806128211059 ], [ -104.948561619897603, 39.711871869711466 ], [ -104.948609935045241, 39.711943131044372 ], [ -104.948652307143931, 39.711979018547254 ], [ -104.948733695560634, 39.712025727096623 ], [ -104.948810615584833, 39.712075503024181 ], [ -104.948863654663455, 39.712111097303264 ], [ -104.948913093360275, 39.712152508509057 ], [ -104.949007274147561, 39.712267566126201 ], [ -104.949049520518997, 39.712319581576253 ], [ -104.949074056634316, 39.712363621308285 ], [ -104.949105596961289, 39.712421077028466 ], [ -104.949140454038016, 39.712508747108657 ], [ -104.949157819821153, 39.71256064579017 ], [ -104.94921302930419, 39.712659392278546 ], [ -104.94926234147762, 39.712716931166021 ], [ -104.949325871996109, 39.712774536847682 ], [ -104.949395663457466, 39.712827024243637 ], [ -104.949477074372666, 39.712870987119366 ], [ -104.949600077640582, 39.712937106663858 ], [ -104.949656647946384, 39.712975805265756 ], [ -104.949797209007755, 39.713069460333806 ], [ -104.949906798068369, 39.713146497926033 ], [ -104.949962676227216, 39.713160142871835 ], [ -104.950024264523108, 39.713170457815231 ], [ -104.950030124743094, 39.713171439174786 ], [ -104.950044192722373, 39.713190722203208 ], [ -104.95004014562862, 39.713253501943861 ], [ -104.950071665563186, 39.71331370277958 ], [ -104.950131704530236, 39.713363398684479 ], [ -104.950215803788538, 39.713404628560546 ], [ -104.950336250664918, 39.713457008801576 ], [ -104.950413163421672, 39.713508156431061 ], [ -104.950462670692417, 39.713540988016824 ], [ -104.950519284956144, 39.713574196312763 ], [ -104.950642376937623, 39.713629334034302 ], [ -104.950670705051735, 39.713643192696033 ], [ -104.950727276512708, 39.71368189137543 ], [ -104.950786430337473, 39.713731239471727 ], [ -104.950888847917724, 39.713816478965036 ], [ -104.950938055639199, 39.71388774344129 ], [ -104.95102543101585, 39.713964676466134 ], [ -104.951127680366312, 39.714071533862175 ], [ -104.951204349339463, 39.714153907472728 ], [ -104.951306725172202, 39.714244636872756 ], [ -104.951439905439528, 39.71437360074556 ], [ -104.951510556499997, 39.71443020871277 ], [ -104.951544979940351, 39.71446022485194 ], [ -104.951619260749837, 39.714507240979074 ], [ -104.95169360870139, 39.714545678466678 ], [ -104.951742376426324, 39.714559632137515 ], [ -104.951870104734951, 39.714590426009835 ], [ -104.951943796976892, 39.714599005255941 ], [ -104.952043134498979, 39.714623832592665 ], [ -104.952127362403658, 39.714648932449933 ], [ -104.952230190181879, 39.714682011808144 ], [ -104.952431418336076, 39.714746090862349 ], [ -104.952512073292937, 39.714773575870169 ], [ -104.952604127996935, 39.714820674291346 ], [ -104.95266785590816, 39.714853571301411 ], [ -104.952712930352519, 39.714885351998973 ], [ -104.952822590002398, 39.71495415165333 ], [ -104.952913780089986, 39.714998157183459 ], [ -104.953073160448454, 39.715072678117885 ], [ -104.953206813873294, 39.715141588914875 ], [ -104.953361687819637, 39.715224324626391 ], [ -104.95351309295296, 39.71529606260151 ], [ -104.953640588288465, 39.715357051394662 ], [ -104.953707036503019, 39.715383097164747 ], [ -104.953788578647732, 39.715410928987112 ], [ -104.953856008830883, 39.715424968630664 ], [ -104.953954563727052, 39.715436407281828 ], [ -104.954043324238484, 39.715450202903419 ], [ -104.954117040047464, 39.715456035699447 ], [ -104.954255583834112, 39.715467659265549 ], [ -104.954375359457487, 39.715492922817248 ], [ -104.954516358808561, 39.715531667437297 ], [ -104.954640407279911, 39.715578913002616 ], [ -104.954731770328863, 39.715600955436152 ], [ -104.954802766600508, 39.715613638695714 ], [ -104.954961642940773, 39.715639082414746 ], [ -104.955099171183321, 39.715667172720273 ], [ -104.955275781251032, 39.715697845911279 ], [ -104.955353833260347, 39.715717424358544 ], [ -104.955448791658625, 39.715734335580173 ], [ -104.955505622585804, 39.715740089286172 ], [ -104.955608706507803, 39.715740566402523 ], [ -104.955735783833816, 39.715741154446263 ], [ -104.955817455219005, 39.715752513462355 ], [ -104.955915960073099, 39.715770470352943 ], [ -104.956001164188436, 39.715784591422874 ], [ -104.956110362220997, 39.715798822721979 ], [ -104.956294143837525, 39.715821634397926 ], [ -104.956375814560914, 39.715832993172732 ], [ -104.956492082282665, 39.71585240453873 ], [ -104.956623433364655, 39.715874973583745 ], [ -104.956697170314328, 39.715878059416745 ], [ -104.956803830313063, 39.715875806762554 ], [ -104.957082879094315, 39.715875722659682 ], [ -104.957220620512956, 39.715876358317217 ], [ -104.957418833384494, 39.715871781879507 ], [ -104.957561124106434, 39.715858711576004 ], [ -104.957670535100817, 39.715845489464513 ], [ -104.957808400842751, 39.715829996602743 ], [ -104.957911569563194, 39.715819490733786 ], [ -104.958124159874785, 39.715794390373553 ], [ -104.958361557592184, 39.715779011343116 ], [ -104.95848875975031, 39.71576346873357 ], [ -104.958665771347299, 39.715742320809532 ], [ -104.958817921452763, 39.715718313604974 ], [ -104.958913991371901, 39.715706400825944 ], [ -104.958981593579963, 39.715698476303494 ], [ -104.95931877078705, 39.715663513723655 ], [ -104.95932103144898, 39.716080535204881 ], [ -104.959329965008777, 39.718193310488573 ], [ -104.959320683260131, 39.718351381745052 ], [ -104.959314389434283, 39.718459089585373 ], [ -104.959448746229512, 39.719427705587357 ], [ -104.959444716962679, 39.720988728909582 ], [ -104.959453069253186, 39.722557701362391 ], [ -104.959464912904565, 39.724134924804794 ], [ -104.959469163781307, 39.724967452810802 ], [ -104.959795463307685, 39.725184113759447 ], [ -104.959941400451939, 39.725277093642646 ], [ -104.960060647877071, 39.725373383039418 ], [ -104.960122312930238, 39.72544504359643 ], [ -104.960159110955033, 39.725514187563491 ], [ -104.960180561944739, 39.725614147031401 ], [ -104.959602802729094, 39.725618356807395 ], [ -104.959461466220048, 39.725620453543605 ], [ -104.958894392624302, 39.725621963556847 ], [ -104.95823845783103, 39.72562100395016 ], [ -104.95786693183959, 39.725621351420635 ], [ -104.957659838858177, 39.725621426363958 ], [ -104.95729187127175, 39.725621445293648 ], [ -104.957060777939418, 39.725621751644866 ], [ -104.956715026890635, 39.725622214626434 ], [ -104.956459056051187, 39.725621375424723 ], [ -104.956138198461034, 39.725620922031595 ], [ -104.955848451633841, 39.725620268534968 ], [ -104.955549821823269, 39.725618886908784 ], [ -104.955236071925441, 39.72561880712702 ], [ -104.9549712081172, 39.725618610067265 ], [ -104.954637902899393, 39.725618781222551 ], [ -104.954396125502655, 39.725621434863584 ], [ -104.954043266835185, 39.725621513701256 ], [ -104.953821955646518, 39.725621172778013 ], [ -104.953428213568102, 39.725621059912129 ], [ -104.952833620262183, 39.725618296015483 ], [ -104.9526683074847, 39.725617527044676 ], [ -104.952223918346661, 39.725615458767457 ], [ -104.951623079673794, 39.725615748283282 ], [ -104.951506644505301, 39.725615891805759 ], [ -104.951011575621237, 39.725615984711169 ], [ -104.950404516207954, 39.725616238724179 ], [ -104.950344076428678, 39.725616299740409 ], [ -104.950023213781378, 39.725616515954016 ], [ -104.949804566475692, 39.725616523105508 ], [ -104.94951749061093, 39.725615180199988 ], [ -104.949203741515589, 39.725615084535434 ], [ -104.948964651509144, 39.725614994366055 ], [ -104.948592240223434, 39.725614965222327 ], [ -104.948410961947843, 39.725609997441325 ], [ -104.947390595750704, 39.725611385746404 ], [ -104.946787982282785, 39.725611298852741 ], [ -104.946761316337316, 39.725611516838235 ], [ -104.946180922307363, 39.725611531471074 ], [ -104.945660065478393, 39.725613196253398 ], [ -104.945108102370412, 39.725614712219617 ], [ -104.944563272923205, 39.725613170664566 ], [ -104.944006889694265, 39.725611572034595 ], [ -104.943465615657473, 39.72561004219866 ], [ -104.943162536830243, 39.725609294189255 ], [ -104.942926119098843, 39.725608518138358 ], [ -104.942551927082476, 39.725608805022851 ], [ -104.942399048822736, 39.725609109775753 ], [ -104.941951974918325, 39.725609392025547 ], [ -104.941858646904123, 39.725609634198733 ], [ -104.941344933307818, 39.725607195917746 ], [ -104.940701441779908, 39.725606199026466 ], [ -104.940698522859435, 39.725303516884772 ], [ -104.9407061204749, 39.72435059378023 ], [ -104.940704417953128, 39.724118265283344 ], [ -104.940712964015574, 39.723157796732316 ], [ -104.940710737402839, 39.722545242527346 ], [ -104.940712646351656, 39.720968079901468 ], [ -104.940717994519431, 39.719405345581336 ], [ -104.940718513255945, 39.718356480966889 ], [ -104.940718788493584, 39.717800180137111 ], [ -104.940717945456058, 39.717463059460634 ], [ -104.940714863714049, 39.716230736433282 ], [ -104.940707796023517, 39.715071379024636 ], [ -104.940705236031405, 39.714651456628488 ], [ -104.940694769944301, 39.713065994533778 ], [ -104.940714691874561, 39.711570242477165 ] ] ] ] } },
{ "type": "Feature", "properties": { "NBHD_ID": 22, "NBHD_NAME": "Country Club", "TYPOLOGY": null, "NOTES": null, "GLOBALID": "193bfe3a-f90f-4dde-81e8-ccb2cf788024" }, "geometry": { "type": "MultiPolygon", "coordinates": [ [ [ [ -104.960180561944739, 39.725614147031401 ], [ -104.960159110955033, 39.725514187563491 ], [ -104.960122312930238, 39.72544504359643 ], [ -104.960060647877071, 39.725373383039418 ], [ -104.959941400451939, 39.725277093642646 ], [ -104.959795463307685, 39.725184113759447 ], [ -104.959469163781307, 39.724967452810802 ], [ -104.959464912904565, 39.724134924804794 ], [ -104.959453069253186, 39.722557701362391 ], [ -104.959444716962679, 39.720988728909582 ], [ -104.959448746229512, 39.719427705587357 ], [ -104.959314389434283, 39.718459089585373 ], [ -104.959320683260131, 39.718351381745052 ], [ -104.959329965008777, 39.718193310488573 ], [ -104.95932103144898, 39.716080535204881 ], [ -104.95931877078705, 39.715663513723655 ], [ -104.959340346569803, 39.715661276278901 ], [ -104.959409392210262, 39.71565411647363 ], [ -104.959498320879646, 39.715646289260839 ], [ -104.959589936575583, 39.715635729086628 ], [ -104.959700171791766, 39.715630744592836 ], [ -104.959753385551096, 39.715644715548372 ], [ -104.959841362129936, 39.715645119570723 ], [ -104.959937400068796, 39.715637324872638 ], [ -104.960000557566346, 39.71562937870619 ], [ -104.960061067697566, 39.715619018496028 ], [ -104.960103828646396, 39.715605488422717 ], [ -104.96015368860381, 39.715593363483173 ], [ -104.960216888084204, 39.715579926765223 ], [ -104.960344938448415, 39.715569533190319 ], [ -104.96048280628122, 39.715553694027406 ], [ -104.960627759567174, 39.715540975360227 ], [ -104.960752233910284, 39.715533310133651 ], [ -104.960858046553781, 39.715525559293567 ], [ -104.960950571874818, 39.715512256539604 ], [ -104.961059960599172, 39.715501776867711 ], [ -104.961169327884491, 39.715494042034003 ], [ -104.961265333851969, 39.715490363713577 ], [ -104.961371146632786, 39.715482612563584 ], [ -104.961467244504078, 39.715466923753844 ], [ -104.961598087032485, 39.715440069765549 ], [ -104.961761064971597, 39.715394488635461 ], [ -104.961910653229452, 39.715356739168747 ], [ -104.962016673285689, 39.71532187842697 ], [ -104.962091530044503, 39.715294767472734 ], [ -104.962154782207676, 39.715274467260649 ], [ -104.962300833635567, 39.715234298465482 ], [ -104.962481565517152, 39.715191199751935 ], [ -104.9626443953196, 39.715164833745106 ], [ -104.962775278938921, 39.715132488209456 ], [ -104.962874996460684, 39.715108236087005 ], [ -104.96296667161981, 39.715089780619969 ], [ -104.963034355457395, 39.715070872385994 ], [ -104.963070090327733, 39.715046327805503 ], [ -104.963129921395819, 39.715008510229723 ], [ -104.963208644581684, 39.714940579854904 ], [ -104.963329322593069, 39.714848133949296 ], [ -104.963386447923867, 39.714815450592837 ], [ -104.963475551162574, 39.714784629421175 ], [ -104.963595727459676, 39.714757724612767 ], [ -104.963719458676721, 39.714730835638115 ], [ -104.963787265227936, 39.7146957988747 ], [ -104.963837239282924, 39.714668574181424 ], [ -104.963901428560348, 39.714641756781973 ], [ -104.963946812087386, 39.714633727894238 ], [ -104.963989529547959, 39.714625686488979 ], [ -104.96405359552692, 39.714614997050511 ], [ -104.964078582219642, 39.714601384548011 ], [ -104.964131261012582, 39.714569024302747 ], [ -104.964202666491829, 39.714528169936159 ], [ -104.96429196813861, 39.714471268525067 ], [ -104.964394619875875, 39.714411682645547 ], [ -104.964525781255716, 39.714342617924913 ], [ -104.964611383654159, 39.714304573527016 ], [ -104.964671978627095, 39.7142828866453 ], [ -104.964753093026573, 39.714250655578418 ], [ -104.964849274828111, 39.714223640053838 ], [ -104.964916048029025, 39.714207472034474 ], [ -104.965012206676377, 39.714183545092368 ], [ -104.965118142645565, 39.714159319151243 ], [ -104.965185804338574, 39.71414315501913 ], [ -104.965260491487442, 39.714138004095012 ], [ -104.965323542233733, 39.714143781188049 ], [ -104.965390932450021, 39.714163304718411 ], [ -104.965461855993581, 39.714185589305011 ], [ -104.965517714219558, 39.714202314916413 ], [ -104.965553210105227, 39.714208996117051 ], [ -104.965606465249536, 39.714217474191415 ], [ -104.965659762484123, 39.714220461502691 ], [ -104.965694398519688, 39.714223364276606 ], [ -104.965772556311165, 39.714229209748702 ], [ -104.965843584544785, 39.714237767982134 ], [ -104.965885329268616, 39.714240702980618 ], [ -104.96597049181095, 39.714260306674191 ], [ -104.966066196041439, 39.714296086812645 ], [ -104.966160945955991, 39.714340441789517 ], [ -104.966252990717237, 39.714389931862357 ], [ -104.966319324978997, 39.714431412126856 ], [ -104.966375866559389, 39.714475250188102 ], [ -104.966460739800468, 39.714532943326823 ], [ -104.966558860044955, 39.714601677783904 ], [ -104.966685259816998, 39.714691129765804 ], [ -104.966798507895035, 39.714757187164857 ], [ -104.966893217177429, 39.714807031832137 ], [ -104.967024238391204, 39.714873169357077 ], [ -104.967171956033823, 39.714964090010618 ], [ -104.967301904124682, 39.715054587124897 ], [ -104.967408041549987, 39.715120954650416 ], [ -104.96757709114064, 39.715211628637263 ], [ -104.967766989244438, 39.715365538231616 ], [ -104.967910966977371, 39.715481149101599 ], [ -104.967981655863014, 39.715534658489801 ], [ -104.968047808017886, 39.715600501839724 ], [ -104.96812902520503, 39.715671903743228 ], [ -104.968206688538089, 39.715743289069877 ], [ -104.968279825102087, 39.715825635431415 ], [ -104.968353892339252, 39.715902495526635 ], [ -104.968410228305245, 39.715973784969634 ], [ -104.968469248571893, 39.716042683803146 ], [ -104.968500889038765, 39.716089153320056 ], [ -104.968630497927379, 39.716224944839531 ], [ -104.968724247880772, 39.716325443862281 ], [ -104.96874333456384, 39.716345904437489 ], [ -104.968803204882349, 39.716419954424374 ], [ -104.968851731029631, 39.716466500490931 ], [ -104.968915301548122, 39.716521350168861 ], [ -104.969000197859117, 39.71657663920876 ], [ -104.969087887939281, 39.716615126047593 ], [ -104.969155064775975, 39.716663128576933 ], [ -104.969224812889195, 39.71672384016351 ], [ -104.969288342727836, 39.716784179669929 ], [ -104.969365945592116, 39.716863800479821 ], [ -104.969439147226041, 39.716937910461191 ], [ -104.96954851748032, 39.71704752893536 ], [ -104.969639347749691, 39.717140935329247 ], [ -104.969731045907423, 39.717237090746352 ], [ -104.969800776417301, 39.717300203950579 ], [ -104.969875012568721, 39.717355100957867 ], [ -104.969949287722741, 39.717404850951958 ], [ -104.970029786955948, 39.71745428580985 ], [ -104.970100479181156, 39.717507794487773 ], [ -104.970146483246793, 39.717535454364338 ], [ -104.970255461445063, 39.717579527068501 ], [ -104.970344059808539, 39.717615614631711 ], [ -104.970495632693925, 39.717668114343553 ], [ -104.970597540679847, 39.717707007209668 ], [ -104.970693375719577, 39.717726312536442 ], [ -104.970760791062901, 39.717743087419741 ], [ -104.97080596880339, 39.717762508063885 ], [ -104.970905172230246, 39.717806535783836 ], [ -104.970992748262162, 39.717860462781566 ], [ -104.971120431272112, 39.717899127768604 ], [ -104.971218888479896, 39.717924278202062 ], [ -104.971335866001539, 39.717968385248909 ], [ -104.971423680615246, 39.717990742294887 ], [ -104.971561281571411, 39.71801057750141 ], [ -104.971692540825146, 39.718046512693597 ], [ -104.971783909791739, 39.71806888543194 ], [ -104.971862010636841, 39.718082962426017 ], [ -104.972116642040234, 39.718140040734838 ], [ -104.972713680012646, 39.718282042108193 ], [ -104.972773119053244, 39.718296034843078 ], [ -104.972883109672608, 39.718323980649252 ], [ -104.972963951537821, 39.718342130179316 ], [ -104.973031275977391, 39.718357244812566 ], [ -104.97314748773988, 39.718385218439437 ], [ -104.97325794934055, 39.718410005922181 ], [ -104.973281004310294, 39.718712505863593 ], [ -104.973261916858561, 39.718769042516307 ], [ -104.973261686933725, 39.719383486520101 ], [ -104.973258646912683, 39.719441280833585 ], [ -104.973193874166199, 39.719664045747422 ], [ -104.973110090554201, 39.719814661709854 ], [ -104.973004908831243, 39.719974446681086 ], [ -104.972940771242108, 39.720112452841377 ], [ -104.972921164670566, 39.720237962471053 ], [ -104.972920669266614, 39.721959942935491 ], [ -104.9729259135799, 39.723746118836999 ], [ -104.972924552148825, 39.72558339531269 ], [ -104.972949054537793, 39.727290728517673 ], [ -104.972945346684355, 39.729085440001036 ], [ -104.971788937988379, 39.72908677380024 ], [ -104.970631586055745, 39.729095299029382 ], [ -104.969471650222161, 39.729092819525768 ], [ -104.968897452163276, 39.729092630965425 ], [ -104.96831702909293, 39.729092754649727 ], [ -104.967740161758059, 39.729092891757531 ], [ -104.967151739961054, 39.729092973506908 ], [ -104.966573957463282, 39.729096532232113 ], [ -104.965891286289263, 39.72910064148958 ], [ -104.964832639693938, 39.729103380372059 ], [ -104.964251299413093, 39.729107254686937 ], [ -104.963674400727939, 39.729111489555038 ], [ -104.963098416526051, 39.729112293785271 ], [ -104.962516208043482, 39.729113410591722 ], [ -104.961941999306546, 39.729114560851436 ], [ -104.961360679594961, 39.72911567555294 ], [ -104.960780256845837, 39.729115761657255 ], [ -104.960202500502973, 39.729115857934829 ], [ -104.960191390240141, 39.72732553837541 ], [ -104.960172907696347, 39.727121959109773 ], [ -104.960180561944739, 39.725614147031401 ] ] ] ] } },
{ "type": "Feature", "properties": { "NBHD_ID": 20, "NBHD_NAME": "Congress Park", "TYPOLOGY": null, "NOTES": null, "GLOBALID": "24dc5070-2d8e-4d84-a718-9d61d35f62f9" }, "geometry": { "type": "MultiPolygon", "coordinates": [ [ [ [ -104.940673581641931, 39.74013582289178 ], [ -104.94067411316702, 39.738285850933465 ], [ -104.940680415353071, 39.736715238256942 ], [ -104.940671978782902, 39.735097884822522 ], [ -104.940677841307803, 39.734697101732742 ], [ -104.940683559229058, 39.733645685692608 ], [ -104.940688102407194, 39.732853007122117 ], [ -104.940692503203678, 39.732078171313169 ], [ -104.94069815476017, 39.731034990236125 ], [ -104.940698971385572, 39.730486623628003 ], [ -104.940702736764578, 39.72923410422289 ], [ -104.940709162103275, 39.7273134629718 ], [ -104.940710785084633, 39.726886921372603 ], [ -104.940701441779908, 39.725606199026466 ], [ -104.941344933307818, 39.725607195917746 ], [ -104.941858646904123, 39.725609634198733 ], [ -104.941951974918325, 39.725609392025547 ], [ -104.942399048822736, 39.725609109775753 ], [ -104.942551927082476, 39.725608805022851 ], [ -104.942926119098843, 39.725608518138358 ], [ -104.943162536830243, 39.725609294189255 ], [ -104.943465615657473, 39.72561004219866 ], [ -104.944006889694265, 39.725611572034595 ], [ -104.944563272923205, 39.725613170664566 ], [ -104.945108102370412, 39.725614712219617 ], [ -104.945660065478393, 39.725613196253398 ], [ -104.946180922307363, 39.725611531471074 ], [ -104.946761316337316, 39.725611516838235 ], [ -104.946787982282785, 39.725611298852741 ], [ -104.947390595750704, 39.725611385746404 ], [ -104.948410961947843, 39.725609997441325 ], [ -104.948592240223434, 39.725614965222327 ], [ -104.948964651509144, 39.725614994366055 ], [ -104.949203741515589, 39.725615084535434 ], [ -104.94951749061093, 39.725615180199988 ], [ -104.949804566475692, 39.725616523105508 ], [ -104.950023213781378, 39.725616515954016 ], [ -104.950344076428678, 39.725616299740409 ], [ -104.950404516207954, 39.725616238724179 ], [ -104.951011575621237, 39.725615984711169 ], [ -104.951506644505301, 39.725615891805759 ], [ -104.951623079673794, 39.725615748283282 ], [ -104.952223918346661, 39.725615458767457 ], [ -104.9526683074847, 39.725617527044676 ], [ -104.952833620262183, 39.725618296015483 ], [ -104.953428213568102, 39.725621059912129 ], [ -104.953821955646518, 39.725621172778013 ], [ -104.954043266835185, 39.725621513701256 ], [ -104.954396125502655, 39.725621434863584 ], [ -104.954637902899393, 39.725618781222551 ], [ -104.9549712081172, 39.725618610067265 ], [ -104.955236071925441, 39.72561880712702 ], [ -104.955549821823269, 39.725618886908784 ], [ -104.955848451633841, 39.725620268534968 ], [ -104.956138198461034, 39.725620922031595 ], [ -104.956459056051187, 39.725621375424723 ], [ -104.956715026890635, 39.725622214626434 ], [ -104.957060777939418, 39.725621751644866 ], [ -104.95729187127175, 39.725621445293648 ], [ -104.957659838858177, 39.725621426363958 ], [ -104.95786693183959, 39.725621351420635 ], [ -104.95823845783103, 39.72562100395016 ], [ -104.958894392624302, 39.725621963556847 ], [ -104.959461466220048, 39.725620453543605 ], [ -104.959602802729094, 39.725618356807395 ], [ -104.960180561944739, 39.725614147031401 ], [ -104.960172907696347, 39.727121959109773 ], [ -104.960191390240141, 39.72732553837541 ], [ -104.960202500502973, 39.729115857934829 ], [ -104.960179406913639, 39.730499717546593 ], [ -104.960104206535235, 39.730684679020094 ], [ -104.959907584030276, 39.73093908797653 ], [ -104.959849556922308, 39.731087066875283 ], [ -104.959854442988728, 39.731491331759905 ], [ -104.95984373035337, 39.731959009726651 ], [ -104.95980918431836, 39.732289657752325 ], [ -104.959805494801017, 39.733461188898573 ], [ -104.959803049502852, 39.735048291844436 ], [ -104.95979475386811, 39.736817927456165 ], [ -104.959787045580498, 39.738395739411509 ], [ -104.959790859073138, 39.739731332334934 ], [ -104.959791612662173, 39.739995567821992 ], [ -104.959479432431962, 39.740014381136724 ], [ -104.959292535762003, 39.740041318311903 ], [ -104.959149249138449, 39.740061935982816 ], [ -104.958807381771535, 39.740125907203762 ], [ -104.958453232893007, 39.740168545549416 ], [ -104.958120479635895, 39.740203388691434 ], [ -104.95800131047757, 39.740209016792214 ], [ -104.957902595970253, 39.740213709524873 ], [ -104.957437736830698, 39.74020264457581 ], [ -104.95686169361754, 39.740199301048641 ], [ -104.956280314393624, 39.740196272771122 ], [ -104.955692714488194, 39.740192869920556 ], [ -104.955185381107242, 39.740189835992254 ], [ -104.954753066548534, 39.740190235498766 ], [ -104.954203684606441, 39.740188031924411 ], [ -104.954175224570633, 39.740189615900931 ], [ -104.953608965296482, 39.740185614926176 ], [ -104.953576962575994, 39.740185466724114 ], [ -104.952998252858436, 39.7401820914993 ], [ -104.952409748275542, 39.740180727161189 ], [ -104.951832822427491, 39.740176668000977 ], [ -104.95124964640361, 39.74017600898727 ], [ -104.95071182089454, 39.740173842800232 ], [ -104.950661168721297, 39.740171204107831 ], [ -104.950069986941159, 39.740171188127263 ], [ -104.949480609920158, 39.740167745999472 ], [ -104.949431708745507, 39.740168546841069 ], [ -104.948940106911138, 39.740166931996711 ], [ -104.94885654461585, 39.740166540644132 ], [ -104.948379185325408, 39.740162587923557 ], [ -104.948271604317029, 39.74016414242093 ], [ -104.947834229286755, 39.740162777196488 ], [ -104.94769288422124, 39.7401621138631 ], [ -104.947283066926772, 39.740160876132713 ], [ -104.946549667421976, 39.740158115508123 ], [ -104.946175427344883, 39.740154638804732 ], [ -104.945955826795839, 39.740157036770739 ], [ -104.945626008243963, 39.740157198734607 ], [ -104.945376201602329, 39.740157051269279 ], [ -104.944801051007346, 39.740153309326359 ], [ -104.94451925528567, 39.740151293522047 ], [ -104.94417028295436, 39.740148959147994 ], [ -104.943060298485165, 39.74014840833452 ], [ -104.941880801657774, 39.740140524496738 ], [ -104.941326086792742, 39.740138235302375 ], [ -104.940673581641931, 39.74013582289178 ] ] ] ] } },
{ "type": "Feature", "properties": { "NBHD_ID": 14, "NBHD_NAME": "City Park", "TYPOLOGY": null, "NOTES": null, "GLOBALID": "d706c82c-6d9a-4e51-9371-09c85214d074" }, "geometry": { "type": "MultiPolygon", "coordinates": [ [ [ [ -104.940631039017646, 39.751043264808629 ], [ -104.940638221424265, 39.749250984545746 ], [ -104.940645003194419, 39.747397617998566 ], [ -104.940649760210917, 39.746132414494475 ], [ -104.940654645518279, 39.744962609320062 ], [ -104.940663349292038, 39.743759878518048 ], [ -104.940660834314059, 39.743406412534988 ], [ -104.940663903698422, 39.742575638802833 ], [ -104.940666236867983, 39.74194869788068 ], [ -104.940666864319624, 39.741758590782354 ], [ -104.940667995022167, 39.741393817874027 ], [ -104.940673581641931, 39.74013582289178 ], [ -104.941326086792742, 39.740138235302375 ], [ -104.941880801657774, 39.740140524496738 ], [ -104.943060298485165, 39.74014840833452 ], [ -104.94417028295436, 39.740148959147994 ], [ -104.94451925528567, 39.740151293522047 ], [ -104.944801051007346, 39.740153309326359 ], [ -104.945376201602329, 39.740157051269279 ], [ -104.945626008243963, 39.740157198734607 ], [ -104.945955826795839, 39.740157036770739 ], [ -104.946175427344883, 39.740154638804732 ], [ -104.946549667421976, 39.740158115508123 ], [ -104.947283066926772, 39.740160876132713 ], [ -104.94769288422124, 39.7401621138631 ], [ -104.947834229286755, 39.740162777196488 ], [ -104.948271604317029, 39.74016414242093 ], [ -104.948379185325408, 39.740162587923557 ], [ -104.94885654461585, 39.740166540644132 ], [ -104.948940106911138, 39.740166931996711 ], [ -104.949431708745507, 39.740168546841069 ], [ -104.949480609920158, 39.740167745999472 ], [ -104.950069986941159, 39.740171188127263 ], [ -104.950661168721297, 39.740171204107831 ], [ -104.95071182089454, 39.740173842800232 ], [ -104.95124964640361, 39.74017600898727 ], [ -104.951832822427491, 39.740176668000977 ], [ -104.952409748275542, 39.740180727161189 ], [ -104.952998252858436, 39.7401820914993 ], [ -104.953576962575994, 39.740185466724114 ], [ -104.953608965296482, 39.740185614926176 ], [ -104.954175224570633, 39.740189615900931 ], [ -104.954203684606441, 39.740188031924411 ], [ -104.954753066548534, 39.740190235498766 ], [ -104.955185381107242, 39.740189835992254 ], [ -104.955692714488194, 39.740192869920556 ], [ -104.956280314393624, 39.740196272771122 ], [ -104.95686169361754, 39.740199301048641 ], [ -104.957437736830698, 39.74020264457581 ], [ -104.957902595970253, 39.740213709524873 ], [ -104.95800131047757, 39.740209016792214 ], [ -104.958120479635895, 39.740203388691434 ], [ -104.958453232893007, 39.740168545549416 ], [ -104.958807381771535, 39.740125907203762 ], [ -104.959149249138449, 39.740061935982816 ], [ -104.959292535762003, 39.740041318311903 ], [ -104.959479432431962, 39.740014381136724 ], [ -104.959791612662173, 39.739995567821992 ], [ -104.959787064887792, 39.741624866191849 ], [ -104.959793091351344, 39.743266222451766 ], [ -104.959800146386485, 39.74477409353549 ], [ -104.95979410889268, 39.746942826560989 ], [ -104.959777258238432, 39.748206943654615 ], [ -104.959771141553361, 39.749462530890774 ], [ -104.959776538513012, 39.750724003374714 ], [ -104.959232371245008, 39.750726651909467 ], [ -104.958796536136362, 39.750747640122526 ], [ -104.958388974435763, 39.750791748097818 ], [ -104.957878048216131, 39.750864890823642 ], [ -104.957269320460128, 39.750937579962091 ], [ -104.956672216236527, 39.751001740679463 ], [ -104.955306345828618, 39.751137151269376 ], [ -104.954954979570616, 39.751157486749243 ], [ -104.954514745802712, 39.751171918714725 ], [ -104.949873617151113, 39.751161569376741 ], [ -104.949071490093019, 39.7511597616706 ], [ -104.945740028392478, 39.75115219766424 ], [ -104.943253112804626, 39.751152812618521 ], [ -104.942412087882317, 39.751140595460427 ], [ -104.940631039017646, 39.751043264808629 ] ] ] ] } },
{ "type": "Feature", "properties": { "NBHD_ID": 17, "NBHD_NAME": "Clayton", "TYPOLOGY": "NEST", "NOTES": null, "GLOBALID": "5c40090b-add0-4c17-b091-be4ee1d689ab" }, "geometry": { "type": "MultiPolygon", "coordinates": [ [ [ [ -104.940588193969589, 39.761964657234373 ], [ -104.940725813621839, 39.761950260438816 ], [ -104.941159337077764, 39.761923813822179 ], [ -104.941359297740661, 39.761906968049935 ], [ -104.941670908039441, 39.761863960095432 ], [ -104.942082662990771, 39.761791768075447 ], [ -104.94233271936433, 39.761757363947318 ], [ -104.942544208076427, 39.761740570780219 ], [ -104.942721111770993, 39.761723613751379 ], [ -104.942920953405888, 39.761721593840115 ], [ -104.943120771993151, 39.761722539345556 ], [ -104.943297533953796, 39.761723375468435 ], [ -104.943512605141052, 39.761739221517836 ], [ -104.943735314941037, 39.76176103414857 ], [ -104.943988648139623, 39.761797820537936 ], [ -104.944249573088214, 39.76184650503005 ], [ -104.944571957636228, 39.761898444626006 ], [ -104.944848441884005, 39.761923475341433 ], [ -104.945036639050471, 39.761936225987789 ], [ -104.945286412144341, 39.761937403122026 ], [ -104.945898109425073, 39.761940284793084 ], [ -104.946271965557557, 39.761942044476228 ], [ -104.947111681440191, 39.761945990655008 ], [ -104.947503240151462, 39.761945504642142 ], [ -104.947611252113575, 39.761945370289382 ], [ -104.948733405116698, 39.761943078490077 ], [ -104.948933201168771, 39.761942669326352 ], [ -104.949709326682893, 39.761958163459809 ], [ -104.94992435639665, 39.761960862011577 ], [ -104.950085885932879, 39.761962888926988 ], [ -104.951193410726091, 39.761970050679274 ], [ -104.952425036122861, 39.761978002006494 ], [ -104.95365656504076, 39.761985940048234 ], [ -104.954884486717944, 39.761993904506888 ], [ -104.95502946680088, 39.761986480212855 ], [ -104.955510196455322, 39.761984603374778 ], [ -104.956114842175637, 39.761992203017179 ], [ -104.956731119955592, 39.761990587837786 ], [ -104.957346506088811, 39.761989308646157 ], [ -104.957963638743095, 39.761992152068572 ], [ -104.95857454670309, 39.761994963623955 ], [ -104.959184573106285, 39.761996738486111 ], [ -104.959762585942826, 39.761998363312848 ], [ -104.9597644676589, 39.763254666711411 ], [ -104.959770021495487, 39.764495887677938 ], [ -104.959756783885709, 39.765752120712804 ], [ -104.959755448271949, 39.766964140559331 ], [ -104.959756001818917, 39.768161755947233 ], [ -104.959752611247396, 39.769294153106934 ], [ -104.959751592308407, 39.771157481157779 ], [ -104.959749561344736, 39.771421015080534 ], [ -104.959740364013513, 39.771921979300494 ], [ -104.959666064109541, 39.772215035853222 ], [ -104.959410856202055, 39.772900517341704 ], [ -104.958271376627891, 39.772919300424469 ], [ -104.957180055914634, 39.77292113655529 ], [ -104.954163203877798, 39.772917482717688 ], [ -104.953620696334212, 39.772913250222445 ], [ -104.953063069548662, 39.772908945238839 ], [ -104.95251425628841, 39.772914972983322 ], [ -104.951954769835936, 39.772920948886565 ], [ -104.950854662408631, 39.772908959216629 ], [ -104.950300550664451, 39.772910148309961 ], [ -104.94983449202995, 39.772911059567839 ], [ -104.949286624378274, 39.772909870807915 ], [ -104.949197684201252, 39.77290979765008 ], [ -104.94865070303689, 39.772908953050447 ], [ -104.947550569513766, 39.7729003642607 ], [ -104.94698845877187, 39.772900813682355 ], [ -104.946411224976671, 39.772901532281097 ], [ -104.942943514881549, 39.772888607062221 ], [ -104.941698386123093, 39.772882708697431 ], [ -104.941002857533022, 39.772883869151066 ], [ -104.940627250312019, 39.772884113874859 ], [ -104.94061707671888, 39.769188996726378 ], [ -104.940628401072914, 39.768102528767855 ], [ -104.940640539342951, 39.76691505748385 ], [ -104.940635759392762, 39.765802891004718 ], [ -104.940580078885858, 39.765677503078038 ], [ -104.940579843534394, 39.764481747574756 ], [ -104.940581940590079, 39.763773139308341 ], [ -104.940588193969589, 39.761964657234373 ] ] ] ] } },
{ "type": "Feature", "properties": { "NBHD_ID": 55, "NBHD_NAME": "Skyland", "TYPOLOGY": null, "NOTES": null, "GLOBALID": "8d62c6a6-6bf3-4744-a4cf-55817c0deef4" }, "geometry": { "type": "MultiPolygon", "coordinates": [ [ [ [ -104.940631039017646, 39.751043264808629 ], [ -104.942412087882317, 39.751140595460427 ], [ -104.943253112804626, 39.751152812618521 ], [ -104.945740028392478, 39.75115219766424 ], [ -104.949071490093019, 39.7511597616706 ], [ -104.949873617151113, 39.751161569376741 ], [ -104.954514745802712, 39.751171918714725 ], [ -104.954954979570616, 39.751157486749243 ], [ -104.955306345828618, 39.751137151269376 ], [ -104.956672216236527, 39.751001740679463 ], [ -104.957269320460128, 39.750937579962091 ], [ -104.957878048216131, 39.750864890823642 ], [ -104.958388974435763, 39.750791748097818 ], [ -104.958796536136362, 39.750747640122526 ], [ -104.959232371245008, 39.750726651909467 ], [ -104.959776538513012, 39.750724003374714 ], [ -104.959778492634172, 39.751970704378195 ], [ -104.959780446891074, 39.753217404654393 ], [ -104.959768098537523, 39.754473989827609 ], [ -104.959769028380279, 39.755738185008212 ], [ -104.959775423334136, 39.756985590419639 ], [ -104.959772902142404, 39.758236042246089 ], [ -104.959763294106892, 39.759483029670271 ], [ -104.959768618182295, 39.760754105841265 ], [ -104.959762585942826, 39.761998363312848 ], [ -104.959184573106285, 39.761996738486111 ], [ -104.95857454670309, 39.761994963623955 ], [ -104.957963638743095, 39.761992152068572 ], [ -104.957346506088811, 39.761989308646157 ], [ -104.956731119955592, 39.761990587837786 ], [ -104.956114842175637, 39.761992203017179 ], [ -104.955510196455322, 39.761984603374778 ], [ -104.95502946680088, 39.761986480212855 ], [ -104.954884486717944, 39.761993904506888 ], [ -104.95365656504076, 39.761985940048234 ], [ -104.952425036122861, 39.761978002006494 ], [ -104.951193410726091, 39.761970050679274 ], [ -104.950085885932879, 39.761962888926988 ], [ -104.94992435639665, 39.761960862011577 ], [ -104.949709326682893, 39.761958163459809 ], [ -104.948933201168771, 39.761942669326352 ], [ -104.948733405116698, 39.761943078490077 ], [ -104.947611252113575, 39.761945370289382 ], [ -104.947503240151462, 39.761945504642142 ], [ -104.947111681440191, 39.761945990655008 ], [ -104.946271965557557, 39.761942044476228 ], [ -104.945898109425073, 39.761940284793084 ], [ -104.945286412144341, 39.761937403122026 ], [ -104.945036639050471, 39.761936225987789 ], [ -104.944848441884005, 39.761923475341433 ], [ -104.944571957636228, 39.761898444626006 ], [ -104.944249573088214, 39.76184650503005 ], [ -104.943988648139623, 39.761797820537936 ], [ -104.943735314941037, 39.76176103414857 ], [ -104.943512605141052, 39.761739221517836 ], [ -104.943297533953796, 39.761723375468435 ], [ -104.943120771993151, 39.761722539345556 ], [ -104.942920953405888, 39.761721593840115 ], [ -104.942721111770993, 39.761723613751379 ], [ -104.942544208076427, 39.761740570780219 ], [ -104.94233271936433, 39.761757363947318 ], [ -104.942082662990771, 39.761791768075447 ], [ -104.941670908039441, 39.761863960095432 ], [ -104.941359297740661, 39.761906968049935 ], [ -104.941159337077764, 39.761923813822179 ], [ -104.940725813621839, 39.761950260438816 ], [ -104.940588193969589, 39.761964657234373 ], [ -104.94058848006496, 39.761807407409435 ], [ -104.940595473181489, 39.760182411508289 ], [ -104.940603362331942, 39.758301948177049 ], [ -104.940610534133896, 39.756511387618076 ], [ -104.940612164690293, 39.755972638180232 ], [ -104.940616248339268, 39.755014904997616 ], [ -104.940618099704594, 39.754671412776915 ], [ -104.940618278489978, 39.754426055943568 ], [ -104.940624652072827, 39.752846873865749 ], [ -104.940631039017646, 39.751043264808629 ] ] ] ] } },
{ "type": "Feature", "properties": { "NBHD_ID": 18, "NBHD_NAME": "Cole", "TYPOLOGY": null, "NOTES": null, "GLOBALID": "b2023b47-7349-4fa2-b2dc-1535ba0e219a" }, "geometry": { "type": "MultiPolygon", "coordinates": [ [ [ [ -104.959762585942826, 39.761998363312848 ], [ -104.960375308303654, 39.761996712535847 ], [ -104.960991586283271, 39.761995075202584 ], [ -104.961603414907373, 39.761993757315523 ], [ -104.962227696084256, 39.761992150317425 ], [ -104.962843929224732, 39.761996336438138 ], [ -104.963459273020462, 39.7620005154795 ], [ -104.964114666872732, 39.762000412932153 ], [ -104.964729152931127, 39.762000463442121 ], [ -104.965350753544925, 39.762000543059514 ], [ -104.965965242282266, 39.762000244205886 ], [ -104.966583264341111, 39.762003046470866 ], [ -104.967189726628973, 39.762005793166423 ], [ -104.967819343050053, 39.762004180713099 ], [ -104.968429396109798, 39.762002475693798 ], [ -104.970889980252707, 39.762006355721525 ], [ -104.971499984106643, 39.762011155021213 ], [ -104.972125991656839, 39.762016366253953 ], [ -104.972722695535424, 39.76201595216515 ], [ -104.972897853357367, 39.762019825161893 ], [ -104.973350234476897, 39.76205410677494 ], [ -104.973354526360325, 39.762429881585469 ], [ -104.973346486636501, 39.763263371410716 ], [ -104.973340674112563, 39.763800384246906 ], [ -104.973345569440554, 39.764214251664583 ], [ -104.973350391647784, 39.764519338822211 ], [ -104.973338516819922, 39.76515309421498 ], [ -104.973329419653922, 39.765772106184265 ], [ -104.973332373530013, 39.765852417689736 ], [ -104.973338773857591, 39.766065888922661 ], [ -104.973362189464154, 39.76650042853516 ], [ -104.973358572955064, 39.766981859303478 ], [ -104.97335607980385, 39.767195290656787 ], [ -104.973347916383148, 39.767926861168192 ], [ -104.973353200736426, 39.768170525009857 ], [ -104.97335706984876, 39.76919451723397 ], [ -104.971925708602996, 39.77030747521097 ], [ -104.969734009407176, 39.771989722012613 ], [ -104.968486262576562, 39.772917819316966 ], [ -104.965947186835706, 39.772892945557189 ], [ -104.96471525578167, 39.77290588161739 ], [ -104.959410856202055, 39.772900517341704 ], [ -104.959666064109541, 39.772215035853222 ], [ -104.959740364013513, 39.771921979300494 ], [ -104.959749561344736, 39.771421015080534 ], [ -104.959751592308407, 39.771157481157779 ], [ -104.959752611247396, 39.769294153106934 ], [ -104.959756001818917, 39.768161755947233 ], [ -104.959755448271949, 39.766964140559331 ], [ -104.959756783885709, 39.765752120712804 ], [ -104.959770021495487, 39.764495887677938 ], [ -104.9597644676589, 39.763254666711411 ], [ -104.959762585942826, 39.761998363312848 ] ] ] ] } },
{ "type": "Feature", "properties": { "NBHD_ID": 15, "NBHD_NAME": "City Park West", "TYPOLOGY": null, "NOTES": null, "GLOBALID": "4019547b-e6ea-4577-a09d-7b9682425bae" }, "geometry": { "type": "MultiPolygon", "coordinates": [ [ [ [ -104.959791612662173, 39.739995567821992 ], [ -104.960412132259137, 39.739995326877136 ], [ -104.961023758946936, 39.739995384753605 ], [ -104.961642476429759, 39.739998217056147 ], [ -104.962247858782334, 39.740000985165508 ], [ -104.962861266294865, 39.740000698402284 ], [ -104.963476448350605, 39.740000759307847 ], [ -104.964134280113541, 39.740003756842484 ], [ -104.964776110440567, 39.740006677918913 ], [ -104.965391271882041, 39.740009474335004 ], [ -104.966000210706241, 39.740012239296711 ], [ -104.966615367024374, 39.740015715793987 ], [ -104.967242077774785, 39.740019584364205 ], [ -104.967858154406557, 39.740018940510474 ], [ -104.968471569334881, 39.740017594904351 ], [ -104.969698262187435, 39.740033081294271 ], [ -104.970150764676134, 39.740032374462359 ], [ -104.970321453054524, 39.740032113477966 ], [ -104.970797957656615, 39.740031512195948 ], [ -104.971300229133689, 39.740032740741164 ], [ -104.971886957590954, 39.740033659461488 ], [ -104.97214654215135, 39.740033794762851 ], [ -104.972765216238201, 39.740042402136368 ], [ -104.973001664959355, 39.740045520025618 ], [ -104.973422226829456, 39.740036421725101 ], [ -104.973402031508897, 39.741660501343254 ], [ -104.973398741089525, 39.742690648358071 ], [ -104.973397167143773, 39.743255479976604 ], [ -104.97339318360477, 39.743785985140157 ], [ -104.973400371177817, 39.744841571904935 ], [ -104.973394919122072, 39.745093768751154 ], [ -104.973375897409554, 39.7459497012483 ], [ -104.973348963114873, 39.746970553926722 ], [ -104.973345075550156, 39.747535555524344 ], [ -104.973344353020096, 39.748125577064449 ], [ -104.973366779747579, 39.748367369426795 ], [ -104.97336906756918, 39.749483671767024 ], [ -104.973367706996896, 39.750730356789347 ], [ -104.97274353672239, 39.750730650522058 ], [ -104.972123814681225, 39.750730617871596 ], [ -104.971510303200631, 39.7507323254721 ], [ -104.970887903812638, 39.750733646691273 ], [ -104.970282438313134, 39.750729550686088 ], [ -104.96966008019001, 39.750725375093708 ], [ -104.969045693127995, 39.750725350074553 ], [ -104.968435748338024, 39.750725685338615 ], [ -104.967817825335999, 39.750722892787053 ], [ -104.967188343838117, 39.750720044663609 ], [ -104.966576624318563, 39.750720019082493 ], [ -104.965952454371475, 39.750720276549565 ], [ -104.965339821445028, 39.750723328723126 ], [ -104.964720075901567, 39.750726345157737 ], [ -104.964103020880515, 39.750726282452995 ], [ -104.963461960737192, 39.750726106877948 ], [ -104.962848449086906, 39.750727769476121 ], [ -104.962236716149704, 39.750729437053955 ], [ -104.961620581734692, 39.750725247334088 ], [ -104.961005339693159, 39.750720715500414 ], [ -104.960388271978204, 39.750722348988056 ], [ -104.959776538513012, 39.750724003374714 ], [ -104.959771141553361, 39.749462530890774 ], [ -104.959777258238432, 39.748206943654615 ], [ -104.95979410889268, 39.746942826560989 ], [ -104.959800146386485, 39.74477409353549 ], [ -104.959793091351344, 39.743266222451766 ], [ -104.959787064887792, 39.741624866191849 ], [ -104.959791612662173, 39.739995567821992 ] ] ] ] } },
{ "type": "Feature", "properties": { "NBHD_ID": 77, "NBHD_NAME": "Whittier", "TYPOLOGY": null, "NOTES": null, "GLOBALID": "4790bb24-d3b0-4bc7-a955-4ffe6cacc9ff" }, "geometry": { "type": "MultiPolygon", "coordinates": [ [ [ [ -104.959776538513012, 39.750724003374714 ], [ -104.960388271978204, 39.750722348988056 ], [ -104.961005339693159, 39.750720715500414 ], [ -104.961620581734692, 39.750725247334088 ], [ -104.962236716149704, 39.750729437053955 ], [ -104.962848449086906, 39.750727769476121 ], [ -104.963461960737192, 39.750726106877948 ], [ -104.964103020880515, 39.750726282452995 ], [ -104.964720075901567, 39.750726345157737 ], [ -104.965339821445028, 39.750723328723126 ], [ -104.965952454371475, 39.750720276549565 ], [ -104.966576624318563, 39.750720019082493 ], [ -104.967188343838117, 39.750720044663609 ], [ -104.967817825335999, 39.750722892787053 ], [ -104.968435748338024, 39.750725685338615 ], [ -104.969045693127995, 39.750725350074553 ], [ -104.96966008019001, 39.750725375093708 ], [ -104.970282438313134, 39.750729550686088 ], [ -104.970887903812638, 39.750733646691273 ], [ -104.971510303200631, 39.7507323254721 ], [ -104.972123814681225, 39.750730617871596 ], [ -104.97274353672239, 39.750730650522058 ], [ -104.973367706996896, 39.750730356789347 ], [ -104.973373371320037, 39.751988740170411 ], [ -104.973374698986746, 39.753232690713197 ], [ -104.973369214751244, 39.75455485053395 ], [ -104.973370787076348, 39.754937477221063 ], [ -104.973371202257098, 39.755119009108363 ], [ -104.973377683865706, 39.755321500877713 ], [ -104.973370931622952, 39.755746984775925 ], [ -104.973371485635695, 39.756383543249072 ], [ -104.973373142797158, 39.756991624433411 ], [ -104.973364911154718, 39.757732462585324 ], [ -104.973359264185532, 39.758247514970165 ], [ -104.973334628750777, 39.759514681534839 ], [ -104.973347330368014, 39.760428220350136 ], [ -104.973351910297609, 39.760765563302968 ], [ -104.973360522591989, 39.76115817149055 ], [ -104.973353137294879, 39.761786114915218 ], [ -104.973350234476897, 39.76205410677494 ], [ -104.972897853357367, 39.762019825161893 ], [ -104.972722695535424, 39.76201595216515 ], [ -104.972125991656839, 39.762016366253953 ], [ -104.971499984106643, 39.762011155021213 ], [ -104.970889980252707, 39.762006355721525 ], [ -104.968429396109798, 39.762002475693798 ], [ -104.967819343050053, 39.762004180713099 ], [ -104.967189726628973, 39.762005793166423 ], [ -104.966583264341111, 39.762003046470866 ], [ -104.965965242282266, 39.762000244205886 ], [ -104.965350753544925, 39.762000543059514 ], [ -104.964729152931127, 39.762000463442121 ], [ -104.964114666872732, 39.762000412932153 ], [ -104.963459273020462, 39.7620005154795 ], [ -104.962843929224732, 39.761996336438138 ], [ -104.962227696084256, 39.761992150317425 ], [ -104.961603414907373, 39.761993757315523 ], [ -104.960991586283271, 39.761995075202584 ], [ -104.960375308303654, 39.761996712535847 ], [ -104.959762585942826, 39.761998363312848 ], [ -104.959768618182295, 39.760754105841265 ], [ -104.959763294106892, 39.759483029670271 ], [ -104.959772902142404, 39.758236042246089 ], [ -104.959775423334136, 39.756985590419639 ], [ -104.959769028380279, 39.755738185008212 ], [ -104.959768098537523, 39.754473989827609 ], [ -104.959780446891074, 39.753217404654393 ], [ -104.959778492634172, 39.751970704378195 ], [ -104.959776538513012, 39.750724003374714 ] ] ] ] } },
{ "type": "Feature", "properties": { "NBHD_ID": 9, "NBHD_NAME": "Capitol Hill", "TYPOLOGY": null, "NOTES": null, "GLOBALID": "14f36913-b418-43aa-acc8-91d83c99bcff" }, "geometry": { "type": "MultiPolygon", "coordinates": [ [ [ [ -104.973422226829456, 39.740036421725101 ], [ -104.973001664959355, 39.740045520025618 ], [ -104.97300982004333, 39.739551750761422 ], [ -104.973029083605056, 39.73840774520103 ], [ -104.973018315589243, 39.736883041418317 ], [ -104.97300900450459, 39.735164457668056 ], [ -104.97298877693521, 39.733715890967417 ], [ -104.972989689637728, 39.732056374902641 ], [ -104.972958124890724, 39.730460540164685 ], [ -104.972945346684355, 39.729085440001036 ], [ -104.972949054537793, 39.727290728517673 ], [ -104.973516132490616, 39.727290179152284 ], [ -104.974092101416133, 39.727289323468774 ], [ -104.975260045068936, 39.727286646000039 ], [ -104.976417323310898, 39.727283909272501 ], [ -104.977568474089736, 39.72726843711537 ], [ -104.978780834338025, 39.727269009923809 ], [ -104.97936654697321, 39.727272632951902 ], [ -104.979947818042021, 39.727275890102085 ], [ -104.981148659603761, 39.727271583452215 ], [ -104.981760132058355, 39.727277367282916 ], [ -104.982374268432338, 39.727283502432101 ], [ -104.982988422552623, 39.727287232357703 ], [ -104.983632796395071, 39.727291091564858 ], [ -104.984902972230586, 39.72728602200214 ], [ -104.986159790554822, 39.727284311114175 ], [ -104.987425499668475, 39.72728228316101 ], [ -104.987413984718003, 39.729101323665667 ], [ -104.987412942993856, 39.730460231847744 ], [ -104.987412872892904, 39.732051119308998 ], [ -104.987425409859824, 39.733863055268493 ], [ -104.987410706055726, 39.73526685553631 ], [ -104.987403531928891, 39.736856679774846 ], [ -104.987423085525563, 39.738438383935311 ], [ -104.987404662279374, 39.739621171232322 ], [ -104.987400701196336, 39.740019469571756 ], [ -104.987398845189858, 39.740113560145048 ], [ -104.986268220398301, 39.740120493586311 ], [ -104.986145238429671, 39.74006967716376 ], [ -104.985489173208322, 39.740068182812095 ], [ -104.98486599968578, 39.740066828998053 ], [ -104.984233087652086, 39.740059938578412 ], [ -104.983593953388024, 39.740053017849355 ], [ -104.982973565505361, 39.740035537800281 ], [ -104.98233707283454, 39.74003205316199 ], [ -104.981737889223467, 39.740032504045949 ], [ -104.981112034023155, 39.740033177848638 ], [ -104.980505755854736, 39.740031188939248 ], [ -104.979920815897501, 39.74002894804066 ], [ -104.979342103416911, 39.740026045937775 ], [ -104.978752721173905, 39.740023436651242 ], [ -104.978215805637774, 39.740018654837797 ], [ -104.977650445555284, 39.740013401335752 ], [ -104.976485876827795, 39.740012000861419 ], [ -104.976106207758363, 39.740021292126762 ], [ -104.975454528894289, 39.740027654415563 ], [ -104.975331839024932, 39.740028823220825 ], [ -104.974802012364464, 39.740027145775642 ], [ -104.974161070379907, 39.740024283356114 ], [ -104.973422226829456, 39.740036421725101 ] ] ] ] } },
{ "type": "Feature", "properties": { "NBHD_ID": 47, "NBHD_NAME": "North Capitol Hill", "TYPOLOGY": null, "NOTES": null, "GLOBALID": "c967f821-5965-488f-8254-0fd4dd6b6ee6" }, "geometry": { "type": "MultiPolygon", "coordinates": [ [ [ [ -104.97339318360477, 39.743785985140157 ], [ -104.973397167143773, 39.743255479976604 ], [ -104.973398741089525, 39.742690648358071 ], [ -104.973402031508897, 39.741660501343254 ], [ -104.973422226829456, 39.740036421725101 ], [ -104.974161070379907, 39.740024283356114 ], [ -104.974802012364464, 39.740027145775642 ], [ -104.975331839024932, 39.740028823220825 ], [ -104.975454528894289, 39.740027654415563 ], [ -104.976106207758363, 39.740021292126762 ], [ -104.976485876827795, 39.740012000861419 ], [ -104.977650445555284, 39.740013401335752 ], [ -104.978215805637774, 39.740018654837797 ], [ -104.978752721173905, 39.740023436651242 ], [ -104.979342103416911, 39.740026045937775 ], [ -104.979920815897501, 39.74002894804066 ], [ -104.980505755854736, 39.740031188939248 ], [ -104.981112034023155, 39.740033177848638 ], [ -104.981737889223467, 39.740032504045949 ], [ -104.98233707283454, 39.74003205316199 ], [ -104.982973565505361, 39.740035537800281 ], [ -104.983593953388024, 39.740053017849355 ], [ -104.984233087652086, 39.740059938578412 ], [ -104.98486599968578, 39.740066828998053 ], [ -104.985489173208322, 39.740068182812095 ], [ -104.986145238429671, 39.74006967716376 ], [ -104.986268220398301, 39.740120493586311 ], [ -104.987398845189858, 39.740113560145048 ], [ -104.987393835391799, 39.740859239914407 ], [ -104.98740708771254, 39.741478698279423 ], [ -104.987416145651295, 39.741699045499779 ], [ -104.987421429847018, 39.741960010155395 ], [ -104.987426597334277, 39.742215200910188 ], [ -104.987396687763265, 39.74306601423185 ], [ -104.987386191252696, 39.743364604508528 ], [ -104.987429633451171, 39.744840716191135 ], [ -104.987417292539263, 39.745069548869289 ], [ -104.987417519288812, 39.745473808043819 ], [ -104.987417779923319, 39.745938913365087 ], [ -104.987417926095986, 39.746199227147486 ], [ -104.987410810362206, 39.746686136673439 ], [ -104.987406880244095, 39.746980548822812 ], [ -104.9874102944067, 39.74736491606901 ], [ -104.987317442078492, 39.747427867155956 ], [ -104.987211846326957, 39.747529926789824 ], [ -104.986115442824413, 39.747533234146516 ], [ -104.985686007651822, 39.747534103189146 ], [ -104.985584144080235, 39.747603319315402 ], [ -104.985489767527497, 39.747583428958947 ], [ -104.985386385137872, 39.747572291873588 ], [ -104.985228640584623, 39.747562275922512 ], [ -104.985101082579178, 39.747554723201056 ], [ -104.984948799897978, 39.747552219402522 ], [ -104.984861666225243, 39.747555623697231 ], [ -104.984770345847295, 39.747554441671376 ], [ -104.984227679758661, 39.747564782022096 ], [ -104.983946724512151, 39.747565266486809 ], [ -104.983600032086869, 39.747558254960971 ], [ -104.983133874690395, 39.747558202156945 ], [ -104.982958111569545, 39.747558181677505 ], [ -104.982320636314043, 39.747558124798097 ], [ -104.981697406439579, 39.747555381651033 ], [ -104.981084845282624, 39.747552682245981 ], [ -104.979895326120925, 39.747541940464288 ], [ -104.978731548838709, 39.747536791438932 ], [ -104.978374147506784, 39.747535207839697 ], [ -104.978216064137129, 39.747511858564479 ], [ -104.978187647373602, 39.747507271637815 ], [ -104.977554168545339, 39.746970850651842 ], [ -104.977003316873791, 39.746562448227067 ], [ -104.976496686416937, 39.746186153195019 ], [ -104.976151782475739, 39.745914937652415 ], [ -104.974787291528969, 39.744841936224475 ], [ -104.973990780205057, 39.74423853820177 ], [ -104.97339318360477, 39.743785985140157 ] ] ] ] } },
{ "type": "Feature", "properties": { "NBHD_ID": 16, "NBHD_NAME": "Civic Center", "TYPOLOGY": null, "NOTES": null, "GLOBALID": "d412399d-56d2-4e94-ac0e-bbe35e28e1d0" }, "geometry": { "type": "MultiPolygon", "coordinates": [ [ [ [ -104.987398845189858, 39.740113560145048 ], [ -104.987400701196336, 39.740019469571756 ], [ -104.987404662279374, 39.739621171232322 ], [ -104.987423085525563, 39.738438383935311 ], [ -104.987403531928891, 39.736856679774846 ], [ -104.987410706055726, 39.73526685553631 ], [ -104.987425409859824, 39.733863055268493 ], [ -104.987412872892904, 39.732051119308998 ], [ -104.987412942993856, 39.730460231847744 ], [ -104.987413984718003, 39.729101323665667 ], [ -104.987425499668475, 39.72728228316101 ], [ -104.987433611742205, 39.726950511679966 ], [ -104.987541450845441, 39.727009256661297 ], [ -104.987784723893327, 39.727141779196117 ], [ -104.988087576877405, 39.727296146653089 ], [ -104.988323948142167, 39.727425860075527 ], [ -104.988553132238124, 39.727566179228631 ], [ -104.988697230076085, 39.727673528591829 ], [ -104.988746845809189, 39.727695363206003 ], [ -104.988802740348305, 39.727709332543128 ], [ -104.988902026641099, 39.727745452488485 ], [ -104.988962228221013, 39.727778314034431 ], [ -104.989074379409246, 39.727878661099041 ], [ -104.989260864021148, 39.728024284041908 ], [ -104.989377630184094, 39.728101315705416 ], [ -104.989475791341377, 39.728170030504018 ], [ -104.98955718492148, 39.72822220079378 ], [ -104.989609335366268, 39.728262233449954 ], [ -104.989658731842368, 39.728314264854589 ], [ -104.989718831591446, 39.728361195345592 ], [ -104.989809803265246, 39.728440859707547 ], [ -104.989873341129282, 39.728503933373439 ], [ -104.989936662542249, 39.728596861318394 ], [ -104.989995694351109, 39.728668494368165 ], [ -104.990045111876867, 39.728717780471115 ], [ -104.990115760878311, 39.728780885020846 ], [ -104.990181925829219, 39.728849460536459 ], [ -104.990231360811023, 39.72889634433885 ], [ -104.990424554639091, 39.729097929771264 ], [ -104.990473932888321, 39.729152705903537 ], [ -104.990537332425077, 39.729234995681715 ], [ -104.990603299181089, 39.729331023239247 ], [ -104.990687754627231, 39.729451494492288 ], [ -104.990757217188644, 39.729555772494926 ], [ -104.990855924329821, 39.729672187922247 ], [ -104.990929831693336, 39.729776485047147 ], [ -104.991045198072683, 39.729924542705689 ], [ -104.991126137124013, 39.730039851340457 ], [ -104.991259281204421, 39.730187985710863 ], [ -104.99133326213402, 39.730282331482996 ], [ -104.991413392347852, 39.730386655128292 ], [ -104.991549874358952, 39.730565001880798 ], [ -104.991641543263313, 39.730671777312146 ], [ -104.991742651649375, 39.730825263457966 ], [ -104.99181658117611, 39.730926814648001 ], [ -104.991869387854891, 39.730999449474886 ], [ -104.991945907127814, 39.731111649855528 ], [ -104.992023194034275, 39.731240668279568 ], [ -104.992093609079831, 39.731336713918665 ], [ -104.992142021607506, 39.731402466396418 ], [ -104.992223016335487, 39.731510567867588 ], [ -104.992345439657811, 39.731666890842845 ], [ -104.992472208353519, 39.731836958006895 ], [ -104.992590938679967, 39.732012481441487 ], [ -104.992678946021442, 39.732134339496454 ], [ -104.992843662612501, 39.732342661049934 ], [ -104.992958958133471, 39.732501697568694 ], [ -104.993043379083403, 39.732628000819709 ], [ -104.993134094673124, 39.732744379335578 ], [ -104.99325733170275, 39.732911685792722 ], [ -104.9932592816415, 39.732914485578391 ], [ -104.993337391395045, 39.733026645835935 ], [ -104.993435956272037, 39.733163990693029 ], [ -104.993512520642398, 39.733270699708548 ], [ -104.993547681964458, 39.733325413094121 ], [ -104.993607483951621, 39.733414548814565 ], [ -104.993744076245733, 39.733579166572419 ], [ -104.993804007733402, 39.733650458692146 ], [ -104.993933135974274, 39.733864115893432 ], [ -104.993985946798063, 39.733936749440417 ], [ -104.994045720158994, 39.734030002813022 ], [ -104.994132814187907, 39.734155973312269 ], [ -104.994227945492824, 39.734276831036816 ], [ -104.994315159164231, 39.734386330666659 ], [ -104.994417481765865, 39.734496238124677 ], [ -104.994462402250846, 39.734553738504722 ], [ -104.994504577301399, 39.734622208328382 ], [ -104.994560855513399, 39.734707210552713 ], [ -104.994729030748147, 39.73493064315381 ], [ -104.994810020659941, 39.735040458382628 ], [ -104.994897216160695, 39.73515270267778 ], [ -104.994988775090832, 39.735276289609388 ], [ -104.99505834862974, 39.735366839059182 ], [ -104.995192215109498, 39.735540708558815 ], [ -104.995307441936035, 39.735710723702923 ], [ -104.995416644833, 39.735853259409268 ], [ -104.995507297017596, 39.73597958742257 ], [ -104.995609537115556, 39.736101504087948 ], [ -104.995664909218647, 39.736189247005051 ], [ -104.995738694911708, 39.736312413787076 ], [ -104.995818644214324, 39.736443843314767 ], [ -104.995889128613868, 39.736531650916199 ], [ -104.995959672636161, 39.736611222690854 ], [ -104.996309968694078, 39.737099321757988 ], [ -104.996401475465305, 39.737230799914471 ], [ -104.996492133601279, 39.737356784139791 ], [ -104.996688402594671, 39.737631121128906 ], [ -104.996870705725399, 39.73786970980747 ], [ -104.996993170135084, 39.738023281603596 ], [ -104.997050113731092, 39.738091481052848 ], [ -104.997074258462263, 39.738120399219902 ], [ -104.997172897637228, 39.738249505366859 ], [ -104.997227951410636, 39.738382199438497 ], [ -104.997407211570589, 39.738549740478582 ], [ -104.997474360990921, 39.738607334744955 ], [ -104.997502531493126, 39.738645888681184 ], [ -104.997555458037141, 39.738703422210492 ], [ -104.997596847477865, 39.73875816099612 ], [ -104.997646139553311, 39.738826660151602 ], [ -104.997670639263319, 39.738881326852081 ], [ -104.997719793879881, 39.738969041949254 ], [ -104.997771654993713, 39.739051278005938 ], [ -104.99781037554807, 39.739106348944695 ], [ -104.997881002695777, 39.73917493859031 ], [ -104.997916288361893, 39.739213179853529 ], [ -104.997951455575901, 39.739267892152981 ], [ -104.997978561080259, 39.739331148848855 ], [ -104.998006499597025, 39.739402302142075 ], [ -104.998031147148112, 39.73943637991983 ], [ -104.99807686446799, 39.739507608431445 ], [ -104.998126157798993, 39.739576107368109 ], [ -104.998160571529581, 39.739611942549132 ], [ -104.998206544686624, 39.739647484088366 ], [ -104.998273673201638, 39.73970816611304 ], [ -104.998323045413045, 39.739765684113607 ], [ -104.998360939215289, 39.739812171926069 ], [ -104.998389032413286, 39.739861706281708 ], [ -104.998420547229927, 39.739930128894876 ], [ -104.998576949491436, 39.740200167033244 ], [ -104.998263981573061, 39.740187273724374 ], [ -104.998136320593375, 39.740185556518711 ], [ -104.996946736927413, 39.740170287736923 ], [ -104.996522596283512, 39.740164815956476 ], [ -104.996451882895315, 39.74016395721025 ], [ -104.995279924877266, 39.740154069741081 ], [ -104.994370119780626, 39.740146196085284 ], [ -104.993544087610232, 39.740141809481067 ], [ -104.992929597068439, 39.740138539270006 ], [ -104.992514322968987, 39.740136328234641 ], [ -104.991665156844476, 39.740131650555469 ], [ -104.990433464380033, 39.740123300004889 ], [ -104.99008699051636, 39.740118326665488 ], [ -104.989950705720958, 39.740129001966125 ], [ -104.98982879003249, 39.740169782785145 ], [ -104.989687173201901, 39.740244283057159 ], [ -104.989564605664611, 39.740375195069284 ], [ -104.989437416545357, 39.740472289311583 ], [ -104.989315199209543, 39.740554381422449 ], [ -104.989115316011919, 39.740613604450033 ], [ -104.988949676484395, 39.740646686398378 ], [ -104.988764850603957, 39.740642125937576 ], [ -104.988544023095685, 39.740571688614828 ], [ -104.988542031648677, 39.74057053906639 ], [ -104.98841322497691, 39.740496009265485 ], [ -104.988292353641015, 39.740394083718677 ], [ -104.988132563410488, 39.740291984990392 ], [ -104.988112229467916, 39.740280070808318 ], [ -104.98797755850984, 39.740201176322394 ], [ -104.987929106315633, 39.740174676064839 ], [ -104.987856276965431, 39.74015558122845 ], [ -104.987778580582628, 39.740136465763115 ], [ -104.987520926882027, 39.740112812031221 ], [ -104.987398845189858, 39.740113560145048 ] ] ] ] } },
{ "type": "Feature", "properties": { "NBHD_ID": 10, "NBHD_NAME": "CBD", "TYPOLOGY": null, "NOTES": null, "GLOBALID": "3923a2e5-9bba-4091-937b-4868902696f6" }, "geometry": { "type": "MultiPolygon", "coordinates": [ [ [ [ -104.9874102944067, 39.74736491606901 ], [ -104.987406880244095, 39.746980548822812 ], [ -104.987410810362206, 39.746686136673439 ], [ -104.987417926095986, 39.746199227147486 ], [ -104.987417779923319, 39.745938913365087 ], [ -104.987417519288812, 39.745473808043819 ], [ -104.987417292539263, 39.745069548869289 ], [ -104.987429633451171, 39.744840716191135 ], [ -104.987386191252696, 39.743364604508528 ], [ -104.987396687763265, 39.74306601423185 ], [ -104.987426597334277, 39.742215200910188 ], [ -104.987421429847018, 39.741960010155395 ], [ -104.987416145651295, 39.741699045499779 ], [ -104.98740708771254, 39.741478698279423 ], [ -104.987393835391799, 39.740859239914407 ], [ -104.987398845189858, 39.740113560145048 ], [ -104.987520926882027, 39.740112812031221 ], [ -104.987778580582628, 39.740136465763115 ], [ -104.987856276965431, 39.74015558122845 ], [ -104.987929106315633, 39.740174676064839 ], [ -104.98797755850984, 39.740201176322394 ], [ -104.988112229467916, 39.740280070808318 ], [ -104.988132563410488, 39.740291984990392 ], [ -104.988292353641015, 39.740394083718677 ], [ -104.98841322497691, 39.740496009265485 ], [ -104.988542031648677, 39.74057053906639 ], [ -104.988544023095685, 39.740571688614828 ], [ -104.988764850603957, 39.740642125937576 ], [ -104.988949676484395, 39.740646686398378 ], [ -104.989115316011919, 39.740613604450033 ], [ -104.989315199209543, 39.740554381422449 ], [ -104.989437416545357, 39.740472289311583 ], [ -104.989564605664611, 39.740375195069284 ], [ -104.989687173201901, 39.740244283057159 ], [ -104.98982879003249, 39.740169782785145 ], [ -104.989950705720958, 39.740129001966125 ], [ -104.99008699051636, 39.740118326665488 ], [ -104.990433464380033, 39.740123300004889 ], [ -104.991665156844476, 39.740131650555469 ], [ -104.992514322968987, 39.740136328234641 ], [ -104.992929597068439, 39.740138539270006 ], [ -104.993544087610232, 39.740141809481067 ], [ -104.994370119780626, 39.740146196085284 ], [ -104.995279924877266, 39.740154069741081 ], [ -104.996451882895315, 39.74016395721025 ], [ -104.996522596283512, 39.740164815956476 ], [ -104.996946736927413, 39.740170287736923 ], [ -104.998136320593375, 39.740185556518711 ], [ -104.998263981573061, 39.740187273724374 ], [ -104.998576949491436, 39.740200167033244 ], [ -104.99862372093942, 39.74028092205625 ], [ -104.998633937704284, 39.740298561212768 ], [ -104.998704294344336, 39.74040523985375 ], [ -104.998759769881829, 39.740479598574709 ], [ -104.998787905513751, 39.740523299260374 ], [ -104.998826561279458, 39.740587634350184 ], [ -104.998847566079519, 39.740634050458219 ], [ -104.998865011861852, 39.740680794580783 ], [ -104.998875407404654, 39.740718928875211 ], [ -104.998899771434225, 39.740792811496846 ], [ -104.998920636078665, 39.740858786916142 ], [ -104.998940751287392, 39.740905199013412 ], [ -104.998961814576475, 39.740943379171604 ], [ -104.998989987354676, 39.740981932720871 ], [ -104.999035745873101, 39.741047670573117 ], [ -104.99905321394435, 39.741091326171365 ], [ -104.999067202767407, 39.741124328903453 ], [ -104.999084707641231, 39.741162837214461 ], [ -104.999105790691985, 39.741198272220238 ], [ -104.999123354681203, 39.741228545156517 ], [ -104.999129481569028, 39.741241954091556 ], [ -104.999308540716925, 39.741563912010278 ], [ -104.999346161783279, 39.741648832295539 ], [ -104.999395222719983, 39.741750272418024 ], [ -104.999444361388512, 39.741840732224034 ], [ -104.999497078882712, 39.741928118545005 ], [ -104.99953483505368, 39.741994165465776 ], [ -104.999552352386971, 39.742030957615988 ], [ -104.999664584037788, 39.742250026633478 ], [ -104.999712942398148, 39.742325383658596 ], [ -104.999755009759241, 39.742410322688343 ], [ -104.999803877952431, 39.742538871415185 ], [ -104.999849442731076, 39.742632061034826 ], [ -104.999884241219604, 39.742738930901872 ], [ -104.9999181340294, 39.742848199134897 ], [ -104.999956606878584, 39.742938613207656 ], [ -104.999998635566087, 39.743029042172189 ], [ -105.000019592166637, 39.743082320778946 ], [ -105.000054741207492, 39.743140120458733 ], [ -105.000106512748843, 39.743235738402738 ], [ -105.00014508310511, 39.743312426441172 ], [ -105.000194165922267, 39.743411121448929 ], [ -105.0002291610176, 39.743490539422787 ], [ -105.000264019714606, 39.743589173783541 ], [ -105.000281061614089, 39.743692879554132 ], [ -105.000297309601208, 39.743783199053887 ], [ -105.000300290987312, 39.743863853902091 ], [ -105.0003059437839, 39.744068743156525 ], [ -105.000311613145641, 39.744271230036261 ], [ -105.00033490879963, 39.744495410993636 ], [ -105.000351745657582, 39.744627941380251 ], [ -105.000375411425992, 39.744800306841519 ], [ -105.000399098595949, 39.744969584099948 ], [ -105.00040896732294, 39.745081838427311 ], [ -105.000415329189551, 39.745187214705503 ], [ -105.000421256146936, 39.745353671535462 ], [ -105.000424538416027, 39.745392119000336 ], [ -105.000431600583454, 39.745526333798793 ], [ -105.000158753336081, 39.745760228083981 ], [ -104.99896889213133, 39.746672428290559 ], [ -104.997758382787367, 39.74760820550042 ], [ -104.996563006960812, 39.748536829039622 ], [ -104.995343593239383, 39.749465337029115 ], [ -104.994137333409512, 39.750414821153285 ], [ -104.992938285324669, 39.751346136784782 ], [ -104.991700841088914, 39.752295461447829 ], [ -104.990840773987671, 39.751596850995767 ], [ -104.989985691640541, 39.750948699750161 ], [ -104.98911135519667, 39.750260652400264 ], [ -104.988680749098663, 39.749932096678563 ], [ -104.98823688288924, 39.749593530389632 ], [ -104.987535753356397, 39.749054810868344 ], [ -104.987406936503163, 39.748919045683337 ], [ -104.987408486654317, 39.748220384030581 ], [ -104.9874102944067, 39.74736491606901 ] ] ] ] } },
{ "type": "Feature", "properties": { "NBHD_ID": 63, "NBHD_NAME": "Union Station", "TYPOLOGY": null, "NOTES": null, "GLOBALID": "4c20fa4b-f8c3-413e-9940-1127e1713a8e" }, "geometry": { "type": "MultiPolygon", "coordinates": [ [ [ [ -104.991700841088914, 39.752295461447829 ], [ -104.992938285324669, 39.751346136784782 ], [ -104.994137333409512, 39.750414821153285 ], [ -104.995343593239383, 39.749465337029115 ], [ -104.996563006960812, 39.748536829039622 ], [ -104.997758382787367, 39.74760820550042 ], [ -104.99896889213133, 39.746672428290559 ], [ -105.000158753336081, 39.745760228083981 ], [ -105.000431600583454, 39.745526333798793 ], [ -105.000446463761193, 39.745808805531645 ], [ -105.000452698641766, 39.74593202560159 ], [ -105.00042449576874, 39.746396540774562 ], [ -105.000424195090744, 39.746438748092359 ], [ -105.000423825967758, 39.74649056322172 ], [ -105.000433929618382, 39.746569875418047 ], [ -105.000458258471127, 39.746649248145495 ], [ -105.000481678536715, 39.7467313620078 ], [ -105.000558531253958, 39.746925915193465 ], [ -105.000604373836424, 39.746980671874418 ], [ -105.000636068906388, 39.747024387102002 ], [ -105.000677348902272, 39.747095595944522 ], [ -105.000719535184118, 39.747164406540115 ], [ -105.000747615566326, 39.74721634240035 ], [ -105.000779067329333, 39.747294372456473 ], [ -105.000817504126374, 39.747390276331281 ], [ -105.000876060004501, 39.747532591795419 ], [ -105.000876327747292, 39.747533092085582 ], [ -105.000928705153569, 39.747630958108942 ], [ -105.000963818152513, 39.747694247804205 ], [ -105.001027190928141, 39.747784423806898 ], [ -105.001050863514138, 39.747831193417461 ], [ -105.001148835039089, 39.74805706303016 ], [ -105.001215588776859, 39.748171960541718 ], [ -105.001316935865887, 39.748298328922132 ], [ -105.001415288918253, 39.748470667054171 ], [ -105.001477790998607, 39.748558437020257 ], [ -105.001534245151007, 39.748621473794003 ], [ -105.001724113764624, 39.748802778594936 ], [ -105.001805462391928, 39.748865920829779 ], [ -105.001942589286045, 39.748962241954665 ], [ -105.002044328959613, 39.749033705906903 ], [ -105.002203527388104, 39.749152082039714 ], [ -105.002301654754206, 39.749231423302881 ], [ -105.002527245759637, 39.749390915832379 ], [ -105.002664433341124, 39.749479000401728 ], [ -105.002795397085833, 39.749567058914373 ], [ -105.00295015239297, 39.749685415432928 ], [ -105.00306594704243, 39.749781302185575 ], [ -105.00322431809829, 39.749891437856071 ], [ -105.00328446788096, 39.749935272416941 ], [ -105.003414456378081, 39.750035679839769 ], [ -105.003618539377186, 39.750219786575101 ], [ -105.003794386407804, 39.750373576031315 ], [ -105.003960686657436, 39.750494382068737 ], [ -105.00445337487038, 39.750855742439931 ], [ -105.004618710741767, 39.750987524439083 ], [ -105.004784083585704, 39.751114158885073 ], [ -105.004907882203497, 39.751210420607087 ], [ -105.005066203932927, 39.751328446320031 ], [ -105.005421764089547, 39.751593828000708 ], [ -105.005597734129893, 39.751731143851103 ], [ -105.005717980731617, 39.751827046744431 ], [ -105.005809056644708, 39.751898805721211 ], [ -105.005939016654509, 39.752004356945299 ], [ -105.006189249699275, 39.752202379282316 ], [ -105.006365222772502, 39.752339693552678 ], [ -105.006455677179588, 39.752408175696608 ], [ -105.006513807553929, 39.752452186020683 ], [ -105.006587199080712, 39.752510143649388 ], [ -105.006773852884251, 39.752646129667248 ], [ -105.00697818391626, 39.752797288546425 ], [ -105.007125823919466, 39.752918011384956 ], [ -105.00726727656405, 39.75303356116617 ], [ -105.007397212004278, 39.753143229207254 ], [ -105.00752015779662, 39.753235366268498 ], [ -105.007576736878335, 39.753281929211141 ], [ -105.007619203199198, 39.753312304550647 ], [ -105.007780936346009, 39.753452302393598 ], [ -105.007837400363329, 39.753515336231004 ], [ -105.007869043204636, 39.753567628508804 ], [ -105.007899741589981, 39.753627808980127 ], [ -105.007927637754548, 39.753707194624475 ], [ -105.007958524405964, 39.753867234814983 ], [ -105.007993131681062, 39.754003955404954 ], [ -105.008048905387966, 39.754165471980755 ], [ -105.008117958481577, 39.754335279944044 ], [ -105.008142233476661, 39.754423915778595 ], [ -105.008176897001391, 39.754552744118463 ], [ -105.008183302688991, 39.754653658826463 ], [ -105.008193473990659, 39.754724734582915 ], [ -105.008196126349816, 39.754789121152491 ], [ -105.008196513059403, 39.754798526076925 ], [ -105.007593803271277, 39.755409912239593 ], [ -105.007164459036957, 39.755897112809237 ], [ -105.007033535961497, 39.756053729878779 ], [ -105.006847141276808, 39.75625884276365 ], [ -105.006757420251631, 39.756372737617404 ], [ -105.006655956436987, 39.756512663234354 ], [ -105.006607530440562, 39.75657079678053 ], [ -105.00651782846721, 39.756681946332108 ], [ -105.006450816623683, 39.756758622450029 ], [ -105.006338543357401, 39.756887088184691 ], [ -105.006185203693477, 39.757069690296966 ], [ -105.006125964374633, 39.757148024163797 ], [ -105.006043453659416, 39.757247879430039 ], [ -105.005953790767521, 39.757353195243923 ], [ -105.005879262977658, 39.757455829085778 ], [ -105.005848607390377, 39.757515752873338 ], [ -105.005837412394058, 39.757590170497132 ], [ -105.00582171341955, 39.757672804974511 ], [ -105.005806081930047, 39.757745831821772 ], [ -105.00576540320175, 39.75784002900609 ], [ -105.005708559605623, 39.757956806044241 ], [ -105.005663594164503, 39.758028337281402 ], [ -105.005622328606748, 39.758079636897023 ], [ -105.005506736781129, 39.758204746601308 ], [ -105.005167259145892, 39.758553681575286 ], [ -105.005084946771618, 39.758625055364874 ], [ -105.004876551819677, 39.758795756729647 ], [ -105.004738727471718, 39.758920771882991 ], [ -105.004548032353114, 39.759103214926938 ], [ -105.00443225502589, 39.759254058817653 ], [ -105.004304733208443, 39.759430933510167 ], [ -105.00425977772008, 39.759500747854425 ], [ -105.004196824355603, 39.759600684129126 ], [ -105.004124920878553, 39.759708818473619 ], [ -105.00403524953262, 39.759814475591391 ], [ -105.003927958277572, 39.75989672399276 ], [ -105.003826930532696, 39.759973508174141 ], [ -105.003726779620564, 39.760052011881662 ], [ -105.003596368045336, 39.760134162294094 ], [ -105.003440086437195, 39.760227871022252 ], [ -105.003178887079613, 39.760412491881048 ], [ -105.001903626098041, 39.759767723884849 ], [ -105.001788215958982, 39.759678018520908 ], [ -105.001340666677791, 39.759464739490952 ], [ -105.000835568736647, 39.759216555717465 ], [ -105.000114393652112, 39.7588432302908 ], [ -104.999840795338542, 39.758678725685719 ], [ -104.999557659218539, 39.758480207488638 ], [ -104.998584692420877, 39.757755782561986 ], [ -104.997387548596393, 39.756770899036397 ], [ -104.997029239828507, 39.756476112852681 ], [ -104.996128969939733, 39.755735429654443 ], [ -104.995157933657069, 39.755000002386602 ], [ -104.994711315035289, 39.754664537736524 ], [ -104.994282391312268, 39.75434184446307 ], [ -104.993837695226091, 39.75398751105287 ], [ -104.993428368498073, 39.75366112400966 ], [ -104.993002449443651, 39.753293484729852 ], [ -104.992607465322109, 39.752952057569424 ], [ -104.992153709405727, 39.752623415421553 ], [ -104.991700841088914, 39.752295461447829 ] ] ] ] } },
{ "type": "Feature", "properties": { "NBHD_ID": 26, "NBHD_NAME": "Five Points", "TYPOLOGY": null, "NOTES": null, "GLOBALID": "3beabc30-1ebe-47a3-89f8-d7ff5264f721" }, "geometry": { "type": "MultiPolygon", "coordinates": [ [ [ [ -104.971925708602996, 39.77030747521097 ], [ -104.97335706984876, 39.76919451723397 ], [ -104.973353200736426, 39.768170525009857 ], [ -104.973347916383148, 39.767926861168192 ], [ -104.97335607980385, 39.767195290656787 ], [ -104.973358572955064, 39.766981859303478 ], [ -104.973362189464154, 39.76650042853516 ], [ -104.973338773857591, 39.766065888922661 ], [ -104.973332373530013, 39.765852417689736 ], [ -104.973329419653922, 39.765772106184265 ], [ -104.973338516819922, 39.76515309421498 ], [ -104.973350391647784, 39.764519338822211 ], [ -104.973345569440554, 39.764214251664583 ], [ -104.973340674112563, 39.763800384246906 ], [ -104.973346486636501, 39.763263371410716 ], [ -104.973354526360325, 39.762429881585469 ], [ -104.973350234476897, 39.76205410677494 ], [ -104.973353137294879, 39.761786114915218 ], [ -104.973360522591989, 39.76115817149055 ], [ -104.973351910297609, 39.760765563302968 ], [ -104.973347330368014, 39.760428220350136 ], [ -104.973334628750777, 39.759514681534839 ], [ -104.973359264185532, 39.758247514970165 ], [ -104.973364911154718, 39.757732462585324 ], [ -104.973373142797158, 39.756991624433411 ], [ -104.973371485635695, 39.756383543249072 ], [ -104.973370931622952, 39.755746984775925 ], [ -104.973377683865706, 39.755321500877713 ], [ -104.973371202257098, 39.755119009108363 ], [ -104.973370787076348, 39.754937477221063 ], [ -104.973369214751244, 39.75455485053395 ], [ -104.973374698986746, 39.753232690713197 ], [ -104.973373371320037, 39.751988740170411 ], [ -104.973367706996896, 39.750730356789347 ], [ -104.97336906756918, 39.749483671767024 ], [ -104.973366781631441, 39.748367369635957 ], [ -104.973344353020096, 39.748125577064449 ], [ -104.973345075550156, 39.747535555524344 ], [ -104.973348963114873, 39.746970553926722 ], [ -104.973375897409554, 39.7459497012483 ], [ -104.973394919122072, 39.745093768751154 ], [ -104.973400371177817, 39.744841571904935 ], [ -104.97339318360477, 39.743785985140157 ], [ -104.973990780205057, 39.74423853820177 ], [ -104.974787291528969, 39.744841936224475 ], [ -104.976151782475739, 39.745914937652415 ], [ -104.976496686416937, 39.746186153195019 ], [ -104.977003316873791, 39.746562448227067 ], [ -104.977554168545339, 39.746970850651842 ], [ -104.978187647373602, 39.747507271637815 ], [ -104.978216064137129, 39.747511858564479 ], [ -104.978374147506784, 39.747535207839697 ], [ -104.978731548838709, 39.747536791438932 ], [ -104.979895326120925, 39.747541940464288 ], [ -104.981084845282624, 39.747552682245981 ], [ -104.981697406439579, 39.747555381651033 ], [ -104.982320636314043, 39.747558124798097 ], [ -104.982958111569545, 39.747558181677505 ], [ -104.983133874690395, 39.747558202156945 ], [ -104.983600032086869, 39.747558254960971 ], [ -104.983946724512151, 39.747565266486809 ], [ -104.984227679758661, 39.747564782022096 ], [ -104.984770345847295, 39.747554441671376 ], [ -104.984861666225243, 39.747555623697231 ], [ -104.984948799897978, 39.747552219402522 ], [ -104.985101082579178, 39.747554723201056 ], [ -104.985228640584623, 39.747562275922512 ], [ -104.985386385137872, 39.747572291873588 ], [ -104.985489767527497, 39.747583428958947 ], [ -104.985584144080235, 39.747603319315402 ], [ -104.985686007651822, 39.747534103189146 ], [ -104.986115442824413, 39.747533234146516 ], [ -104.987211846326957, 39.747529926789824 ], [ -104.987317442078492, 39.747427867155956 ], [ -104.9874102944067, 39.74736491606901 ], [ -104.987408486654317, 39.748220384030581 ], [ -104.987406936503163, 39.748919045683337 ], [ -104.987535753356397, 39.749054810868344 ], [ -104.98823688288924, 39.749593530389632 ], [ -104.988680749098663, 39.749932096678563 ], [ -104.98911135519667, 39.750260652400264 ], [ -104.989985691640541, 39.750948699750161 ], [ -104.990840773987671, 39.751596850995767 ], [ -104.991700841088914, 39.752295461447829 ], [ -104.992153709405727, 39.752623415421553 ], [ -104.992607465322109, 39.752952057569424 ], [ -104.993002449443651, 39.753293484729852 ], [ -104.993428368498073, 39.75366112400966 ], [ -104.993837695226091, 39.75398751105287 ], [ -104.994282391312268, 39.75434184446307 ], [ -104.994711315035289, 39.754664537736524 ], [ -104.995157933657069, 39.755000002386602 ], [ -104.996128969939733, 39.755735429654443 ], [ -104.997029239828507, 39.756476112852681 ], [ -104.997387548596393, 39.756770899036397 ], [ -104.998584692420877, 39.757755782561986 ], [ -104.999557659218539, 39.758480207488638 ], [ -104.999840795338542, 39.758678725685719 ], [ -105.000114393652112, 39.7588432302908 ], [ -105.000835568736647, 39.759216555717465 ], [ -105.001340666677791, 39.759464739490952 ], [ -105.001788215958982, 39.759678018520908 ], [ -105.001903626098041, 39.759767723884849 ], [ -105.003178887079613, 39.760412491881048 ], [ -105.003029867066331, 39.760517821818837 ], [ -105.002977997665738, 39.760559124880359 ], [ -105.002892206346402, 39.760618814568737 ], [ -105.002847582097175, 39.760641617561603 ], [ -105.002795885270416, 39.760658557167488 ], [ -105.002658723121172, 39.760689204725153 ], [ -105.002528732751301, 39.7607116466748 ], [ -105.002472589756991, 39.760728567397955 ], [ -105.002280010317108, 39.76079912948768 ], [ -105.002146177966111, 39.76086170379201 ], [ -105.00198654069392, 39.760926571633796 ], [ -105.001867037541714, 39.7609747939184 ], [ -105.001736924911015, 39.76101439264162 ], [ -105.001630056038266, 39.761036588348475 ], [ -105.001492103524242, 39.76105316194819 ], [ -105.001363123532357, 39.761058449529571 ], [ -105.001218179013165, 39.761057835425667 ], [ -105.001040191047778, 39.761076984027667 ], [ -105.000858502070116, 39.761116362739088 ], [ -105.000472589747105, 39.761237575228279 ], [ -105.000033925165198, 39.761398711821045 ], [ -104.999821652769313, 39.76148668712743 ], [ -104.999606634400138, 39.761585631521029 ], [ -104.999461176544585, 39.761656732681317 ], [ -104.999342479290377, 39.761716279845153 ], [ -104.999208503115611, 39.761798410619981 ], [ -104.999052231028088, 39.761889368209246 ], [ -104.998981716016331, 39.761926128796865 ], [ -104.998836318661731, 39.761988650559324 ], [ -104.998762307871019, 39.762016817251578 ], [ -104.998717533776002, 39.762030096260034 ], [ -104.998676756281057, 39.762042189359846 ], [ -104.998568974014162, 39.762067467109553 ], [ -104.998450562247584, 39.762086865775643 ], [ -104.998324144937129, 39.762106573126054 ], [ -104.998256618079779, 39.762126038499233 ], [ -104.998138794417173, 39.762160001487814 ], [ -104.997919610003052, 39.76221911919334 ], [ -104.997823306291124, 39.762255769285616 ], [ -104.997715215579191, 39.762323938933989 ], [ -104.997618786217089, 39.762378089254149 ], [ -104.997495723129433, 39.762425948881713 ], [ -104.99735137721288, 39.762465481644092 ], [ -104.997280114206859, 39.762482335073486 ], [ -104.997146623657997, 39.762496177458956 ], [ -104.997056599363049, 39.762498516752608 ], [ -104.996965177155374, 39.762500892360578 ], [ -104.996787182487807, 39.762520377636363 ], [ -104.99660906666908, 39.762556677162024 ], [ -104.996397779546726, 39.762630238180662 ], [ -104.996219458598659, 39.762695017861006 ], [ -104.996000034087743, 39.762787073638691 ], [ -104.995680694489977, 39.762922968011623 ], [ -104.995516535975398, 39.762996729102809 ], [ -104.995430817072531, 39.763045090037394 ], [ -104.995334357524726, 39.763103012957927 ], [ -104.995185110657076, 39.763205319734801 ], [ -104.994682565219463, 39.763589213255827 ], [ -104.994197448491448, 39.764021907360544 ], [ -104.994063130065115, 39.764150013315849 ], [ -104.99394049442634, 39.764261011539091 ], [ -104.993809937917447, 39.764360651361756 ], [ -104.993638310063105, 39.764482762839179 ], [ -104.993392354577438, 39.764676273954514 ], [ -104.993209785967437, 39.764835398240699 ], [ -104.993097943997455, 39.764929284491366 ], [ -104.992967446568173, 39.765020344746397 ], [ -104.992826299792455, 39.765108270616992 ], [ -104.992539575978412, 39.765281700938743 ], [ -104.992402119557553, 39.765351112069958 ], [ -104.99215313915272, 39.76547014265099 ], [ -104.991981817033633, 39.765549358244499 ], [ -104.991796305233208, 39.76562302241534 ], [ -104.991662581469384, 39.765668084369352 ], [ -104.991387168706638, 39.765752683844333 ], [ -104.990986271061416, 39.765849779755492 ], [ -104.990860653875984, 39.765880463492302 ], [ -104.990737784944258, 39.765900177852451 ], [ -104.990630107787013, 39.765909663838123 ], [ -104.989628823703171, 39.76601959725793 ], [ -104.989424987822545, 39.766044449799246 ], [ -104.989113234964663, 39.766111728593259 ], [ -104.988861041923471, 39.766182353346771 ], [ -104.988727377439687, 39.766218833757129 ], [ -104.987643672456059, 39.766522124317156 ], [ -104.987550172971112, 39.766548291050199 ], [ -104.986562712924894, 39.766832924830076 ], [ -104.985452019743988, 39.76718529953429 ], [ -104.985340614291019, 39.767217755619996 ], [ -104.984615190405663, 39.767543324222913 ], [ -104.984448131839216, 39.767645539343114 ], [ -104.984365810091077, 39.767713809740634 ], [ -104.984217025288487, 39.767870666137526 ], [ -104.984115671556197, 39.767987237723155 ], [ -104.984033010727657, 39.768101489492615 ], [ -104.983897824371866, 39.768343850421772 ], [ -104.983762720531999, 39.768574887491866 ], [ -104.983549253017557, 39.768940097503574 ], [ -104.983421451288962, 39.7691454297806 ], [ -104.983329743565079, 39.769282061312516 ], [ -104.98327217798257, 39.769367825440426 ], [ -104.983170694024679, 39.769501553470057 ], [ -104.982845820124766, 39.769897842876446 ], [ -104.982426730322487, 39.770406272231405 ], [ -104.982232051499125, 39.77063430049116 ], [ -104.981724195894628, 39.771238420224066 ], [ -104.981593187337225, 39.771395008088959 ], [ -104.981263788066627, 39.771799509133999 ], [ -104.981106666079896, 39.771999218976163 ], [ -104.980493559161786, 39.772761406184692 ], [ -104.98038844369718, 39.772903694770172 ], [ -104.980186338431295, 39.773171835404376 ], [ -104.980118881205044, 39.773273111243064 ], [ -104.979961775498666, 39.773469731248326 ], [ -104.979856678328275, 39.773609273983666 ], [ -104.979782168898566, 39.773701939606958 ], [ -104.9796887807898, 39.773821630841162 ], [ -104.979614260983467, 39.773915668895022 ], [ -104.979438474807083, 39.774112205394417 ], [ -104.979251188993643, 39.774300112106708 ], [ -104.979176785110823, 39.774378365020723 ], [ -104.97907642791769, 39.774478122091324 ], [ -104.978949092386145, 39.77461756577911 ], [ -104.978862965125103, 39.774717385438123 ], [ -104.978735521629787, 39.774871240729865 ], [ -104.978619683134312, 39.775019313647782 ], [ -104.978533460527458, 39.775131829193469 ], [ -104.978424651314995, 39.775312342770334 ], [ -104.978312414967689, 39.775194333578199 ], [ -104.978056093485137, 39.774977353654805 ], [ -104.977190319265532, 39.774309165741208 ], [ -104.97631035778889, 39.773637476088098 ], [ -104.975869941319829, 39.773301283917064 ], [ -104.975435723729049, 39.77296923522384 ], [ -104.974995289889591, 39.772636471004084 ], [ -104.974560162651997, 39.772308189902063 ], [ -104.97369014480158, 39.771621768796372 ], [ -104.972820035931079, 39.770949753399805 ], [ -104.972376847887844, 39.770631722208201 ], [ -104.971925708602996, 39.77030747521097 ] ] ] ] } },
{ "type": "Feature", "properties": { "NBHD_ID": 60, "NBHD_NAME": "Central Park", "TYPOLOGY": null, "NOTES": "Formerly Stapleton, changed August 2020", "GLOBALID": "8e0ccc15-9d28-44e1-81ef-81da2909ee7a" }, "geometry": { "type": "MultiPolygon", "coordinates": [ [ [ [ -104.866045218881283, 39.798417138523206 ], [ -104.866050837572615, 39.798393771417352 ], [ -104.866067602722381, 39.798263799451959 ], [ -104.866056497154361, 39.79694720249806 ], [ -104.866009457185442, 39.79451708800427 ], [ -104.866001558366804, 39.792688848344447 ], [ -104.865995142650704, 39.791204449658615 ], [ -104.865991335759105, 39.790323174980422 ], [ -104.865988522828488, 39.790144212121497 ], [ -104.865954239981789, 39.786754250994548 ], [ -104.865929549082708, 39.784312763951263 ], [ -104.865910626942323, 39.782441761847096 ], [ -104.865914118337088, 39.782284644105012 ], [ -104.865907549067288, 39.780603044222218 ], [ -104.865900766461479, 39.778867415913538 ], [ -104.865900348721993, 39.778692436964569 ], [ -104.865904824726613, 39.777087765599553 ], [ -104.865902488063909, 39.77691805595537 ], [ -104.865897862290211, 39.775945133952398 ], [ -104.865897408423081, 39.775849753459582 ], [ -104.865822187332313, 39.775846824175318 ], [ -104.862906988074386, 39.775586466748756 ], [ -104.861550493351928, 39.775474371122918 ], [ -104.859796708519312, 39.775329422018551 ], [ -104.856600159677512, 39.775054029990059 ], [ -104.853754977140454, 39.774807165533439 ], [ -104.851890138673639, 39.774636208407806 ], [ -104.851071202501188, 39.774561125233575 ], [ -104.848064801016378, 39.774299889816696 ], [ -104.84704552165941, 39.774211144766745 ], [ -104.845064182989432, 39.774038613216092 ], [ -104.841951313212746, 39.773771117162248 ], [ -104.840802263613725, 39.773672355249865 ], [ -104.837617349499993, 39.773400957639794 ], [ -104.834472848576695, 39.773125256692374 ], [ -104.833834218051479, 39.773069679141734 ], [ -104.831575991858443, 39.772873117034742 ], [ -104.830399029392154, 39.772772772236074 ], [ -104.828173395074529, 39.77258298650159 ], [ -104.828173769357022, 39.77248520488935 ], [ -104.828183358443525, 39.769164514402974 ], [ -104.832879097472158, 39.769179207850485 ], [ -104.832878975899291, 39.766575319829933 ], [ -104.832891817644921, 39.766375106333896 ], [ -104.833802812309386, 39.76659993940406 ], [ -104.834742232723443, 39.766795286408673 ], [ -104.835718947373948, 39.766960549817931 ], [ -104.836707965035657, 39.767089799169725 ], [ -104.837671433332602, 39.767179731257762 ], [ -104.856413815449287, 39.768575867001566 ], [ -104.856407921863465, 39.767667838427236 ], [ -104.856372697213487, 39.762011365079822 ], [ -104.856347794722737, 39.758136962679792 ], [ -104.85553402901752, 39.757807639414921 ], [ -104.855025775643767, 39.757932725376428 ], [ -104.854877912827433, 39.757848164139368 ], [ -104.854361241101799, 39.758068810830629 ], [ -104.853498659251443, 39.757626210134397 ], [ -104.853032716036068, 39.757488025176144 ], [ -104.852054193179782, 39.757323096933646 ], [ -104.850796351963893, 39.756749353400878 ], [ -104.848217666441414, 39.756425865842282 ], [ -104.848011756215641, 39.755455800185601 ], [ -104.847726389548782, 39.755245968482747 ], [ -104.846879037744316, 39.755244384506085 ], [ -104.846873662048623, 39.754730385036318 ], [ -104.879944390090685, 39.754750849995972 ], [ -104.879950758630272, 39.74745895127802 ], [ -104.884667368621265, 39.747461745447971 ], [ -104.884674072215418, 39.747474939945647 ], [ -104.885836730148498, 39.747472834231232 ], [ -104.887011436388079, 39.747472098046224 ], [ -104.888184532613451, 39.747471339306649 ], [ -104.889340356290589, 39.74747082222548 ], [ -104.890515363326287, 39.747470509577916 ], [ -104.89169113620963, 39.747468530231707 ], [ -104.892856746313228, 39.747467174870728 ], [ -104.894025033321128, 39.747464553879396 ], [ -104.89638564860978, 39.747457119526636 ], [ -104.897570554901876, 39.747451064059945 ], [ -104.898777370694418, 39.747449056190966 ], [ -104.898759597133008, 39.749832206192337 ], [ -104.898744938409365, 39.751023207445655 ], [ -104.899900077710825, 39.751027077385224 ], [ -104.90107296551686, 39.751024027719467 ], [ -104.902247227764519, 39.751025122685014 ], [ -104.903437573928215, 39.751023027433753 ], [ -104.903434643133039, 39.752219467953431 ], [ -104.903433632770813, 39.753414382465657 ], [ -104.903413314329512, 39.754737154937295 ], [ -104.903403724275677, 39.758021900883364 ], [ -104.903468933519292, 39.758416509055408 ], [ -104.903471857645357, 39.760226120023212 ], [ -104.903466513454077, 39.761430601507151 ], [ -104.903449416516395, 39.761990267733189 ], [ -104.903438998199462, 39.763842388086935 ], [ -104.903459258732241, 39.765650038190778 ], [ -104.903457091731511, 39.766732890603407 ], [ -104.903462076303413, 39.767467098004182 ], [ -104.903468280703152, 39.768053613892988 ], [ -104.903526907566373, 39.768198320539945 ], [ -104.903523295909935, 39.768482040951461 ], [ -104.903505184385949, 39.769283731697001 ], [ -104.903503161794418, 39.771108088288237 ], [ -104.90350202618481, 39.771775708753083 ], [ -104.90350751651701, 39.772739857639543 ], [ -104.903509949118273, 39.773318923464089 ], [ -104.903515823303721, 39.773441769858898 ], [ -104.903521609274279, 39.773575291581707 ], [ -104.903541119890463, 39.77372223364241 ], [ -104.903550746808222, 39.773810388679436 ], [ -104.903566822491911, 39.773954643007542 ], [ -104.903629244072505, 39.774344762577421 ], [ -104.903652235129073, 39.774489051893134 ], [ -104.903664963477354, 39.774619940013707 ], [ -104.903667399304723, 39.774740098058906 ], [ -104.903670104451763, 39.774826725751716 ], [ -104.903593954002304, 39.775238992896597 ], [ -104.903596773473325, 39.776533897726232 ], [ -104.903575412007186, 39.777317551024538 ], [ -104.903506842693972, 39.777399721856476 ], [ -104.903570568856736, 39.777447414527465 ], [ -104.903578497855349, 39.77819160982488 ], [ -104.903578051211468, 39.778244101640283 ], [ -104.903577437955832, 39.778316174367589 ], [ -104.903578838326467, 39.778437610413192 ], [ -104.903579518547559, 39.778496302466053 ], [ -104.903581491759979, 39.778666569924262 ], [ -104.903559701743362, 39.779160403027809 ], [ -104.90354926850209, 39.779290961354882 ], [ -104.903541351721685, 39.779342153975961 ], [ -104.903552102480646, 39.781473685217193 ], [ -104.903544609236278, 39.782842349807126 ], [ -104.903520613426863, 39.783829835482528 ], [ -104.903543951132519, 39.791122325920753 ], [ -104.90356475056808, 39.798400027505757 ], [ -104.901429391255945, 39.798398802312917 ], [ -104.901427260705248, 39.800210637914624 ], [ -104.899078305032674, 39.800209314229164 ], [ -104.899080496256033, 39.798397478217595 ], [ -104.894175397745045, 39.798394653432332 ], [ -104.884637452090203, 39.798389470200263 ], [ -104.884459503700356, 39.79838956969477 ], [ -104.884437331805401, 39.805673902984189 ], [ -104.884415465415813, 39.812821643283989 ], [ -104.875342578863666, 39.812836677211457 ], [ -104.866270568791975, 39.812852047093337 ], [ -104.866246246482689, 39.805703022704371 ], [ -104.866223167690805, 39.79841706665232 ], [ -104.866045218881283, 39.798417138523206 ] ] ] ] } },
{ "type": "Feature", "properties": { "NBHD_ID": 45, "NBHD_NAME": "Montbello", "TYPOLOGY": "NEST", "NOTES": null, "GLOBALID": "d91eeba9-c3b3-47d8-bc28-a5a890a784d4" }, "geometry": { "type": "MultiPolygon", "coordinates": [ [ [ [ -104.809907957915755, 39.772838010277098 ], [ -104.819263928394435, 39.772820074618373 ], [ -104.828172588312626, 39.772794041035716 ], [ -104.828173395074529, 39.77258298650159 ], [ -104.830399029392154, 39.772772772236074 ], [ -104.831575991858443, 39.772873117034742 ], [ -104.833834218051479, 39.773069679141734 ], [ -104.834472848576695, 39.773125256692374 ], [ -104.837617349499993, 39.773400957639794 ], [ -104.840802263613725, 39.773672355249865 ], [ -104.841951313212746, 39.773771117162248 ], [ -104.845064182989432, 39.774038613216092 ], [ -104.84704552165941, 39.774211144766745 ], [ -104.848064801016378, 39.774299889816696 ], [ -104.851071202501188, 39.774561125233575 ], [ -104.851890138673639, 39.774636208407806 ], [ -104.853754977140454, 39.774807165533439 ], [ -104.856600159677512, 39.775054029990059 ], [ -104.859796708519312, 39.775329422018551 ], [ -104.861550493351928, 39.775474371122918 ], [ -104.862906988074386, 39.775586466748756 ], [ -104.865822187332313, 39.775846824175318 ], [ -104.865897408423081, 39.775849753459582 ], [ -104.865897862290211, 39.775945133952398 ], [ -104.865902488063909, 39.77691805595537 ], [ -104.865904824726613, 39.777087765599553 ], [ -104.865900348721993, 39.778692436964569 ], [ -104.865900766461479, 39.778867415913538 ], [ -104.865907549067288, 39.780603044222218 ], [ -104.865914118337088, 39.782284644105012 ], [ -104.865910626942323, 39.782441761847096 ], [ -104.865929549082708, 39.784312763951263 ], [ -104.865954239981789, 39.786754250994548 ], [ -104.865988522828488, 39.790144212121497 ], [ -104.865991335759105, 39.790323174980422 ], [ -104.865995142650704, 39.791204449658615 ], [ -104.866001558366804, 39.792688848344447 ], [ -104.866009457185442, 39.79451708800427 ], [ -104.866056497154361, 39.79694720249806 ], [ -104.866067602722381, 39.798263799451959 ], [ -104.866050837572615, 39.798393771417352 ], [ -104.866045218881283, 39.798417138523206 ], [ -104.856624050226515, 39.798385608301679 ], [ -104.847202893020494, 39.798352981494332 ], [ -104.837654015061361, 39.79827804751887 ], [ -104.828104273761895, 39.798201647451052 ], [ -104.819177852806988, 39.798258133781992 ], [ -104.8096420376841, 39.798313273257392 ], [ -104.809700903859067, 39.796991007990457 ], [ -104.809719860060241, 39.796742760524452 ], [ -104.809731883865737, 39.794797828833829 ], [ -104.809762696534406, 39.790437644004676 ], [ -104.809763865952903, 39.790271180579765 ], [ -104.809779748127553, 39.787874912550762 ], [ -104.809807329069017, 39.783761967182016 ], [ -104.809858982565245, 39.78035207202894 ], [ -104.809886758734578, 39.778478653928111 ], [ -104.809912135899623, 39.77676695291062 ], [ -104.809914586564901, 39.776601633208706 ], [ -104.809907896050518, 39.775055368319101 ], [ -104.809889283838757, 39.773194815883933 ], [ -104.809907957915755, 39.772838010277098 ] ] ] ] } },
{ "type": "Feature", "properties": { "NBHD_ID": 42, "NBHD_NAME": "Lowry Field", "TYPOLOGY": null, "NOTES": null, "GLOBALID": "0906042d-ab55-49bc-8f06-0b149b7347b9" }, "geometry": { "type": "MultiPolygon", "coordinates": [ [ [ [ -104.884710187842401, 39.732853611194578 ], [ -104.884722921357053, 39.730573945692228 ], [ -104.884759790716515, 39.730511645521197 ], [ -104.884799208806427, 39.730450282734076 ], [ -104.884841135699801, 39.730389919475584 ], [ -104.884885528929203, 39.730330616878021 ], [ -104.884932343529798, 39.730272434999378 ], [ -104.884981532084879, 39.730215432762485 ], [ -104.88503304477392, 39.730159667895393 ], [ -104.885086829423017, 39.730105196872884 ], [ -104.885142831557815, 39.730052074859309 ], [ -104.8852009944586, 39.730000355652699 ], [ -104.885261259217799, 39.729950091630336 ], [ -104.885323564799634, 39.729901333695636 ], [ -104.885387848101971, 39.729854131226752 ], [ -104.885454044020122, 39.729808532026453 ], [ -104.885522085512974, 39.729764582273724 ], [ -104.885591903670644, 39.729722326477109 ], [ -104.886417993791255, 39.729238534637517 ], [ -104.886475472697981, 39.729197762034744 ], [ -104.886531106245826, 39.729155490891927 ], [ -104.885042796510021, 39.728149651261333 ], [ -104.884961626630115, 39.728092415815809 ], [ -104.884883650026495, 39.728032592009924 ], [ -104.884809005012229, 39.727970285963963 ], [ -104.884737823989482, 39.727905608201112 ], [ -104.882518256007671, 39.725596116570102 ], [ -104.882518254720196, 39.725596115158098 ], [ -104.882007195782336, 39.725063510037899 ], [ -104.881833578963509, 39.725162671547608 ], [ -104.881709256053824, 39.725230740501644 ], [ -104.881581495454029, 39.72529490188051 ], [ -104.881450503019224, 39.725355052299513 ], [ -104.881316489813671, 39.725411094836531 ], [ -104.881179671770781, 39.725462939188454 ], [ -104.881040269344965, 39.725510501816686 ], [ -104.880898507156374, 39.725553706081683 ], [ -104.880754613628881, 39.725592482366608 ], [ -104.880556240683859, 39.725592104430767 ], [ -104.880556238565759, 39.725592314854886 ], [ -104.87534275188527, 39.725582053976588 ], [ -104.875353953062998, 39.719233591852891 ], [ -104.875236642493292, 39.719233312057085 ], [ -104.875232016366866, 39.719154016563401 ], [ -104.875218500017738, 39.719075017182298 ], [ -104.87519697395345, 39.718997348081743 ], [ -104.875165653452427, 39.718921685488404 ], [ -104.875126316201673, 39.718848039439671 ], [ -104.875078950713316, 39.718777782291845 ], [ -104.875023559280066, 39.718710571066744 ], [ -104.874961022515663, 39.718647440127562 ], [ -104.874891335753759, 39.71858873176695 ], [ -104.874815382842982, 39.718535137584986 ], [ -104.874734052183399, 39.718486662543022 ], [ -104.874647337458839, 39.718443992608613 ], [ -104.874556127258785, 39.718407132193569 ], [ -104.874460415705315, 39.718376767920944 ], [ -104.874362871826136, 39.718352570843834 ], [ -104.874261709092508, 39.718335560698698 ], [ -104.874159599320308, 39.718325065980267 ], [ -104.874057428867374, 39.718321433982133 ], [ -104.87065362926667, 39.718320087811101 ], [ -104.87067608519358, 39.711061251130253 ], [ -104.870674739962169, 39.710220490107758 ], [ -104.870675209828065, 39.710039699228837 ], [ -104.875383440771486, 39.70890448983765 ], [ -104.878989559242243, 39.708049873383757 ], [ -104.883140177030981, 39.70706343184564 ], [ -104.883623252134512, 39.706962838916411 ], [ -104.883819524792074, 39.706936028884655 ], [ -104.88411950573817, 39.706918434502008 ], [ -104.884435845652078, 39.706921687887196 ], [ -104.884740891740421, 39.706943053419877 ], [ -104.884948938628668, 39.70697286251653 ], [ -104.885160706419882, 39.707013614879351 ], [ -104.885381787813429, 39.707070582660748 ], [ -104.885565607908745, 39.707126964812318 ], [ -104.885831826089955, 39.707225432474196 ], [ -104.886019601511478, 39.707311356108448 ], [ -104.886250983105427, 39.707441191073634 ], [ -104.88651979406481, 39.70760277138433 ], [ -104.886825784430755, 39.707796865851307 ], [ -104.887319843255284, 39.708099609583037 ], [ -104.887569663249721, 39.708255288325553 ], [ -104.888685803408904, 39.708950811814709 ], [ -104.889301227196512, 39.709334302449548 ], [ -104.889857133432898, 39.709677371925103 ], [ -104.891004611296736, 39.710385502207444 ], [ -104.891595273886409, 39.710757453066101 ], [ -104.891870341459111, 39.710925120557469 ], [ -104.892136414438696, 39.711042988480777 ], [ -104.892380787647639, 39.7111267668108 ], [ -104.892568998754712, 39.711161724852303 ], [ -104.892919867835587, 39.711199665081779 ], [ -104.90171926349727, 39.711214893638441 ], [ -104.903369517439188, 39.711217676499174 ], [ -104.903504667586219, 39.711288869513957 ], [ -104.903654324879795, 39.711238967399282 ], [ -104.90445601541677, 39.711219418005349 ], [ -104.906483534575713, 39.71120344321028 ], [ -104.908696619426067, 39.711214074093711 ], [ -104.909699059258585, 39.711206317905727 ], [ -104.910246793251503, 39.711208434390919 ], [ -104.910107465201236, 39.711390238499682 ], [ -104.909987505723919, 39.711546242679496 ], [ -104.909106549221804, 39.712668852659839 ], [ -104.908775078072594, 39.713091227608274 ], [ -104.90769745792683, 39.71446432162476 ], [ -104.907470415039924, 39.71475361242414 ], [ -104.907464433218891, 39.714761234311013 ], [ -104.90744190526749, 39.714789939423405 ], [ -104.91015665499161, 39.714807498832741 ], [ -104.912709147303445, 39.714801720064173 ], [ -104.912707432285629, 39.716257301889755 ], [ -104.912705041223873, 39.718286669273809 ], [ -104.912791288206975, 39.718370325825063 ], [ -104.911653446331655, 39.71836894801266 ], [ -104.910701620306, 39.718369446817022 ], [ -104.909739108052463, 39.718369012044349 ], [ -104.908787134524474, 39.718372468115739 ], [ -104.90839275125343, 39.718376614771763 ], [ -104.908366090576649, 39.718376480686942 ], [ -104.908339430159842, 39.718376346597381 ], [ -104.908286106434375, 39.718376421315469 ], [ -104.908232782510041, 39.71837649646011 ], [ -104.90817945826106, 39.718376571528729 ], [ -104.90817690803533, 39.718468183058356 ], [ -104.908175504081058, 39.71863460990091 ], [ -104.908174971419655, 39.718803100402326 ], [ -104.908167859905078, 39.720067482566854 ], [ -104.90815830278423, 39.721516404688465 ], [ -104.908156840826919, 39.721689694112335 ], [ -104.90815611413089, 39.721881175634536 ], [ -104.908154996664194, 39.722013630613297 ], [ -104.907954135030892, 39.722013649357592 ], [ -104.906875161160357, 39.722014734429074 ], [ -104.906670744481019, 39.722014733309081 ], [ -104.906531597388067, 39.722014912315586 ], [ -104.906017493202583, 39.722015554642091 ], [ -104.905799783115185, 39.722011023843471 ], [ -104.904782719932456, 39.722008844190484 ], [ -104.903744712151521, 39.722002137527291 ], [ -104.903546619478931, 39.722002065216365 ], [ -104.903544028701759, 39.722391580576506 ], [ -104.903538921266332, 39.72328155536691 ], [ -104.90352999194431, 39.724837455039278 ], [ -104.903520695708053, 39.725046434111199 ], [ -104.903503831297215, 39.725261181353389 ], [ -104.903417522491623, 39.725648413372099 ], [ -104.903464715062242, 39.726705837943946 ], [ -104.903469573593057, 39.726887287153545 ], [ -104.903474928838037, 39.727025256154178 ], [ -104.903470471006358, 39.728078160263387 ], [ -104.903474074669944, 39.728679853392016 ], [ -104.903477737025852, 39.729291443788334 ], [ -104.903478818645496, 39.729582475779644 ], [ -104.903478059554985, 39.729883310540977 ], [ -104.90347761682095, 39.730051972737883 ], [ -104.903474829492623, 39.730724188969376 ], [ -104.903473307668705, 39.731693744596946 ], [ -104.903468710290909, 39.732901506472771 ], [ -104.902049864834268, 39.73287904522185 ], [ -104.900986532670672, 39.732881803912704 ], [ -104.899902796753977, 39.732880398784012 ], [ -104.898773538642089, 39.732878751068711 ], [ -104.897769365700157, 39.732875552994521 ], [ -104.89759854401747, 39.732875008011135 ], [ -104.896880248844994, 39.732872714103429 ], [ -104.8965231754961, 39.732871572128971 ], [ -104.895991132319722, 39.732869868745929 ], [ -104.8952099905827, 39.732867363050431 ], [ -104.893379177823419, 39.732861470825235 ], [ -104.890605354573609, 39.732861504487559 ], [ -104.889432385699564, 39.732857002504467 ], [ -104.888236430485179, 39.732859645040257 ], [ -104.887057206027762, 39.732859821706207 ], [ -104.885878178435959, 39.732857790941011 ], [ -104.884718723360336, 39.732853657636774 ], [ -104.884710187842401, 39.732853611194578 ] ] ] ] } },
{ "type": "Feature", "properties": { "NBHD_ID": 69, "NBHD_NAME": "Virginia Village", "TYPOLOGY": null, "NOTES": "Includes +/- 9.6 acre island per 2020 census tract", "GLOBALID": "91b13ba1-c50b-4977-9243-9c01a4cbc6fe" }, "geometry": { "type": "MultiPolygon", "coordinates": [ [ [ [ -104.93591606378213, 39.697849837506602 ], [ -104.935922185908879, 39.696590279670751 ], [ -104.934089930043967, 39.696596091610083 ], [ -104.934003664343393, 39.696596348105061 ], [ -104.934003668009254, 39.6965960868962 ], [ -104.931745184995791, 39.696603039470084 ], [ -104.928223325005703, 39.696611019609314 ], [ -104.928223255388616, 39.696641356839343 ], [ -104.928204768501189, 39.696641318544565 ], [ -104.928185607311477, 39.696641225375203 ], [ -104.928039336966279, 39.696643024784215 ], [ -104.92794177547303, 39.696650082391059 ], [ -104.927860401972936, 39.696664750284107 ], [ -104.927704155353382, 39.696694119192443 ], [ -104.927583723946483, 39.696716130575304 ], [ -104.927499121307747, 39.696728271563309 ], [ -104.927404827845606, 39.696732833547195 ], [ -104.927281286582456, 39.696737255627376 ], [ -104.92653699421507, 39.696738649468401 ], [ -104.925971454124209, 39.696740911328682 ], [ -104.925318161149704, 39.696742741666426 ], [ -104.924356119626225, 39.696743057795999 ], [ -104.92416432650586, 39.696747139476294 ], [ -104.924063516095345, 39.696754180016839 ], [ -104.923975680623371, 39.696763792103717 ], [ -104.923881307759956, 39.696778393170895 ], [ -104.923767471203135, 39.696811534265443 ], [ -104.923322197468849, 39.696831518642718 ], [ -104.923314668023878, 39.696826923075498 ], [ -104.92326075122341, 39.696793028473628 ], [ -104.92320687960148, 39.696753643338944 ], [ -104.923091753019719, 39.696708467212453 ], [ -104.923008447988806, 39.696683007643429 ], [ -104.922914414928329, 39.696665730911569 ], [ -104.922784983654566, 39.696631465491265 ], [ -104.92275324297708, 39.696623231135675 ], [ -104.922720265437349, 39.696614675872695 ], [ -104.922673374084383, 39.696590767193136 ], [ -104.922630051218391, 39.696565160299905 ], [ -104.922597476261416, 39.696528967836748 ], [ -104.92254725220829, 39.696478275911105 ], [ -104.922486341694906, 39.696430620331704 ], [ -104.922432632021994, 39.696371675091513 ], [ -104.922382198674043, 39.696346376665439 ], [ -104.922289215881975, 39.696309544049136 ], [ -104.922285820412213, 39.696308483264403 ], [ -104.922198826932032, 39.696281303632738 ], [ -104.921954051431115, 39.696228625723215 ], [ -104.921917835875078, 39.696203053497705 ], [ -104.921849612517235, 39.696180412450687 ], [ -104.921766286271662, 39.696157696951637 ], [ -104.921643825195332, 39.69614027960943 ], [ -104.921556875076391, 39.696126125267305 ], [ -104.921492182818469, 39.696106246494921 ], [ -104.921366535720367, 39.696044201927869 ], [ -104.921294032134853, 39.696001979203892 ], [ -104.921251711391449, 39.695962649796208 ], [ -104.921144107401062, 39.695867406562712 ], [ -104.921032976115413, 39.695769057461433 ], [ -104.920964119967977, 39.695715527637304 ], [ -104.920928997021491, 39.695665252536841 ], [ -104.920856771609664, 39.695589400445613 ], [ -104.920818257173067, 39.695519548211301 ], [ -104.920721040662613, 39.695457642806353 ], [ -104.920644890634108, 39.695426725852521 ], [ -104.920583753040773, 39.695406864033572 ], [ -104.920353209705411, 39.69535253731329 ], [ -104.92021239199633, 39.695298995687054 ], [ -104.920107862092948, 39.695262104789201 ], [ -104.920000780622104, 39.695211474279098 ], [ -104.919892791399889, 39.695163241726476 ], [ -104.919802589293866, 39.69511269434944 ], [ -104.91968776856335, 39.695031141016386 ], [ -104.919594084244181, 39.694971997157474 ], [ -104.919493361771856, 39.694904582678227 ], [ -104.919418334294164, 39.694845530974305 ], [ -104.919317566223398, 39.694783606798772 ], [ -104.919220212908854, 39.694738514385158 ], [ -104.919083910135726, 39.694676414750035 ], [ -104.918993641252129, 39.694634102359529 ], [ -104.918878449564176, 39.694597500807262 ], [ -104.918835152047706, 39.694569147142481 ], [ -104.918774222654164, 39.694524234510489 ], [ -104.91870631465639, 39.694463845095505 ], [ -104.918666590642218, 39.694433106696515 ], [ -104.918437323526845, 39.694225387432155 ], [ -104.918357923342256, 39.694158077400445 ], [ -104.91830765621701, 39.694113217104004 ], [ -104.918210651009886, 39.69402625967308 ], [ -104.918146078345799, 39.693992309748836 ], [ -104.918102733062995, 39.693969789639176 ], [ -104.918053169118465, 39.693947238487283 ], [ -104.917945017596139, 39.693918906647994 ], [ -104.917840374233677, 39.693896083013627 ], [ -104.917713638648223, 39.693859080018015 ], [ -104.917631159227426, 39.693841856429941 ], [ -104.917569955777907, 39.69383022895169 ], [ -104.91753369153497, 39.693810831902248 ], [ -104.917490417572665, 39.693779732527723 ], [ -104.917469432964921, 39.693739135368567 ], [ -104.917447756310935, 39.693674855909613 ], [ -104.917419977500259, 39.693596476387256 ], [ -104.917370081197248, 39.693507005948263 ], [ -104.917262720077076, 39.693383620534007 ], [ -104.917183277153725, 39.693321800405819 ], [ -104.917140843222924, 39.693296538980228 ], [ -104.917093968169112, 39.69327125527321 ], [ -104.9170293026731, 39.693248629071071 ], [ -104.916982427429559, 39.693223345568818 ], [ -104.916925031230363, 39.693181194732048 ], [ -104.916871086166367, 39.693151415091776 ], [ -104.916784302930125, 39.693117697593038 ], [ -104.916669163370756, 39.693075260225299 ], [ -104.916568146903543, 39.693043873691948 ], [ -104.916503572820247, 39.693010266574326 ], [ -104.916432126281876, 39.692948485202116 ], [ -104.916381883300829, 39.692900879104215 ], [ -104.916335265105943, 39.692844711582516 ], [ -104.916292083339826, 39.692802630779909 ], [ -104.916255963403188, 39.69276607595733 ], [ -104.916159457778733, 39.692726476052293 ], [ -104.916090396802602, 39.692698336762092 ], [ -104.916022201380159, 39.692672946998741 ], [ -104.915968174472994, 39.692653118306261 ], [ -104.915917723804341, 39.692630561831805 ], [ -104.915838962756823, 39.692593794866511 ], [ -104.91579919476564, 39.692568546390149 ], [ -104.915755933505565, 39.692536073633811 ], [ -104.915680957350375, 39.692471529183294 ], [ -104.915601653944861, 39.692393236276125 ], [ -104.915530140240179, 39.692339690363426 ], [ -104.915465661621383, 39.69229475811975 ], [ -104.915408081626325, 39.6922749115028 ], [ -104.915321023139086, 39.692274478663279 ], [ -104.91517982084568, 39.692268285752355 ], [ -104.91508663768407, 39.692256497663266 ], [ -104.915025455539961, 39.692242466814733 ], [ -104.91492441766357, 39.69221382441566 ], [ -104.914823366017728, 39.692186897779841 ], [ -104.914743763424511, 39.692144635592491 ], [ -104.91462519045281, 39.69208810901867 ], [ -104.91453583913983, 39.69204305288676 ], [ -104.914419905991167, 39.691989628051317 ], [ -104.914344745783495, 39.691947387309554 ], [ -104.914269656999963, 39.691896568079514 ], [ -104.914175910341044, 39.691845998831894 ], [ -104.914097242435162, 39.6917982494599 ], [ -104.913989425512597, 39.691730452060398 ], [ -104.913939162202524, 39.691685590005157 ], [ -104.913870335467038, 39.691629653963055 ], [ -104.913816518741058, 39.691584773939979 ], [ -104.913798952579853, 39.691560664948383 ], [ -104.913777887653254, 39.691530018066025 ], [ -104.913709318995203, 39.691443198409942 ], [ -104.913648653941451, 39.691367399156441 ], [ -104.913601872919301, 39.691331133461603 ], [ -104.913509064307135, 39.691274734617352 ], [ -104.913476336437029, 39.691257756062768 ], [ -104.913418757269412, 39.691237908612116 ], [ -104.913321435870316, 39.69119006610304 ], [ -104.913278139830794, 39.691162053678397 ], [ -104.913220724395998, 39.69112264615908 ], [ -104.913156179705894, 39.691085948302621 ], [ -104.913055468994457, 39.691018528216894 ], [ -104.912899217576964, 39.690937797782546 ], [ -104.912728184942694, 39.690849428961585 ], [ -104.912681091737582, 39.690850566588963 ], [ -104.912598571134851, 39.690838829967923 ], [ -104.91252677981916, 39.690818910726264 ], [ -104.912425811345514, 39.690782373815203 ], [ -104.912360332837281, 39.690751161592587 ], [ -104.912299316403292, 39.690717569496229 ], [ -104.912238466897378, 39.690664074828177 ], [ -104.912181075704851, 39.690621921688439 ], [ -104.912113024819092, 39.690579714975058 ], [ -104.912022811661032, 39.690531907059892 ], [ -104.911944077751372, 39.690492392149437 ], [ -104.911817466390232, 39.690441656365365 ], [ -104.911709513076161, 39.69039067105922 ], [ -104.911641462436293, 39.690348464319079 ], [ -104.911555573553557, 39.690314747373428 ], [ -104.911475928753717, 39.690277973209575 ], [ -104.911436152458734, 39.690254095817529 ], [ -104.911393958956225, 39.690200693675912 ], [ -104.911358075316429, 39.690136341863564 ], [ -104.911329253121451, 39.690077516337738 ], [ -104.911304682544085, 39.690041360691652 ], [ -104.911280977011884, 39.690007954643839 ], [ -104.911189787409072, 39.689970779544268 ], [ -104.911146374151258, 39.689956835628664 ], [ -104.911102895470776, 39.689950783753304 ], [ -104.911001905622854, 39.689916991015451 ], [ -104.910937317443327, 39.68988578259404 ], [ -104.910869290996615, 39.689840830042016 ], [ -104.910779102488547, 39.68979027580064 ], [ -104.910707500037859, 39.689748050707188 ], [ -104.910643003835872, 39.68970586093608 ], [ -104.910566936727648, 39.689666358801276 ], [ -104.910495311472545, 39.689626878885306 ], [ -104.910423754961442, 39.689579163097378 ], [ -104.910362859124433, 39.689531500874303 ], [ -104.910258576609436, 39.689466805493439 ], [ -104.910201118312585, 39.689432886994027 ], [ -104.910161449633421, 39.689396312431114 ], [ -104.910125285614015, 39.689365589318321 ], [ -104.910104882550414, 39.689359374186331 ], [ -104.910078322895842, 39.689351283811099 ], [ -104.910049885367741, 39.689352513773692 ], [ -104.909996155786658, 39.68935934471029 ], [ -104.909984966131034, 39.689360767197158 ], [ -104.909912100981771, 39.689363146826587 ], [ -104.909899388300687, 39.689359318138798 ], [ -104.90983678182765, 39.689340463143488 ], [ -104.909786358335353, 39.689315158902993 ], [ -104.909739560216266, 39.689281293632341 ], [ -104.909692739053298, 39.689250173551009 ], [ -104.909671771858214, 39.68920820195509 ], [ -104.909639513277313, 39.689135632012508 ], [ -104.909632851165583, 39.689082750730641 ], [ -104.909615743200334, 39.689004422961645 ], [ -104.909605553923711, 39.688948435758064 ], [ -104.909569765394522, 39.688873102388726 ], [ -104.909523296784528, 39.688800117865455 ], [ -104.909455318816299, 39.688749674112543 ], [ -104.909419016128453, 39.688735421924136 ], [ -104.909343532942643, 39.688732297499925 ], [ -104.909231675695253, 39.688723499530774 ], [ -104.909137705474691, 39.688700378296126 ], [ -104.909058061209009, 39.688663945645274 ], [ -104.90897238939624, 39.688604833523243 ], [ -104.908918696865285, 39.688545882148581 ], [ -104.908893216137599, 39.688512466870556 ], [ -104.908865215340114, 39.688461880647637 ], [ -104.908832627858772, 39.688428429626676 ], [ -104.908771664792695, 39.688389002036935 ], [ -104.908746910597586, 39.688374807654753 ], [ -104.908663621183564, 39.688349337651388 ], [ -104.908623858503347, 39.688324086712392 ], [ -104.908559414018839, 39.688276062339817 ], [ -104.908498332345715, 39.688250703719532 ], [ -104.908458523768147, 39.688230942992647 ], [ -104.90840459471346, 39.68820012995657 ], [ -104.908343631564364, 39.688160702390093 ], [ -104.908275443548547, 39.688135308044444 ], [ -104.908224998339406, 39.688112748282606 ], [ -104.908113613650144, 39.68804801540302 ], [ -104.908049074522793, 39.688011314704021 ], [ -104.907944631338026, 39.687966177222066 ], [ -104.907840188545336, 39.687921039898882 ], [ -104.907764990131298, 39.687884285358891 ], [ -104.907681677969748, 39.687861559761892 ], [ -104.907641774271568, 39.687853122762853 ], [ -104.907552197889686, 39.687835856468389 ], [ -104.907425267440757, 39.687823892210069 ], [ -104.907335691152412, 39.687806625399226 ], [ -104.907252284169658, 39.687795223858629 ], [ -104.907194651639543, 39.687782236083144 ], [ -104.907104326905483, 39.687748493465136 ], [ -104.90705032924221, 39.687725915229862 ], [ -104.907007951953233, 39.687694816460983 ], [ -104.906971955257475, 39.68764453297463 ], [ -104.906939537751114, 39.687591178465915 ], [ -104.906904501864773, 39.687532320036581 ], [ -104.906868505070065, 39.687482036112911 ], [ -104.906821898087429, 39.687425864712807 ], [ -104.906786671224722, 39.687389654312888 ], [ -104.906746959069906, 39.687358569292115 ], [ -104.906663671326058, 39.687333098062503 ], [ -104.90652706327505, 39.68731010253429 ], [ -104.906443706088922, 39.687292866576762 ], [ -104.906364906326189, 39.687261927236221 ], [ -104.906300464559067, 39.687213901407929 ], [ -104.906214167005416, 39.687124242184524 ], [ -104.906153183055196, 39.687087558578078 ], [ -104.906085208842455, 39.687037112895084 ], [ -104.906002110291524, 39.68698933619423 ], [ -104.905894140373931, 39.686941433415519 ], [ -104.905822616129342, 39.686890626855721 ], [ -104.905725401556424, 39.686831453825469 ], [ -104.905664464610084, 39.686789279240898 ], [ -104.905606938073447, 39.686763937465216 ], [ -104.905491673275975, 39.686738303287534 ], [ -104.905480137264888, 39.686736872570897 ], [ -104.905426021719364, 39.686728362901682 ], [ -104.905339954119071, 39.686716603202768 ], [ -104.905246220554488, 39.686666026542156 ], [ -104.90519599308729, 39.686618072191798 ], [ -104.905171522328232, 39.686570591257706 ], [ -104.905156741573379, 39.686532768012462 ], [ -104.905128906861293, 39.686462964794124 ], [ -104.905075335476383, 39.686390285418476 ], [ -104.905021601372454, 39.6863368224883 ], [ -104.90495720474857, 39.686283648957613 ], [ -104.904910554060038, 39.686232967299894 ], [ -104.904863877250989, 39.686185374153702 ], [ -104.904810119926708, 39.686134656281943 ], [ -104.904727139918549, 39.68607315251348 ], [ -104.904702483398509, 39.686047633557578 ], [ -104.904580585903986, 39.685966371803623 ], [ -104.904504549290948, 39.685924120533571 ], [ -104.904462031551375, 39.685909835260766 ], [ -104.904375193407375, 39.685884344200616 ], [ -104.904303385935506, 39.685867165012546 ], [ -104.904259945519399, 39.685856993310438 ], [ -104.904227125577819, 39.685851336308517 ], [ -104.904180236843587, 39.685828792748922 ], [ -104.904126477564446, 39.685778418130873 ], [ -104.904098291667609, 39.685750135477505 ], [ -104.904065638381425, 39.685724918336931 ], [ -104.904026673787513, 39.685710651565756 ], [ -104.903957601267265, 39.685685250241235 ], [ -104.90390711283969, 39.685668178879617 ], [ -104.903864592200549, 39.685654236759035 ], [ -104.903828362654153, 39.685631747299873 ], [ -104.903788629749087, 39.685603406021102 ], [ -104.90376041782288, 39.685578211766234 ], [ -104.903720682060623, 39.685550213583959 ], [ -104.903659627829441, 39.685522107466035 ], [ -104.903591327243618, 39.685510436583797 ], [ -104.903523919755074, 39.685489580183223 ], [ -104.903516903658598, 39.684909170893874 ], [ -104.903524258886449, 39.684798442252813 ], [ -104.905112078143191, 39.685720319044542 ], [ -104.90519142748316, 39.685720723195843 ], [ -104.905184324328417, 39.683847037447904 ], [ -104.904613036286648, 39.683845822177666 ], [ -104.904607301304452, 39.682083912431096 ], [ -104.904601297241769, 39.680278477300213 ], [ -104.908104533319616, 39.680276262498083 ], [ -104.908103992622173, 39.679813669568013 ], [ -104.907579013856648, 39.679817545822097 ], [ -104.906991910483598, 39.679815272291449 ], [ -104.906994250963081, 39.678802252671098 ], [ -104.906267839726695, 39.678538307353229 ], [ -104.906125576523479, 39.67848661458747 ], [ -104.90626281641272, 39.678449365865156 ], [ -104.906304269534303, 39.67845286302407 ], [ -104.906423757684635, 39.678459239444472 ], [ -104.906588071075063, 39.678463560960601 ], [ -104.908211310328781, 39.678462793945812 ], [ -104.912821606517085, 39.678468730813606 ], [ -104.915971542481643, 39.678469835248457 ], [ -104.918801540598352, 39.678462777548567 ], [ -104.92099004454046, 39.678466733167497 ], [ -104.922276087087269, 39.67847820764171 ], [ -104.923434237404635, 39.678481363304364 ], [ -104.923909106942574, 39.678477299253949 ], [ -104.925206431946037, 39.678470264549844 ], [ -104.925447838499878, 39.678476503411247 ], [ -104.930896279695276, 39.678470835985422 ], [ -104.931626462514345, 39.678469906665526 ], [ -104.933039570522737, 39.678467464350277 ], [ -104.933295382723074, 39.678466638561027 ], [ -104.933709344326104, 39.678460054279583 ], [ -104.933896752455823, 39.678451609031889 ], [ -104.933986158423735, 39.678452214208967 ], [ -104.933986574635142, 39.678451995536449 ], [ -104.933989581707138, 39.678455410848258 ], [ -104.934116373837725, 39.67859943582166 ], [ -104.934233299820264, 39.678732253533937 ], [ -104.934592708503985, 39.679148317969073 ], [ -104.935236919948693, 39.679913394959407 ], [ -104.935589090772069, 39.680291502040113 ], [ -104.93593491958778, 39.6806172974037 ], [ -104.936215435950032, 39.680861744621708 ], [ -104.936669365804477, 39.681207661447907 ], [ -104.936905617487739, 39.681360841608353 ], [ -104.937175036419049, 39.681535525762257 ], [ -104.937785695529826, 39.681901596317779 ], [ -104.938247315989898, 39.682139005983409 ], [ -104.938774746530413, 39.682366036995532 ], [ -104.939074739697929, 39.682485069965232 ], [ -104.939478312655254, 39.682628651044922 ], [ -104.940251298762178, 39.682862190919685 ], [ -104.940430202889843, 39.68290494037057 ], [ -104.940697291136118, 39.682968760814539 ], [ -104.940696776457671, 39.683049656174283 ], [ -104.940697391277894, 39.683134724802898 ], [ -104.940698107156948, 39.683440259622643 ], [ -104.940698954717348, 39.684448484768659 ], [ -104.940718405113856, 39.684899007201736 ], [ -104.9407029543124, 39.685693400443661 ], [ -104.940661394932263, 39.68749961549404 ], [ -104.940638956287088, 39.689327848521366 ], [ -104.940657991295978, 39.691136226729526 ], [ -104.940639950502657, 39.69294827565826 ], [ -104.940642918400854, 39.694762874275064 ], [ -104.940642848140413, 39.694768918236598 ], [ -104.940563818562254, 39.694768973604326 ], [ -104.940564574773006, 39.695410686571712 ], [ -104.939520615910538, 39.69540873766244 ], [ -104.939520320692765, 39.695112240878558 ], [ -104.93952041620453, 39.694766331343111 ], [ -104.936269627273361, 39.694773439949159 ], [ -104.936279026993049, 39.696589514781138 ], [ -104.936434761260315, 39.696588914932555 ], [ -104.936429636086956, 39.697848516274043 ], [ -104.93591606378213, 39.697849837506602 ] ], [ [ -104.910929977113199, 39.682081101134244 ], [ -104.910929636845808, 39.679898897302607 ], [ -104.908212604556169, 39.679889713623382 ], [ -104.908211123409089, 39.680276112751287 ], [ -104.908210996831187, 39.682082202692982 ], [ -104.910929977113199, 39.682081101134244 ] ] ], [ [ [ -104.93289964815915, 39.698426014206611 ], [ -104.934081130498683, 39.698406152087372 ], [ -104.934071187540781, 39.699350653453372 ], [ -104.934066321679481, 39.700174225447356 ], [ -104.932891782114808, 39.700168910166155 ], [ -104.931730462827602, 39.700176687820218 ], [ -104.931735933631671, 39.698842832803862 ], [ -104.931737505162957, 39.698429326799832 ], [ -104.932306102072232, 39.698432072970128 ], [ -104.93289964815915, 39.698426014206611 ] ] ] ] } },
{ "type": "Feature", "properties": { "NBHD_ID": 72, "NBHD_NAME": "Washington Virginia Vale", "TYPOLOGY": null, "NOTES": null, "GLOBALID": "499b0312-7ef9-424d-a32d-d910708de7c6" }, "geometry": { "type": "MultiPolygon", "coordinates": [ [ [ [ -104.903504667586219, 39.711288869513957 ], [ -104.903521048449505, 39.711132195027545 ], [ -104.903521721759176, 39.710843940744013 ], [ -104.903521210072213, 39.709649726623077 ], [ -104.903520712519324, 39.708558462092235 ], [ -104.903520887546776, 39.708537873004381 ], [ -104.903521183705919, 39.708084897366746 ], [ -104.903520700960016, 39.707514555592581 ], [ -104.903512007854843, 39.703888954066684 ], [ -104.90353407563542, 39.700331827680721 ], [ -104.903536197841319, 39.700140715984375 ], [ -104.903540907634493, 39.699716668666838 ], [ -104.90355461442303, 39.698542426055134 ], [ -104.903518918558376, 39.698525682470006 ], [ -104.903518121145694, 39.696633462972954 ], [ -104.900113879440312, 39.692962113872277 ], [ -104.903519722701461, 39.692995568202036 ], [ -104.903522215499848, 39.689357330145612 ], [ -104.90354858004514, 39.68738349764606 ], [ -104.903523919755074, 39.685489580183223 ], [ -104.903591327243618, 39.685510436583797 ], [ -104.903659627829441, 39.685522107466035 ], [ -104.903720682060623, 39.685550213583959 ], [ -104.90376041782288, 39.685578211766234 ], [ -104.903788629749087, 39.685603406021102 ], [ -104.903828362654153, 39.685631747299873 ], [ -104.903864592200549, 39.685654236759035 ], [ -104.90390711283969, 39.685668178879617 ], [ -104.903957601267265, 39.685685250241235 ], [ -104.904026673787513, 39.685710651565756 ], [ -104.904065638381425, 39.685724918336931 ], [ -104.904098291667609, 39.685750135477505 ], [ -104.904126477564446, 39.685778418130873 ], [ -104.904180236843587, 39.685828792748922 ], [ -104.904227125577819, 39.685851336308517 ], [ -104.904259945519399, 39.685856993310438 ], [ -104.904303385935506, 39.685867165012546 ], [ -104.904375193407375, 39.685884344200616 ], [ -104.904462031551375, 39.685909835260766 ], [ -104.904504549290948, 39.685924120533571 ], [ -104.904580585903986, 39.685966371803623 ], [ -104.904702483398509, 39.686047633557578 ], [ -104.904727139918549, 39.68607315251348 ], [ -104.904810119926708, 39.686134656281943 ], [ -104.904863877250989, 39.686185374153702 ], [ -104.904910554060038, 39.686232967299894 ], [ -104.90495720474857, 39.686283648957613 ], [ -104.905021601372454, 39.6863368224883 ], [ -104.905075335476383, 39.686390285418476 ], [ -104.905128906861293, 39.686462964794124 ], [ -104.905156741573379, 39.686532768012462 ], [ -104.905171522328232, 39.686570591257706 ], [ -104.90519599308729, 39.686618072191798 ], [ -104.905246220554488, 39.686666026542156 ], [ -104.905339954119071, 39.686716603202768 ], [ -104.905426021719364, 39.686728362901682 ], [ -104.905480137264888, 39.686736872570897 ], [ -104.905491673275975, 39.686738303287534 ], [ -104.905606938073447, 39.686763937465216 ], [ -104.905664464610084, 39.686789279240898 ], [ -104.905725401556424, 39.686831453825469 ], [ -104.905822616129342, 39.686890626855721 ], [ -104.905894140373931, 39.686941433415519 ], [ -104.906002110291524, 39.68698933619423 ], [ -104.906085208842455, 39.687037112895084 ], [ -104.906153183055196, 39.687087558578078 ], [ -104.906214167005416, 39.687124242184524 ], [ -104.906300464559067, 39.687213901407929 ], [ -104.906364906326189, 39.687261927236221 ], [ -104.906443706088922, 39.687292866576762 ], [ -104.90652706327505, 39.68731010253429 ], [ -104.906663671326058, 39.687333098062503 ], [ -104.906746959069906, 39.687358569292115 ], [ -104.906786671224722, 39.687389654312888 ], [ -104.906821898087429, 39.687425864712807 ], [ -104.906868505070065, 39.687482036112911 ], [ -104.906904501864773, 39.687532320036581 ], [ -104.906939537751114, 39.687591178465915 ], [ -104.906971955257475, 39.68764453297463 ], [ -104.907007951953233, 39.687694816460983 ], [ -104.90705032924221, 39.687725915229862 ], [ -104.907104326905483, 39.687748493465136 ], [ -104.907194651639543, 39.687782236083144 ], [ -104.907252284169658, 39.687795223858629 ], [ -104.907335691152412, 39.687806625399226 ], [ -104.907425267440757, 39.687823892210069 ], [ -104.907552197889686, 39.687835856468389 ], [ -104.907641774271568, 39.687853122762853 ], [ -104.907681677969748, 39.687861559761892 ], [ -104.907764990131298, 39.687884285358891 ], [ -104.907840188545336, 39.687921039898882 ], [ -104.907944631338026, 39.687966177222066 ], [ -104.908049074522793, 39.688011314704021 ], [ -104.908113613650144, 39.68804801540302 ], [ -104.908224998339406, 39.688112748282606 ], [ -104.908275443548547, 39.688135308044444 ], [ -104.908343631564364, 39.688160702390093 ], [ -104.90840459471346, 39.68820012995657 ], [ -104.908458523768147, 39.688230942992647 ], [ -104.908498332345715, 39.688250703719532 ], [ -104.908559414018839, 39.688276062339817 ], [ -104.908623858503347, 39.688324086712392 ], [ -104.908663621183564, 39.688349337651388 ], [ -104.908746910597586, 39.688374807654753 ], [ -104.908771664792695, 39.688389002036935 ], [ -104.908832627858772, 39.688428429626676 ], [ -104.908865215340114, 39.688461880647637 ], [ -104.908893216137599, 39.688512466870556 ], [ -104.908918696865285, 39.688545882148581 ], [ -104.90897238939624, 39.688604833523243 ], [ -104.909058061209009, 39.688663945645274 ], [ -104.909137705474691, 39.688700378296126 ], [ -104.909231675695253, 39.688723499530774 ], [ -104.909343532942643, 39.688732297499925 ], [ -104.909419016128453, 39.688735421924136 ], [ -104.909455318816299, 39.688749674112543 ], [ -104.909523296784528, 39.688800117865455 ], [ -104.909569765394522, 39.688873102388726 ], [ -104.909605553923711, 39.688948435758064 ], [ -104.909615743200334, 39.689004422961645 ], [ -104.909632851165583, 39.689082750730641 ], [ -104.909639513277313, 39.689135632012508 ], [ -104.909671771858214, 39.68920820195509 ], [ -104.909692739053298, 39.689250173551009 ], [ -104.909739560216266, 39.689281293632341 ], [ -104.909786358335353, 39.689315158902993 ], [ -104.90983678182765, 39.689340463143488 ], [ -104.909899388300687, 39.689359318138798 ], [ -104.909912100981771, 39.689363146826587 ], [ -104.909984966131034, 39.689360767197158 ], [ -104.909996155786658, 39.68935934471029 ], [ -104.910049885367741, 39.689352513773692 ], [ -104.910078322895842, 39.689351283811099 ], [ -104.910104882550414, 39.689359374186331 ], [ -104.910125285614015, 39.689365589318321 ], [ -104.910161449633421, 39.689396312431114 ], [ -104.910201118312585, 39.689432886994027 ], [ -104.910258576609436, 39.689466805493439 ], [ -104.910362859124433, 39.689531500874303 ], [ -104.910423754961442, 39.689579163097378 ], [ -104.910495311472545, 39.689626878885306 ], [ -104.910566936727648, 39.689666358801276 ], [ -104.910643003835872, 39.68970586093608 ], [ -104.910707500037859, 39.689748050707188 ], [ -104.910779102488547, 39.68979027580064 ], [ -104.910869290996615, 39.689840830042016 ], [ -104.910937317443327, 39.68988578259404 ], [ -104.911001905622854, 39.689916991015451 ], [ -104.911102895470776, 39.689950783753304 ], [ -104.911146374151258, 39.689956835628664 ], [ -104.911189787409072, 39.689970779544268 ], [ -104.911280977011884, 39.690007954643839 ], [ -104.911304682544085, 39.690041360691652 ], [ -104.911329253121451, 39.690077516337738 ], [ -104.911358075316429, 39.690136341863564 ], [ -104.911393958956225, 39.690200693675912 ], [ -104.911436152458734, 39.690254095817529 ], [ -104.911475928753717, 39.690277973209575 ], [ -104.911555573553557, 39.690314747373428 ], [ -104.911641462436293, 39.690348464319079 ], [ -104.911709513076161, 39.69039067105922 ], [ -104.911817466390232, 39.690441656365365 ], [ -104.911944077751372, 39.690492392149437 ], [ -104.912022811661032, 39.690531907059892 ], [ -104.912113024819092, 39.690579714975058 ], [ -104.912181075704851, 39.690621921688439 ], [ -104.912238466897378, 39.690664074828177 ], [ -104.912299316403292, 39.690717569496229 ], [ -104.912360332837281, 39.690751161592587 ], [ -104.912425811345514, 39.690782373815203 ], [ -104.91252677981916, 39.690818910726264 ], [ -104.912598571134851, 39.690838829967923 ], [ -104.912681091737582, 39.690850566588963 ], [ -104.912728184942694, 39.690849428961585 ], [ -104.912899217576964, 39.690937797782546 ], [ -104.913055468994457, 39.691018528216894 ], [ -104.913156179705894, 39.691085948302621 ], [ -104.913220724395998, 39.69112264615908 ], [ -104.913278139830794, 39.691162053678397 ], [ -104.913321435870316, 39.69119006610304 ], [ -104.913418757269412, 39.691237908612116 ], [ -104.913476336437029, 39.691257756062768 ], [ -104.913509064307135, 39.691274734617352 ], [ -104.913601872919301, 39.691331133461603 ], [ -104.913648653941451, 39.691367399156441 ], [ -104.913709318995203, 39.691443198409942 ], [ -104.913777887653254, 39.691530018066025 ], [ -104.913798952579853, 39.691560664948383 ], [ -104.913816518741058, 39.691584773939979 ], [ -104.913870335467038, 39.691629653963055 ], [ -104.913939162202524, 39.691685590005157 ], [ -104.913989425512597, 39.691730452060398 ], [ -104.914097242435162, 39.6917982494599 ], [ -104.914175910341044, 39.691845998831894 ], [ -104.914269656999963, 39.691896568079514 ], [ -104.914344745783495, 39.691947387309554 ], [ -104.914419905991167, 39.691989628051317 ], [ -104.91453583913983, 39.69204305288676 ], [ -104.91462519045281, 39.69208810901867 ], [ -104.914743763424511, 39.692144635592491 ], [ -104.914823366017728, 39.692186897779841 ], [ -104.91492441766357, 39.69221382441566 ], [ -104.915025455539961, 39.692242466814733 ], [ -104.91508663768407, 39.692256497663266 ], [ -104.91517982084568, 39.692268285752355 ], [ -104.915321023139086, 39.692274478663279 ], [ -104.915408081626325, 39.6922749115028 ], [ -104.915465661621383, 39.69229475811975 ], [ -104.915530140240179, 39.692339690363426 ], [ -104.915601653944861, 39.692393236276125 ], [ -104.915680957350375, 39.692471529183294 ], [ -104.915755933505565, 39.692536073633811 ], [ -104.91579919476564, 39.692568546390149 ], [ -104.915838962756823, 39.692593794866511 ], [ -104.915917723804341, 39.692630561831805 ], [ -104.915968174472994, 39.692653118306261 ], [ -104.916022201380159, 39.692672946998741 ], [ -104.916090396802602, 39.692698336762092 ], [ -104.916159457778733, 39.692726476052293 ], [ -104.916255963403188, 39.69276607595733 ], [ -104.916292083339826, 39.692802630779909 ], [ -104.916335265105943, 39.692844711582516 ], [ -104.916381883300829, 39.692900879104215 ], [ -104.916432126281876, 39.692948485202116 ], [ -104.916503572820247, 39.693010266574326 ], [ -104.916568146903543, 39.693043873691948 ], [ -104.916669163370756, 39.693075260225299 ], [ -104.916784302930125, 39.693117697593038 ], [ -104.916871086166367, 39.693151415091776 ], [ -104.916925031230363, 39.693181194732048 ], [ -104.916982427429559, 39.693223345568818 ], [ -104.9170293026731, 39.693248629071071 ], [ -104.917093968169112, 39.69327125527321 ], [ -104.917140843222924, 39.693296538980228 ], [ -104.917183277153725, 39.693321800405819 ], [ -104.917262720077076, 39.693383620534007 ], [ -104.917370081197248, 39.693507005948263 ], [ -104.917419977500259, 39.693596476387256 ], [ -104.917447756310935, 39.693674855909613 ], [ -104.917469432964921, 39.693739135368567 ], [ -104.917490417572665, 39.693779732527723 ], [ -104.91753369153497, 39.693810831902248 ], [ -104.917569955777907, 39.69383022895169 ], [ -104.917631159227426, 39.693841856429941 ], [ -104.917713638648223, 39.693859080018015 ], [ -104.917840374233677, 39.693896083013627 ], [ -104.917945017596139, 39.693918906647994 ], [ -104.918053169118465, 39.693947238487283 ], [ -104.918102733062995, 39.693969789639176 ], [ -104.918146078345799, 39.693992309748836 ], [ -104.918210651009886, 39.69402625967308 ], [ -104.91830765621701, 39.694113217104004 ], [ -104.918357923342256, 39.694158077400445 ], [ -104.918437323526845, 39.694225387432155 ], [ -104.918666590642218, 39.694433106696515 ], [ -104.91870631465639, 39.694463845095505 ], [ -104.918774222654164, 39.694524234510489 ], [ -104.918835152047706, 39.694569147142481 ], [ -104.918878449564176, 39.694597500807262 ], [ -104.918993641252129, 39.694634102359529 ], [ -104.919083910135726, 39.694676414750035 ], [ -104.919220212908854, 39.694738514385158 ], [ -104.919317566223398, 39.694783606798772 ], [ -104.919418334294164, 39.694845530974305 ], [ -104.919493361771856, 39.694904582678227 ], [ -104.919594084244181, 39.694971997157474 ], [ -104.91968776856335, 39.695031141016386 ], [ -104.919802589293866, 39.69511269434944 ], [ -104.919892791399889, 39.695163241726476 ], [ -104.920000780622104, 39.695211474279098 ], [ -104.920107862092948, 39.695262104789201 ], [ -104.92021239199633, 39.695298995687054 ], [ -104.920353209705411, 39.69535253731329 ], [ -104.920583753040773, 39.695406864033572 ], [ -104.920644890634108, 39.695426725852521 ], [ -104.920721040662613, 39.695457642806353 ], [ -104.920818257173067, 39.695519548211301 ], [ -104.920856771609664, 39.695589400445613 ], [ -104.920928997021491, 39.695665252536841 ], [ -104.920964119967977, 39.695715527637304 ], [ -104.921032976115413, 39.695769057461433 ], [ -104.921144107401062, 39.695867406562712 ], [ -104.921251711391449, 39.695962649796208 ], [ -104.921294032134853, 39.696001979203892 ], [ -104.921366535720367, 39.696044201927869 ], [ -104.921492182818469, 39.696106246494921 ], [ -104.921556875076391, 39.696126125267305 ], [ -104.921643825195332, 39.69614027960943 ], [ -104.921766286271662, 39.696157696951637 ], [ -104.921849612517235, 39.696180412450687 ], [ -104.921917835875078, 39.696203053497705 ], [ -104.921954051431115, 39.696228625723215 ], [ -104.922198826932032, 39.696281303632738 ], [ -104.922285820412213, 39.696308483264403 ], [ -104.922289215881975, 39.696309544049136 ], [ -104.922382198674043, 39.696346376665439 ], [ -104.922432632021994, 39.696371675091513 ], [ -104.922486341694906, 39.696430620331704 ], [ -104.92254725220829, 39.696478275911105 ], [ -104.922597476261416, 39.696528967836748 ], [ -104.922630051218391, 39.696565160299905 ], [ -104.922673374084383, 39.696590767193136 ], [ -104.922720265437349, 39.696614675872695 ], [ -104.92275324297708, 39.696623231135675 ], [ -104.922784983654566, 39.696631465491265 ], [ -104.922914414928329, 39.696665730911569 ], [ -104.923008447988806, 39.696683007643429 ], [ -104.923091753019719, 39.696708467212453 ], [ -104.92320687960148, 39.696753643338944 ], [ -104.92326075122341, 39.696793028473628 ], [ -104.923314668023878, 39.696826923075498 ], [ -104.923322197468849, 39.696831518642718 ], [ -104.923767471203135, 39.696811534265443 ], [ -104.923881307759956, 39.696778393170895 ], [ -104.923975680623371, 39.696763792103717 ], [ -104.924063516095345, 39.696754180016839 ], [ -104.92416432650586, 39.696747139476294 ], [ -104.924356119626225, 39.696743057795999 ], [ -104.925318161149704, 39.696742741666426 ], [ -104.925971454124209, 39.696740911328682 ], [ -104.92653699421507, 39.696738649468401 ], [ -104.927281286582456, 39.696737255627376 ], [ -104.927404827845606, 39.696732833547195 ], [ -104.927499121307747, 39.696728271563309 ], [ -104.927583723946483, 39.696716130575304 ], [ -104.927704155353382, 39.696694119192443 ], [ -104.927860401972936, 39.696664750284107 ], [ -104.92794177547303, 39.696650082391059 ], [ -104.928039336966279, 39.696643024784215 ], [ -104.928185607311477, 39.696641225375203 ], [ -104.928204768501189, 39.696641318544565 ], [ -104.928223255388616, 39.696641356839343 ], [ -104.928219162382192, 39.698430460693721 ], [ -104.928805592400167, 39.698425417691418 ], [ -104.928789989791738, 39.70023313448381 ], [ -104.929323974289289, 39.700232981419376 ], [ -104.931730118253938, 39.700219238575592 ], [ -104.931730150814943, 39.700324933315756 ], [ -104.932893307669616, 39.700309957833582 ], [ -104.932893081451127, 39.701327439869956 ], [ -104.934063318258083, 39.701317978000183 ], [ -104.934062781949876, 39.702045484305529 ], [ -104.934055127833716, 39.703765729673023 ], [ -104.933302443023535, 39.703777547532667 ], [ -104.932866548402842, 39.703621022747186 ], [ -104.932892535785371, 39.702054602848072 ], [ -104.931722289637293, 39.702063710299782 ], [ -104.931717461276861, 39.703208483087401 ], [ -104.93171743904368, 39.703211228436935 ], [ -104.931714810704605, 39.703864943675292 ], [ -104.930182975036175, 39.703864738254495 ], [ -104.927002018598188, 39.703864039633501 ], [ -104.926995693086084, 39.706706094369139 ], [ -104.928297510184251, 39.706698533964278 ], [ -104.928297377648761, 39.706792204979848 ], [ -104.929128065249827, 39.706793736007889 ], [ -104.929129887326141, 39.706417394953391 ], [ -104.929547121610796, 39.70641961228749 ], [ -104.929556473681416, 39.708517843912723 ], [ -104.926992263420871, 39.708058961289517 ], [ -104.926993100696748, 39.708119014175054 ], [ -104.929556785426598, 39.708587740729683 ], [ -104.930253654496369, 39.708729429584672 ], [ -104.930812347821629, 39.708868027571036 ], [ -104.930969253655903, 39.708914427650832 ], [ -104.931692580574577, 39.709133088290791 ], [ -104.931683746520591, 39.711101431370629 ], [ -104.931575518640983, 39.711215711121781 ], [ -104.929329402646431, 39.71119425609691 ], [ -104.928158485267403, 39.71118857592797 ], [ -104.926988321519104, 39.711186290778365 ], [ -104.925812910260674, 39.711187417046744 ], [ -104.924634547730193, 39.711181638350176 ], [ -104.923464568356465, 39.711206649790853 ], [ -104.922295894240079, 39.711221384707962 ], [ -104.921131763631905, 39.711205443144692 ], [ -104.919962114556839, 39.711203212735199 ], [ -104.918796629967616, 39.711197394692647 ], [ -104.917632524989997, 39.711204998517942 ], [ -104.916465644367648, 39.711202949301445 ], [ -104.915294121518485, 39.711192849899852 ], [ -104.914135683103595, 39.711214174951714 ], [ -104.912928202849528, 39.711219381746425 ], [ -104.912801845732659, 39.711218206676861 ], [ -104.911822677028312, 39.711209094700322 ], [ -104.911134426899608, 39.711211859183429 ], [ -104.910246793251503, 39.711208434390919 ], [ -104.909699059258585, 39.711206317905727 ], [ -104.908696619426067, 39.711214074093711 ], [ -104.906483534575713, 39.71120344321028 ], [ -104.90445601541677, 39.711219418005349 ], [ -104.903654324879795, 39.711238967399282 ], [ -104.903504667586219, 39.711288869513957 ] ], [ [ -104.929320800682163, 39.702043502425354 ], [ -104.929322578778525, 39.701278597304857 ], [ -104.928308782370507, 39.701280193670883 ], [ -104.928652538925306, 39.701619194997086 ], [ -104.929033813218922, 39.701934012469685 ], [ -104.929191918171199, 39.702049397373607 ], [ -104.929320800682163, 39.702043502425354 ] ] ] ] } }
]
}
