{
"type": "FeatureCollection",
"name": "Sports_and_Fitness",
"crs": { "type": "name", "properties": { "name": "urn:ogc:def:crs:OGC:1.3:CRS84" } },
"features": [
{ "type": "Feature", "properties": { "Global_Site_ID": 124196, "Activity_Category": "Sports & Fitness", "Site_Name": "Asbury Elementary School", "Address": "1320 East Asbury Ave.", "City": "Denver", "State": "CO", "Zip": 80210, "Latitude": 39.68006553, "Longitude": -104.9716994, "Site_IDs": "134445", "Org_IDs": "36952", "Organization": "HERO Kids Sports LLC", "Location_Type": "School (Denver Public Schools)", "DPS_School_Num": 203.0, "Programs": "HERO Fantastic 11 Sports; HERO Kids Sports", "Program_Count": 2, "Program_Description": "HERO KIDS SPORTS is an innovative non-competitive sports enrichment program for kids ages 2-12 years old teaching the fundamentals of sports and the values of teamwork in a fun and encouraging environment.", "Cost": "Free and fee-based programs available", "Scholarship_Available": true, "Open_Enrollment": true, "Registration_Process": "We utilize an easy registration website or partner with the school to manage registration.", "Registration_URL": null, "Food_Provided": "No", "Transport_Available": false, "Time_Availability": "After School", "Focus_Areas": "Sports & Health", "Phone": "857-400-8858", "Email": "coachmike@herokidsports.com", "Website": "https://www.HEROKidSports.com" }, "geometry": { "type": "Point", "coordinates": [ -104.9716994, 39.68006553 ] } },
{ "type": "Feature", "properties": { "Global_Site_ID": 124204, "Activity_Category": "Sports & Fitness", "Site_Name": "Aztlan Recreation Center", "Address": "4435 Navajo St.", "City": "Denver", "State": "CO", "Zip": 80211, "Latitude": 39.77737806, "Longitude": -105.0043822, "Site_IDs": "134075", "Org_IDs": "40502", "Organization": "Volo Kids Foundation", "Location_Type": "Recreation Center", "DPS_School_Num": null, "Programs": "Saturday Basketball at RiNo Sports Arena with Volo Kids; Saturday Soccer at RiNo with Volo Kids; Saturday Volleyball at RiNo Sports Arena with Volo Kids; Tuesday Basketball at JCC with Volo Kids", "Program_Count": 4, "Program_Description": "In a Volo Kids program you can expect 6 weeks of skills and drills to improve your technique or try a new sport!; In a Volo Kids program you can expect 6 weeks of skills drills and games to improve your technique or try a new sport!", "Cost": "Free", "Scholarship_Available": false, "Open_Enrollment": true, "Registration_Process": "To register, you will click on the blue register button at the top of the page. It will take you to LeagueApps where it is free to make an account. Once you register you will get emails and texts with program updates", "Registration_URL": "https://volokidsden.leagueapps.com/leagues/soccer/3926066-2023-summer-wednesday-soccer-at-aztlan-rec-center", "Food_Provided": "Yes - Snacks", "Transport_Available": false, "Time_Availability": "After School; Holiday", "Focus_Areas": "Sports & Health", "Phone": "(919) 810-6659", "Email": "kenzie@volokids.org", "Website": "https://volokids.org" }, "geometry": { "type": "Point", "coordinates": [ -105.0043822, 39.77737806 ] } },
{ "type": "Feature", "properties": { "Global_Site_ID": 124206, "Activity_Category": "Sports & Fitness", "Site_Name": "Barnum Elementary School", "Address": "85 Hooker St.", "City": "Denver", "State": "CO", "Zip": 80219, "Latitude": 39.7176526, "Longitude": -105.0292335, "Site_IDs": "133262", "Org_IDs": "36952", "Organization": "HERO Kids Sports LLC", "Location_Type": "School (Denver Public Schools)", "DPS_School_Num": 207.0, "Programs": "HERO Fantastic 11 Sports; HERO Kids Sports", "Program_Count": 2, "Program_Description": "HERO KIDS SPORTS is an innovative non-competitive sports enrichment program for kids ages 2-12 years old teaching the fundamentals of sports and the values of teamwork in a fun and encouraging environment.", "Cost": "Free and fee-based programs available", "Scholarship_Available": true, "Open_Enrollment": true, "Registration_Process": "We utilize an easy registration website or partner with the school to manage registration.", "Registration_URL": null, "Food_Provided": "No", "Transport_Available": false, "Time_Availability": "After School", "Focus_Areas": "Sports & Health", "Phone": "857-400-8858", "Email": "coachmike@herokidsports.com", "Website": "https://www.HEROKidSports.com" }, "geometry": { "type": "Point", "coordinates": [ -105.0292335, 39.7176526 ] } },
{ "type": "Feature", "properties": { "Global_Site_ID": 124208, "Activity_Category": "Sports & Fitness", "Site_Name": "Barnum Recreation Center", "Address": "360 North Hooker St.", "City": "Denver", "State": "CO", "Zip": 80219, "Latitude": 39.72233741, "Longitude": -105.028106, "Site_IDs": "134488", "Org_IDs": "40502", "Organization": "Volo Kids Foundation", "Location_Type": "Recreation Center", "DPS_School_Num": null, "Programs": "Saturday Basketball at RiNo Sports Arena with Volo Kids; Saturday Soccer at RiNo with Volo Kids; Saturday Volleyball at RiNo Sports Arena with Volo Kids; Tuesday Basketball at JCC with Volo Kids", "Program_Count": 4, "Program_Description": "In a Volo Kids program you can expect 6 weeks of skills and drills to improve your technique or try a new sport!; In a Volo Kids program you can expect 6 weeks of skills drills and games to improve your technique or try a new sport!", "Cost": "Free", "Scholarship_Available": false, "Open_Enrollment": true, "Registration_Process": "You will click on the link and it will take you to the registration page, it's free to make an account", "Registration_URL": "http://volokidsden.leagueapps.com/leagues/soccer/4154153-2024-spring-thursday-soccer-at-barnum-rec-grass-area", "Food_Provided": "Yes - Snacks", "Transport_Available": false, "Time_Availability": "After School; Holiday", "Focus_Areas": "Sports & Health", "Phone": "(919) 810-6659", "Email": "kenzie@volokids.org", "Website": "https://volokids.org" }, "geometry": { "type": "Point", "coordinates": [ -105.028106, 39.72233741 ] } },
{ "type": "Feature", "properties": { "Global_Site_ID": 124230, "Activity_Category": "Sports & Fitness", "Site_Name": "Bromwell Elementary School", "Address": "2500 East 4th Ave.", "City": "Denver", "State": "CO", "Zip": 80206, "Latitude": 39.72201433, "Longitude": -104.9573835, "Site_IDs": "133269", "Org_IDs": "36952", "Organization": "HERO Kids Sports LLC", "Location_Type": "School (Denver Public Schools)", "DPS_School_Num": 214.0, "Programs": "HERO Fantastic 11 Sports; HERO Kids Sports", "Program_Count": 2, "Program_Description": "HERO KIDS SPORTS is an innovative non-competitive sports enrichment program for kids ages 2-12 years old teaching the fundamentals of sports and the values of teamwork in a fun and encouraging environment.", "Cost": "Free and fee-based programs available", "Scholarship_Available": true, "Open_Enrollment": true, "Registration_Process": "We utilize an easy registration website or partner with the school to manage registration.", "Registration_URL": null, "Food_Provided": "No", "Transport_Available": false, "Time_Availability": "After School", "Focus_Areas": "Sports & Health", "Phone": "857-400-8858", "Email": "coachmike@herokidsports.com", "Website": "https://www.HEROKidSports.com" }, "geometry": { "type": "Point", "coordinates": [ -104.9573835, 39.72201433 ] } },
{ "type": "Feature", "properties": { "Global_Site_ID": 124232, "Activity_Category": "Sports & Fitness", "Site_Name": "Brown International Academy", "Address": "2550 Lowell Blvd.", "City": "Denver", "State": "CO", "Zip": 80211, "Latitude": 39.75449737, "Longitude": -105.0341369, "Site_IDs": "133265", "Org_IDs": "36952", "Organization": "HERO Kids Sports LLC", "Location_Type": "School (Denver Public Schools)", "DPS_School_Num": 215.0, "Programs": "HERO Fantastic 11 Sports; HERO Kids Sports", "Program_Count": 2, "Program_Description": "HERO KIDS SPORTS is an innovative non-competitive sports enrichment program for kids ages 2-12 years old teaching the fundamentals of sports and the values of teamwork in a fun and encouraging environment.", "Cost": "Free and fee-based programs available", "Scholarship_Available": true, "Open_Enrollment": true, "Registration_Process": "We utilize an easy registration website or partner with the school to manage registration.", "Registration_URL": null, "Food_Provided": "No", "Transport_Available": false, "Time_Availability": "After School", "Focus_Areas": "Sports & Health", "Phone": "857-400-8858", "Email": "coachmike@herokidsports.com", "Website": "https://www.HEROKidSports.com" }, "geometry": { "type": "Point", "coordinates": [ -105.0341369, 39.75449737 ] } },
{ "type": "Feature", "properties": { "Global_Site_ID": 124242, "Activity_Category": "Sports & Fitness", "Site_Name": "Carson Elementary School", "Address": "5420 East 1st Ave.", "City": "Denver", "State": "CO", "Zip": 80220, "Latitude": 39.7175258, "Longitude": -104.924089, "Site_IDs": "122954; 128182", "Org_IDs": "36625; 36952", "Organization": "HERO Kids Sports LLC; Omniform Martial Arts Academy", "Location_Type": "School (Denver Public Schools)", "DPS_School_Num": 217.0, "Programs": "HERO Fantastic 11 Sports; HERO Kids Sports; Omniform Karate at Bill Roberts; Omniform Karate at C3; Omniform Karate at Carson; Omniform Karate at Home School; Omniform Karate at Inspire; Omniform Karate at McKinley Thatcher; Omniform Karate at McMeen; Omniform Karate at Odyssey; Omniform Karate at Polaris; Omniform Karate at Slavens; Omniform Karate at Steck; Omniform Karate at Stedman; Omniform Karate at Swigert; Omniform Karate at Teller; Omniform Karate at Trevista; Omniform Karate at University Park; Omniform Karate at Westerly Creek", "Program_Count": 19, "Program_Description": "HERO KIDS SPORTS is an innovative non-competitive sports enrichment program for kids ages 2-12 years old teaching the fundamentals of sports and the values of teamwork in a fun and encouraging environment.; Omniform is martial art that develops the mind body and the character of the student. It's a blend of Tae Kwon Do Karate Boxing and Yoga. The intention of training is to empower students to consciously and deliberately develop personal success.", "Cost": "Free and fee-based programs available", "Scholarship_Available": true, "Open_Enrollment": true, "Registration_Process": "This is and after school enrichment program.  Registration can be made at the listed registration site: https://www.schoolcareworks.com/registration/dps/start_registration.jsp", "Registration_URL": "https://www.schoolcareworks.com/registration/dps/start_registration.jsp", "Food_Provided": "No", "Transport_Available": false, "Time_Availability": "After School; By Request; Holiday; School Day; Summer", "Focus_Areas": "Sports & Health", "Phone": "3039194249", "Email": "jocelyn.mieko@gmail.com", "Website": "http://omniformmartialarts.com/" }, "geometry": { "type": "Point", "coordinates": [ -104.924089, 39.7175258 ] } },
{ "type": "Feature", "properties": { "Global_Site_ID": 124245, "Activity_Category": "Sports & Fitness", "Site_Name": "Centennial School", "Address": "4665 Raleigh St.", "City": "Denver", "State": "CO", "Zip": 80212, "Latitude": 39.78152907, "Longitude": -105.0421851, "Site_IDs": "128107", "Org_IDs": "36952", "Organization": "HERO Kids Sports LLC", "Location_Type": "School (Denver Public Schools)", "DPS_School_Num": 297.0, "Programs": "HERO Fantastic 11 Sports; HERO Kids Sports", "Program_Count": 2, "Program_Description": "HERO KIDS SPORTS is an innovative non-competitive sports enrichment program for kids ages 2-12 years old teaching the fundamentals of sports and the values of teamwork in a fun and encouraging environment.", "Cost": "Free and fee-based programs available", "Scholarship_Available": true, "Open_Enrollment": true, "Registration_Process": "We utilize an easy registration website or partner with the school to manage registration.", "Registration_URL": null, "Food_Provided": "No", "Transport_Available": false, "Time_Availability": "After School", "Focus_Areas": "Sports & Health", "Phone": "857-400-8858", "Email": "coachmike@herokidsports.com", "Website": "https://www.HEROKidSports.com" }, "geometry": { "type": "Point", "coordinates": [ -105.0421851, 39.78152907 ] } },
{ "type": "Feature", "properties": { "Global_Site_ID": 124250, "Activity_Category": "Sports & Fitness", "Site_Name": "Charles M Schenck (CMS) Community School", "Address": "1300 South Lowell Blvd.", "City": "Denver", "State": "CO", "Zip": 80219, "Latitude": 39.69279894, "Longitude": -105.0339686, "Site_IDs": "133902", "Org_IDs": "36952", "Organization": "HERO Kids Sports LLC", "Location_Type": "School (Denver Public Schools)", "DPS_School_Num": 270.0, "Programs": "HERO Fantastic 11 Sports; HERO Kids Sports", "Program_Count": 2, "Program_Description": "HERO KIDS SPORTS is an innovative non-competitive sports enrichment program for kids ages 2-12 years old teaching the fundamentals of sports and the values of teamwork in a fun and encouraging environment.", "Cost": "Free and fee-based programs available", "Scholarship_Available": true, "Open_Enrollment": true, "Registration_Process": "We utilize an easy registration website or partner with the school to manage registration.", "Registration_URL": null, "Food_Provided": "No", "Transport_Available": false, "Time_Availability": "After School", "Focus_Areas": "Sports & Health", "Phone": "857-400-8858", "Email": "coachmike@herokidsports.com", "Website": "https://www.HEROKidSports.com" }, "geometry": { "type": "Point", "coordinates": [ -105.0339686, 39.69279894 ] } },
{ "type": "Feature", "properties": { "Global_Site_ID": 124287, "Activity_Category": "Sports & Fitness", "Site_Name": "Cory Elementary School", "Address": "1550 South Steele St.", "City": "Denver", "State": "CO", "Zip": 80210, "Latitude": 39.68893275, "Longitude": -104.9495344, "Site_IDs": "133788", "Org_IDs": "36952", "Organization": "HERO Kids Sports LLC", "Location_Type": "School (Denver Public Schools)", "DPS_School_Num": 223.0, "Programs": "HERO Fantastic 11 Sports; HERO Kids Sports", "Program_Count": 2, "Program_Description": "HERO KIDS SPORTS is an innovative non-competitive sports enrichment program for kids ages 2-12 years old teaching the fundamentals of sports and the values of teamwork in a fun and encouraging environment.", "Cost": "Free and fee-based programs available", "Scholarship_Available": true, "Open_Enrollment": true, "Registration_Process": "We utilize an easy registration website or partner with the school to manage registration.", "Registration_URL": null, "Food_Provided": "No", "Transport_Available": false, "Time_Availability": "After School", "Focus_Areas": "Sports & Health", "Phone": "857-400-8858", "Email": "coachmike@herokidsports.com", "Website": "https://www.HEROKidSports.com" }, "geometry": { "type": "Point", "coordinates": [ -104.9495344, 39.68893275 ] } },
{ "type": "Feature", "properties": { "Global_Site_ID": 124288, "Activity_Category": "Sports & Fitness", "Site_Name": "Cowell Elementary School", "Address": "4540 West 10th Ave.", "City": "Denver", "State": "CO", "Zip": 80204, "Latitude": 39.7327331, "Longitude": -105.0455142, "Site_IDs": "133259", "Org_IDs": "36952", "Organization": "HERO Kids Sports LLC", "Location_Type": "School (Denver Public Schools)", "DPS_School_Num": 224.0, "Programs": "HERO Fantastic 11 Sports; HERO Kids Sports", "Program_Count": 2, "Program_Description": "HERO KIDS SPORTS is an innovative non-competitive sports enrichment program for kids ages 2-12 years old teaching the fundamentals of sports and the values of teamwork in a fun and encouraging environment.", "Cost": "Free and fee-based programs available", "Scholarship_Available": true, "Open_Enrollment": true, "Registration_Process": "We offer registration through our easy use registration website or partner with DPS to manage registration.", "Registration_URL": null, "Food_Provided": "No", "Transport_Available": false, "Time_Availability": "After School", "Focus_Areas": "Sports & Health", "Phone": "857-400-8858", "Email": "coachmike@herokidsports.com", "Website": "https://www.HEROKidSports.com" }, "geometry": { "type": "Point", "coordinates": [ -105.0455142, 39.7327331 ] } },
{ "type": "Feature", "properties": { "Global_Site_ID": 124289, "Activity_Category": "Sports & Fitness", "Site_Name": "Creativity Challenge Community (C3)", "Address": "1551 South Monroe St.", "City": "Denver", "State": "CO", "Zip": 80210, "Latitude": 39.68877488, "Longitude": -104.9457969, "Site_IDs": "133021; 133904", "Org_IDs": "36625; 36952", "Organization": "HERO Kids Sports LLC; Omniform Martial Arts Academy", "Location_Type": "School (Denver Public Schools)", "DPS_School_Num": 165.0, "Programs": "HERO Fantastic 11 Sports; HERO Kids Sports; Omniform Karate at Bill Roberts; Omniform Karate at C3; Omniform Karate at Carson; Omniform Karate at Home School; Omniform Karate at Inspire; Omniform Karate at McKinley Thatcher; Omniform Karate at McMeen; Omniform Karate at Odyssey; Omniform Karate at Polaris; Omniform Karate at Slavens; Omniform Karate at Steck; Omniform Karate at Stedman; Omniform Karate at Swigert; Omniform Karate at Teller; Omniform Karate at Trevista; Omniform Karate at University Park; Omniform Karate at Westerly Creek", "Program_Count": 19, "Program_Description": "HERO KIDS SPORTS is an innovative non-competitive sports enrichment program for kids ages 2-12 years old teaching the fundamentals of sports and the values of teamwork in a fun and encouraging environment.; Omniform is martial art that develops the mind body and the character of the student. It's a blend of Tae Kwon Do Karate Boxing and Yoga. The intention of training is to empower students to consciously and deliberately develop personal success.", "Cost": "Free and fee-based programs available", "Scholarship_Available": true, "Open_Enrollment": true, "Registration_Process": "This is and after school enrichment program.  Registration can be made at the listed registration site: https://www.schoolcareworks.com/registration/dps/start_registration.jsp", "Registration_URL": "https://www.schoolcareworks.com/registration/dps/start_registration.jsp", "Food_Provided": "No", "Transport_Available": false, "Time_Availability": "After School; By Request; Holiday; School Day; Summer", "Focus_Areas": "Sports & Health", "Phone": "3039194249", "Email": "jocelyn.mieko@gmail.com", "Website": "http://omniformmartialarts.com/" }, "geometry": { "type": "Point", "coordinates": [ -104.9457969, 39.68877488 ] } },
{ "type": "Feature", "properties": { "Global_Site_ID": 124295, "Activity_Category": "Sports & Fitness", "Site_Name": "DCIS at Fairmont", "Address": "520 West 3rd Ave.", "City": "Denver", "State": "CO", "Zip": 80223, "Latitude": 39.72062834, "Longitude": -104.9944294, "Site_IDs": "133260", "Org_IDs": "36952", "Organization": "HERO Kids Sports LLC", "Location_Type": "School (Denver Public Schools)", "DPS_School_Num": 159.0, "Programs": "HERO Fantastic 11 Sports; HERO Kids Sports", "Program_Count": 2, "Program_Description": "HERO KIDS SPORTS is an innovative non-competitive sports enrichment program for kids ages 2-12 years old teaching the fundamentals of sports and the values of teamwork in a fun and encouraging environment.", "Cost": "Free and fee-based programs available", "Scholarship_Available": true, "Open_Enrollment": true, "Registration_Process": "We offer registration through our easy use registration website or partner with DPS to manage registration.", "Registration_URL": null, "Food_Provided": "No", "Transport_Available": false, "Time_Availability": "After School", "Focus_Areas": "Sports & Health", "Phone": "857-400-8858", "Email": "coachmike@herokidsports.com", "Website": "https://www.HEROKidSports.com" }, "geometry": { "type": "Point", "coordinates": [ -104.9944294, 39.72062834 ] } },
{ "type": "Feature", "properties": { "Global_Site_ID": 124303, "Activity_Category": "Sports & Fitness", "Site_Name": "Denison Montessori School", "Address": "1821 South Yates St.", "City": "Denver", "State": "CO", "Zip": 80219, "Latitude": 39.6834347, "Longitude": -105.0512722, "Site_IDs": "150263", "Org_IDs": "36952", "Organization": "HERO Kids Sports LLC", "Location_Type": "School (Denver Public Schools)", "DPS_School_Num": 226.0, "Programs": "HERO Fantastic 11 Sports; HERO Kids Sports", "Program_Count": 2, "Program_Description": "HERO KIDS SPORTS is an innovative non-competitive sports enrichment program for kids ages 2-12 years old teaching the fundamentals of sports and the values of teamwork in a fun and encouraging environment.", "Cost": "Free and fee-based programs available", "Scholarship_Available": true, "Open_Enrollment": true, "Registration_Process": "We utilize an easy registration website or partner with the school to manage registration.", "Registration_URL": null, "Food_Provided": "No", "Transport_Available": false, "Time_Availability": "After School", "Focus_Areas": "Sports & Health", "Phone": "857-400-8858", "Email": "coachmike@herokidsports.com", "Website": "https://www.HEROKidSports.com" }, "geometry": { "type": "Point", "coordinates": [ -105.0512722, 39.6834347 ] } },
{ "type": "Feature", "properties": { "Global_Site_ID": 124315, "Activity_Category": "Sports & Fitness", "Site_Name": "Denver Green School (DGS)", "Address": "6700 East Virginia Ave.", "City": "Denver", "State": "CO", "Zip": 80224, "Latitude": 39.70727607, "Longitude": -104.9092717, "Site_IDs": "133781", "Org_IDs": "36952", "Organization": "HERO Kids Sports LLC", "Location_Type": "School (Denver Public Schools)", "DPS_School_Num": 177.0, "Programs": "HERO Fantastic 11 Sports; HERO Kids Sports", "Program_Count": 2, "Program_Description": "HERO KIDS SPORTS is an innovative non-competitive sports enrichment program for kids ages 2-12 years old teaching the fundamentals of sports and the values of teamwork in a fun and encouraging environment.", "Cost": "Free and fee-based programs available", "Scholarship_Available": true, "Open_Enrollment": true, "Registration_Process": "We utilize an easy registration website or partner with the school to manage registration.", "Registration_URL": null, "Food_Provided": "No", "Transport_Available": false, "Time_Availability": "After School", "Focus_Areas": "Sports & Health", "Phone": "857-400-8858", "Email": "coachmike@herokidsports.com", "Website": "https://www.HEROKidSports.com" }, "geometry": { "type": "Point", "coordinates": [ -104.9092717, 39.70727607 ] } },
{ "type": "Feature", "properties": { "Global_Site_ID": 124350, "Activity_Category": "Sports & Fitness", "Site_Name": "Dr. Martin Luther King Jr. Early College Middle School", "Address": "19535 East 46th Ave.", "City": "Denver", "State": "CO", "Zip": 80249, "Latitude": 39.78123412, "Longitude": -104.7606349, "Site_IDs": "133901", "Org_IDs": "36952", "Organization": "HERO Kids Sports LLC", "Location_Type": "School (Denver Public Schools)", "DPS_School_Num": 419.0, "Programs": "HERO Fantastic 11 Sports; HERO Kids Sports", "Program_Count": 2, "Program_Description": "HERO KIDS SPORTS is an innovative non-competitive sports enrichment program for kids ages 2-12 years old teaching the fundamentals of sports and the values of teamwork in a fun and encouraging environment.", "Cost": "Free and fee-based programs available", "Scholarship_Available": true, "Open_Enrollment": true, "Registration_Process": "We utilize an easy registration website or partner with the school to manage registration.", "Registration_URL": null, "Food_Provided": "No", "Transport_Available": false, "Time_Availability": "After School", "Focus_Areas": "Sports & Health", "Phone": "857-400-8858", "Email": "coachmike@herokidsports.com", "Website": "https://www.HEROKidSports.com" }, "geometry": { "type": "Point", "coordinates": [ -104.7606349, 39.78123412 ] } },
{ "type": "Feature", "properties": { "Global_Site_ID": 124366, "Activity_Category": "Sports & Fitness", "Site_Name": "Eagleton Elementary School", "Address": "880 Hooker St.", "City": "Denver", "State": "CO", "Zip": 80204, "Latitude": 39.73070046, "Longitude": -105.0283025, "Site_IDs": "133263", "Org_IDs": "36952", "Organization": "HERO Kids Sports LLC", "Location_Type": "School (Denver Public Schools)", "DPS_School_Num": 228.0, "Programs": "HERO Fantastic 11 Sports; HERO Kids Sports", "Program_Count": 2, "Program_Description": "HERO KIDS SPORTS is an innovative non-competitive sports enrichment program for kids ages 2-12 years old teaching the fundamentals of sports and the values of teamwork in a fun and encouraging environment.", "Cost": "Free and fee-based programs available", "Scholarship_Available": true, "Open_Enrollment": true, "Registration_Process": "We utilize an easy registration website or partner with the school to manage registration.", "Registration_URL": null, "Food_Provided": "No", "Transport_Available": false, "Time_Availability": "After School", "Focus_Areas": "Sports & Health", "Phone": "857-400-8858", "Email": "coachmike@herokidsports.com", "Website": "https://www.HEROKidSports.com" }, "geometry": { "type": "Point", "coordinates": [ -105.0283025, 39.73070046 ] } },
{ "type": "Feature", "properties": { "Global_Site_ID": 124370, "Activity_Category": "Sports & Fitness", "Site_Name": "Edison Elementary School", "Address": "3350 Quitman St.", "City": "Denver", "State": "CO", "Zip": 80212, "Latitude": 39.76486165, "Longitude": -105.0401717, "Site_IDs": "133815", "Org_IDs": "36952", "Organization": "HERO Kids Sports LLC", "Location_Type": "School (Denver Public Schools)", "DPS_School_Num": 230.0, "Programs": "HERO Fantastic 11 Sports; HERO Kids Sports", "Program_Count": 2, "Program_Description": "HERO KIDS SPORTS is an innovative non-competitive sports enrichment program for kids ages 2-12 years old teaching the fundamentals of sports and the values of teamwork in a fun and encouraging environment.", "Cost": "Free and fee-based programs available", "Scholarship_Available": true, "Open_Enrollment": true, "Registration_Process": "We utilize an easy registration website or partner with the school to manage registration.", "Registration_URL": null, "Food_Provided": "No", "Transport_Available": false, "Time_Availability": "After School", "Focus_Areas": "Sports & Health", "Phone": "857-400-8858", "Email": "coachmike@herokidsports.com", "Website": "https://www.HEROKidSports.com" }, "geometry": { "type": "Point", "coordinates": [ -105.0401717, 39.76486165 ] } },
{ "type": "Feature", "properties": { "Global_Site_ID": 124384, "Activity_Category": "Sports & Fitness", "Site_Name": "Farrell B. Howell ECE-8 School", "Address": "14250 East Albrook Dr.", "City": "Denver", "State": "CO", "Zip": 80239, "Latitude": 39.7760872, "Longitude": -104.83287, "Site_IDs": "133780", "Org_IDs": "36952", "Organization": "HERO Kids Sports LLC", "Location_Type": "School (Denver Public Schools)", "DPS_School_Num": 197.0, "Programs": "HERO Fantastic 11 Sports; HERO Kids Sports", "Program_Count": 2, "Program_Description": "HERO KIDS SPORTS is an innovative non-competitive sports enrichment program for kids ages 2-12 years old teaching the fundamentals of sports and the values of teamwork in a fun and encouraging environment.", "Cost": "Free and fee-based programs available", "Scholarship_Available": true, "Open_Enrollment": true, "Registration_Process": "We utilize an easy registration website or partner with the school to manage registration.", "Registration_URL": null, "Food_Provided": "No", "Transport_Available": false, "Time_Availability": "After School", "Focus_Areas": "Sports & Health", "Phone": "857-400-8858", "Email": "coachmike@herokidsports.com", "Website": "https://www.HEROKidSports.com" }, "geometry": { "type": "Point", "coordinates": [ -104.83287, 39.7760872 ] } },
{ "type": "Feature", "properties": { "Global_Site_ID": 124398, "Activity_Category": "Sports & Fitness", "Site_Name": "Fred Thomas Park", "Address": "2400 Quebec St.", "City": "Denver", "State": "CO", "Zip": 80207, "Latitude": 39.75255026, "Longitude": -104.9008353, "Site_IDs": "149812", "Org_IDs": "42135", "Organization": "NED Parkhill Falcons", "Location_Type": "Community", "DPS_School_Num": null, "Programs": "NED Parkhill Falcons", "Program_Count": 1, "Program_Description": "NED Parkhill Falcons' principal objective of offering constructive avenues and fostering healthy competition through various sports instructional endeavors and educational activities in a positive setting within the Park Hill community.", "Cost": "Free and fee-based programs available", "Scholarship_Available": true, "Open_Enrollment": true, "Registration_Process": null, "Registration_URL": null, "Food_Provided": "Breakfast; Yes - Snacks", "Transport_Available": true, "Time_Availability": "After School; By Request; Holiday; Summer", "Focus_Areas": "Academic; Family Support; Leadership; Outdoor; Service Learning; Sports & Health", "Phone": "7206282816", "Email": "Falconsyouth1726@gmail.com", "Website": "https://www.falcons-youth-organization-denver.com" }, "geometry": { "type": "Point", "coordinates": [ -104.9008353, 39.75255026 ] } },
{ "type": "Feature", "properties": { "Global_Site_ID": 124412, "Activity_Category": "Sports & Fitness", "Site_Name": "Goldrick Elementary School", "Address": "1050 South Zuni St.", "City": "Denver", "State": "CO", "Zip": 80223, "Latitude": 39.697904, "Longitude": -105.0152161, "Site_IDs": "150303", "Org_IDs": "36952", "Organization": "HERO Kids Sports LLC", "Location_Type": "School (Denver Public Schools)", "DPS_School_Num": 244.0, "Programs": "HERO Fantastic 11 Sports; HERO Kids Sports", "Program_Count": 2, "Program_Description": "HERO KIDS SPORTS is an innovative non-competitive sports enrichment program for kids ages 2-12 years old teaching the fundamentals of sports and the values of teamwork in a fun and encouraging environment.", "Cost": "Free and fee-based programs available", "Scholarship_Available": true, "Open_Enrollment": true, "Registration_Process": "We utilize an easy registration website or partner with the school to manage registration.", "Registration_URL": null, "Food_Provided": "No", "Transport_Available": false, "Time_Availability": "After School", "Focus_Areas": "Sports & Health", "Phone": "857-400-8858", "Email": "coachmike@herokidsports.com", "Website": "https://www.HEROKidSports.com" }, "geometry": { "type": "Point", "coordinates": [ -105.0152161, 39.697904 ] } },
{ "type": "Feature", "properties": { "Global_Site_ID": 124427, "Activity_Category": "Sports & Fitness", "Site_Name": "Hallett Academy", "Address": "2950 Jasmine St.", "City": "Denver", "State": "CO", "Zip": 80207, "Latitude": 39.75984394, "Longitude": -104.9183552, "Site_IDs": "133789", "Org_IDs": "36952", "Organization": "HERO Kids Sports LLC", "Location_Type": "School (Denver Public Schools)", "DPS_School_Num": 251.0, "Programs": "HERO Fantastic 11 Sports; HERO Kids Sports", "Program_Count": 2, "Program_Description": "HERO KIDS SPORTS is an innovative non-competitive sports enrichment program for kids ages 2-12 years old teaching the fundamentals of sports and the values of teamwork in a fun and encouraging environment.", "Cost": "Free and fee-based programs available", "Scholarship_Available": true, "Open_Enrollment": true, "Registration_Process": "We utilize an easy registration website or partner with the school to manage registration.", "Registration_URL": null, "Food_Provided": "No", "Transport_Available": false, "Time_Availability": "After School", "Focus_Areas": "Sports & Health", "Phone": "857-400-8858", "Email": "coachmike@herokidsports.com", "Website": "https://www.HEROKidSports.com" }, "geometry": { "type": "Point", "coordinates": [ -104.9183552, 39.75984394 ] } },
{ "type": "Feature", "properties": { "Global_Site_ID": 124428, "Activity_Category": "Sports & Fitness", "Site_Name": "Hamilton Middle School", "Address": "8600 East. Dartmouth Ave.", "City": "Denver", "State": "CO", "Zip": 80231, "Latitude": 39.65986698, "Longitude": -104.8919844, "Site_IDs": "134632", "Org_IDs": "41976", "Organization": "Power Moves Unlimited LLC", "Location_Type": "School (Denver Public Schools)", "DPS_School_Num": 406.0, "Programs": "Power Moves Unlimted Mentoring", "Program_Count": 1, "Program_Description": "P.M.U. is a sports mentoring program focusing on the health and wellness of student-athletes and adults. Training includes mental and physical mentoring for sports performance coaching life skills education and cultural education.", "Cost": "Free and fee-based programs available", "Scholarship_Available": true, "Open_Enrollment": true, "Registration_Process": "Pre-screen interviews to evaluate goals and expectations of what type of service(s) preferred from Sports Mentoring, Sports Performance, Life Skills/Character Education, and/or Cultural Education. ", "Registration_URL": "http://www.powermovesu.com", "Food_Provided": "Breakfast; Lunch; Yes - Snacks", "Transport_Available": false, "Time_Availability": "After School; By Request; Holiday; School Day; Summer", "Focus_Areas": "College & Career; Family Support; Leadership; Service Learning; Sports & Health", "Phone": "7203854951", "Email": "coachtbone@powermovesu.com", "Website": "https://www.powermovesu.com" }, "geometry": { "type": "Point", "coordinates": [ -104.8919844, 39.65986698 ] } },
{ "type": "Feature", "properties": { "Global_Site_ID": 124449, "Activity_Category": "Sports & Fitness", "Site_Name": "Holm Elementary School", "Address": "3185 South Willow St.", "City": "Denver", "State": "CO", "Zip": 80231, "Latitude": 39.65775207, "Longitude": -104.8918646, "Site_IDs": "133782", "Org_IDs": "36952", "Organization": "HERO Kids Sports LLC", "Location_Type": "School (Denver Public Schools)", "DPS_School_Num": 294.0, "Programs": "HERO Fantastic 11 Sports; HERO Kids Sports", "Program_Count": 2, "Program_Description": "HERO KIDS SPORTS is an innovative non-competitive sports enrichment program for kids ages 2-12 years old teaching the fundamentals of sports and the values of teamwork in a fun and encouraging environment.", "Cost": "Free and fee-based programs available", "Scholarship_Available": true, "Open_Enrollment": true, "Registration_Process": "We utilize an easy registration website or partner with the school to mange registration.", "Registration_URL": null, "Food_Provided": "No", "Transport_Available": false, "Time_Availability": "After School", "Focus_Areas": "Sports & Health", "Phone": "857-400-8858", "Email": "coachmike@herokidsports.com", "Website": "https://www.HEROKidSports.com" }, "geometry": { "type": "Point", "coordinates": [ -104.8918646, 39.65775207 ] } },
{ "type": "Feature", "properties": { "Global_Site_ID": 124455, "Activity_Category": "Sports & Fitness", "Site_Name": "Inspire Elementary School", "Address": "5677 North Galena St.", "City": "Denver", "State": "CO", "Zip": 80238, "Latitude": 39.79982866, "Longitude": -104.8693663, "Site_IDs": "133658", "Org_IDs": "36625", "Organization": "Omniform Martial Arts Academy", "Location_Type": "School (Denver Public Schools)", "DPS_School_Num": 311.0, "Programs": "Omniform Karate at Bill Roberts; Omniform Karate at C3; Omniform Karate at Carson; Omniform Karate at Home School; Omniform Karate at Inspire; Omniform Karate at McKinley Thatcher; Omniform Karate at McMeen; Omniform Karate at Odyssey; Omniform Karate at Polaris; Omniform Karate at Slavens; Omniform Karate at Steck; Omniform Karate at Stedman; Omniform Karate at Swigert; Omniform Karate at Teller; Omniform Karate at Trevista; Omniform Karate at University Park; Omniform Karate at Westerly Creek", "Program_Count": 17, "Program_Description": "Omniform is martial art that develops the mind body and the character of the student. It's a blend of Tae Kwon Do Karate Boxing and Yoga. The intention of training is to empower students to consciously and deliberately develop personal success.", "Cost": "Free and fee-based programs available", "Scholarship_Available": true, "Open_Enrollment": true, "Registration_Process": null, "Registration_URL": "https://inspire.dpsk12.org/family-information/after-school-enrichments/", "Food_Provided": "No", "Transport_Available": false, "Time_Availability": "After School; By Request; Holiday; School Day; Summer", "Focus_Areas": "Sports & Health", "Phone": "3039194249", "Email": "jocelyn.mieko@gmail.com", "Website": "http://omniformmartialarts.com/" }, "geometry": { "type": "Point", "coordinates": [ -104.8693663, 39.79982866 ] } },
{ "type": "Feature", "properties": { "Global_Site_ID": 124458, "Activity_Category": "Sports & Fitness", "Site_Name": "Isabella Bird Community School", "Address": "2701 North Lima St.", "City": "Denver", "State": "CO", "Zip": 80238, "Latitude": 39.75548781, "Longitude": -104.8572624, "Site_IDs": "133786", "Org_IDs": "36952", "Organization": "HERO Kids Sports LLC", "Location_Type": "School (Denver Public Schools)", "DPS_School_Num": 301.0, "Programs": "HERO Fantastic 11 Sports; HERO Kids Sports", "Program_Count": 2, "Program_Description": "HERO KIDS SPORTS is an innovative non-competitive sports enrichment program for kids ages 2-12 years old teaching the fundamentals of sports and the values of teamwork in a fun and encouraging environment.", "Cost": "Free and fee-based programs available", "Scholarship_Available": true, "Open_Enrollment": true, "Registration_Process": "We utilize an easy registration website or partner with the school to manage registratoin.", "Registration_URL": null, "Food_Provided": "No", "Transport_Available": false, "Time_Availability": "After School", "Focus_Areas": "Sports & Health", "Phone": "857-400-8858", "Email": "coachmike@herokidsports.com", "Website": "https://www.HEROKidSports.com" }, "geometry": { "type": "Point", "coordinates": [ -104.8572624, 39.75548781 ] } },
{ "type": "Feature", "properties": { "Global_Site_ID": 124470, "Activity_Category": "Sports & Fitness", "Site_Name": "Kaiser Elementary School", "Address": "4500 South Quitman St.", "City": "Denver", "State": "CO", "Zip": 80236, "Latitude": 39.63400755, "Longitude": -105.0414136, "Site_IDs": "133261", "Org_IDs": "36952", "Organization": "HERO Kids Sports LLC", "Location_Type": "School (Denver Public Schools)", "DPS_School_Num": 295.0, "Programs": "HERO Fantastic 11 Sports; HERO Kids Sports", "Program_Count": 2, "Program_Description": "HERO KIDS SPORTS is an innovative non-competitive sports enrichment program for kids ages 2-12 years old teaching the fundamentals of sports and the values of teamwork in a fun and encouraging environment.", "Cost": "Free and fee-based programs available", "Scholarship_Available": true, "Open_Enrollment": true, "Registration_Process": "We utilize an easy registration site or partner with the school to manage registration.", "Registration_URL": null, "Food_Provided": "No", "Transport_Available": false, "Time_Availability": "After School", "Focus_Areas": "Sports & Health", "Phone": "857-400-8858", "Email": "coachmike@herokidsports.com", "Website": "https://www.HEROKidSports.com" }, "geometry": { "type": "Point", "coordinates": [ -105.0414136, 39.63400755 ] } },
{ "type": "Feature", "properties": { "Global_Site_ID": 124480, "Activity_Category": "Sports & Fitness", "Site_Name": "Knapp Elementary School", "Address": "500 South Utica St.", "City": "Denver", "State": "CO", "Zip": 80219, "Latitude": 39.70779779, "Longitude": -105.0457717, "Site_IDs": "133903", "Org_IDs": "36952", "Organization": "HERO Kids Sports LLC", "Location_Type": "School (Denver Public Schools)", "DPS_School_Num": 250.0, "Programs": "HERO Fantastic 11 Sports; HERO Kids Sports", "Program_Count": 2, "Program_Description": "HERO KIDS SPORTS is an innovative non-competitive sports enrichment program for kids ages 2-12 years old teaching the fundamentals of sports and the values of teamwork in a fun and encouraging environment.", "Cost": "Free and fee-based programs available", "Scholarship_Available": true, "Open_Enrollment": true, "Registration_Process": "We utilize an easy registration process or partner with the school to manage registration.", "Registration_URL": null, "Food_Provided": "No", "Transport_Available": false, "Time_Availability": "After School", "Focus_Areas": "Sports & Health", "Phone": "857-400-8858", "Email": "coachmike@herokidsports.com", "Website": "https://www.HEROKidSports.com" }, "geometry": { "type": "Point", "coordinates": [ -105.0457717, 39.70779779 ] } },
{ "type": "Feature", "properties": { "Global_Site_ID": 124481, "Activity_Category": "Sports & Fitness", "Site_Name": "Kunsmiller Creative Arts Academy Elementary School", "Address": "2250 South Quitman Way", "City": "Denver", "State": "CO", "Zip": 80219, "Latitude": 39.67559007, "Longitude": -105.040186, "Site_IDs": "149874", "Org_IDs": "40502", "Organization": "Volo Kids Foundation", "Location_Type": "School (Denver Public Schools)", "DPS_School_Num": 185.0, "Programs": "Saturday Basketball at RiNo Sports Arena with Volo Kids; Saturday Soccer at RiNo with Volo Kids; Saturday Volleyball at RiNo Sports Arena with Volo Kids; Tuesday Basketball at JCC with Volo Kids", "Program_Count": 4, "Program_Description": "In a Volo Kids program you can expect 6 weeks of skills and drills to improve your technique or try a new sport!; In a Volo Kids program you can expect 6 weeks of skills drills and games to improve your technique or try a new sport!", "Cost": "Free", "Scholarship_Available": false, "Open_Enrollment": true, "Registration_Process": "Click the link and you will be sent to our registrations page. Registration and participation for all of our kids' programs is completely free.", "Registration_URL": "https://volokids.org/city/denver/", "Food_Provided": "Yes - Snacks", "Transport_Available": false, "Time_Availability": "After School; Holiday", "Focus_Areas": "Sports & Health", "Phone": "(919) 810-6659", "Email": "kenzie@volokids.org", "Website": "https://volokids.org" }, "geometry": { "type": "Point", "coordinates": [ -105.040186, 39.67559007 ] } },
{ "type": "Feature", "properties": { "Global_Site_ID": 124491, "Activity_Category": "Sports & Fitness", "Site_Name": "Lincoln Elementary School", "Address": "710 South Pennsylvania St.", "City": "Denver", "State": "CO", "Zip": 80209, "Latitude": 39.70362379, "Longitude": -104.9812141, "Site_IDs": "150259", "Org_IDs": "36952", "Organization": "HERO Kids Sports LLC", "Location_Type": "School (Denver Public Schools)", "DPS_School_Num": 252.0, "Programs": "HERO Fantastic 11 Sports; HERO Kids Sports", "Program_Count": 2, "Program_Description": "HERO KIDS SPORTS is an innovative non-competitive sports enrichment program for kids ages 2-12 years old teaching the fundamentals of sports and the values of teamwork in a fun and encouraging environment.", "Cost": "Free and fee-based programs available", "Scholarship_Available": true, "Open_Enrollment": true, "Registration_Process": "We utilize an easy registration website or partner with the school to manage registration.", "Registration_URL": null, "Food_Provided": "No", "Transport_Available": false, "Time_Availability": "After School", "Focus_Areas": "Sports & Health", "Phone": "857-400-8858", "Email": "coachmike@herokidsports.com", "Website": "https://www.HEROKidSports.com" }, "geometry": { "type": "Point", "coordinates": [ -104.9812141, 39.70362379 ] } },
{ "type": "Feature", "properties": { "Global_Site_ID": 124494, "Activity_Category": "Sports & Fitness", "Site_Name": "Lowry Elementary School", "Address": "8001 East Cedar Ave.", "City": "Denver", "State": "CO", "Zip": 80230, "Latitude": 39.71274706, "Longitude": -104.8964324, "Site_IDs": "134407", "Org_IDs": "36625", "Organization": "Omniform Martial Arts Academy", "Location_Type": "School (Denver Public Schools)", "DPS_School_Num": 210.0, "Programs": "Omniform Karate at Bill Roberts; Omniform Karate at C3; Omniform Karate at Carson; Omniform Karate at Home School; Omniform Karate at Inspire; Omniform Karate at McKinley Thatcher; Omniform Karate at McMeen; Omniform Karate at Odyssey; Omniform Karate at Polaris; Omniform Karate at Slavens; Omniform Karate at Steck; Omniform Karate at Stedman; Omniform Karate at Swigert; Omniform Karate at Teller; Omniform Karate at Trevista; Omniform Karate at University Park; Omniform Karate at Westerly Creek", "Program_Count": 17, "Program_Description": "Omniform is martial art that develops the mind body and the character of the student. It's a blend of Tae Kwon Do Karate Boxing and Yoga. The intention of training is to empower students to consciously and deliberately develop personal success.", "Cost": "Free and fee-based programs available", "Scholarship_Available": true, "Open_Enrollment": true, "Registration_Process": "Registration is through DPS Extended Learning", "Registration_URL": "https://www.schoolcareworks.com/registration/dps/start_registration.jsp", "Food_Provided": "No", "Transport_Available": false, "Time_Availability": "After School; By Request; Holiday; School Day; Summer", "Focus_Areas": "Sports & Health", "Phone": "3039194249", "Email": "jocelyn.mieko@gmail.com", "Website": "http://omniformmartialarts.com/" }, "geometry": { "type": "Point", "coordinates": [ -104.8964324, 39.71274706 ] } },
{ "type": "Feature", "properties": { "Global_Site_ID": 124500, "Activity_Category": "Sports & Fitness", "Site_Name": "Maxwell Elementary School", "Address": "14390 East Bolling Dr.", "City": "Denver", "State": "CO", "Zip": 80239, "Latitude": 39.78351963, "Longitude": -104.82372, "Site_IDs": "134449", "Org_IDs": "36952", "Organization": "HERO Kids Sports LLC", "Location_Type": "School (Denver Public Schools)", "DPS_School_Num": 290.0, "Programs": "HERO Fantastic 11 Sports; HERO Kids Sports", "Program_Count": 2, "Program_Description": "HERO KIDS SPORTS is an innovative non-competitive sports enrichment program for kids ages 2-12 years old teaching the fundamentals of sports and the values of teamwork in a fun and encouraging environment.", "Cost": "Free and fee-based programs available", "Scholarship_Available": true, "Open_Enrollment": true, "Registration_Process": "We utilize an easy registration website or partner with the school to manage registration.", "Registration_URL": null, "Food_Provided": "No", "Transport_Available": false, "Time_Availability": "After School", "Focus_Areas": "Sports & Health", "Phone": "857-400-8858", "Email": "coachmike@herokidsports.com", "Website": "https://www.HEROKidSports.com" }, "geometry": { "type": "Point", "coordinates": [ -104.82372, 39.78351963 ] } },
{ "type": "Feature", "properties": { "Global_Site_ID": 124504, "Activity_Category": "Sports & Fitness", "Site_Name": "McKinley-Thatcher Elementary School", "Address": "1230 South Grant St.", "City": "Denver", "State": "CO", "Zip": 80210, "Latitude": 39.69377153, "Longitude": -104.9837246, "Site_IDs": "134406", "Org_IDs": "36625", "Organization": "Omniform Martial Arts Academy", "Location_Type": "School (Denver Public Schools)", "DPS_School_Num": 264.0, "Programs": "Omniform Karate at Bill Roberts; Omniform Karate at C3; Omniform Karate at Carson; Omniform Karate at Home School; Omniform Karate at Inspire; Omniform Karate at McKinley Thatcher; Omniform Karate at McMeen; Omniform Karate at Odyssey; Omniform Karate at Polaris; Omniform Karate at Slavens; Omniform Karate at Steck; Omniform Karate at Stedman; Omniform Karate at Swigert; Omniform Karate at Teller; Omniform Karate at Trevista; Omniform Karate at University Park; Omniform Karate at Westerly Creek", "Program_Count": 17, "Program_Description": "Omniform is martial art that develops the mind body and the character of the student. It's a blend of Tae Kwon Do Karate Boxing and Yoga. The intention of training is to empower students to consciously and deliberately develop personal success.", "Cost": "Free and fee-based programs available", "Scholarship_Available": true, "Open_Enrollment": true, "Registration_Process": "Enrollment is through DPS Extended Learning", "Registration_URL": "https://www.schoolcareworks.com/registration/dps/start_registration.jsp", "Food_Provided": "No", "Transport_Available": false, "Time_Availability": "After School; By Request; Holiday; School Day; Summer", "Focus_Areas": "Sports & Health", "Phone": "3039194249", "Email": "jocelyn.mieko@gmail.com", "Website": "http://omniformmartialarts.com/" }, "geometry": { "type": "Point", "coordinates": [ -104.9837246, 39.69377153 ] } },
{ "type": "Feature", "properties": { "Global_Site_ID": 124505, "Activity_Category": "Sports & Fitness", "Site_Name": "McMeen Elementary School", "Address": "1000 South Holly St.", "City": "Denver", "State": "CO", "Zip": 80246, "Latitude": 39.69846246, "Longitude": -104.9211678, "Site_IDs": "122956; 133656", "Org_IDs": "36625; 36952", "Organization": "HERO Kids Sports LLC; Omniform Martial Arts Academy", "Location_Type": "School (Denver Public Schools)", "DPS_School_Num": 254.0, "Programs": "HERO Fantastic 11 Sports; HERO Kids Sports; Omniform Karate at Bill Roberts; Omniform Karate at C3; Omniform Karate at Carson; Omniform Karate at Home School; Omniform Karate at Inspire; Omniform Karate at McKinley Thatcher; Omniform Karate at McMeen; Omniform Karate at Odyssey; Omniform Karate at Polaris; Omniform Karate at Slavens; Omniform Karate at Steck; Omniform Karate at Stedman; Omniform Karate at Swigert; Omniform Karate at Teller; Omniform Karate at Trevista; Omniform Karate at University Park; Omniform Karate at Westerly Creek", "Program_Count": 19, "Program_Description": "HERO KIDS SPORTS is an innovative non-competitive sports enrichment program for kids ages 2-12 years old teaching the fundamentals of sports and the values of teamwork in a fun and encouraging environment.; Omniform is martial art that develops the mind body and the character of the student. It's a blend of Tae Kwon Do Karate Boxing and Yoga. The intention of training is to empower students to consciously and deliberately develop personal success.", "Cost": "Free and fee-based programs available", "Scholarship_Available": true, "Open_Enrollment": true, "Registration_Process": "We utilize an easy registration website or partner with the school to manage registration.", "Registration_URL": "https://www.schoolcareworks.com/registration/dps/start_registration.jsp", "Food_Provided": "No", "Transport_Available": false, "Time_Availability": "After School; By Request; Holiday; School Day; Summer", "Focus_Areas": "Sports & Health", "Phone": "857-400-8858", "Email": "coachmike@herokidsports.com", "Website": "https://www.HEROKidSports.com" }, "geometry": { "type": "Point", "coordinates": [ -104.9211678, 39.69846246 ] } },
{ "type": "Feature", "properties": { "Global_Site_ID": 124533, "Activity_Category": "Sports & Fitness", "Site_Name": "Munroe Elementary School", "Address": "3440 West Virginia Ave.", "City": "Denver", "State": "CO", "Zip": 80219, "Latitude": 39.70741671, "Longitude": -105.031195, "Site_IDs": "128109", "Org_IDs": "36952", "Organization": "HERO Kids Sports LLC", "Location_Type": "School (Denver Public Schools)", "DPS_School_Num": 260.0, "Programs": "HERO Fantastic 11 Sports; HERO Kids Sports", "Program_Count": 2, "Program_Description": "HERO KIDS SPORTS is an innovative non-competitive sports enrichment program for kids ages 2-12 years old teaching the fundamentals of sports and the values of teamwork in a fun and encouraging environment.", "Cost": "Free and fee-based programs available", "Scholarship_Available": true, "Open_Enrollment": true, "Registration_Process": "register with the school.", "Registration_URL": "https://munroe.dpsk12.org/remote-learning/remote-learning-links/", "Food_Provided": "No", "Transport_Available": false, "Time_Availability": "After School", "Focus_Areas": "Sports & Health", "Phone": "857-400-8858", "Email": "coachmike@herokidsports.com", "Website": "https://www.HEROKidSports.com" }, "geometry": { "type": "Point", "coordinates": [ -105.031195, 39.70741671 ] } },
{ "type": "Feature", "properties": { "Global_Site_ID": 124538, "Activity_Category": "Sports & Fitness", "Site_Name": "Newlon Elementary School", "Address": "361 Vrain St.", "City": "Denver", "State": "CO", "Zip": 80219, "Latitude": 39.72184084, "Longitude": -105.0462031, "Site_IDs": "122957", "Org_IDs": "36952", "Organization": "HERO Kids Sports LLC", "Location_Type": "School (Denver Public Schools)", "DPS_School_Num": 261.0, "Programs": "HERO Fantastic 11 Sports; HERO Kids Sports", "Program_Count": 2, "Program_Description": "HERO KIDS SPORTS is an innovative non-competitive sports enrichment program for kids ages 2-12 years old teaching the fundamentals of sports and the values of teamwork in a fun and encouraging environment.", "Cost": "Free and fee-based programs available", "Scholarship_Available": true, "Open_Enrollment": true, "Registration_Process": "We utilize an easy registration website or partner with the school to manage registration.", "Registration_URL": null, "Food_Provided": "No", "Transport_Available": false, "Time_Availability": "After School", "Focus_Areas": "Sports & Health", "Phone": "857-400-8858", "Email": "coachmike@herokidsports.com", "Website": "https://www.HEROKidSports.com" }, "geometry": { "type": "Point", "coordinates": [ -105.0462031, 39.72184084 ] } },
{ "type": "Feature", "properties": { "Global_Site_ID": 124547, "Activity_Category": "Sports & Fitness", "Site_Name": "Odyssey School of Denver", "Address": "6550 East 21st Ave.", "City": "Denver", "State": "CO", "Zip": 80207, "Latitude": 39.74822542, "Longitude": -104.9119672, "Site_IDs": "133015", "Org_IDs": "36625", "Organization": "Omniform Martial Arts Academy", "Location_Type": "School (Denver Public Schools)", "DPS_School_Num": 211.0, "Programs": "Omniform Karate at Bill Roberts; Omniform Karate at C3; Omniform Karate at Carson; Omniform Karate at Home School; Omniform Karate at Inspire; Omniform Karate at McKinley Thatcher; Omniform Karate at McMeen; Omniform Karate at Odyssey; Omniform Karate at Polaris; Omniform Karate at Slavens; Omniform Karate at Steck; Omniform Karate at Stedman; Omniform Karate at Swigert; Omniform Karate at Teller; Omniform Karate at Trevista; Omniform Karate at University Park; Omniform Karate at Westerly Creek", "Program_Count": 17, "Program_Description": "Omniform is martial art that develops the mind body and the character of the student. It's a blend of Tae Kwon Do Karate Boxing and Yoga. The intention of training is to empower students to consciously and deliberately develop personal success.", "Cost": "Free and fee-based programs available", "Scholarship_Available": true, "Open_Enrollment": true, "Registration_Process": "This is and after school enrichment program.  Registration can be made at the listed registration site: https://www.afterschooladventures.co/", "Registration_URL": "https://www.afterschooladventures.co/", "Food_Provided": "No", "Transport_Available": false, "Time_Availability": "After School; By Request; Holiday; School Day; Summer", "Focus_Areas": "Sports & Health", "Phone": "3039194249", "Email": "jocelyn.mieko@gmail.com", "Website": "http://omniformmartialarts.com/" }, "geometry": { "type": "Point", "coordinates": [ -104.9119672, 39.74822542 ] } },
{ "type": "Feature", "properties": { "Global_Site_ID": 124562, "Activity_Category": "Sports & Fitness", "Site_Name": "Polaris Elementary School", "Address": "410 Park Ave. West", "City": "Denver", "State": "CO", "Zip": 80205, "Latitude": 39.74958146, "Longitude": -104.9821578, "Site_IDs": "133014; 133020; 133554", "Org_IDs": "36625; 36952", "Organization": "HERO Kids Sports LLC; Omniform Martial Arts Academy", "Location_Type": "School (Denver Public Schools)", "DPS_School_Num": 225.0, "Programs": "HERO Fantastic 11 Sports; HERO Kids Sports; Omniform Karate at Bill Roberts; Omniform Karate at C3; Omniform Karate at Carson; Omniform Karate at Home School; Omniform Karate at Inspire; Omniform Karate at McKinley Thatcher; Omniform Karate at McMeen; Omniform Karate at Odyssey; Omniform Karate at Polaris; Omniform Karate at Slavens; Omniform Karate at Steck; Omniform Karate at Stedman; Omniform Karate at Swigert; Omniform Karate at Teller; Omniform Karate at Trevista; Omniform Karate at University Park; Omniform Karate at Westerly Creek", "Program_Count": 19, "Program_Description": "HERO KIDS SPORTS is an innovative non-competitive sports enrichment program for kids ages 2-12 years old teaching the fundamentals of sports and the values of teamwork in a fun and encouraging environment.; Omniform is martial art that develops the mind body and the character of the student. It's a blend of Tae Kwon Do Karate Boxing and Yoga. The intention of training is to empower students to consciously and deliberately develop personal success.", "Cost": "Free and fee-based programs available", "Scholarship_Available": true, "Open_Enrollment": true, "Registration_Process": "This is and after school enrichment program.  Registration can be made at the following site: https://www.schoolcareworks.com/registration/dps/start_registration.jsp", "Registration_URL": "https://www.schoolcareworks.com/registration/dps/start_registration.jsp", "Food_Provided": "No", "Transport_Available": false, "Time_Availability": "After School; By Request; Holiday; School Day; Summer", "Focus_Areas": "Sports & Health", "Phone": "3039194249", "Email": "jocelyn.mieko@gmail.com", "Website": "http://omniformmartialarts.com/" }, "geometry": { "type": "Point", "coordinates": [ -104.9821578, 39.74958146 ] } },
{ "type": "Feature", "properties": { "Global_Site_ID": 124573, "Activity_Category": "Sports & Fitness", "Site_Name": "Rick'S Ctr F0R Gifted Children", "Address": "2040 South York St.", "City": "Denver", "State": "CO", "Zip": 80210, "Latitude": 39.67905379, "Longitude": -104.9602624, "Site_IDs": "133787", "Org_IDs": "36952", "Organization": "HERO Kids Sports LLC", "Location_Type": "School (Private or Non-DPS)", "DPS_School_Num": null, "Programs": "HERO Fantastic 11 Sports; HERO Kids Sports", "Program_Count": 2, "Program_Description": "HERO KIDS SPORTS is an innovative non-competitive sports enrichment program for kids ages 2-12 years old teaching the fundamentals of sports and the values of teamwork in a fun and encouraging environment.", "Cost": "Free and fee-based programs available", "Scholarship_Available": true, "Open_Enrollment": true, "Registration_Process": "We utilize an easy registration website or partner with the school to manage registration.", "Registration_URL": null, "Food_Provided": "No", "Transport_Available": false, "Time_Availability": "After School", "Focus_Areas": "Sports & Health", "Phone": "857-400-8858", "Email": "coachmike@herokidsports.com", "Website": "https://www.HEROKidSports.com" }, "geometry": { "type": "Point", "coordinates": [ -104.9602624, 39.67905379 ] } },
{ "type": "Feature", "properties": { "Global_Site_ID": 124589, "Activity_Category": "Sports & Fitness", "Site_Name": "Sabin World School", "Address": "3050 South Vrain St.", "City": "Denver", "State": "CO", "Zip": 80236, "Latitude": 39.65944753, "Longitude": -105.0464543, "Site_IDs": "133266", "Org_IDs": "36952", "Organization": "HERO Kids Sports LLC", "Location_Type": "School (Denver Public Schools)", "DPS_School_Num": 269.0, "Programs": "HERO Fantastic 11 Sports; HERO Kids Sports", "Program_Count": 2, "Program_Description": "HERO KIDS SPORTS is an innovative non-competitive sports enrichment program for kids ages 2-12 years old teaching the fundamentals of sports and the values of teamwork in a fun and encouraging environment.", "Cost": "Free and fee-based programs available", "Scholarship_Available": true, "Open_Enrollment": true, "Registration_Process": "We utilize an easy registration website or partner with the school to manage registration.", "Registration_URL": null, "Food_Provided": "No", "Transport_Available": false, "Time_Availability": "After School", "Focus_Areas": "Sports & Health", "Phone": "857-400-8858", "Email": "coachmike@herokidsports.com", "Website": "https://www.HEROKidSports.com" }, "geometry": { "type": "Point", "coordinates": [ -105.0464543, 39.65944753 ] } },
{ "type": "Feature", "properties": { "Global_Site_ID": 124604, "Activity_Category": "Sports & Fitness", "Site_Name": "Slavens K-8 School", "Address": "3000 South Clayton St.", "City": "Denver", "State": "CO", "Zip": 80210, "Latitude": 39.6619489, "Longitude": -104.9560569, "Site_IDs": "133016", "Org_IDs": "36625", "Organization": "Omniform Martial Arts Academy", "Location_Type": "School (Denver Public Schools)", "DPS_School_Num": 279.0, "Programs": "Omniform Karate at Bill Roberts; Omniform Karate at C3; Omniform Karate at Carson; Omniform Karate at Home School; Omniform Karate at Inspire; Omniform Karate at McKinley Thatcher; Omniform Karate at McMeen; Omniform Karate at Odyssey; Omniform Karate at Polaris; Omniform Karate at Slavens; Omniform Karate at Steck; Omniform Karate at Stedman; Omniform Karate at Swigert; Omniform Karate at Teller; Omniform Karate at Trevista; Omniform Karate at University Park; Omniform Karate at Westerly Creek", "Program_Count": 17, "Program_Description": "Omniform is martial art that develops the mind body and the character of the student. It's a blend of Tae Kwon Do Karate Boxing and Yoga. The intention of training is to empower students to consciously and deliberately develop personal success.", "Cost": "Free and fee-based programs available", "Scholarship_Available": true, "Open_Enrollment": true, "Registration_Process": "This is and after school enrichment program.  Registration can be made at the listed registration site:https://www.homeroom.com/login", "Registration_URL": "https://www.homeroom.com/login", "Food_Provided": "No", "Transport_Available": false, "Time_Availability": "After School; By Request; Holiday; School Day; Summer", "Focus_Areas": "Sports & Health", "Phone": "3039194249", "Email": "jocelyn.mieko@gmail.com", "Website": "http://omniformmartialarts.com/" }, "geometry": { "type": "Point", "coordinates": [ -104.9560569, 39.6619489 ] } },
{ "type": "Feature", "properties": { "Global_Site_ID": 124628, "Activity_Category": "Sports & Fitness", "Site_Name": "Staenberg-Loup Jewish Community Center", "Address": "350 South Dahlia St.", "City": "Denver", "State": "CO", "Zip": 80246, "Latitude": 39.71054936, "Longitude": -104.93069, "Site_IDs": "133964", "Org_IDs": "40502", "Organization": "Volo Kids Foundation", "Location_Type": "Community", "DPS_School_Num": null, "Programs": "Saturday Basketball at RiNo Sports Arena with Volo Kids; Saturday Soccer at RiNo with Volo Kids; Saturday Volleyball at RiNo Sports Arena with Volo Kids; Tuesday Basketball at JCC with Volo Kids", "Program_Count": 4, "Program_Description": "In a Volo Kids program you can expect 6 weeks of skills and drills to improve your technique or try a new sport!; In a Volo Kids program you can expect 6 weeks of skills drills and games to improve your technique or try a new sport!", "Cost": "Free", "Scholarship_Available": false, "Open_Enrollment": true, "Registration_Process": "You can sign up through our website, https://volokids.org/city/denver/ , which will take you to leagueapps. It's a free website to register through. You can also bring a paper copy to the program.  We are located all over the Denver Metro Area. ", "Registration_URL": "https://volokids.org/city/denver/", "Food_Provided": "Yes - Snacks", "Transport_Available": false, "Time_Availability": "After School; Holiday", "Focus_Areas": "Sports & Health", "Phone": "(919) 810-6659", "Email": "kenzie@volokids.org", "Website": "https://volokids.org" }, "geometry": { "type": "Point", "coordinates": [ -104.93069, 39.71054936 ] } },
{ "type": "Feature", "properties": { "Global_Site_ID": 124641, "Activity_Category": "Sports & Fitness", "Site_Name": "University Park Elementary School", "Address": "2300 South St. Paul St.", "City": "Denver", "State": "CO", "Zip": 80210, "Latitude": 39.67448675, "Longitude": -104.9505477, "Site_IDs": "133022; 133258", "Org_IDs": "36625; 36952", "Organization": "HERO Kids Sports LLC; Omniform Martial Arts Academy", "Location_Type": "School (Denver Public Schools)", "DPS_School_Num": 284.0, "Programs": "HERO Fantastic 11 Sports; HERO Kids Sports; Omniform Karate at Bill Roberts; Omniform Karate at C3; Omniform Karate at Carson; Omniform Karate at Home School; Omniform Karate at Inspire; Omniform Karate at McKinley Thatcher; Omniform Karate at McMeen; Omniform Karate at Odyssey; Omniform Karate at Polaris; Omniform Karate at Slavens; Omniform Karate at Steck; Omniform Karate at Stedman; Omniform Karate at Swigert; Omniform Karate at Teller; Omniform Karate at Trevista; Omniform Karate at University Park; Omniform Karate at Westerly Creek", "Program_Count": 19, "Program_Description": "HERO KIDS SPORTS is an innovative non-competitive sports enrichment program for kids ages 2-12 years old teaching the fundamentals of sports and the values of teamwork in a fun and encouraging environment.; Omniform is martial art that develops the mind body and the character of the student. It's a blend of Tae Kwon Do Karate Boxing and Yoga. The intention of training is to empower students to consciously and deliberately develop personal success.", "Cost": "Free and fee-based programs available", "Scholarship_Available": true, "Open_Enrollment": true, "Registration_Process": "This is and after school enrichment program.  Registration can be made at the listed registration site: https://www.schoolcareworks.com/registration/dps/start_registration.jsp", "Registration_URL": "https://www.schoolcareworks.com/registration/dps/start_registration.jsp", "Food_Provided": "No", "Transport_Available": false, "Time_Availability": "After School; By Request; Holiday; School Day; Summer", "Focus_Areas": "Sports & Health", "Phone": "3039194249", "Email": "jocelyn.mieko@gmail.com", "Website": "http://omniformmartialarts.com/" }, "geometry": { "type": "Point", "coordinates": [ -104.9505477, 39.67448675 ] } },
{ "type": "Feature", "properties": { "Global_Site_ID": 124645, "Activity_Category": "Sports & Fitness", "Site_Name": "Wyatt Academy", "Address": "3620 Franklin St.", "City": "Denver", "State": "CO", "Zip": 80205, "Latitude": 39.76768547, "Longitude": -104.9679324, "Site_IDs": "133270", "Org_IDs": "36952", "Organization": "HERO Kids Sports LLC", "Location_Type": "School (Denver Public Schools)", "DPS_School_Num": 212.0, "Programs": "HERO Fantastic 11 Sports; HERO Kids Sports", "Program_Count": 2, "Program_Description": "HERO KIDS SPORTS is an innovative non-competitive sports enrichment program for kids ages 2-12 years old teaching the fundamentals of sports and the values of teamwork in a fun and encouraging environment.", "Cost": "Free and fee-based programs available", "Scholarship_Available": true, "Open_Enrollment": true, "Registration_Process": "We utilize an easy registration website or partner with the school to manage registration.", "Registration_URL": null, "Food_Provided": "No", "Transport_Available": false, "Time_Availability": "After School", "Focus_Areas": "Sports & Health", "Phone": "857-400-8858", "Email": "coachmike@herokidsports.com", "Website": "https://www.HEROKidSports.com" }, "geometry": { "type": "Point", "coordinates": [ -104.9679324, 39.76768547 ] } },
{ "type": "Feature", "properties": { "Global_Site_ID": 124650, "Activity_Category": "Sports & Fitness", "Site_Name": "Stedman Elementary School", "Address": "2940 Dexter St.", "City": "Denver", "State": "CO", "Zip": 80207, "Latitude": 39.75946269, "Longitude": -104.9324251, "Site_IDs": "133657; 134230", "Org_IDs": "36625; 36952", "Organization": "HERO Kids Sports LLC; Omniform Martial Arts Academy", "Location_Type": "School (Denver Public Schools)", "DPS_School_Num": 277.0, "Programs": "HERO Fantastic 11 Sports; HERO Kids Sports; Omniform Karate at Bill Roberts; Omniform Karate at C3; Omniform Karate at Carson; Omniform Karate at Home School; Omniform Karate at Inspire; Omniform Karate at McKinley Thatcher; Omniform Karate at McMeen; Omniform Karate at Odyssey; Omniform Karate at Polaris; Omniform Karate at Slavens; Omniform Karate at Steck; Omniform Karate at Stedman; Omniform Karate at Swigert; Omniform Karate at Teller; Omniform Karate at Trevista; Omniform Karate at University Park; Omniform Karate at Westerly Creek", "Program_Count": 19, "Program_Description": "HERO KIDS SPORTS is an innovative non-competitive sports enrichment program for kids ages 2-12 years old teaching the fundamentals of sports and the values of teamwork in a fun and encouraging environment.; Omniform is martial art that develops the mind body and the character of the student. It's a blend of Tae Kwon Do Karate Boxing and Yoga. The intention of training is to empower students to consciously and deliberately develop personal success.", "Cost": "Free and fee-based programs available", "Scholarship_Available": true, "Open_Enrollment": true, "Registration_Process": "We utilize an easy registration website or partner with the school to manage registration.", "Registration_URL": "https://www.schoolcareworks.com/registration/dps/start_registration.jsp", "Food_Provided": "No", "Transport_Available": false, "Time_Availability": "After School; By Request; Holiday; School Day; Summer", "Focus_Areas": "Sports & Health", "Phone": "857-400-8858", "Email": "coachmike@herokidsports.com", "Website": "https://www.HEROKidSports.com" }, "geometry": { "type": "Point", "coordinates": [ -104.9324251, 39.75946269 ] } },
{ "type": "Feature", "properties": { "Global_Site_ID": 124652, "Activity_Category": "Sports & Fitness", "Site_Name": "Teller Elementary School", "Address": "1150 Garfield St.", "City": "Denver", "State": "CO", "Zip": 80206, "Latitude": 39.73465196, "Longitude": -104.9436436, "Site_IDs": "122960; 133023", "Org_IDs": "36625; 36952", "Organization": "HERO Kids Sports LLC; Omniform Martial Arts Academy", "Location_Type": "School (Denver Public Schools)", "DPS_School_Num": 281.0, "Programs": "HERO Fantastic 11 Sports; HERO Kids Sports; Omniform Karate at Bill Roberts; Omniform Karate at C3; Omniform Karate at Carson; Omniform Karate at Home School; Omniform Karate at Inspire; Omniform Karate at McKinley Thatcher; Omniform Karate at McMeen; Omniform Karate at Odyssey; Omniform Karate at Polaris; Omniform Karate at Slavens; Omniform Karate at Steck; Omniform Karate at Stedman; Omniform Karate at Swigert; Omniform Karate at Teller; Omniform Karate at Trevista; Omniform Karate at University Park; Omniform Karate at Westerly Creek", "Program_Count": 19, "Program_Description": "HERO KIDS SPORTS is an innovative non-competitive sports enrichment program for kids ages 2-12 years old teaching the fundamentals of sports and the values of teamwork in a fun and encouraging environment.; Omniform is martial art that develops the mind body and the character of the student. It's a blend of Tae Kwon Do Karate Boxing and Yoga. The intention of training is to empower students to consciously and deliberately develop personal success.", "Cost": "Free and fee-based programs available", "Scholarship_Available": true, "Open_Enrollment": true, "Registration_Process": "We utilize an easy registration website or partner with the school to manage registration.", "Registration_URL": "https://www.schoolcareworks.com/registration/dps/start_registration.jsp", "Food_Provided": "No", "Transport_Available": false, "Time_Availability": "After School; By Request; Holiday; School Day; Summer", "Focus_Areas": "Sports & Health", "Phone": "857-400-8858", "Email": "coachmike@herokidsports.com", "Website": "https://www.HEROKidSports.com" }, "geometry": { "type": "Point", "coordinates": [ -104.9436436, 39.73465196 ] } },
{ "type": "Feature", "properties": { "Global_Site_ID": 124657, "Activity_Category": "Sports & Fitness", "Site_Name": "Trevista at Horace Mann", "Address": "4130 Navajo St.", "City": "Denver", "State": "CO", "Zip": 80211, "Latitude": 39.77372915, "Longitude": -105.0037788, "Site_IDs": "122961; 150324", "Org_IDs": "36625; 36952", "Organization": "HERO Kids Sports LLC; Omniform Martial Arts Academy", "Location_Type": "School (Denver Public Schools)", "DPS_School_Num": 189.0, "Programs": "HERO Fantastic 11 Sports; HERO Kids Sports; Omniform Karate at Bill Roberts; Omniform Karate at C3; Omniform Karate at Carson; Omniform Karate at Home School; Omniform Karate at Inspire; Omniform Karate at McKinley Thatcher; Omniform Karate at McMeen; Omniform Karate at Odyssey; Omniform Karate at Polaris; Omniform Karate at Slavens; Omniform Karate at Steck; Omniform Karate at Stedman; Omniform Karate at Swigert; Omniform Karate at Teller; Omniform Karate at Trevista; Omniform Karate at University Park; Omniform Karate at Westerly Creek", "Program_Count": 19, "Program_Description": "HERO KIDS SPORTS is an innovative non-competitive sports enrichment program for kids ages 2-12 years old teaching the fundamentals of sports and the values of teamwork in a fun and encouraging environment.; Omniform is martial art that develops the mind body and the character of the student. It's a blend of Tae Kwon Do Karate Boxing and Yoga. The intention of training is to empower students to consciously and deliberately develop personal success.", "Cost": "Free and fee-based programs available", "Scholarship_Available": true, "Open_Enrollment": true, "Registration_Process": "We utilize an easy registration website or partner with the school to manage registration.", "Registration_URL": "https://www.schoolcareworks.com/registration/dps/start_registration.jsp", "Food_Provided": "No", "Transport_Available": false, "Time_Availability": "After School; By Request; Holiday; School Day; Summer", "Focus_Areas": "Sports & Health", "Phone": "857-400-8858", "Email": "coachmike@herokidsports.com", "Website": "https://www.HEROKidSports.com" }, "geometry": { "type": "Point", "coordinates": [ -105.0037788, 39.77372915 ] } },
{ "type": "Feature", "properties": { "Global_Site_ID": 124662, "Activity_Category": "Sports & Fitness", "Site_Name": "Westerly Creek Elementary", "Address": "8800 East 28th Ave.", "City": "Denver", "State": "CO", "Zip": 80238, "Latitude": 39.75569214, "Longitude": -104.8846818, "Site_IDs": "133024; 134231", "Org_IDs": "36625; 36952", "Organization": "HERO Kids Sports LLC; Omniform Martial Arts Academy", "Location_Type": "School (Denver Public Schools)", "DPS_School_Num": 253.0, "Programs": "HERO Fantastic 11 Sports; HERO Kids Sports; Omniform Karate at Bill Roberts; Omniform Karate at C3; Omniform Karate at Carson; Omniform Karate at Home School; Omniform Karate at Inspire; Omniform Karate at McKinley Thatcher; Omniform Karate at McMeen; Omniform Karate at Odyssey; Omniform Karate at Polaris; Omniform Karate at Slavens; Omniform Karate at Steck; Omniform Karate at Stedman; Omniform Karate at Swigert; Omniform Karate at Teller; Omniform Karate at Trevista; Omniform Karate at University Park; Omniform Karate at Westerly Creek", "Program_Count": 19, "Program_Description": "HERO KIDS SPORTS is an innovative non-competitive sports enrichment program for kids ages 2-12 years old teaching the fundamentals of sports and the values of teamwork in a fun and encouraging environment.; Omniform is martial art that develops the mind body and the character of the student. It's a blend of Tae Kwon Do Karate Boxing and Yoga. The intention of training is to empower students to consciously and deliberately develop personal success.", "Cost": "Free and fee-based programs available", "Scholarship_Available": true, "Open_Enrollment": true, "Registration_Process": "We utilize an easy registration website or partner with the school to manage registration.", "Registration_URL": "https://www.schoolcareworks.com/registration/dps/start_registration.jsp", "Food_Provided": "No", "Transport_Available": false, "Time_Availability": "After School; By Request; Holiday; School Day; Summer", "Focus_Areas": "Sports & Health", "Phone": "857-400-8858", "Email": "coachmike@herokidsports.com", "Website": "https://www.HEROKidSports.com" }, "geometry": { "type": "Point", "coordinates": [ -104.8846818, 39.75569214 ] } },
{ "type": "Feature", "properties": { "Global_Site_ID": 124666, "Activity_Category": "Sports & Fitness", "Site_Name": "Swigert International School", "Address": "3480 Syracuse St.", "City": "Denver", "State": "CO", "Zip": 80238, "Latitude": 39.76460128, "Longitude": -104.8980837, "Site_IDs": "122959; 133018", "Org_IDs": "36625; 36952", "Organization": "HERO Kids Sports LLC; Omniform Martial Arts Academy", "Location_Type": "School (Denver Public Schools)", "DPS_School_Num": 174.0, "Programs": "HERO Fantastic 11 Sports; HERO Kids Sports; Omniform Karate at Bill Roberts; Omniform Karate at C3; Omniform Karate at Carson; Omniform Karate at Home School; Omniform Karate at Inspire; Omniform Karate at McKinley Thatcher; Omniform Karate at McMeen; Omniform Karate at Odyssey; Omniform Karate at Polaris; Omniform Karate at Slavens; Omniform Karate at Steck; Omniform Karate at Stedman; Omniform Karate at Swigert; Omniform Karate at Teller; Omniform Karate at Trevista; Omniform Karate at University Park; Omniform Karate at Westerly Creek", "Program_Count": 19, "Program_Description": "HERO KIDS SPORTS is an innovative non-competitive sports enrichment program for kids ages 2-12 years old teaching the fundamentals of sports and the values of teamwork in a fun and encouraging environment.; Omniform is martial art that develops the mind body and the character of the student. It's a blend of Tae Kwon Do Karate Boxing and Yoga. The intention of training is to empower students to consciously and deliberately develop personal success.", "Cost": "Free and fee-based programs available", "Scholarship_Available": true, "Open_Enrollment": true, "Registration_Process": "We utilize an easy registration website or partner with the school to manage registration.", "Registration_URL": "https://www.schoolcareworks.com/registration/dps/start_registration.jsp", "Food_Provided": "No", "Transport_Available": false, "Time_Availability": "After School; By Request; Holiday; School Day; Summer", "Focus_Areas": "Sports & Health", "Phone": "857-400-8858", "Email": "coachmike@herokidsports.com", "Website": "https://www.HEROKidSports.com" }, "geometry": { "type": "Point", "coordinates": [ -104.8980837, 39.76460128 ] } },
{ "type": "Feature", "properties": { "Global_Site_ID": 124668, "Activity_Category": "Sports & Fitness", "Site_Name": "Valverde Elementary School", "Address": "2030 West Alameda Ave.", "City": "Denver", "State": "CO", "Zip": 80223, "Latitude": 39.71071384, "Longitude": -105.0114393, "Site_IDs": "133267", "Org_IDs": "36952", "Organization": "HERO Kids Sports LLC", "Location_Type": "School (Denver Public Schools)", "DPS_School_Num": 285.0, "Programs": "HERO Fantastic 11 Sports; HERO Kids Sports", "Program_Count": 2, "Program_Description": "HERO KIDS SPORTS is an innovative non-competitive sports enrichment program for kids ages 2-12 years old teaching the fundamentals of sports and the values of teamwork in a fun and encouraging environment.", "Cost": "Free and fee-based programs available", "Scholarship_Available": true, "Open_Enrollment": true, "Registration_Process": "We utilize an easy registration website or partner with the school to manage registration.", "Registration_URL": null, "Food_Provided": "No", "Transport_Available": false, "Time_Availability": "After School", "Focus_Areas": "Sports & Health", "Phone": "857-400-8858", "Email": "coachmike@herokidsports.com", "Website": "https://www.HEROKidSports.com" }, "geometry": { "type": "Point", "coordinates": [ -105.0114393, 39.71071384 ] } },
{ "type": "Feature", "properties": { "Global_Site_ID": 124669, "Activity_Category": "Sports & Fitness", "Site_Name": "Steele Elementary School", "Address": "320 South Marion St. Pkwy.", "City": "Denver", "State": "CO", "Zip": 80209, "Latitude": 39.71024424, "Longitude": -104.971716, "Site_IDs": "133268", "Org_IDs": "36952", "Organization": "HERO Kids Sports LLC", "Location_Type": "School (Denver Public Schools)", "DPS_School_Num": 278.0, "Programs": "HERO Fantastic 11 Sports; HERO Kids Sports", "Program_Count": 2, "Program_Description": "HERO KIDS SPORTS is an innovative non-competitive sports enrichment program for kids ages 2-12 years old teaching the fundamentals of sports and the values of teamwork in a fun and encouraging environment.", "Cost": "Free and fee-based programs available", "Scholarship_Available": true, "Open_Enrollment": true, "Registration_Process": "We utilize an easy registration website or partner with the school to manage registration.", "Registration_URL": null, "Food_Provided": "No", "Transport_Available": false, "Time_Availability": "After School", "Focus_Areas": "Sports & Health", "Phone": "857-400-8858", "Email": "coachmike@herokidsports.com", "Website": "https://www.HEROKidSports.com" }, "geometry": { "type": "Point", "coordinates": [ -104.971716, 39.71024424 ] } },
{ "type": "Feature", "properties": { "Global_Site_ID": 124674, "Activity_Category": "Sports & Fitness", "Site_Name": "William (Bill) Roberts K-8 School", "Address": "2100 Akron Way", "City": "Denver", "State": "CO", "Zip": 80238, "Latitude": 39.74815573, "Longitude": -104.8829907, "Site_IDs": "133778; 134408", "Org_IDs": "36625; 36952", "Organization": "HERO Kids Sports LLC; Omniform Martial Arts Academy", "Location_Type": "School (Denver Public Schools)", "DPS_School_Num": 194.0, "Programs": "HERO Fantastic 11 Sports; HERO Kids Sports; Omniform Karate at Bill Roberts; Omniform Karate at C3; Omniform Karate at Carson; Omniform Karate at Home School; Omniform Karate at Inspire; Omniform Karate at McKinley Thatcher; Omniform Karate at McMeen; Omniform Karate at Odyssey; Omniform Karate at Polaris; Omniform Karate at Slavens; Omniform Karate at Steck; Omniform Karate at Stedman; Omniform Karate at Swigert; Omniform Karate at Teller; Omniform Karate at Trevista; Omniform Karate at University Park; Omniform Karate at Westerly Creek", "Program_Count": 19, "Program_Description": "HERO KIDS SPORTS is an innovative non-competitive sports enrichment program for kids ages 2-12 years old teaching the fundamentals of sports and the values of teamwork in a fun and encouraging environment.; Omniform is martial art that develops the mind body and the character of the student. It's a blend of Tae Kwon Do Karate Boxing and Yoga. The intention of training is to empower students to consciously and deliberately develop personal success.", "Cost": "Free and fee-based programs available", "Scholarship_Available": true, "Open_Enrollment": true, "Registration_Process": "Registration is through DPS Extended Learning", "Registration_URL": "https://www.schoolcareworks.com/registration/dps/start_registration.jsp", "Food_Provided": "No", "Transport_Available": false, "Time_Availability": "After School; By Request; Holiday; School Day; Summer", "Focus_Areas": "Sports & Health", "Phone": "3039194249", "Email": "jocelyn.mieko@gmail.com", "Website": "http://omniformmartialarts.com/" }, "geometry": { "type": "Point", "coordinates": [ -104.8829907, 39.74815573 ] } },
{ "type": "Feature", "properties": { "Global_Site_ID": 124675, "Activity_Category": "Sports & Fitness", "Site_Name": "Steck Elementary School", "Address": "450 Albion St.", "City": "Denver", "State": "CO", "Zip": 80220, "Latitude": 39.72391414, "Longitude": -104.9386087, "Site_IDs": "122958; 150323", "Org_IDs": "36625; 36952", "Organization": "HERO Kids Sports LLC; Omniform Martial Arts Academy", "Location_Type": "School (Denver Public Schools)", "DPS_School_Num": 276.0, "Programs": "HERO Fantastic 11 Sports; HERO Kids Sports; Omniform Karate at Bill Roberts; Omniform Karate at C3; Omniform Karate at Carson; Omniform Karate at Home School; Omniform Karate at Inspire; Omniform Karate at McKinley Thatcher; Omniform Karate at McMeen; Omniform Karate at Odyssey; Omniform Karate at Polaris; Omniform Karate at Slavens; Omniform Karate at Steck; Omniform Karate at Stedman; Omniform Karate at Swigert; Omniform Karate at Teller; Omniform Karate at Trevista; Omniform Karate at University Park; Omniform Karate at Westerly Creek", "Program_Count": 19, "Program_Description": "HERO KIDS SPORTS is an innovative non-competitive sports enrichment program for kids ages 2-12 years old teaching the fundamentals of sports and the values of teamwork in a fun and encouraging environment.; Omniform is martial art that develops the mind body and the character of the student. It's a blend of Tae Kwon Do Karate Boxing and Yoga. The intention of training is to empower students to consciously and deliberately develop personal success.", "Cost": "Free and fee-based programs available", "Scholarship_Available": true, "Open_Enrollment": true, "Registration_Process": "We utilize an easy registration website or partner with the school to manage registration.", "Registration_URL": "https://www.schoolcareworks.com/registration/dps/start_registration.jsp", "Food_Provided": "No", "Transport_Available": false, "Time_Availability": "After School; By Request; Holiday; School Day; Summer", "Focus_Areas": "Sports & Health", "Phone": "857-400-8858", "Email": "coachmike@herokidsports.com", "Website": "https://www.HEROKidSports.com" }, "geometry": { "type": "Point", "coordinates": [ -104.9386087, 39.72391414 ] } },
{ "type": "Feature", "properties": { "Global_Site_ID": 124678, "Activity_Category": "Sports & Fitness", "Site_Name": "Stephen Knight Center for Early Education", "Address": "3245 East Exposition Ave.", "City": "Denver", "State": "CO", "Zip": 80209, "Latitude": 39.70428129, "Longitude": -104.9492204, "Site_IDs": "134447", "Org_IDs": "36952", "Organization": "HERO Kids Sports LLC", "Location_Type": "School (Denver Public Schools)", "DPS_School_Num": 178.0, "Programs": "HERO Fantastic 11 Sports; HERO Kids Sports", "Program_Count": 2, "Program_Description": "HERO KIDS SPORTS is an innovative non-competitive sports enrichment program for kids ages 2-12 years old teaching the fundamentals of sports and the values of teamwork in a fun and encouraging environment.", "Cost": "Free and fee-based programs available", "Scholarship_Available": true, "Open_Enrollment": true, "Registration_Process": "We utilize an easy registration website or partner with the school to manage registration.", "Registration_URL": null, "Food_Provided": "No", "Transport_Available": false, "Time_Availability": "After School", "Focus_Areas": "Sports & Health", "Phone": "857-400-8858", "Email": "coachmike@herokidsports.com", "Website": "https://www.HEROKidSports.com" }, "geometry": { "type": "Point", "coordinates": [ -104.9492204, 39.70428129 ] } },
{ "type": "Feature", "properties": { "Global_Site_ID": 124681, "Activity_Category": "Sports & Fitness", "Site_Name": "Willow Elementary School", "Address": "8499 East Stoll Pl.", "City": "Denver", "State": "CO", "Zip": 80238, "Latitude": 39.78932193, "Longitude": -104.8888918, "Site_IDs": "122955; 149817", "Org_IDs": "36952; 42153", "Organization": "Colorado Archery Academy; HERO Kids Sports LLC", "Location_Type": "School (Denver Public Schools)", "DPS_School_Num": 170.0, "Programs": "Colorado Archery Academy; HERO Fantastic 11 Sports; HERO Kids Sports", "Program_Count": 3, "Program_Description": "HERO KIDS SPORTS is an innovative non-competitive sports enrichment program for kids ages 2-12 years old teaching the fundamentals of sports and the values of teamwork in a fun and encouraging environment.; Our mission to promote the sport of archery to public school students and their Physical Educators.", "Cost": "Free and fee-based programs available", "Scholarship_Available": true, "Open_Enrollment": true, "Registration_Process": "We utilize an easy registration website or partner with the school to manage registration.", "Registration_URL": null, "Food_Provided": "No", "Transport_Available": false, "Time_Availability": "After School; School Day", "Focus_Areas": "Family Support; Sports & Health", "Phone": "857-400-8858", "Email": "coachmike@herokidsports.com", "Website": "https://www.HEROKidSports.com" }, "geometry": { "type": "Point", "coordinates": [ -104.8888918, 39.78932193 ] } },
{ "type": "Feature", "properties": { "Global_Site_ID": 132339, "Activity_Category": "Sports & Fitness", "Site_Name": "Washington Park", "Address": "701 S Franklin Street", "City": "Denver", "State": "CO", "Zip": 80209, "Latitude": 39.70257057, "Longitude": -104.9704821, "Site_IDs": "128111", "Org_IDs": "36952", "Organization": "HERO Kids Sports LLC", "Location_Type": "Community", "DPS_School_Num": null, "Programs": "HERO Fantastic 11 Sports; HERO Kids Sports", "Program_Count": 2, "Program_Description": "HERO KIDS SPORTS is an innovative non-competitive sports enrichment program for kids ages 2-12 years old teaching the fundamentals of sports and the values of teamwork in a fun and encouraging environment.", "Cost": "Free and fee-based programs available", "Scholarship_Available": true, "Open_Enrollment": true, "Registration_Process": "Please visit our website to register", "Registration_URL": "https://campscui.active.com/orgs/HEROKidsSports0#/selectSessions/2942432", "Food_Provided": "No", "Transport_Available": false, "Time_Availability": "After School", "Focus_Areas": "Sports & Health", "Phone": "857-400-8858", "Email": "coachmike@herokidsports.com", "Website": "https://www.HEROKidSports.com" }, "geometry": { "type": "Point", "coordinates": [ -104.9704821, 39.70257057 ] } },
{ "type": "Feature", "properties": { "Global_Site_ID": 132367, "Activity_Category": "Sports & Fitness", "Site_Name": "Robinson Park", "Address": "200 N Fairfax Street", "City": "Denver", "State": "CO", "Zip": 80220, "Latitude": 39.71955446, "Longitude": -104.9279749, "Site_IDs": "134653", "Org_IDs": "36952", "Organization": "HERO Kids Sports LLC", "Location_Type": "Community", "DPS_School_Num": null, "Programs": "HERO Fantastic 11 Sports; HERO Kids Sports", "Program_Count": 2, "Program_Description": "HERO KIDS SPORTS is an innovative non-competitive sports enrichment program for kids ages 2-12 years old teaching the fundamentals of sports and the values of teamwork in a fun and encouraging environment.", "Cost": "Free and fee-based programs available", "Scholarship_Available": true, "Open_Enrollment": true, "Registration_Process": "We utilize an easy registration website or partner with the school to manage registration.", "Registration_URL": "https://www.herokidsports.com/summer-camps", "Food_Provided": "No", "Transport_Available": false, "Time_Availability": "After School", "Focus_Areas": "Sports & Health", "Phone": "857-400-8858", "Email": "coachmike@herokidsports.com", "Website": "https://www.HEROKidSports.com" }, "geometry": { "type": "Point", "coordinates": [ -104.9279749, 39.71955446 ] } },
{ "type": "Feature", "properties": { "Global_Site_ID": 133198, "Activity_Category": "Sports & Fitness", "Site_Name": "Highlands Park", "Address": "3265 Federal Blvd", "City": "Denver", "State": "CO", "Zip": 80212, "Latitude": 39.76296474, "Longitude": -105.0265337, "Site_IDs": "128110", "Org_IDs": "36952", "Organization": "HERO Kids Sports LLC", "Location_Type": "Community", "DPS_School_Num": null, "Programs": "HERO Fantastic 11 Sports; HERO Kids Sports", "Program_Count": 2, "Program_Description": "HERO KIDS SPORTS is an innovative non-competitive sports enrichment program for kids ages 2-12 years old teaching the fundamentals of sports and the values of teamwork in a fun and encouraging environment.", "Cost": "Free and fee-based programs available", "Scholarship_Available": true, "Open_Enrollment": true, "Registration_Process": "register online at our website!", "Registration_URL": "https://www.herokidsports.com/", "Food_Provided": "No", "Transport_Available": false, "Time_Availability": "After School", "Focus_Areas": "Sports & Health", "Phone": "857-400-8858", "Email": "coachmike@herokidsports.com", "Website": "https://www.HEROKidSports.com" }, "geometry": { "type": "Point", "coordinates": [ -105.0265337, 39.76296474 ] } },
{ "type": "Feature", "properties": { "Global_Site_ID": 133201, "Activity_Category": "Sports & Fitness", "Site_Name": "Children's Learning Center", "Address": "2817 N Zenobia St", "City": "Denver", "State": "CO", "Zip": 80212, "Latitude": 39.75771074, "Longitude": -105.052285, "Site_IDs": "128108", "Org_IDs": "36952", "Organization": "HERO Kids Sports LLC", "Location_Type": "School (Private or Non-DPS)", "DPS_School_Num": null, "Programs": "HERO Fantastic 11 Sports; HERO Kids Sports", "Program_Count": 2, "Program_Description": "HERO KIDS SPORTS is an innovative non-competitive sports enrichment program for kids ages 2-12 years old teaching the fundamentals of sports and the values of teamwork in a fun and encouraging environment.", "Cost": "Free and fee-based programs available", "Scholarship_Available": true, "Open_Enrollment": true, "Registration_Process": "Must attend preschool in order to attend program.", "Registration_URL": "http://dclc.co/", "Food_Provided": "No", "Transport_Available": false, "Time_Availability": "After School", "Focus_Areas": "Sports & Health", "Phone": "857-400-8858", "Email": "coachmike@herokidsports.com", "Website": "https://www.HEROKidSports.com" }, "geometry": { "type": "Point", "coordinates": [ -105.052285, 39.75771074 ] } },
{ "type": "Feature", "properties": { "Global_Site_ID": 133298, "Activity_Category": "Sports & Fitness", "Site_Name": "UCA Colorado", "Address": "910 N Santa Fe Dr", "City": "Denver", "State": "CO", "Zip": 80204, "Latitude": 39.7308872, "Longitude": -104.9983536, "Site_IDs": "128189", "Org_IDs": "38467", "Organization": "United Capoeira Association - Colorado", "Location_Type": "Community", "DPS_School_Num": null, "Programs": "Adult & Teen Capoeira; Kids Capoeira; Pre-Capoeira; Teens Capoeira", "Program_Count": 4, "Program_Description": "Capoeira classes for adults and teens; Capoeira for ages 6-12; Capoeira for tweens and teenagers; Pre-Capoeira is an introduction to capoeira for ages 4 5 & 6 - includes some parental participation.", "Cost": "Free and fee-based programs available", "Scholarship_Available": true, "Open_Enrollment": true, "Registration_Process": " go to www.ucacolorado.com, scroll to the bottom, select a class, then select \"\"enroll your children\"\" complete a profile, accept a free week of classes contact capoeira@ucacolorado.com for help, if needed", "Registration_URL": "https://unitedcapoeiraassociation.pike13.com/welcome?workflow=b012ee21-8608-4801-bff6-325c10c3128b", "Food_Provided": "No", "Transport_Available": false, "Time_Availability": "After School; By Request; Holiday; School Day; Summer", "Focus_Areas": "Arts; Family Support; Sports & Health", "Phone": "720-423-9242", "Email": "andrea_luna@dpsk12.net", "Website": "https://www.ucacolorado.com/" }, "geometry": { "type": "Point", "coordinates": [ -104.9983536, 39.7308872 ] } },
{ "type": "Feature", "properties": { "Global_Site_ID": 137596, "Activity_Category": "Sports & Fitness", "Site_Name": "Argo Park", "Address": "4700 N Logan St", "City": "Denver", "State": "CO", "Zip": 80216, "Latitude": 39.78199374, "Longitude": -104.9821526, "Site_IDs": "134491", "Org_IDs": "40502", "Organization": "Volo Kids Foundation", "Location_Type": "Community", "DPS_School_Num": null, "Programs": "Saturday Basketball at RiNo Sports Arena with Volo Kids; Saturday Soccer at RiNo with Volo Kids; Saturday Volleyball at RiNo Sports Arena with Volo Kids; Tuesday Basketball at JCC with Volo Kids", "Program_Count": 4, "Program_Description": "In a Volo Kids program you can expect 6 weeks of skills and drills to improve your technique or try a new sport!; In a Volo Kids program you can expect 6 weeks of skills drills and games to improve your technique or try a new sport!", "Cost": "Free", "Scholarship_Available": false, "Open_Enrollment": true, "Registration_Process": "When you click on the link, it will take you to the registration page. It's free to make an account", "Registration_URL": "http://volokidsden.leagueapps.com/leagues/soccer/4154150-2024-spring-thursday-soccer-at-argo-park", "Food_Provided": "Yes - Snacks", "Transport_Available": false, "Time_Availability": "After School; Holiday", "Focus_Areas": "Sports & Health", "Phone": "(919) 810-6659", "Email": "kenzie@volokids.org", "Website": "https://volokids.org" }, "geometry": { "type": "Point", "coordinates": [ -104.9821526, 39.78199374 ] } },
{ "type": "Feature", "properties": { "Global_Site_ID": 138549, "Activity_Category": "Sports & Fitness", "Site_Name": "Athletics and Beyond", "Address": "4990 Nome Street", "City": "Denver", "State": "CO", "Zip": 80239, "Latitude": 39.78850857, "Longitude": -104.8520218, "Site_IDs": "134536", "Org_IDs": "41957", "Organization": "Mile High Tumblers Foundation", "Location_Type": "Community", "DPS_School_Num": null, "Programs": "Mile High Tumblers 5280 LLC", "Program_Count": 1, "Program_Description": "Our mission is to develop strong athletes and citizens through discipline respect and responsibility. We prepare members mentally and physically while fostering community connections and promoting tumbling safety.", "Cost": "Free and fee-based programs available", "Scholarship_Available": true, "Open_Enrollment": true, "Registration_Process": null, "Registration_URL": null, "Food_Provided": "No", "Transport_Available": true, "Time_Availability": "After School; Before School; By Request; Holiday; School Day", "Focus_Areas": "Academic; Arts; College & Career; Family Support; Leadership; Outdoor; Service Learning; Sports & Health", "Phone": "7208451712", "Email": "Kreese@aabwellness.org", "Website": "https://www.milehightumblers5280.com" }, "geometry": { "type": "Point", "coordinates": [ -104.8520218, 39.78850857 ] } },
{ "type": "Feature", "properties": { "Global_Site_ID": 138564, "Activity_Category": "Sports & Fitness", "Site_Name": "Newport Street Retreat", "Address": "1195 Newport St", "City": "Denver", "State": "CO", "Zip": 80220, "Latitude": 39.73536836, "Longitude": -104.909683, "Site_IDs": "133025", "Org_IDs": "36625", "Organization": "Omniform Martial Arts Academy", "Location_Type": "Other", "DPS_School_Num": null, "Programs": "Omniform Karate at Bill Roberts; Omniform Karate at C3; Omniform Karate at Carson; Omniform Karate at Home School; Omniform Karate at Inspire; Omniform Karate at McKinley Thatcher; Omniform Karate at McMeen; Omniform Karate at Odyssey; Omniform Karate at Polaris; Omniform Karate at Slavens; Omniform Karate at Steck; Omniform Karate at Stedman; Omniform Karate at Swigert; Omniform Karate at Teller; Omniform Karate at Trevista; Omniform Karate at University Park; Omniform Karate at Westerly Creek", "Program_Count": 17, "Program_Description": "Omniform is martial art that develops the mind body and the character of the student. It's a blend of Tae Kwon Do Karate Boxing and Yoga. The intention of training is to empower students to consciously and deliberately develop personal success.", "Cost": "Free and fee-based programs available", "Scholarship_Available": true, "Open_Enrollment": true, "Registration_Process": null, "Registration_URL": null, "Food_Provided": "No", "Transport_Available": false, "Time_Availability": "After School; By Request; Holiday; School Day; Summer", "Focus_Areas": "Sports & Health", "Phone": "3039194249", "Email": "jocelyn.mieko@gmail.com", "Website": "http://omniformmartialarts.com/" }, "geometry": { "type": "Point", "coordinates": [ -104.909683, 39.73536836 ] } },
{ "type": "Feature", "properties": { "Global_Site_ID": 139322, "Activity_Category": "Sports & Fitness", "Site_Name": "Montbello Central Park", "Address": "14255 Andrews Drive", "City": "Denver", "State": "CO", "Zip": 80239, "Latitude": 39.78476082, "Longitude": -104.8269376, "Site_IDs": "149872", "Org_IDs": "40502", "Organization": "Volo Kids Foundation", "Location_Type": "Community", "DPS_School_Num": null, "Programs": "Saturday Basketball at RiNo Sports Arena with Volo Kids; Saturday Soccer at RiNo with Volo Kids; Saturday Volleyball at RiNo Sports Arena with Volo Kids; Tuesday Basketball at JCC with Volo Kids", "Program_Count": 4, "Program_Description": "In a Volo Kids program you can expect 6 weeks of skills and drills to improve your technique or try a new sport!; In a Volo Kids program you can expect 6 weeks of skills drills and games to improve your technique or try a new sport!", "Cost": "Free", "Scholarship_Available": false, "Open_Enrollment": true, "Registration_Process": "When you click on the link, it will take you to the registration page. It's free to make an account and sign up for all of our kids' programs. ", "Registration_URL": "https://volokids.org/city/denver/", "Food_Provided": "Yes - Snacks", "Transport_Available": false, "Time_Availability": "After School; Holiday", "Focus_Areas": "Sports & Health", "Phone": "(919) 810-6659", "Email": "kenzie@volokids.org", "Website": "https://volokids.org" }, "geometry": { "type": "Point", "coordinates": [ -104.8269376, 39.78476082 ] } },
{ "type": "Feature", "properties": { "Global_Site_ID": 148138, "Activity_Category": "Sports & Fitness", "Site_Name": "Denver Soccer Society", "Address": "500 Wazee St", "City": "Denver", "State": "CO", "Zip": 80204, "Latitude": 39.74459573, "Longitude": -105.011615, "Site_IDs": "133967", "Org_IDs": "40502", "Organization": "Volo Kids Foundation", "Location_Type": "Community", "DPS_School_Num": null, "Programs": "Saturday Basketball at RiNo Sports Arena with Volo Kids; Saturday Soccer at RiNo with Volo Kids; Saturday Volleyball at RiNo Sports Arena with Volo Kids; Tuesday Basketball at JCC with Volo Kids", "Program_Count": 4, "Program_Description": "In a Volo Kids program you can expect 6 weeks of skills and drills to improve your technique or try a new sport!; In a Volo Kids program you can expect 6 weeks of skills drills and games to improve your technique or try a new sport!", "Cost": "Free", "Scholarship_Available": false, "Open_Enrollment": true, "Registration_Process": "You can use this link to create a free account on leagueapps! Or if you have a paper registration form, you can fill that out and bring to a program.  ", "Registration_URL": "https://volokidsden.leagueapps.com/leagues/soccer/3750744-2023-spring-monday-soccer-at-the-denver-soccer-society", "Food_Provided": "Yes - Snacks", "Transport_Available": false, "Time_Availability": "After School; Holiday", "Focus_Areas": "Sports & Health", "Phone": "(919) 810-6659", "Email": "kenzie@volokids.org", "Website": "https://volokids.org" }, "geometry": { "type": "Point", "coordinates": [ -105.011615, 39.74459573 ] } },
{ "type": "Feature", "properties": { "Global_Site_ID": 148186, "Activity_Category": "Sports & Fitness", "Site_Name": "Ciancio Park", "Address": "4001 Lipan St.", "City": "Denver", "State": "CO", "Zip": 80211, "Latitude": 39.77240331, "Longitude": -105.0026732, "Site_IDs": "133978", "Org_IDs": "40502", "Organization": "Volo Kids Foundation", "Location_Type": "Community", "DPS_School_Num": null, "Programs": "Saturday Basketball at RiNo Sports Arena with Volo Kids; Saturday Soccer at RiNo with Volo Kids; Saturday Volleyball at RiNo Sports Arena with Volo Kids; Tuesday Basketball at JCC with Volo Kids", "Program_Count": 4, "Program_Description": "In a Volo Kids program you can expect 6 weeks of skills and drills to improve your technique or try a new sport!; In a Volo Kids program you can expect 6 weeks of skills drills and games to improve your technique or try a new sport!", "Cost": "Free", "Scholarship_Available": false, "Open_Enrollment": true, "Registration_Process": "Once you click on the link, you will create a family account for free on LeagueApps. Then you will be get signed up for that program and receive emails/texts from LeagueApps as the program goes on during the season", "Registration_URL": "https://volokidsden.leagueapps.com/leagues/soccer/3750876-2023-spring-saturday-soccer-at-ciancio-park", "Food_Provided": "Yes - Snacks", "Transport_Available": false, "Time_Availability": "After School; Holiday", "Focus_Areas": "Sports & Health", "Phone": "(919) 810-6659", "Email": "kenzie@volokids.org", "Website": "https://volokids.org" }, "geometry": { "type": "Point", "coordinates": [ -105.0026732, 39.77240331 ] } },
{ "type": "Feature", "properties": { "Global_Site_ID": 148188, "Activity_Category": "Sports & Fitness", "Site_Name": "Rocky Mountain Lake Park", "Address": "3301 W 46th Ave", "City": "Denver", "State": "CO", "Zip": 80211, "Latitude": 39.7805622, "Longitude": -105.0310075, "Site_IDs": "133976", "Org_IDs": "40502", "Organization": "Volo Kids Foundation", "Location_Type": "Community", "DPS_School_Num": null, "Programs": "Saturday Basketball at RiNo Sports Arena with Volo Kids; Saturday Soccer at RiNo with Volo Kids; Saturday Volleyball at RiNo Sports Arena with Volo Kids; Tuesday Basketball at JCC with Volo Kids", "Program_Count": 4, "Program_Description": "In a Volo Kids program you can expect 6 weeks of skills and drills to improve your technique or try a new sport!; In a Volo Kids program you can expect 6 weeks of skills drills and games to improve your technique or try a new sport!", "Cost": "Free", "Scholarship_Available": false, "Open_Enrollment": true, "Registration_Process": "Once you click on the link, you will create a family account for free on LeagueApps. Then you will be get signed up for that program and receive emails/texts from LeagueApps as the program goes on during the season", "Registration_URL": "https://volokidsden.leagueapps.com/leagues/multi-sport/3750930-2023-spring-thursday-multi-sport-all-at-rocky-mountain-lake-park", "Food_Provided": "Yes - Snacks", "Transport_Available": false, "Time_Availability": "After School; Holiday", "Focus_Areas": "Sports & Health", "Phone": "(919) 810-6659", "Email": "kenzie@volokids.org", "Website": "https://volokids.org" }, "geometry": { "type": "Point", "coordinates": [ -105.0310075, 39.7805622 ] } },
{ "type": "Feature", "properties": { "Global_Site_ID": 148203, "Activity_Category": "Sports & Fitness", "Site_Name": "Englewood Recreation Center", "Address": "1155 W. Oxford Avenue", "City": "Englewood", "State": "CO", "Zip": 80110, "Latitude": 39.64310209, "Longitude": -105.0014168, "Site_IDs": "150101", "Org_IDs": "42383", "Organization": "Pirate Youth Sports", "Location_Type": "Recreation Center", "DPS_School_Num": null, "Programs": "Pirate Youth Sports", "Program_Count": 1, "Program_Description": "Join our email list at www.pirateyouthsports for all updates.", "Cost": "Free and fee-based programs available", "Scholarship_Available": true, "Open_Enrollment": false, "Registration_Process": "Join our email list to stay up to date on all our sports we offer.  www.pirateyouthsports.com", "Registration_URL": "https://pirateyouthsports.com", "Food_Provided": "No", "Transport_Available": false, "Time_Availability": "By Request", "Focus_Areas": "Sports & Health", "Phone": "3037622680", "Email": "englewoodrec.org", "Website": "https://pirateyouthsports.com" }, "geometry": { "type": "Point", "coordinates": [ -105.0014168, 39.64310209 ] } },
{ "type": "Feature", "properties": { "Global_Site_ID": 156317, "Activity_Category": "Sports & Fitness", "Site_Name": "Big Bear Ice Arena", "Address": "8580 E Lowry Blvd", "City": "Denver", "State": "CO", "Zip": 80230, "Latitude": 39.72120741, "Longitude": -104.8863141, "Site_IDs": "134416", "Org_IDs": "41812", "Organization": "Big Bear Ice Arena, LLC", "Location_Type": "Recreation Center", "DPS_School_Num": null, "Programs": "Adult Hockey Leagues; Adult Learn to Play Hockey; Learn to Skate; Open Stick and Puck; Public Skate", "Program_Count": 5, "Program_Description": "Big Bear Adult Learn to Play Hockey program is for those who have never played hockey before or for those who have very little experience.; Learn to Skate program at Big Bear Ice Arena designed for skaters of all ages and levels!; Open Stick & Puck sessions are available for individuals of all ages to practice skating passing shooting and puck handling.; Our league is built on the values of sportsmanship competition and fun.; Public Skate sessions on ice.", "Cost": "Free and fee-based programs available", "Scholarship_Available": false, "Open_Enrollment": true, "Registration_Process": "https://www.bigbearice.com/page/show/6082706-membership-information", "Registration_URL": null, "Food_Provided": "No", "Transport_Available": false, "Time_Availability": "After School; Before School; Holiday; School Day; Summer", "Focus_Areas": "Sports & Health", "Phone": "303-343-1111", "Email": "info@bigbearice.com", "Website": "https://www.bigbearice.com/" }, "geometry": { "type": "Point", "coordinates": [ -104.8863141, 39.72120741 ] } },
{ "type": "Feature", "properties": { "Global_Site_ID": 156432, "Activity_Category": "Sports & Fitness", "Site_Name": "Virginia Court Boys and Girls Club", "Address": "3600 S Ivanhoe St", "City": "Denver", "State": "CO", "Zip": 80237, "Latitude": 39.6499434, "Longitude": -104.9216036, "Site_IDs": "134444", "Org_IDs": "36952", "Organization": "HERO Kids Sports LLC", "Location_Type": "Community", "DPS_School_Num": null, "Programs": "HERO Fantastic 11 Sports; HERO Kids Sports", "Program_Count": 2, "Program_Description": "HERO KIDS SPORTS is an innovative non-competitive sports enrichment program for kids ages 2-12 years old teaching the fundamentals of sports and the values of teamwork in a fun and encouraging environment.", "Cost": "Free and fee-based programs available", "Scholarship_Available": true, "Open_Enrollment": true, "Registration_Process": "We utilize an easy registration website or partner with the school to manage registration.", "Registration_URL": null, "Food_Provided": "No", "Transport_Available": false, "Time_Availability": "After School", "Focus_Areas": "Sports & Health", "Phone": "857-400-8858", "Email": "coachmike@herokidsports.com", "Website": "https://www.HEROKidSports.com" }, "geometry": { "type": "Point", "coordinates": [ -104.9216036, 39.6499434 ] } },
{ "type": "Feature", "properties": { "Global_Site_ID": 156440, "Activity_Category": "Sports & Fitness", "Site_Name": "Colorado Dream Foundation", "Address": "1836 Grant St # 2", "City": "Denver", "State": "CO", "Zip": 80203, "Latitude": 39.74560072, "Longitude": -104.9833286, "Site_IDs": "134453", "Org_IDs": "36952", "Organization": "HERO Kids Sports LLC", "Location_Type": "Community", "DPS_School_Num": null, "Programs": "HERO Fantastic 11 Sports; HERO Kids Sports", "Program_Count": 2, "Program_Description": "HERO KIDS SPORTS is an innovative non-competitive sports enrichment program for kids ages 2-12 years old teaching the fundamentals of sports and the values of teamwork in a fun and encouraging environment.", "Cost": "Free and fee-based programs available", "Scholarship_Available": true, "Open_Enrollment": true, "Registration_Process": "We utilize an easy registration website or partner with the school to manage registration.", "Registration_URL": null, "Food_Provided": "No", "Transport_Available": false, "Time_Availability": "After School", "Focus_Areas": "Sports & Health", "Phone": "857-400-8858", "Email": "coachmike@herokidsports.com", "Website": "https://www.HEROKidSports.com" }, "geometry": { "type": "Point", "coordinates": [ -104.9833286, 39.74560072 ] } },
{ "type": "Feature", "properties": { "Global_Site_ID": 156530, "Activity_Category": "Sports & Fitness", "Site_Name": "RiNo Sports Arena", "Address": "3600 Wynkoop St", "City": "Denver", "State": "CO", "Zip": 80216, "Latitude": 39.77078055, "Longitude": -104.9760175, "Site_IDs": "134487", "Org_IDs": "40502", "Organization": "Volo Kids Foundation", "Location_Type": "Community", "DPS_School_Num": null, "Programs": "Saturday Basketball at RiNo Sports Arena with Volo Kids; Saturday Soccer at RiNo with Volo Kids; Saturday Volleyball at RiNo Sports Arena with Volo Kids; Tuesday Basketball at JCC with Volo Kids", "Program_Count": 4, "Program_Description": "In a Volo Kids program you can expect 6 weeks of skills and drills to improve your technique or try a new sport!; In a Volo Kids program you can expect 6 weeks of skills drills and games to improve your technique or try a new sport!", "Cost": "Free", "Scholarship_Available": false, "Open_Enrollment": true, "Registration_Process": "You will click on the link and it will take you to the registration page. It's free to make an account on Leagueapps", "Registration_URL": "http://volokidsden.leagueapps.com/leagues/soccer/4154128-2024-spring-saturday-basketball-at-rino-sports-arena", "Food_Provided": "Yes - Snacks", "Transport_Available": false, "Time_Availability": "After School; Holiday", "Focus_Areas": "Sports & Health", "Phone": "(919) 810-6659", "Email": "kenzie@volokids.org", "Website": "https://volokids.org" }, "geometry": { "type": "Point", "coordinates": [ -104.9760175, 39.77078055 ] } },
{ "type": "Feature", "properties": { "Global_Site_ID": 156535, "Activity_Category": "Sports & Fitness", "Site_Name": "Schafer Park", "Address": "3724 N Columbine St", "City": "Denver", "State": "CO", "Zip": 80205, "Latitude": 39.7687357, "Longitude": -104.9561218, "Site_IDs": "133974", "Org_IDs": "40502", "Organization": "Volo Kids Foundation", "Location_Type": "Community", "DPS_School_Num": null, "Programs": "Saturday Basketball at RiNo Sports Arena with Volo Kids; Saturday Soccer at RiNo with Volo Kids; Saturday Volleyball at RiNo Sports Arena with Volo Kids; Tuesday Basketball at JCC with Volo Kids", "Program_Count": 4, "Program_Description": "In a Volo Kids program you can expect 6 weeks of skills and drills to improve your technique or try a new sport!; In a Volo Kids program you can expect 6 weeks of skills drills and games to improve your technique or try a new sport!", "Cost": "Free", "Scholarship_Available": false, "Open_Enrollment": true, "Registration_Process": "Once you click on the link, you will create a family account for free on LeagueApps. Then you will be get signed up for that program and receive emails/texts from LeagueApps as the program goes on during the season", "Registration_URL": "https://volokidsden.leagueapps.com/leagues/soccer/3750885-2023-spring-wednesday-soccer-at-york-street-yards", "Food_Provided": "Yes - Snacks", "Transport_Available": false, "Time_Availability": "After School; Holiday", "Focus_Areas": "Sports & Health", "Phone": "(919) 810-6659", "Email": "kenzie@volokids.org", "Website": "https://volokids.org" }, "geometry": { "type": "Point", "coordinates": [ -104.9561218, 39.7687357 ] } },
{ "type": "Feature", "properties": { "Global_Site_ID": 156544, "Activity_Category": "Sports & Fitness", "Site_Name": "La Alma- Lincoln Park", "Address": "1265 Mariposa St", "City": "Denver", "State": "CO", "Zip": 80204, "Latitude": 39.73546033, "Longitude": -105.0039414, "Site_IDs": "134492", "Org_IDs": "40502", "Organization": "Volo Kids Foundation", "Location_Type": "Community", "DPS_School_Num": null, "Programs": "Saturday Basketball at RiNo Sports Arena with Volo Kids; Saturday Soccer at RiNo with Volo Kids; Saturday Volleyball at RiNo Sports Arena with Volo Kids; Tuesday Basketball at JCC with Volo Kids", "Program_Count": 4, "Program_Description": "In a Volo Kids program you can expect 6 weeks of skills and drills to improve your technique or try a new sport!; In a Volo Kids program you can expect 6 weeks of skills drills and games to improve your technique or try a new sport!", "Cost": "Free", "Scholarship_Available": false, "Open_Enrollment": true, "Registration_Process": "Once you click on the link, it will take you to the registration page. It is free to make an account on leagueapps.", "Registration_URL": "http://volokidsden.leagueapps.com/leagues/soccer/4154152-2024-spring-wednesday-soccer-at-la-alma---lincoln-park", "Food_Provided": "Yes - Snacks", "Transport_Available": false, "Time_Availability": "After School; Holiday", "Focus_Areas": "Sports & Health", "Phone": "(919) 810-6659", "Email": "kenzie@volokids.org", "Website": "https://volokids.org" }, "geometry": { "type": "Point", "coordinates": [ -105.0039414, 39.73546033 ] } },
{ "type": "Feature", "properties": { "Global_Site_ID": 156667, "Activity_Category": "Sports & Fitness", "Site_Name": "Evolve Martial Arts and Fitness", "Address": "4201 E Yale Ave Suite B-125", "City": "Denver", "State": "CO", "Zip": 80222, "Latitude": 39.66868445, "Longitude": -104.9388083, "Site_IDs": "134503", "Org_IDs": "41898", "Organization": "Evolve Martial Arts and Fitness", "Location_Type": "Community", "DPS_School_Num": null, "Programs": "Kids Classes; Teen Classes", "Program_Count": 2, "Program_Description": "Classes use the Martial Arts to teach Life Skills.  They will be taught Krav Maga (Self-Defense) and Muay Thai for their martial arts disciplines.", "Cost": "Free and fee-based programs available", "Scholarship_Available": true, "Open_Enrollment": true, "Registration_Process": null, "Registration_URL": null, "Food_Provided": "No", "Transport_Available": false, "Time_Availability": "After School; By Request; Holiday; School Day; Summer", "Focus_Areas": "College & Career; Family Support; Leadership; Service Learning; Sports & Health", "Phone": "7207408889", "Email": "evolvemartialartsdenver@gmail.com", "Website": "https://www.evolve-maf.com" }, "geometry": { "type": "Point", "coordinates": [ -104.9388083, 39.66868445 ] } },
{ "type": "Feature", "properties": { "Global_Site_ID": 157341, "Activity_Category": "Sports & Fitness", "Site_Name": "Master Yosvany Taekwondo Academy", "Address": "18601 Green Valley Ranch Blvd", "City": "Denver", "State": "CO", "Zip": 80249, "Latitude": 39.78513913, "Longitude": -104.7707763, "Site_IDs": "134501; 134519", "Org_IDs": "41919", "Organization": "Master Yosvany Taekwondo Academy", "Location_Type": "Other", "DPS_School_Num": null, "Programs": "Master Yosvany Taekwondo", "Program_Count": 1, "Program_Description": "MYT is an all year round Martial Arts school mainly focused on Taekwondo. Our goal here is to make sure our students are discipline have respect within each other and the community and self-defense.", "Cost": "Free and fee-based programs available", "Scholarship_Available": true, "Open_Enrollment": true, "Registration_Process": "We offer a 2-week trial for $49.99 with a free uniform included to all students from ages 6+, Your child comes 2 times a week and an optional class on Saturday. Another Program we offer is our Little Champions Program for ages 3-5, with a 1-week free trial. Where your child comes on Tuesdays and Thursdays at 3:45pm Sign up can be done by walk in, scheduled appointment, and/or online", "Registration_URL": "https://secureserver.jibasoft.com/registermember?programid=10423&membershipPackageId=10392", "Food_Provided": "No", "Transport_Available": false, "Time_Availability": "After School; Holiday; Summer", "Focus_Areas": "Family Support; Leadership; Sports & Health", "Phone": "13035521153", "Email": "mytkda1@gmail.com", "Website": "https://www.yosvanytkd.com/courses" }, "geometry": { "type": "Point", "coordinates": [ -104.7707763, 39.78513913 ] } },
{ "type": "Feature", "properties": { "Global_Site_ID": 157468, "Activity_Category": "Sports & Fitness", "Site_Name": "Berkeley Lake Park", "Address": "4601 W 46th Ave.", "City": "Denver", "State": "CO", "Zip": 80212, "Latitude": 39.78127404, "Longitude": -105.047833, "Site_IDs": "134655", "Org_IDs": "36952", "Organization": "HERO Kids Sports LLC", "Location_Type": "Other", "DPS_School_Num": null, "Programs": "HERO Fantastic 11 Sports; HERO Kids Sports", "Program_Count": 2, "Program_Description": "HERO KIDS SPORTS is an innovative non-competitive sports enrichment program for kids ages 2-12 years old teaching the fundamentals of sports and the values of teamwork in a fun and encouraging environment.", "Cost": "Free and fee-based programs available", "Scholarship_Available": true, "Open_Enrollment": true, "Registration_Process": "We utilize an easy registration website or partner with the school to manage registration.", "Registration_URL": "https://www.herokidsports.com/summer-camps", "Food_Provided": "No", "Transport_Available": false, "Time_Availability": "After School", "Focus_Areas": "Sports & Health", "Phone": "857-400-8858", "Email": "coachmike@herokidsports.com", "Website": "https://www.HEROKidSports.com" }, "geometry": { "type": "Point", "coordinates": [ -105.047833, 39.78127404 ] } },
{ "type": "Feature", "properties": { "Global_Site_ID": 157502, "Activity_Category": "Sports & Fitness", "Site_Name": "Riverside Church", "Address": "2401 Alcott St", "City": "Denver", "State": "CO", "Zip": 80211, "Latitude": 39.75204717, "Longitude": -105.0181963, "Site_IDs": "134656", "Org_IDs": "36952", "Organization": "HERO Kids Sports LLC", "Location_Type": "Faith-Based", "DPS_School_Num": null, "Programs": "HERO Fantastic 11 Sports; HERO Kids Sports", "Program_Count": 2, "Program_Description": "HERO KIDS SPORTS is an innovative non-competitive sports enrichment program for kids ages 2-12 years old teaching the fundamentals of sports and the values of teamwork in a fun and encouraging environment.", "Cost": "Free and fee-based programs available", "Scholarship_Available": true, "Open_Enrollment": true, "Registration_Process": "We utilize an easy registration website or partner with the school to manage registration.", "Registration_URL": "https://www.herokidsports.com/summer-camps", "Food_Provided": "No", "Transport_Available": false, "Time_Availability": "After School", "Focus_Areas": "Sports & Health", "Phone": "857-400-8858", "Email": "coachmike@herokidsports.com", "Website": "https://www.HEROKidSports.com" }, "geometry": { "type": "Point", "coordinates": [ -105.0181963, 39.75204717 ] } },
{ "type": "Feature", "properties": { "Global_Site_ID": 157510, "Activity_Category": "Sports & Fitness", "Site_Name": "Crestmoor Park", "Address": "99 S Monaco St Pkwy", "City": "Denver", "State": "CO", "Zip": 80224, "Latitude": 39.71536423, "Longitude": -104.9153505, "Site_IDs": "134658", "Org_IDs": "36952", "Organization": "HERO Kids Sports LLC", "Location_Type": "Other", "DPS_School_Num": null, "Programs": "HERO Fantastic 11 Sports; HERO Kids Sports", "Program_Count": 2, "Program_Description": "HERO KIDS SPORTS is an innovative non-competitive sports enrichment program for kids ages 2-12 years old teaching the fundamentals of sports and the values of teamwork in a fun and encouraging environment.", "Cost": "Free and fee-based programs available", "Scholarship_Available": true, "Open_Enrollment": true, "Registration_Process": "We utilize an easy registration website or partner with the school to manage registration.", "Registration_URL": "https://www.herokidsports.com/summer-camps", "Food_Provided": "No", "Transport_Available": false, "Time_Availability": "After School", "Focus_Areas": "Sports & Health", "Phone": "857-400-8858", "Email": "coachmike@herokidsports.com", "Website": "https://www.HEROKidSports.com" }, "geometry": { "type": "Point", "coordinates": [ -104.9153505, 39.71536423 ] } },
{ "type": "Feature", "properties": { "Global_Site_ID": 157511, "Activity_Category": "Sports & Fitness", "Site_Name": "Midtown Montessori Academy Berkeley Park", "Address": "4345 W. 46th Ave", "City": "Denver", "State": "CO", "Zip": 80211, "Latitude": 39.780418, "Longitude": -105.0435048, "Site_IDs": "134657", "Org_IDs": "36952", "Organization": "HERO Kids Sports LLC", "Location_Type": "School (Private or Non-DPS)", "DPS_School_Num": null, "Programs": "HERO Fantastic 11 Sports; HERO Kids Sports", "Program_Count": 2, "Program_Description": "HERO KIDS SPORTS is an innovative non-competitive sports enrichment program for kids ages 2-12 years old teaching the fundamentals of sports and the values of teamwork in a fun and encouraging environment.", "Cost": "Free and fee-based programs available", "Scholarship_Available": true, "Open_Enrollment": true, "Registration_Process": "We utilize an easy registration website or partner with the school to manage registration.", "Registration_URL": "https://www.herokidsports.com/summer-camps", "Food_Provided": "No", "Transport_Available": false, "Time_Availability": "After School", "Focus_Areas": "Sports & Health", "Phone": "857-400-8858", "Email": "coachmike@herokidsports.com", "Website": "https://www.HEROKidSports.com" }, "geometry": { "type": "Point", "coordinates": [ -105.0435048, 39.780418 ] } },
{ "type": "Feature", "properties": { "Global_Site_ID": 157514, "Activity_Category": "Sports & Fitness", "Site_Name": "Z-Ultimate Self Defense Studios Greenwood Village", "Address": "8006 E Arapahoe Rd Unit 10", "City": "Greenwood Village", "State": "CO", "Zip": 80112, "Latitude": 39.59504438, "Longitude": -104.8961288, "Site_IDs": "134643", "Org_IDs": "41994", "Organization": "Z-Ultimate Self Defense Studios", "Location_Type": "Other", "DPS_School_Num": null, "Programs": "Private and Group Lessons", "Program_Count": 1, "Program_Description": "We specialize in personalized lessons.  Our program consists of one private lesson each week and unlimited access to our group classes.", "Cost": "Free and fee-based programs available", "Scholarship_Available": true, "Open_Enrollment": true, "Registration_Process": "We offer a free test-drive to all new students to ensure our program is what they are looking for.  To schedule your first lesson, call the number provided or use the registration link (not all available times are listed on the registration page).  Click the link to get a text-able number if needed! Once scheduled, we will set you up on a free test-drive, explain our program in greater detail, get you a group class schedule, and give you all our prices.  Our normal rate is $225/month which includes a weekly private lesson with a flexible scheduling and unlimited access to all our group classes.  ", "Registration_URL": "https://api.leadconnectorhq.com/widget/booking/G92WUIcsKeY2BrjrANGu", "Food_Provided": "No", "Transport_Available": false, "Time_Availability": "After School; By Request; Holiday; Summer", "Focus_Areas": "Sports & Health", "Phone": "3033552258", "Email": "denversouth@zultimate.com", "Website": "https://zultimate.com/" }, "geometry": { "type": "Point", "coordinates": [ -104.8961288, 39.59504438 ] } },
{ "type": "Feature", "properties": { "Global_Site_ID": 157515, "Activity_Category": "Sports & Fitness", "Site_Name": "Z-Ultimate Self Defense Studios Aurora", "Address": "2255 S Peoria St, Aurora CO 80014", "City": "Aurora", "State": "CO", "Zip": 80014, "Latitude": 39.6761155, "Longitude": -104.8489512, "Site_IDs": "134644", "Org_IDs": "41994", "Organization": "Z-Ultimate Self Defense Studios", "Location_Type": "Other", "DPS_School_Num": null, "Programs": "Private and Group Lessons", "Program_Count": 1, "Program_Description": "We specialize in personalized lessons.  Our program consists of one private lesson each week and unlimited access to our group classes.", "Cost": "Free and fee-based programs available", "Scholarship_Available": true, "Open_Enrollment": true, "Registration_Process": "We offer a free test-drive to all new students to ensure our program is what they are looking for.  To schedule your first lesson, call the number provided or use the registration link (not all available times are listed on the registration page).  Click the link to get a text-able number if needed! Once scheduled, we will set you up on a free test-drive, explain our program in greater detail, get you a group class schedule, and give you all our prices.  Our normal rate is $225/month which includes a weekly private lesson with a flexible scheduling and unlimited access to all our group classes.  ", "Registration_URL": "https://api.leadconnectorhq.com/widget/booking/W79Dv9onQBHSJfpgq8li", "Food_Provided": "No", "Transport_Available": false, "Time_Availability": "After School; By Request; Holiday; Summer", "Focus_Areas": "Sports & Health", "Phone": "3033552258", "Email": "denversouth@zultimate.com", "Website": "https://zultimate.com/" }, "geometry": { "type": "Point", "coordinates": [ -104.8489512, 39.6761155 ] } },
{ "type": "Feature", "properties": { "Global_Site_ID": 157516, "Activity_Category": "Sports & Fitness", "Site_Name": "Z-Ultimate Self Defense Studios Denver", "Address": "608 S. Broadway", "City": "Denver", "State": "CO", "Zip": 80209, "Latitude": 39.70544585, "Longitude": -104.9873227, "Site_IDs": "134642", "Org_IDs": "41994", "Organization": "Z-Ultimate Self Defense Studios", "Location_Type": "Other", "DPS_School_Num": null, "Programs": "Private and Group Lessons", "Program_Count": 1, "Program_Description": "We specialize in personalized lessons.  Our program consists of one private lesson each week and unlimited access to our group classes.", "Cost": "Free and fee-based programs available", "Scholarship_Available": true, "Open_Enrollment": true, "Registration_Process": "We offer a free test-drive to all new students to ensure our program is what they are looking for.  To schedule your first lesson, call the number provided or use the registration link (not all available times are listed on the registration page).  Once in, we will set you up on a free test-drive, explain our program in greater detail, get you a group class schedule, and give you all our prices.  Our normal rate is $225/month which includes a weekly private lesson with a flexible schedule and unlimited access to all our group classes.  ", "Registration_URL": "https://api.leadconnectorhq.com/widget/booking/9hwbjOC4tbwb4z6rFyJD", "Food_Provided": "No", "Transport_Available": false, "Time_Availability": "After School; By Request; Holiday; Summer", "Focus_Areas": "Sports & Health", "Phone": "3033552258", "Email": "denversouth@zultimate.com", "Website": "https://zultimate.com/" }, "geometry": { "type": "Point", "coordinates": [ -104.9873227, 39.70544585 ] } },
{ "type": "Feature", "properties": { "Global_Site_ID": 157812, "Activity_Category": "Sports & Fitness", "Site_Name": "46th & Pecos Park", "Address": "4601 N Pecos St", "City": "Denver", "State": "CO", "Zip": 80211, "Latitude": 39.78033274, "Longitude": -105.0066016, "Site_IDs": "149875", "Org_IDs": "40502", "Organization": "Volo Kids Foundation", "Location_Type": "Community", "DPS_School_Num": null, "Programs": "Saturday Basketball at RiNo Sports Arena with Volo Kids; Saturday Soccer at RiNo with Volo Kids; Saturday Volleyball at RiNo Sports Arena with Volo Kids; Tuesday Basketball at JCC with Volo Kids", "Program_Count": 4, "Program_Description": "In a Volo Kids program you can expect 6 weeks of skills and drills to improve your technique or try a new sport!; In a Volo Kids program you can expect 6 weeks of skills drills and games to improve your technique or try a new sport!", "Cost": "Free", "Scholarship_Available": false, "Open_Enrollment": true, "Registration_Process": "Click the link to get registered. Registering for Volo Kids programs are completely free.", "Registration_URL": "https://volokids.org/city/denver/", "Food_Provided": "No", "Transport_Available": false, "Time_Availability": "After School; Holiday", "Focus_Areas": "Sports & Health", "Phone": "(919) 810-6659", "Email": "kenzie@volokids.org", "Website": "https://volokids.org" }, "geometry": { "type": "Point", "coordinates": [ -105.0066016, 39.78033274 ] } },
{ "type": "Feature", "properties": { "Global_Site_ID": 157899, "Activity_Category": "Sports & Fitness", "Site_Name": "SwimLabs Littleton", "Address": "8500 West Crestline Ave.", "City": "Littleton", "State": "CO", "Zip": 80123, "Latitude": 39.61757057, "Longitude": -105.0928743, "Site_IDs": "150065", "Org_IDs": "42394", "Organization": "SwimLabs Littleton", "Location_Type": "Other", "DPS_School_Num": null, "Programs": "New- Swim Lessons for Pre-K; Summer Camp; Swim Lessons; Swim Team", "Program_Count": 4, "Program_Description": "Group and private swim lessons for all ages and abilities from 6 months to adults.; Swim Team for Beginners; SwimLabs is offering a new program for our youngest swimmers.  Learn to swim during the day for Pre-K kids (age 6 months to 5 years). 50% off first month!; SwimLabs offers a variety of options for summer camp swim lessons at our facility and other local pools.", "Cost": "Free", "Scholarship_Available": true, "Open_Enrollment": true, "Registration_Process": "New swimmers can register by calling our facility to sign up at 720-699-0001.  You can also email us at littletoninfo@swimlabs.com to sign up.", "Registration_URL": "https://www.swimlabs.com/locations/littleton-co", "Food_Provided": "No", "Transport_Available": false, "Time_Availability": "After School; Before School; By Request; Holiday; School Day; Summer", "Focus_Areas": "Family Support; Sports & Health", "Phone": "3035942568", "Email": "hhaugen@swimlabs.com", "Website": "https://www.swimlabs.com/locations/littleton-co" }, "geometry": { "type": "Point", "coordinates": [ -105.0928743, 39.61757057 ] } },
{ "type": "Feature", "properties": { "Global_Site_ID": 157900, "Activity_Category": "Sports & Fitness", "Site_Name": "KOMPOUND Brazilian Jiu-Jitsu", "Address": "4450 Cherokee st.", "City": "Denver", "State": "CO", "Zip": 80216, "Latitude": 39.77743179, "Longitude": -104.9909286, "Site_IDs": "150063; 150064", "Org_IDs": "42393", "Organization": "Kompound Training Center", "Location_Type": "Other", "DPS_School_Num": null, "Programs": "KID'S BRAZILIAN JIU JITSU", "Program_Count": 1, "Program_Description": "THE MOST EFFECTIVE FORM OF SELF DEFENSE FOR KID'S.   GRAPPING ART WITH NO STRIKING. THE ORIGINAL BULLY PROOFING.", "Cost": "Free and fee-based programs available", "Scholarship_Available": true, "Open_Enrollment": true, "Registration_Process": "1.  Try ANY 1st kid's class FREE ( Monday through Thursday 430 till 530pm or Saturday 930 am till 1030 am).2. Present MYSPARK card (DPS) or debitcard 99 per month3.  Have a BLAST!!", "Registration_URL": null, "Food_Provided": "No", "Transport_Available": false, "Time_Availability": "After School", "Focus_Areas": "Sports & Health", "Phone": "7207884778", "Email": "mk.butler.obx@gmail.com", "Website": "https://www.kompoundtrainingcenter.com/denver-colorado-jiujitsu/" }, "geometry": { "type": "Point", "coordinates": [ -104.9909286, 39.77743179 ] } },
{ "type": "Feature", "properties": { "Global_Site_ID": 157907, "Activity_Category": "Sports & Fitness", "Site_Name": "Redline Athletics Denver East", "Address": "4444 Forest St.", "City": "Denver", "State": "CO", "Zip": 80216, "Latitude": 39.77805708, "Longitude": -104.9267967, "Site_IDs": "150071", "Org_IDs": "42386", "Organization": "Redline Athletics Denver East", "Location_Type": "Other", "DPS_School_Num": null, "Programs": "Sports Performance Training; Youth Basketball Skills", "Program_Count": 2, "Program_Description": "60 min basketball training session.  Focused on skills ball handling shot mechanics and form shooting.; 60 min speed agility and strength training in a small group session.", "Cost": "Free and fee-based programs available", "Scholarship_Available": false, "Open_Enrollment": true, "Registration_Process": "Participants can register for sessions using our Redline Athletics 2.0 App.  Dowload the App and book a session directly in the App.", "Registration_URL": "https://redlineathletics.com/denver-east/", "Food_Provided": "No", "Transport_Available": false, "Time_Availability": "After School; Holiday; Summer", "Focus_Areas": "Sports & Health", "Phone": "720-798-1266", "Email": "denvereast@redlineathletics.com", "Website": "https://redlineathletics.com/denver-east/" }, "geometry": { "type": "Point", "coordinates": [ -104.9267967, 39.77805708 ] } },
{ "type": "Feature", "properties": { "Global_Site_ID": 158191, "Activity_Category": "Sports & Fitness", "Site_Name": "Hudson Lake Park", "Address": "850 S Bryant St.", "City": "Denver", "State": "CO", "Zip": 80219, "Latitude": 39.70116323, "Longitude": -105.0190857, "Site_IDs": "150133", "Org_IDs": "40502", "Organization": "Volo Kids Foundation", "Location_Type": "Community", "DPS_School_Num": null, "Programs": "Saturday Basketball at RiNo Sports Arena with Volo Kids; Saturday Soccer at RiNo with Volo Kids; Saturday Volleyball at RiNo Sports Arena with Volo Kids; Tuesday Basketball at JCC with Volo Kids", "Program_Count": 4, "Program_Description": "In a Volo Kids program you can expect 6 weeks of skills and drills to improve your technique or try a new sport!; In a Volo Kids program you can expect 6 weeks of skills drills and games to improve your technique or try a new sport!", "Cost": "Free", "Scholarship_Available": false, "Open_Enrollment": true, "Registration_Process": "Register for one of our free 6 week sports programs today!", "Registration_URL": "https://volokids.org/city/denver/", "Food_Provided": "No", "Transport_Available": false, "Time_Availability": "After School; Holiday", "Focus_Areas": "Sports & Health", "Phone": "(919) 810-6659", "Email": "kenzie@volokids.org", "Website": "https://volokids.org" }, "geometry": { "type": "Point", "coordinates": [ -105.0190857, 39.70116323 ] } },
{ "type": "Feature", "properties": { "Global_Site_ID": 158192, "Activity_Category": "Sports & Fitness", "Site_Name": "M.L. Sandos Park", "Address": "3144 w 6th Ave", "City": "Denver", "State": "CO", "Zip": 80204, "Latitude": 39.72815181, "Longitude": -105.0267341, "Site_IDs": "150132", "Org_IDs": "40502", "Organization": "Volo Kids Foundation", "Location_Type": "Community", "DPS_School_Num": null, "Programs": "Saturday Basketball at RiNo Sports Arena with Volo Kids; Saturday Soccer at RiNo with Volo Kids; Saturday Volleyball at RiNo Sports Arena with Volo Kids; Tuesday Basketball at JCC with Volo Kids", "Program_Count": 4, "Program_Description": "In a Volo Kids program you can expect 6 weeks of skills and drills to improve your technique or try a new sport!; In a Volo Kids program you can expect 6 weeks of skills drills and games to improve your technique or try a new sport!", "Cost": "Free", "Scholarship_Available": false, "Open_Enrollment": true, "Registration_Process": "Register for one of our free youth sports programs with Volo Kids Denver.", "Registration_URL": "https://volokids.org/city/denver/", "Food_Provided": "Yes - Snacks", "Transport_Available": false, "Time_Availability": "After School; Holiday", "Focus_Areas": "Sports & Health", "Phone": "(919) 810-6659", "Email": "kenzie@volokids.org", "Website": "https://volokids.org" }, "geometry": { "type": "Point", "coordinates": [ -105.0267341, 39.72815181 ] } }
]
}
