{
"type": "FeatureCollection",
"name": "SUD_Facilities",
"crs": { "type": "name", "properties": { "name": "urn:ogc:def:crs:OGC:1.3:CRS84" } },
"features": [
{ "type": "Feature", "properties": { "ID": 202401809, "Year": 2024, "FacilityNa": "A and D Counseling LLC", "Address": "11275 East Mississippi Avenue, Aurora CO, 80011", "AddressID": 1787, "lat": 39.697193, "lng": -104.8570877, "GEOID": 8005, "STATEFP": 8, "CNTYNAME": "Arapahoe", "SA": 1, "DT": 0, "HH": 0, "SUMH": 0, "HI": 0, "OP": 1, "RES": 0, "HID": 0, "HIT": 0, "OD": 0, "ODT": 0, "OIT": 0, "OMB": 0, "ORT": 1, "RD": 0, "RL": 0, "RS": 0, "GH": 0, "PSYH": 0, "MU": 0, "BU": 0, "NU": 0, "INPE": 0, "RPE": 0, "PC": 0, "NAUT": 0, "NMAUT": 1, "ACMA": 0, "PMAT": 0, "AUINPE": 0, "AURPE": 0, "AUPC": 0, "DB": 0, "BUM": 0, "OTP": 0, "DM": 0, "MM": 0, "UB": 0, "UN": 0, "RPN": 0, "PAIN": 0, "MOA": 0, "NMOA": 0, "DLC": 0, "NOOP": 1, "MWS": 0, "ACM": 0, "DSF": 0, "METH": 0, "BSDM": 0, "BWN": 0, "BWON": 0, "BERI": 0, "NXN": 0, "VTRL": 0, "MHIV": 0, "MHCV": 0, "LFXD": 0, "CLND": 0, "MMD": 0, "MPEP": 0, "NRT": 0, "NSC": 0, "ANG": 1, "BIA": 1, "CBT": 1, "CMI": 1, "CRV": 1, "MOTI": 1, "MXM": 1, "RELP": 1, "SACA": 1, "TRC": 1, "TELE": 1, "TWFA": 0, "LCCG": 0, "DDF": 0, "IH": 0, "PVTP": 1, "PVTN": 0, "STG": 0, "TBG": 0, "FED": 0, "VAMC": 0, "STAG": 0, "STMH": 0, "STDH": 1, "CARF": 0, "COA": 0, "HFAP": 0, "HLA": 0, "JC": 0, "NCQA": 0, "FQHC": 0, "SOTP": 0, "DEA": 0, "FSA": 0, "ITU": 0, "MC": 0, "MD": 0, "MI": 0, "NP": 0, "PI": 0, "SF": 1, "SI": 0, "SAMF": 0, "PA": 0, "SS": 1, "AD": 1, "TAY": 1, "WN": 1, "PW": 0, "MN": 1, "SE": 1, "GL": 1, "VET": 1, "ADM": 1, "MF": 1, "CJ": 1, "CO": 1, "COPSU": 1, "HV": 0, "XA": 1, "DV": 1, "TRMA": 1, "CMHA": 1, "CSAA": 0, "ISC": 0, "OPC": 0, "MHPA": 0, "STU": 0, "SSA": 1, "SMHD": 1, "PIEC": 0, "BABA": 0, "DAOF": 0, "DAUT": 0, "HIVT": 0, "STDT": 0, "TBS": 0, "MST": 0, "HBT": 0, "HCT": 0, "ACC": 1, "DP": 1, "NOE": 0, "OFD": 0, "SHG": 0, "HS": 0, "AOSS": 0, "RC": 0, "PEER": 0, "EMP": 0, "TGD": 0, "TOD": 1, "ADTX": 0, "BDTX": 0, "CDTX": 0, "MDTX": 0, "ODTX": 0, "MDET": 0, "HAEC": 0, "TAEC": 0, "HEOH": 1, "SAE": 1, "TCC": 0, "ICO": 1, "GCO": 1, "FCO": 0, "MCO": 0, "VOC": 0, "HAV": 0, "HBV": 0, "SMON": 1, "SMOP": 0, "SMPD": 0, "CHLD": 1, "YAD": 0, "ADLT": 1, "SNR": 0, "FEM": 1, "MALE": 1, "DU": 1, "DUO": 0, "AUDO": 0, "OUDO": 0, "AH": 0, "SP": 1, "NX": 0, "FX": 0, "F4": 0, "F17": 0, "F19": 0, "F25": 0, "F28": 0, "F30": 0, "F31": 0, "F35": 0, "F36": 0, "F37": 0, "F42": 0, "F43": 0, "F47": 0, "F66": 0, "F67": 0, "F70": 0, "F81": 0, "F92": 0, "N24": 0, "N40": 0, "VAPN": 1, "VAPP": 0, "VPPD": 0, "ACU": 0, "BC": 0, "CM": 1, "CCC": 0, "DVFP": 1, "EIH": 0, "MHS": 0, "SSD": 1, "TA": 0, "IPC": 0, "SPS": 0 }, "geometry": { "type": "Point", "coordinates": [ -104.857087699999965, 39.697193 ] } },
{ "type": "Feature", "properties": { "ID": 202401814, "Year": 2024, "FacilityNa": "Diversity Counseling and Education Ctr", "Address": "11111 East Mississippi Avenue, Aurora CO, 80012", "AddressID": 1791, "lat": 39.6970658, "lng": -104.8584877, "GEOID": 8005, "STATEFP": 8, "CNTYNAME": "Arapahoe", "SA": 1, "DT": 0, "HH": 0, "SUMH": 0, "HI": 0, "OP": 1, "RES": 0, "HID": 0, "HIT": 0, "OD": 0, "ODT": 0, "OIT": 0, "OMB": 0, "ORT": 1, "RD": 0, "RL": 0, "RS": 0, "GH": 0, "PSYH": 0, "MU": 0, "BU": 0, "NU": 0, "INPE": 0, "RPE": 0, "PC": 0, "NAUT": 0, "NMAUT": 1, "ACMA": 0, "PMAT": 0, "AUINPE": 0, "AURPE": 0, "AUPC": 0, "DB": 0, "BUM": 0, "OTP": 0, "DM": 0, "MM": 0, "UB": 0, "UN": 0, "RPN": 0, "PAIN": 0, "MOA": 0, "NMOA": 0, "DLC": 0, "NOOP": 1, "MWS": 0, "ACM": 0, "DSF": 0, "METH": 0, "BSDM": 0, "BWN": 0, "BWON": 0, "BERI": 0, "NXN": 0, "VTRL": 0, "MHIV": 0, "MHCV": 0, "LFXD": 0, "CLND": 0, "MMD": 0, "MPEP": 0, "NRT": 0, "NSC": 0, "ANG": 1, "BIA": 1, "CBT": 1, "CMI": 1, "CRV": 0, "MOTI": 1, "MXM": 0, "RELP": 1, "SACA": 1, "TRC": 1, "TELE": 1, "TWFA": 1, "LCCG": 0, "DDF": 0, "IH": 0, "PVTP": 1, "PVTN": 0, "STG": 0, "TBG": 0, "FED": 0, "VAMC": 0, "STAG": 1, "STMH": 0, "STDH": 0, "CARF": 0, "COA": 0, "HFAP": 0, "HLA": 0, "JC": 0, "NCQA": 0, "FQHC": 0, "SOTP": 0, "DEA": 0, "FSA": 0, "ITU": 0, "MC": 0, "MD": 1, "MI": 0, "NP": 0, "PI": 0, "SF": 1, "SI": 0, "SAMF": 0, "PA": 0, "SS": 1, "AD": 0, "TAY": 1, "WN": 1, "PW": 0, "MN": 1, "SE": 1, "GL": 1, "VET": 1, "ADM": 1, "MF": 1, "CJ": 1, "CO": 0, "COPSU": 0, "HV": 0, "XA": 0, "DV": 1, "TRMA": 1, "CMHA": 0, "CSAA": 1, "ISC": 1, "OPC": 1, "MHPA": 0, "STU": 1, "SSA": 1, "SMHD": 1, "PIEC": 1, "BABA": 0, "DAOF": 0, "DAUT": 0, "HIVT": 0, "STDT": 0, "TBS": 0, "MST": 0, "HBT": 0, "HCT": 0, "ACC": 1, "DP": 1, "NOE": 0, "OFD": 1, "SHG": 0, "HS": 0, "AOSS": 0, "RC": 0, "PEER": 0, "EMP": 0, "TGD": 0, "TOD": 1, "ADTX": 0, "BDTX": 0, "CDTX": 0, "MDTX": 0, "ODTX": 0, "MDET": 0, "HAEC": 0, "TAEC": 0, "HEOH": 0, "SAE": 1, "TCC": 1, "ICO": 1, "GCO": 1, "FCO": 0, "MCO": 0, "VOC": 0, "HAV": 0, "HBV": 0, "SMON": 1, "SMOP": 0, "SMPD": 0, "CHLD": 0, "YAD": 1, "ADLT": 1, "SNR": 0, "FEM": 1, "MALE": 1, "DU": 0, "DUO": 0, "AUDO": 0, "OUDO": 0, "AH": 0, "SP": 0, "NX": 0, "FX": 1, "F4": 1, "F17": 0, "F19": 0, "F25": 0, "F28": 0, "F30": 0, "F31": 0, "F35": 0, "F36": 0, "F37": 0, "F42": 0, "F43": 0, "F47": 0, "F66": 0, "F67": 0, "F70": 0, "F81": 0, "F92": 0, "N24": 0, "N40": 0, "VAPN": 1, "VAPP": 0, "VPPD": 0, "ACU": 0, "BC": 0, "CM": 1, "CCC": 0, "DVFP": 0, "EIH": 0, "MHS": 0, "SSD": 1, "TA": 0, "IPC": 0, "SPS": 0 }, "geometry": { "type": "Point", "coordinates": [ -104.858487699999955, 39.697065800000075 ] } },
{ "type": "Feature", "properties": { "ID": 202401821, "Year": 2024, "FacilityNa": "Spanish Clinic LLC", "Address": "1400 North Dayton Street, Aurora CO, 80010", "AddressID": 1798, "lat": 39.7384235, "lng": -104.8750613, "GEOID": 8005, "STATEFP": 8, "CNTYNAME": "Arapahoe", "SA": 1, "DT": 0, "HH": 0, "SUMH": 1, "HI": 0, "OP": 1, "RES": 0, "HID": 0, "HIT": 0, "OD": 0, "ODT": 0, "OIT": 1, "OMB": 0, "ORT": 1, "RD": 0, "RL": 0, "RS": 0, "GH": 0, "PSYH": 0, "MU": 0, "BU": 0, "NU": 0, "INPE": 1, "RPE": 0, "PC": 1, "NAUT": 0, "NMAUT": 0, "ACMA": 1, "PMAT": 0, "AUINPE": 1, "AURPE": 0, "AUPC": 1, "DB": 0, "BUM": 0, "OTP": 0, "DM": 0, "MM": 0, "UB": 0, "UN": 0, "RPN": 0, "PAIN": 0, "MOA": 1, "NMOA": 0, "DLC": 0, "NOOP": 0, "MWS": 0, "ACM": 0, "DSF": 0, "METH": 0, "BSDM": 0, "BWN": 0, "BWON": 0, "BERI": 0, "NXN": 0, "VTRL": 0, "MHIV": 0, "MHCV": 0, "LFXD": 0, "CLND": 0, "MMD": 0, "MPEP": 0, "NRT": 0, "NSC": 0, "ANG": 1, "BIA": 1, "CBT": 1, "CMI": 1, "CRV": 0, "MOTI": 1, "MXM": 1, "RELP": 1, "SACA": 1, "TRC": 1, "TELE": 1, "TWFA": 1, "LCCG": 0, "DDF": 0, "IH": 0, "PVTP": 1, "PVTN": 0, "STG": 0, "TBG": 0, "FED": 0, "VAMC": 0, "STAG": 1, "STMH": 1, "STDH": 1, "CARF": 0, "COA": 0, "HFAP": 0, "HLA": 0, "JC": 0, "NCQA": 0, "FQHC": 0, "SOTP": 0, "DEA": 0, "FSA": 0, "ITU": 0, "MC": 0, "MD": 1, "MI": 0, "NP": 0, "PI": 1, "SF": 1, "SI": 1, "SAMF": 0, "PA": 0, "SS": 1, "AD": 1, "TAY": 1, "WN": 1, "PW": 1, "MN": 1, "SE": 1, "GL": 0, "VET": 0, "ADM": 0, "MF": 0, "CJ": 1, "CO": 1, "COPSU": 1, "HV": 0, "XA": 1, "DV": 1, "TRMA": 1, "CMHA": 1, "CSAA": 1, "ISC": 1, "OPC": 1, "MHPA": 0, "STU": 1, "SSA": 1, "SMHD": 1, "PIEC": 0, "BABA": 0, "DAOF": 0, "DAUT": 1, "HIVT": 0, "STDT": 0, "TBS": 0, "MST": 0, "HBT": 0, "HCT": 0, "ACC": 1, "DP": 1, "NOE": 0, "OFD": 1, "SHG": 0, "HS": 0, "AOSS": 1, "RC": 0, "PEER": 1, "EMP": 0, "TGD": 0, "TOD": 1, "ADTX": 0, "BDTX": 0, "CDTX": 0, "MDTX": 0, "ODTX": 0, "MDET": 0, "HAEC": 0, "TAEC": 0, "HEOH": 0, "SAE": 1, "TCC": 1, "ICO": 1, "GCO": 1, "FCO": 1, "MCO": 1, "VOC": 0, "HAV": 0, "HBV": 0, "SMON": 1, "SMOP": 0, "SMPD": 0, "CHLD": 0, "YAD": 0, "ADLT": 1, "SNR": 1, "FEM": 1, "MALE": 1, "DU": 1, "DUO": 0, "AUDO": 0, "OUDO": 0, "AH": 0, "SP": 1, "NX": 0, "FX": 0, "F4": 0, "F17": 0, "F19": 0, "F25": 0, "F28": 0, "F30": 0, "F31": 0, "F35": 0, "F36": 0, "F37": 0, "F42": 0, "F43": 0, "F47": 0, "F66": 0, "F67": 0, "F70": 0, "F81": 0, "F92": 0, "N24": 0, "N40": 0, "VAPN": 1, "VAPP": 0, "VPPD": 0, "ACU": 0, "BC": 0, "CM": 1, "CCC": 0, "DVFP": 1, "EIH": 0, "MHS": 1, "SSD": 1, "TA": 0, "IPC": 0, "SPS": 0 }, "geometry": { "type": "Point", "coordinates": [ -104.87506129999997, 39.738423500000067 ] } },
{ "type": "Feature", "properties": { "ID": 202401870, "Year": 2024, "FacilityNa": "Serenity at Stout Street Foundation Substance Abuse Treatment", "Address": "7201 East 49th Avenue, Commerce City CO, 80022", "AddressID": 1853, "lat": 39.7853788, "lng": -104.9046607, "GEOID": 8001, "STATEFP": 8, "CNTYNAME": "Adams", "SA": 1, "DT": 0, "HH": 0, "SUMH": 1, "HI": 0, "OP": 0, "RES": 1, "HID": 0, "HIT": 0, "OD": 0, "ODT": 0, "OIT": 0, "OMB": 0, "ORT": 0, "RD": 0, "RL": 0, "RS": 1, "GH": 0, "PSYH": 0, "MU": 0, "BU": 1, "NU": 1, "INPE": 0, "RPE": 1, "PC": 0, "NAUT": 0, "NMAUT": 0, "ACMA": 0, "PMAT": 1, "AUINPE": 0, "AURPE": 1, "AUPC": 0, "DB": 0, "BUM": 1, "OTP": 0, "DM": 0, "MM": 0, "UB": 1, "UN": 1, "RPN": 1, "PAIN": 0, "MOA": 1, "NMOA": 0, "DLC": 0, "NOOP": 0, "MWS": 1, "ACM": 1, "DSF": 1, "METH": 0, "BSDM": 0, "BWN": 1, "BWON": 1, "BERI": 0, "NXN": 1, "VTRL": 1, "MHIV": 1, "MHCV": 0, "LFXD": 0, "CLND": 1, "MMD": 1, "MPEP": 0, "NRT": 1, "NSC": 1, "ANG": 1, "BIA": 0, "CBT": 1, "CMI": 1, "CRV": 0, "MOTI": 1, "MXM": 1, "RELP": 1, "SACA": 1, "TRC": 1, "TELE": 1, "TWFA": 1, "LCCG": 0, "DDF": 0, "IH": 0, "PVTP": 0, "PVTN": 1, "STG": 0, "TBG": 0, "FED": 0, "VAMC": 0, "STAG": 1, "STMH": 1, "STDH": 0, "CARF": 1, "COA": 0, "HFAP": 0, "HLA": 0, "JC": 0, "NCQA": 0, "FQHC": 0, "SOTP": 0, "DEA": 0, "FSA": 0, "ITU": 1, "MC": 0, "MD": 1, "MI": 1, "NP": 0, "PI": 1, "SF": 1, "SI": 1, "SAMF": 0, "PA": 0, "SS": 0, "AD": 0, "TAY": 0, "WN": 1, "PW": 1, "MN": 1, "SE": 1, "GL": 1, "VET": 1, "ADM": 1, "MF": 1, "CJ": 1, "CO": 1, "COPSU": 1, "HV": 1, "XA": 1, "DV": 1, "TRMA": 1, "CMHA": 1, "CSAA": 1, "ISC": 1, "OPC": 1, "MHPA": 1, "STU": 1, "SSA": 1, "SMHD": 1, "PIEC": 0, "BABA": 1, "DAOF": 0, "DAUT": 1, "HIVT": 1, "STDT": 1, "TBS": 1, "MST": 0, "HBT": 1, "HCT": 1, "ACC": 1, "DP": 1, "NOE": 1, "OFD": 1, "SHG": 1, "HS": 1, "AOSS": 1, "RC": 1, "PEER": 1, "EMP": 1, "TGD": 0, "TOD": 0, "ADTX": 0, "BDTX": 0, "CDTX": 0, "MDTX": 0, "ODTX": 0, "MDET": 0, "HAEC": 1, "TAEC": 1, "HEOH": 1, "SAE": 1, "TCC": 1, "ICO": 1, "GCO": 1, "FCO": 1, "MCO": 1, "VOC": 0, "HAV": 0, "HBV": 0, "SMON": 1, "SMOP": 0, "SMPD": 0, "CHLD": 0, "YAD": 1, "ADLT": 1, "SNR": 0, "FEM": 1, "MALE": 1, "DU": 0, "DUO": 0, "AUDO": 0, "OUDO": 0, "AH": 0, "SP": 0, "NX": 0, "FX": 0, "F4": 0, "F17": 0, "F19": 0, "F25": 0, "F28": 0, "F30": 0, "F31": 0, "F35": 0, "F36": 0, "F37": 0, "F42": 0, "F43": 0, "F47": 0, "F66": 0, "F67": 0, "F70": 0, "F81": 0, "F92": 0, "N24": 0, "N40": 0, "VAPN": 1, "VAPP": 0, "VPPD": 0, "ACU": 1, "BC": 0, "CM": 1, "CCC": 0, "DVFP": 1, "EIH": 0, "MHS": 1, "SSD": 1, "TA": 1, "IPC": 1, "SPS": 0 }, "geometry": { "type": "Point", "coordinates": [ -104.904660699999965, 39.785378800000046 ] } },
{ "type": "Feature", "properties": { "ID": 202401871, "Year": 2024, "FacilityNa": "Stout Street Foundation Substance Abuse Treatment", "Address": "7251 East 49th Avenue, Commerce City CO, 80022", "AddressID": 1854, "lat": 39.7862398, "lng": -104.9050769, "GEOID": 8001, "STATEFP": 8, "CNTYNAME": "Adams", "SA": 1, "DT": 0, "HH": 1, "SUMH": 0, "HI": 0, "OP": 0, "RES": 1, "HID": 0, "HIT": 0, "OD": 0, "ODT": 0, "OIT": 0, "OMB": 0, "ORT": 0, "RD": 0, "RL": 1, "RS": 0, "GH": 0, "PSYH": 0, "MU": 0, "BU": 0, "NU": 1, "INPE": 0, "RPE": 0, "PC": 0, "NAUT": 0, "NMAUT": 0, "ACMA": 0, "PMAT": 1, "AUINPE": 0, "AURPE": 1, "AUPC": 0, "DB": 0, "BUM": 0, "OTP": 0, "DM": 0, "MM": 0, "UB": 0, "UN": 1, "RPN": 1, "PAIN": 0, "MOA": 0, "NMOA": 0, "DLC": 0, "NOOP": 0, "MWS": 0, "ACM": 0, "DSF": 0, "METH": 0, "BSDM": 0, "BWN": 0, "BWON": 0, "BERI": 0, "NXN": 1, "VTRL": 1, "MHIV": 1, "MHCV": 1, "LFXD": 0, "CLND": 0, "MMD": 0, "MPEP": 0, "NRT": 1, "NSC": 0, "ANG": 1, "BIA": 0, "CBT": 1, "CMI": 1, "CRV": 0, "MOTI": 1, "MXM": 1, "RELP": 1, "SACA": 1, "TRC": 1, "TELE": 0, "TWFA": 1, "LCCG": 0, "DDF": 0, "IH": 0, "PVTP": 0, "PVTN": 1, "STG": 0, "TBG": 0, "FED": 0, "VAMC": 0, "STAG": 1, "STMH": 1, "STDH": 0, "CARF": 0, "COA": 0, "HFAP": 0, "HLA": 0, "JC": 0, "NCQA": 0, "FQHC": 0, "SOTP": 0, "DEA": 0, "FSA": 1, "ITU": 0, "MC": 0, "MD": 0, "MI": 0, "NP": 1, "PI": 0, "SF": 0, "SI": 0, "SAMF": 0, "PA": 1, "SS": 0, "AD": 0, "TAY": 0, "WN": 1, "PW": 0, "MN": 1, "SE": 1, "GL": 1, "VET": 1, "ADM": 1, "MF": 1, "CJ": 1, "CO": 0, "COPSU": 0, "HV": 1, "XA": 1, "DV": 1, "TRMA": 1, "CMHA": 0, "CSAA": 1, "ISC": 1, "OPC": 1, "MHPA": 0, "STU": 1, "SSA": 1, "SMHD": 0, "PIEC": 0, "BABA": 1, "DAOF": 0, "DAUT": 1, "HIVT": 1, "STDT": 1, "TBS": 1, "MST": 0, "HBT": 1, "HCT": 1, "ACC": 1, "DP": 1, "NOE": 1, "OFD": 1, "SHG": 1, "HS": 1, "AOSS": 1, "RC": 1, "PEER": 1, "EMP": 1, "TGD": 0, "TOD": 0, "ADTX": 0, "BDTX": 0, "CDTX": 0, "MDTX": 0, "ODTX": 0, "MDET": 0, "HAEC": 1, "TAEC": 1, "HEOH": 0, "SAE": 1, "TCC": 1, "ICO": 1, "GCO": 1, "FCO": 0, "MCO": 0, "VOC": 1, "HAV": 0, "HBV": 0, "SMON": 1, "SMOP": 0, "SMPD": 0, "CHLD": 0, "YAD": 1, "ADLT": 1, "SNR": 0, "FEM": 1, "MALE": 1, "DU": 1, "DUO": 0, "AUDO": 0, "OUDO": 0, "AH": 0, "SP": 0, "NX": 0, "FX": 0, "F4": 0, "F17": 0, "F19": 0, "F25": 0, "F28": 0, "F30": 0, "F31": 0, "F35": 0, "F36": 0, "F37": 0, "F42": 0, "F43": 0, "F47": 0, "F66": 0, "F67": 0, "F70": 0, "F81": 0, "F92": 0, "N24": 0, "N40": 0, "VAPN": 1, "VAPP": 0, "VPPD": 0, "ACU": 0, "BC": 0, "CM": 1, "CCC": 0, "DVFP": 1, "EIH": 0, "MHS": 0, "SSD": 1, "TA": 1, "IPC": 0, "SPS": 0 }, "geometry": { "type": "Point", "coordinates": [ -104.905076899999983, 39.786239800000033 ] } },
{ "type": "Feature", "properties": { "ID": 202401880, "Year": 2024, "FacilityNa": "All Seasons Counseling LLC", "Address": "363 South Harlan Street, Denver CO, 80226", "AddressID": 12269, "lat": 39.7098297, "lng": -105.0631413, "GEOID": 8059, "STATEFP": 8, "CNTYNAME": "Jefferson", "SA": 1, "DT": 0, "HH": 0, "SUMH": 1, "HI": 0, "OP": 1, "RES": 0, "HID": 0, "HIT": 0, "OD": 0, "ODT": 0, "OIT": 1, "OMB": 0, "ORT": 1, "RD": 0, "RL": 0, "RS": 0, "GH": 0, "PSYH": 0, "MU": 0, "BU": 0, "NU": 0, "INPE": 0, "RPE": 0, "PC": 0, "NAUT": 0, "NMAUT": 0, "ACMA": 1, "PMAT": 0, "AUINPE": 0, "AURPE": 0, "AUPC": 1, "DB": 0, "BUM": 0, "OTP": 0, "DM": 0, "MM": 0, "UB": 0, "UN": 0, "RPN": 0, "PAIN": 0, "MOA": 0, "NMOA": 0, "DLC": 0, "NOOP": 1, "MWS": 0, "ACM": 0, "DSF": 0, "METH": 0, "BSDM": 0, "BWN": 0, "BWON": 0, "BERI": 0, "NXN": 0, "VTRL": 0, "MHIV": 0, "MHCV": 0, "LFXD": 0, "CLND": 0, "MMD": 0, "MPEP": 0, "NRT": 0, "NSC": 0, "ANG": 1, "BIA": 1, "CBT": 1, "CMI": 0, "CRV": 0, "MOTI": 1, "MXM": 0, "RELP": 1, "SACA": 1, "TRC": 1, "TELE": 1, "TWFA": 1, "LCCG": 0, "DDF": 0, "IH": 0, "PVTP": 1, "PVTN": 0, "STG": 0, "TBG": 0, "FED": 0, "VAMC": 0, "STAG": 1, "STMH": 0, "STDH": 0, "CARF": 0, "COA": 0, "HFAP": 0, "HLA": 0, "JC": 0, "NCQA": 0, "FQHC": 0, "SOTP": 0, "DEA": 0, "FSA": 0, "ITU": 0, "MC": 0, "MD": 0, "MI": 0, "NP": 0, "PI": 0, "SF": 1, "SI": 0, "SAMF": 0, "PA": 0, "SS": 0, "AD": 0, "TAY": 1, "WN": 1, "PW": 0, "MN": 1, "SE": 1, "GL": 0, "VET": 1, "ADM": 1, "MF": 1, "CJ": 1, "CO": 1, "COPSU": 0, "HV": 0, "XA": 1, "DV": 1, "TRMA": 1, "CMHA": 1, "CSAA": 1, "ISC": 1, "OPC": 0, "MHPA": 0, "STU": 1, "SSA": 1, "SMHD": 1, "PIEC": 1, "BABA": 0, "DAOF": 0, "DAUT": 0, "HIVT": 0, "STDT": 0, "TBS": 0, "MST": 0, "HBT": 0, "HCT": 0, "ACC": 1, "DP": 1, "NOE": 0, "OFD": 1, "SHG": 0, "HS": 0, "AOSS": 0, "RC": 0, "PEER": 0, "EMP": 0, "TGD": 1, "TOD": 1, "ADTX": 0, "BDTX": 0, "CDTX": 0, "MDTX": 0, "ODTX": 0, "MDET": 0, "HAEC": 0, "TAEC": 0, "HEOH": 0, "SAE": 1, "TCC": 1, "ICO": 1, "GCO": 1, "FCO": 1, "MCO": 1, "VOC": 0, "HAV": 0, "HBV": 0, "SMON": 0, "SMOP": 0, "SMPD": 1, "CHLD": 0, "YAD": 0, "ADLT": 1, "SNR": 1, "FEM": 1, "MALE": 1, "DU": 1, "DUO": 0, "AUDO": 0, "OUDO": 0, "AH": 0, "SP": 0, "NX": 0, "FX": 0, "F4": 0, "F17": 0, "F19": 0, "F25": 0, "F28": 0, "F30": 0, "F31": 0, "F35": 0, "F36": 0, "F37": 0, "F42": 0, "F43": 0, "F47": 0, "F66": 0, "F67": 0, "F70": 0, "F81": 0, "F92": 0, "N24": 0, "N40": 0, "VAPN": 0, "VAPP": 0, "VPPD": 1, "ACU": 0, "BC": 0, "CM": 1, "CCC": 0, "DVFP": 0, "EIH": 0, "MHS": 1, "SSD": 1, "TA": 0, "IPC": 0, "SPS": 0 }, "geometry": { "type": "Point", "coordinates": [ -105.063141299999984, 39.709829700000057 ] } },
{ "type": "Feature", "properties": { "ID": 202401882, "Year": 2024, "FacilityNa": "BHG Denver Treatment Center VCPHCS XII LLC", "Address": "5250 Leetsdale Drive, Denver CO, 80204", "AddressID": 15075, "lat": 39.7077615, "lng": -104.9267139, "GEOID": 8031, "STATEFP": 8, "CNTYNAME": "Denver", "SA": 1, "DT": 0, "HH": 0, "SUMH": 0, "HI": 0, "OP": 1, "RES": 0, "HID": 0, "HIT": 0, "OD": 0, "ODT": 0, "OIT": 1, "OMB": 1, "ORT": 1, "RD": 0, "RL": 0, "RS": 0, "GH": 0, "PSYH": 0, "MU": 1, "BU": 1, "NU": 0, "INPE": 0, "RPE": 0, "PC": 0, "NAUT": 1, "NMAUT": 0, "ACMA": 0, "PMAT": 0, "AUINPE": 0, "AURPE": 0, "AUPC": 0, "DB": 0, "BUM": 1, "OTP": 1, "DM": 0, "MM": 1, "UB": 1, "UN": 0, "RPN": 0, "PAIN": 0, "MOA": 0, "NMOA": 0, "DLC": 0, "NOOP": 0, "MWS": 1, "ACM": 0, "DSF": 0, "METH": 1, "BSDM": 0, "BWN": 1, "BWON": 1, "BERI": 0, "NXN": 0, "VTRL": 0, "MHIV": 0, "MHCV": 0, "LFXD": 0, "CLND": 0, "MMD": 0, "MPEP": 0, "NRT": 0, "NSC": 0, "ANG": 0, "BIA": 1, "CBT": 1, "CMI": 0, "CRV": 1, "MOTI": 1, "MXM": 0, "RELP": 1, "SACA": 1, "TRC": 1, "TELE": 1, "TWFA": 0, "LCCG": 0, "DDF": 0, "IH": 0, "PVTP": 1, "PVTN": 0, "STG": 0, "TBG": 0, "FED": 0, "VAMC": 0, "STAG": 1, "STMH": 1, "STDH": 1, "CARF": 0, "COA": 0, "HFAP": 0, "HLA": 0, "JC": 1, "NCQA": 0, "FQHC": 0, "SOTP": 1, "DEA": 1, "FSA": 1, "ITU": 0, "MC": 1, "MD": 1, "MI": 0, "NP": 0, "PI": 1, "SF": 1, "SI": 1, "SAMF": 0, "PA": 0, "SS": 0, "AD": 0, "TAY": 0, "WN": 1, "PW": 0, "MN": 1, "SE": 0, "GL": 0, "VET": 0, "ADM": 0, "MF": 0, "CJ": 0, "CO": 0, "COPSU": 0, "HV": 0, "XA": 0, "DV": 0, "TRMA": 1, "CMHA": 0, "CSAA": 1, "ISC": 1, "OPC": 1, "MHPA": 1, "STU": 1, "SSA": 1, "SMHD": 1, "PIEC": 1, "BABA": 1, "DAOF": 1, "DAUT": 1, "HIVT": 1, "STDT": 0, "TBS": 1, "MST": 0, "HBT": 1, "HCT": 1, "ACC": 1, "DP": 1, "NOE": 1, "OFD": 1, "SHG": 1, "HS": 1, "AOSS": 1, "RC": 0, "PEER": 1, "EMP": 0, "TGD": 0, "TOD": 0, "ADTX": 0, "BDTX": 0, "CDTX": 0, "MDTX": 0, "ODTX": 0, "MDET": 0, "HAEC": 1, "TAEC": 1, "HEOH": 0, "SAE": 1, "TCC": 0, "ICO": 1, "GCO": 1, "FCO": 1, "MCO": 0, "VOC": 0, "HAV": 0, "HBV": 0, "SMON": 0, "SMOP": 0, "SMPD": 1, "CHLD": 0, "YAD": 1, "ADLT": 1, "SNR": 0, "FEM": 1, "MALE": 1, "DU": 0, "DUO": 0, "AUDO": 0, "OUDO": 0, "AH": 0, "SP": 1, "NX": 0, "FX": 0, "F4": 0, "F17": 0, "F19": 0, "F25": 0, "F28": 0, "F30": 0, "F31": 0, "F35": 0, "F36": 0, "F37": 0, "F42": 0, "F43": 0, "F47": 0, "F66": 0, "F67": 0, "F70": 0, "F81": 0, "F92": 0, "N24": 0, "N40": 0, "VAPN": 0, "VAPP": 0, "VPPD": 1, "ACU": 0, "BC": 0, "CM": 1, "CCC": 0, "DVFP": 1, "EIH": 1, "MHS": 1, "SSD": 1, "TA": 1, "IPC": 1, "SPS": 1 }, "geometry": { "type": "Point", "coordinates": [ -104.926713899999982, 39.707761500000061 ] } },
{ "type": "Feature", "properties": { "ID": 202401885, "Year": 2024, "FacilityNa": "Colorado Coalition for the Homeless", "Address": "2130 Stout Street, Denver CO, 80205", "AddressID": 1874, "lat": 39.7510297, "lng": -104.9858915, "GEOID": 8031, "STATEFP": 8, "CNTYNAME": "Denver", "SA": 1, "DT": 0, "HH": 0, "SUMH": 1, "HI": 0, "OP": 1, "RES": 0, "HID": 0, "HIT": 0, "OD": 0, "ODT": 0, "OIT": 0, "OMB": 1, "ORT": 1, "RD": 0, "RL": 0, "RS": 0, "GH": 0, "PSYH": 0, "MU": 0, "BU": 1, "NU": 1, "INPE": 1, "RPE": 1, "PC": 1, "NAUT": 0, "NMAUT": 0, "ACMA": 1, "PMAT": 1, "AUINPE": 1, "AURPE": 0, "AUPC": 1, "DB": 0, "BUM": 1, "OTP": 0, "DM": 0, "MM": 0, "UB": 1, "UN": 1, "RPN": 1, "PAIN": 0, "MOA": 1, "NMOA": 0, "DLC": 0, "NOOP": 0, "MWS": 0, "ACM": 1, "DSF": 1, "METH": 0, "BSDM": 1, "BWN": 1, "BWON": 1, "BERI": 0, "NXN": 1, "VTRL": 1, "MHIV": 1, "MHCV": 1, "LFXD": 0, "CLND": 1, "MMD": 1, "MPEP": 1, "NRT": 1, "NSC": 1, "ANG": 1, "BIA": 1, "CBT": 1, "CMI": 0, "CRV": 0, "MOTI": 1, "MXM": 1, "RELP": 1, "SACA": 1, "TRC": 1, "TELE": 1, "TWFA": 0, "LCCG": 0, "DDF": 0, "IH": 0, "PVTP": 0, "PVTN": 1, "STG": 0, "TBG": 0, "FED": 0, "VAMC": 0, "STAG": 1, "STMH": 1, "STDH": 0, "CARF": 0, "COA": 0, "HFAP": 0, "HLA": 0, "JC": 0, "NCQA": 0, "FQHC": 1, "SOTP": 0, "DEA": 0, "FSA": 1, "ITU": 0, "MC": 1, "MD": 1, "MI": 0, "NP": 0, "PI": 1, "SF": 1, "SI": 1, "SAMF": 1, "PA": 1, "SS": 1, "AD": 0, "TAY": 0, "WN": 1, "PW": 1, "MN": 1, "SE": 1, "GL": 0, "VET": 0, "ADM": 0, "MF": 0, "CJ": 0, "CO": 1, "COPSU": 1, "HV": 0, "XA": 0, "DV": 0, "TRMA": 1, "CMHA": 1, "CSAA": 1, "ISC": 1, "OPC": 1, "MHPA": 1, "STU": 1, "SSA": 1, "SMHD": 1, "PIEC": 1, "BABA": 1, "DAOF": 0, "DAUT": 1, "HIVT": 1, "STDT": 1, "TBS": 1, "MST": 1, "HBT": 1, "HCT": 1, "ACC": 1, "DP": 1, "NOE": 1, "OFD": 1, "SHG": 1, "HS": 1, "AOSS": 1, "RC": 1, "PEER": 1, "EMP": 1, "TGD": 0, "TOD": 1, "ADTX": 0, "BDTX": 0, "CDTX": 0, "MDTX": 0, "ODTX": 0, "MDET": 0, "HAEC": 1, "TAEC": 1, "HEOH": 1, "SAE": 1, "TCC": 1, "ICO": 1, "GCO": 1, "FCO": 1, "MCO": 1, "VOC": 1, "HAV": 1, "HBV": 1, "SMON": 0, "SMOP": 1, "SMPD": 0, "CHLD": 0, "YAD": 1, "ADLT": 1, "SNR": 0, "FEM": 1, "MALE": 1, "DU": 0, "DUO": 0, "AUDO": 0, "OUDO": 0, "AH": 1, "SP": 1, "NX": 0, "FX": 0, "F4": 0, "F17": 0, "F19": 0, "F25": 0, "F28": 0, "F30": 0, "F31": 0, "F35": 0, "F36": 0, "F37": 0, "F42": 0, "F43": 0, "F47": 0, "F66": 0, "F67": 0, "F70": 0, "F81": 0, "F92": 0, "N24": 0, "N40": 0, "VAPN": 0, "VAPP": 1, "VPPD": 0, "ACU": 0, "BC": 0, "CM": 1, "CCC": 0, "DVFP": 1, "EIH": 1, "MHS": 1, "SSD": 1, "TA": 1, "IPC": 1, "SPS": 1 }, "geometry": { "type": "Point", "coordinates": [ -104.98589149999998, 39.751029700000061 ] } },
{ "type": "Feature", "properties": { "ID": 202401887, "Year": 2024, "FacilityNa": "Comm Alc/Drug Rehab and Education Ctr CADREC", "Address": "3315 Gilpin Street, Denver CO, 80205", "AddressID": 1876, "lat": 39.7636607, "lng": -104.9676668, "GEOID": 8031, "STATEFP": 8, "CNTYNAME": "Denver", "SA": 1, "DT": 0, "HH": 0, "SUMH": 0, "HI": 0, "OP": 1, "RES": 0, "HID": 0, "HIT": 0, "OD": 0, "ODT": 0, "OIT": 0, "OMB": 0, "ORT": 1, "RD": 0, "RL": 0, "RS": 0, "GH": 0, "PSYH": 0, "MU": 0, "BU": 0, "NU": 0, "INPE": 0, "RPE": 0, "PC": 0, "NAUT": 0, "NMAUT": 1, "ACMA": 0, "PMAT": 0, "AUINPE": 0, "AURPE": 0, "AUPC": 0, "DB": 0, "BUM": 0, "OTP": 0, "DM": 0, "MM": 0, "UB": 0, "UN": 0, "RPN": 0, "PAIN": 0, "MOA": 0, "NMOA": 0, "DLC": 0, "NOOP": 1, "MWS": 0, "ACM": 0, "DSF": 0, "METH": 0, "BSDM": 0, "BWN": 0, "BWON": 0, "BERI": 0, "NXN": 0, "VTRL": 0, "MHIV": 0, "MHCV": 0, "LFXD": 0, "CLND": 0, "MMD": 0, "MPEP": 0, "NRT": 0, "NSC": 0, "ANG": 1, "BIA": 1, "CBT": 1, "CMI": 1, "CRV": 1, "MOTI": 1, "MXM": 1, "RELP": 1, "SACA": 1, "TRC": 1, "TELE": 1, "TWFA": 1, "LCCG": 0, "DDF": 0, "IH": 0, "PVTP": 0, "PVTN": 1, "STG": 0, "TBG": 0, "FED": 0, "VAMC": 0, "STAG": 1, "STMH": 0, "STDH": 0, "CARF": 0, "COA": 0, "HFAP": 0, "HLA": 0, "JC": 0, "NCQA": 0, "FQHC": 1, "SOTP": 0, "DEA": 0, "FSA": 1, "ITU": 0, "MC": 0, "MD": 1, "MI": 0, "NP": 0, "PI": 0, "SF": 1, "SI": 0, "SAMF": 1, "PA": 1, "SS": 1, "AD": 1, "TAY": 1, "WN": 1, "PW": 0, "MN": 0, "SE": 0, "GL": 0, "VET": 0, "ADM": 0, "MF": 0, "CJ": 1, "CO": 0, "COPSU": 0, "HV": 0, "XA": 1, "DV": 1, "TRMA": 1, "CMHA": 0, "CSAA": 1, "ISC": 1, "OPC": 1, "MHPA": 0, "STU": 1, "SSA": 1, "SMHD": 0, "PIEC": 0, "BABA": 1, "DAOF": 0, "DAUT": 1, "HIVT": 0, "STDT": 0, "TBS": 0, "MST": 0, "HBT": 0, "HCT": 0, "ACC": 1, "DP": 1, "NOE": 0, "OFD": 1, "SHG": 1, "HS": 1, "AOSS": 1, "RC": 0, "PEER": 1, "EMP": 1, "TGD": 0, "TOD": 0, "ADTX": 0, "BDTX": 0, "CDTX": 0, "MDTX": 0, "ODTX": 0, "MDET": 0, "HAEC": 1, "TAEC": 1, "HEOH": 0, "SAE": 1, "TCC": 0, "ICO": 1, "GCO": 1, "FCO": 1, "MCO": 0, "VOC": 0, "HAV": 0, "HBV": 0, "SMON": 1, "SMOP": 0, "SMPD": 0, "CHLD": 1, "YAD": 0, "ADLT": 1, "SNR": 0, "FEM": 1, "MALE": 1, "DU": 1, "DUO": 0, "AUDO": 0, "OUDO": 0, "AH": 1, "SP": 0, "NX": 0, "FX": 0, "F4": 0, "F17": 0, "F19": 0, "F25": 0, "F28": 0, "F30": 0, "F31": 0, "F35": 0, "F36": 0, "F37": 0, "F42": 0, "F43": 0, "F47": 0, "F66": 0, "F67": 0, "F70": 0, "F81": 0, "F92": 0, "N24": 0, "N40": 0, "VAPN": 1, "VAPP": 0, "VPPD": 0, "ACU": 0, "BC": 0, "CM": 1, "CCC": 0, "DVFP": 0, "EIH": 1, "MHS": 0, "SSD": 1, "TA": 0, "IPC": 0, "SPS": 1 }, "geometry": { "type": "Point", "coordinates": [ -104.967666799999961, 39.763660700000059 ] } },
{ "type": "Feature", "properties": { "ID": 202401889, "Year": 2024, "FacilityNa": "Community Csl and Consulting Services Life Recovery Centers", "Address": "1660 Albion Street, Denver CO, 80222", "AddressID": 15076, "lat": 39.6863018, "lng": -104.9391135, "GEOID": 8031, "STATEFP": 8, "CNTYNAME": "Denver", "SA": 1, "DT": 0, "HH": 0, "SUMH": 1, "HI": 0, "OP": 1, "RES": 0, "HID": 0, "HIT": 0, "OD": 0, "ODT": 0, "OIT": 1, "OMB": 0, "ORT": 1, "RD": 0, "RL": 0, "RS": 0, "GH": 0, "PSYH": 0, "MU": 0, "BU": 0, "NU": 0, "INPE": 0, "RPE": 0, "PC": 1, "NAUT": 0, "NMAUT": 0, "ACMA": 1, "PMAT": 0, "AUINPE": 0, "AURPE": 0, "AUPC": 1, "DB": 0, "BUM": 0, "OTP": 0, "DM": 0, "MM": 0, "UB": 0, "UN": 0, "RPN": 0, "PAIN": 0, "MOA": 1, "NMOA": 0, "DLC": 0, "NOOP": 0, "MWS": 0, "ACM": 0, "DSF": 0, "METH": 0, "BSDM": 0, "BWN": 0, "BWON": 0, "BERI": 0, "NXN": 0, "VTRL": 0, "MHIV": 0, "MHCV": 0, "LFXD": 0, "CLND": 0, "MMD": 0, "MPEP": 0, "NRT": 0, "NSC": 0, "ANG": 1, "BIA": 0, "CBT": 1, "CMI": 0, "CRV": 0, "MOTI": 1, "MXM": 1, "RELP": 1, "SACA": 1, "TRC": 1, "TELE": 1, "TWFA": 0, "LCCG": 0, "DDF": 0, "IH": 0, "PVTP": 0, "PVTN": 1, "STG": 0, "TBG": 0, "FED": 0, "VAMC": 0, "STAG": 1, "STMH": 1, "STDH": 1, "CARF": 0, "COA": 0, "HFAP": 0, "HLA": 0, "JC": 0, "NCQA": 0, "FQHC": 0, "SOTP": 0, "DEA": 0, "FSA": 1, "ITU": 0, "MC": 0, "MD": 1, "MI": 1, "NP": 0, "PI": 1, "SF": 1, "SI": 0, "SAMF": 0, "PA": 0, "SS": 0, "AD": 1, "TAY": 0, "WN": 0, "PW": 0, "MN": 0, "SE": 0, "GL": 0, "VET": 0, "ADM": 0, "MF": 0, "CJ": 1, "CO": 1, "COPSU": 0, "HV": 0, "XA": 1, "DV": 1, "TRMA": 1, "CMHA": 0, "CSAA": 1, "ISC": 0, "OPC": 0, "MHPA": 0, "STU": 1, "SSA": 1, "SMHD": 1, "PIEC": 0, "BABA": 1, "DAOF": 1, "DAUT": 1, "HIVT": 0, "STDT": 0, "TBS": 0, "MST": 0, "HBT": 0, "HCT": 0, "ACC": 1, "DP": 1, "NOE": 0, "OFD": 1, "SHG": 0, "HS": 0, "AOSS": 1, "RC": 0, "PEER": 0, "EMP": 0, "TGD": 0, "TOD": 1, "ADTX": 0, "BDTX": 0, "CDTX": 0, "MDTX": 0, "ODTX": 0, "MDET": 0, "HAEC": 0, "TAEC": 0, "HEOH": 0, "SAE": 1, "TCC": 0, "ICO": 1, "GCO": 1, "FCO": 1, "MCO": 1, "VOC": 0, "HAV": 0, "HBV": 0, "SMON": 0, "SMOP": 0, "SMPD": 1, "CHLD": 1, "YAD": 0, "ADLT": 1, "SNR": 0, "FEM": 1, "MALE": 1, "DU": 1, "DUO": 0, "AUDO": 0, "OUDO": 0, "AH": 0, "SP": 1, "NX": 0, "FX": 0, "F4": 0, "F17": 0, "F19": 0, "F25": 0, "F28": 0, "F30": 0, "F31": 0, "F35": 0, "F36": 0, "F37": 0, "F42": 0, "F43": 0, "F47": 0, "F66": 0, "F67": 0, "F70": 0, "F81": 0, "F92": 0, "N24": 0, "N40": 0, "VAPN": 0, "VAPP": 0, "VPPD": 1, "ACU": 0, "BC": 0, "CM": 1, "CCC": 0, "DVFP": 0, "EIH": 0, "MHS": 1, "SSD": 0, "TA": 0, "IPC": 0, "SPS": 0 }, "geometry": { "type": "Point", "coordinates": [ -104.939113499999962, 39.686301800000081 ] } },
{ "type": "Feature", "properties": { "ID": 202401892, "Year": 2024, "FacilityNa": "Comprehensive Behavioral Health Center", "Address": "5300 West Alameda Avenue, Denver CO, 80226", "AddressID": 1877, "lat": 39.7107805, "lng": -105.0548739, "GEOID": 8059, "STATEFP": 8, "CNTYNAME": "Jefferson", "SA": 1, "DT": 0, "HH": 0, "SUMH": 1, "HI": 0, "OP": 1, "RES": 0, "HID": 0, "HIT": 0, "OD": 0, "ODT": 0, "OIT": 0, "OMB": 1, "ORT": 1, "RD": 0, "RL": 0, "RS": 0, "GH": 0, "PSYH": 0, "MU": 1, "BU": 0, "NU": 1, "INPE": 0, "RPE": 0, "PC": 0, "NAUT": 1, "NMAUT": 0, "ACMA": 0, "PMAT": 0, "AUINPE": 0, "AURPE": 0, "AUPC": 0, "DB": 0, "BUM": 0, "OTP": 1, "DM": 0, "MM": 1, "UB": 0, "UN": 0, "RPN": 0, "PAIN": 0, "MOA": 0, "NMOA": 0, "DLC": 0, "NOOP": 0, "MWS": 1, "ACM": 0, "DSF": 0, "METH": 1, "BSDM": 0, "BWN": 0, "BWON": 0, "BERI": 0, "NXN": 0, "VTRL": 0, "MHIV": 0, "MHCV": 0, "LFXD": 0, "CLND": 0, "MMD": 0, "MPEP": 0, "NRT": 0, "NSC": 0, "ANG": 1, "BIA": 1, "CBT": 1, "CMI": 1, "CRV": 0, "MOTI": 1, "MXM": 0, "RELP": 1, "SACA": 1, "TRC": 1, "TELE": 1, "TWFA": 0, "LCCG": 0, "DDF": 0, "IH": 0, "PVTP": 1, "PVTN": 0, "STG": 0, "TBG": 0, "FED": 0, "VAMC": 0, "STAG": 1, "STMH": 0, "STDH": 1, "CARF": 1, "COA": 0, "HFAP": 0, "HLA": 0, "JC": 0, "NCQA": 0, "FQHC": 0, "SOTP": 1, "DEA": 1, "FSA": 1, "ITU": 0, "MC": 1, "MD": 1, "MI": 1, "NP": 0, "PI": 0, "SF": 1, "SI": 0, "SAMF": 1, "PA": 1, "SS": 0, "AD": 0, "TAY": 1, "WN": 1, "PW": 0, "MN": 1, "SE": 0, "GL": 1, "VET": 0, "ADM": 0, "MF": 0, "CJ": 0, "CO": 1, "COPSU": 0, "HV": 0, "XA": 0, "DV": 0, "TRMA": 1, "CMHA": 0, "CSAA": 1, "ISC": 0, "OPC": 1, "MHPA": 1, "STU": 1, "SSA": 1, "SMHD": 1, "PIEC": 1, "BABA": 1, "DAOF": 1, "DAUT": 1, "HIVT": 1, "STDT": 1, "TBS": 1, "MST": 0, "HBT": 1, "HCT": 1, "ACC": 0, "DP": 1, "NOE": 1, "OFD": 1, "SHG": 0, "HS": 1, "AOSS": 1, "RC": 0, "PEER": 0, "EMP": 1, "TGD": 0, "TOD": 0, "ADTX": 0, "BDTX": 0, "CDTX": 0, "MDTX": 0, "ODTX": 0, "MDET": 0, "HAEC": 1, "TAEC": 1, "HEOH": 1, "SAE": 1, "TCC": 1, "ICO": 1, "GCO": 1, "FCO": 0, "MCO": 0, "VOC": 0, "HAV": 0, "HBV": 0, "SMON": 1, "SMOP": 0, "SMPD": 0, "CHLD": 0, "YAD": 1, "ADLT": 1, "SNR": 0, "FEM": 1, "MALE": 1, "DU": 0, "DUO": 0, "AUDO": 0, "OUDO": 1, "AH": 1, "SP": 0, "NX": 0, "FX": 0, "F4": 0, "F17": 0, "F19": 0, "F25": 0, "F28": 0, "F30": 0, "F31": 0, "F35": 0, "F36": 0, "F37": 0, "F42": 0, "F43": 0, "F47": 0, "F66": 0, "F67": 0, "F70": 0, "F81": 0, "F92": 0, "N24": 0, "N40": 0, "VAPN": 1, "VAPP": 0, "VPPD": 0, "ACU": 0, "BC": 0, "CM": 1, "CCC": 0, "DVFP": 0, "EIH": 1, "MHS": 1, "SSD": 1, "TA": 1, "IPC": 0, "SPS": 0 }, "geometry": { "type": "Point", "coordinates": [ -105.054873899999961, 39.710780500000055 ] } },
{ "type": "Feature", "properties": { "ID": 202401893, "Year": 2024, "FacilityNa": "Comprehensive Behavioral Health Center Methadone Maintenance", "Address": "2217 Champa Street, Denver CO, 80205", "AddressID": 1878, "lat": 39.7525492, "lng": -104.986462, "GEOID": 8031, "STATEFP": 8, "CNTYNAME": "Denver", "SA": 1, "DT": 0, "HH": 0, "SUMH": 1, "HI": 0, "OP": 1, "RES": 0, "HID": 0, "HIT": 0, "OD": 0, "ODT": 0, "OIT": 0, "OMB": 1, "ORT": 1, "RD": 0, "RL": 0, "RS": 0, "GH": 0, "PSYH": 0, "MU": 1, "BU": 0, "NU": 1, "INPE": 0, "RPE": 0, "PC": 0, "NAUT": 1, "NMAUT": 0, "ACMA": 0, "PMAT": 0, "AUINPE": 0, "AURPE": 0, "AUPC": 0, "DB": 0, "BUM": 0, "OTP": 1, "DM": 0, "MM": 1, "UB": 0, "UN": 0, "RPN": 0, "PAIN": 0, "MOA": 0, "NMOA": 0, "DLC": 0, "NOOP": 0, "MWS": 1, "ACM": 0, "DSF": 0, "METH": 1, "BSDM": 0, "BWN": 0, "BWON": 0, "BERI": 0, "NXN": 0, "VTRL": 0, "MHIV": 0, "MHCV": 0, "LFXD": 0, "CLND": 0, "MMD": 0, "MPEP": 0, "NRT": 0, "NSC": 0, "ANG": 1, "BIA": 1, "CBT": 1, "CMI": 1, "CRV": 0, "MOTI": 1, "MXM": 0, "RELP": 1, "SACA": 1, "TRC": 1, "TELE": 1, "TWFA": 0, "LCCG": 0, "DDF": 0, "IH": 0, "PVTP": 1, "PVTN": 0, "STG": 0, "TBG": 0, "FED": 0, "VAMC": 0, "STAG": 1, "STMH": 0, "STDH": 1, "CARF": 1, "COA": 0, "HFAP": 0, "HLA": 0, "JC": 0, "NCQA": 0, "FQHC": 0, "SOTP": 1, "DEA": 1, "FSA": 1, "ITU": 0, "MC": 1, "MD": 1, "MI": 1, "NP": 0, "PI": 0, "SF": 1, "SI": 0, "SAMF": 1, "PA": 1, "SS": 0, "AD": 0, "TAY": 1, "WN": 1, "PW": 0, "MN": 1, "SE": 0, "GL": 1, "VET": 0, "ADM": 0, "MF": 0, "CJ": 0, "CO": 1, "COPSU": 0, "HV": 0, "XA": 0, "DV": 0, "TRMA": 1, "CMHA": 0, "CSAA": 1, "ISC": 0, "OPC": 1, "MHPA": 1, "STU": 1, "SSA": 1, "SMHD": 1, "PIEC": 1, "BABA": 1, "DAOF": 1, "DAUT": 1, "HIVT": 1, "STDT": 1, "TBS": 1, "MST": 0, "HBT": 1, "HCT": 1, "ACC": 0, "DP": 1, "NOE": 1, "OFD": 1, "SHG": 0, "HS": 1, "AOSS": 1, "RC": 0, "PEER": 0, "EMP": 1, "TGD": 0, "TOD": 0, "ADTX": 0, "BDTX": 0, "CDTX": 0, "MDTX": 0, "ODTX": 0, "MDET": 0, "HAEC": 1, "TAEC": 1, "HEOH": 1, "SAE": 1, "TCC": 1, "ICO": 1, "GCO": 1, "FCO": 0, "MCO": 0, "VOC": 0, "HAV": 0, "HBV": 0, "SMON": 1, "SMOP": 0, "SMPD": 0, "CHLD": 0, "YAD": 1, "ADLT": 1, "SNR": 0, "FEM": 1, "MALE": 1, "DU": 0, "DUO": 0, "AUDO": 0, "OUDO": 1, "AH": 1, "SP": 0, "NX": 0, "FX": 0, "F4": 0, "F17": 0, "F19": 0, "F25": 0, "F28": 0, "F30": 0, "F31": 0, "F35": 0, "F36": 0, "F37": 0, "F42": 0, "F43": 0, "F47": 0, "F66": 0, "F67": 0, "F70": 0, "F81": 0, "F92": 0, "N24": 0, "N40": 0, "VAPN": 1, "VAPP": 0, "VPPD": 0, "ACU": 0, "BC": 0, "CM": 1, "CCC": 0, "DVFP": 0, "EIH": 1, "MHS": 1, "SSD": 1, "TA": 1, "IPC": 0, "SPS": 0 }, "geometry": { "type": "Point", "coordinates": [ -104.986462, 39.752549200000033 ] } },
{ "type": "Feature", "properties": { "ID": 202401894, "Year": 2024, "FacilityNa": "Correctional Psychology Associates", "Address": "420 East 58th Avenue, Denver CO, 80216", "AddressID": 1863, "lat": 39.801326, "lng": -104.9820118, "GEOID": 8001, "STATEFP": 8, "CNTYNAME": "Adams", "SA": 1, "DT": 0, "HH": 0, "SUMH": 1, "HI": 0, "OP": 1, "RES": 0, "HID": 0, "HIT": 0, "OD": 0, "ODT": 0, "OIT": 0, "OMB": 0, "ORT": 1, "RD": 0, "RL": 0, "RS": 0, "GH": 0, "PSYH": 0, "MU": 0, "BU": 1, "NU": 0, "INPE": 0, "RPE": 1, "PC": 0, "NAUT": 0, "NMAUT": 0, "ACMA": 1, "PMAT": 0, "AUINPE": 0, "AURPE": 1, "AUPC": 0, "DB": 0, "BUM": 0, "OTP": 0, "DM": 0, "MM": 0, "UB": 0, "UN": 0, "RPN": 0, "PAIN": 0, "MOA": 1, "NMOA": 0, "DLC": 0, "NOOP": 0, "MWS": 0, "ACM": 0, "DSF": 0, "METH": 0, "BSDM": 0, "BWN": 0, "BWON": 0, "BERI": 0, "NXN": 0, "VTRL": 0, "MHIV": 0, "MHCV": 0, "LFXD": 0, "CLND": 0, "MMD": 0, "MPEP": 0, "NRT": 0, "NSC": 0, "ANG": 1, "BIA": 0, "CBT": 1, "CMI": 1, "CRV": 0, "MOTI": 1, "MXM": 1, "RELP": 1, "SACA": 1, "TRC": 1, "TELE": 1, "TWFA": 0, "LCCG": 0, "DDF": 0, "IH": 0, "PVTP": 1, "PVTN": 0, "STG": 0, "TBG": 0, "FED": 0, "VAMC": 0, "STAG": 1, "STMH": 1, "STDH": 1, "CARF": 0, "COA": 0, "HFAP": 0, "HLA": 0, "JC": 0, "NCQA": 0, "FQHC": 0, "SOTP": 0, "DEA": 0, "FSA": 1, "ITU": 0, "MC": 0, "MD": 0, "MI": 0, "NP": 0, "PI": 0, "SF": 1, "SI": 0, "SAMF": 0, "PA": 0, "SS": 0, "AD": 0, "TAY": 0, "WN": 1, "PW": 0, "MN": 1, "SE": 0, "GL": 0, "VET": 0, "ADM": 0, "MF": 0, "CJ": 1, "CO": 1, "COPSU": 0, "HV": 0, "XA": 0, "DV": 1, "TRMA": 0, "CMHA": 1, "CSAA": 1, "ISC": 1, "OPC": 0, "MHPA": 0, "STU": 1, "SSA": 1, "SMHD": 1, "PIEC": 0, "BABA": 0, "DAOF": 0, "DAUT": 0, "HIVT": 0, "STDT": 0, "TBS": 0, "MST": 0, "HBT": 0, "HCT": 0, "ACC": 1, "DP": 1, "NOE": 0, "OFD": 0, "SHG": 0, "HS": 0, "AOSS": 0, "RC": 0, "PEER": 0, "EMP": 0, "TGD": 0, "TOD": 0, "ADTX": 0, "BDTX": 0, "CDTX": 0, "MDTX": 0, "ODTX": 0, "MDET": 0, "HAEC": 1, "TAEC": 1, "HEOH": 1, "SAE": 1, "TCC": 1, "ICO": 1, "GCO": 1, "FCO": 0, "MCO": 1, "VOC": 0, "HAV": 0, "HBV": 0, "SMON": 0, "SMOP": 0, "SMPD": 1, "CHLD": 0, "YAD": 1, "ADLT": 1, "SNR": 0, "FEM": 1, "MALE": 1, "DU": 0, "DUO": 0, "AUDO": 0, "OUDO": 0, "AH": 0, "SP": 0, "NX": 0, "FX": 0, "F4": 0, "F17": 0, "F19": 0, "F25": 0, "F28": 0, "F30": 0, "F31": 0, "F35": 0, "F36": 0, "F37": 0, "F42": 0, "F43": 0, "F47": 0, "F66": 0, "F67": 0, "F70": 0, "F81": 0, "F92": 0, "N24": 0, "N40": 0, "VAPN": 0, "VAPP": 0, "VPPD": 1, "ACU": 0, "BC": 0, "CM": 0, "CCC": 0, "DVFP": 1, "EIH": 0, "MHS": 1, "SSD": 1, "TA": 0, "IPC": 0, "SPS": 1 }, "geometry": { "type": "Point", "coordinates": [ -104.982011799999952, 39.801326 ] } },
{ "type": "Feature", "properties": { "ID": 202401896, "Year": 2024, "FacilityNa": "CuraWest", "Address": "2535 South Downing Street, Denver CO, 80210", "AddressID": 12275, "lat": 39.67046, "lng": -104.97386, "GEOID": 8031, "STATEFP": 8, "CNTYNAME": "Denver", "SA": 1, "DT": 1, "HH": 0, "SUMH": 0, "HI": 0, "OP": 0, "RES": 1, "HID": 0, "HIT": 0, "OD": 0, "ODT": 0, "OIT": 0, "OMB": 0, "ORT": 0, "RD": 1, "RL": 0, "RS": 1, "GH": 0, "PSYH": 0, "MU": 0, "BU": 1, "NU": 1, "INPE": 0, "RPE": 0, "PC": 0, "NAUT": 0, "NMAUT": 0, "ACMA": 0, "PMAT": 1, "AUINPE": 1, "AURPE": 1, "AUPC": 0, "DB": 1, "BUM": 0, "OTP": 0, "DM": 0, "MM": 0, "UB": 1, "UN": 1, "RPN": 1, "PAIN": 0, "MOA": 0, "NMOA": 0, "DLC": 1, "NOOP": 0, "MWS": 0, "ACM": 1, "DSF": 1, "METH": 0, "BSDM": 0, "BWN": 1, "BWON": 1, "BERI": 0, "NXN": 1, "VTRL": 1, "MHIV": 1, "MHCV": 1, "LFXD": 0, "CLND": 1, "MMD": 1, "MPEP": 0, "NRT": 1, "NSC": 0, "ANG": 1, "BIA": 1, "CBT": 1, "CMI": 1, "CRV": 0, "MOTI": 1, "MXM": 0, "RELP": 1, "SACA": 1, "TRC": 1, "TELE": 0, "TWFA": 1, "LCCG": 0, "DDF": 0, "IH": 0, "PVTP": 1, "PVTN": 0, "STG": 0, "TBG": 0, "FED": 0, "VAMC": 0, "STAG": 1, "STMH": 0, "STDH": 1, "CARF": 0, "COA": 0, "HFAP": 0, "HLA": 0, "JC": 1, "NCQA": 0, "FQHC": 0, "SOTP": 0, "DEA": 1, "FSA": 0, "ITU": 0, "MC": 0, "MD": 1, "MI": 0, "NP": 0, "PI": 1, "SF": 1, "SI": 0, "SAMF": 0, "PA": 0, "SS": 0, "AD": 0, "TAY": 0, "WN": 1, "PW": 0, "MN": 1, "SE": 1, "GL": 0, "VET": 0, "ADM": 0, "MF": 0, "CJ": 0, "CO": 1, "COPSU": 1, "HV": 0, "XA": 1, "DV": 1, "TRMA": 1, "CMHA": 1, "CSAA": 1, "ISC": 1, "OPC": 1, "MHPA": 1, "STU": 1, "SSA": 1, "SMHD": 1, "PIEC": 1, "BABA": 1, "DAOF": 1, "DAUT": 1, "HIVT": 1, "STDT": 1, "TBS": 1, "MST": 1, "HBT": 1, "HCT": 1, "ACC": 1, "DP": 1, "NOE": 1, "OFD": 1, "SHG": 1, "HS": 1, "AOSS": 1, "RC": 1, "PEER": 1, "EMP": 1, "TGD": 0, "TOD": 0, "ADTX": 1, "BDTX": 1, "CDTX": 1, "MDTX": 1, "ODTX": 1, "MDET": 1, "HAEC": 1, "TAEC": 1, "HEOH": 1, "SAE": 1, "TCC": 1, "ICO": 1, "GCO": 1, "FCO": 1, "MCO": 1, "VOC": 1, "HAV": 0, "HBV": 0, "SMON": 0, "SMOP": 0, "SMPD": 1, "CHLD": 0, "YAD": 1, "ADLT": 1, "SNR": 0, "FEM": 1, "MALE": 1, "DU": 0, "DUO": 0, "AUDO": 0, "OUDO": 0, "AH": 0, "SP": 0, "NX": 0, "FX": 0, "F4": 0, "F17": 0, "F19": 0, "F25": 0, "F28": 0, "F30": 0, "F31": 0, "F35": 0, "F36": 0, "F37": 0, "F42": 0, "F43": 0, "F47": 0, "F66": 0, "F67": 0, "F70": 0, "F81": 0, "F92": 0, "N24": 0, "N40": 0, "VAPN": 0, "VAPP": 0, "VPPD": 1, "ACU": 0, "BC": 0, "CM": 1, "CCC": 0, "DVFP": 1, "EIH": 1, "MHS": 1, "SSD": 1, "TA": 1, "IPC": 1, "SPS": 1 }, "geometry": { "type": "Point", "coordinates": [ -104.97386, 39.67046 ] } },
{ "type": "Feature", "properties": { "ID": 202401897, "Year": 2024, "FacilityNa": "Denver Health and Hosp Authority Outpatient Behavioral Health Services", "Address": "667 Bannock Street, Denver CO, 80204", "AddressID": 1881, "lat": 39.7270455, "lng": -104.9908439, "GEOID": 8031, "STATEFP": 8, "CNTYNAME": "Denver", "SA": 1, "DT": 0, "HH": 0, "SUMH": 1, "HI": 0, "OP": 1, "RES": 0, "HID": 0, "HIT": 0, "OD": 0, "ODT": 0, "OIT": 1, "OMB": 1, "ORT": 1, "RD": 0, "RL": 0, "RS": 0, "GH": 1, "PSYH": 0, "MU": 1, "BU": 1, "NU": 1, "INPE": 0, "RPE": 0, "PC": 0, "NAUT": 0, "NMAUT": 0, "ACMA": 0, "PMAT": 1, "AUINPE": 1, "AURPE": 0, "AUPC": 0, "DB": 0, "BUM": 1, "OTP": 1, "DM": 0, "MM": 1, "UB": 1, "UN": 1, "RPN": 1, "PAIN": 0, "MOA": 0, "NMOA": 0, "DLC": 0, "NOOP": 0, "MWS": 1, "ACM": 1, "DSF": 1, "METH": 1, "BSDM": 1, "BWN": 1, "BWON": 1, "BERI": 1, "NXN": 1, "VTRL": 1, "MHIV": 1, "MHCV": 1, "LFXD": 0, "CLND": 0, "MMD": 1, "MPEP": 1, "NRT": 1, "NSC": 1, "ANG": 0, "BIA": 1, "CBT": 1, "CMI": 1, "CRV": 0, "MOTI": 1, "MXM": 0, "RELP": 1, "SACA": 1, "TRC": 1, "TELE": 1, "TWFA": 0, "LCCG": 0, "DDF": 0, "IH": 0, "PVTP": 0, "PVTN": 1, "STG": 0, "TBG": 0, "FED": 0, "VAMC": 0, "STAG": 1, "STMH": 1, "STDH": 0, "CARF": 0, "COA": 0, "HFAP": 0, "HLA": 1, "JC": 1, "NCQA": 0, "FQHC": 0, "SOTP": 1, "DEA": 1, "FSA": 1, "ITU": 0, "MC": 1, "MD": 1, "MI": 1, "NP": 0, "PI": 1, "SF": 1, "SI": 1, "SAMF": 1, "PA": 1, "SS": 0, "AD": 0, "TAY": 0, "WN": 1, "PW": 1, "MN": 1, "SE": 1, "GL": 1, "VET": 0, "ADM": 0, "MF": 0, "CJ": 0, "CO": 1, "COPSU": 1, "HV": 1, "XA": 1, "DV": 1, "TRMA": 1, "CMHA": 1, "CSAA": 1, "ISC": 1, "OPC": 1, "MHPA": 1, "STU": 1, "SSA": 1, "SMHD": 1, "PIEC": 1, "BABA": 1, "DAOF": 0, "DAUT": 1, "HIVT": 1, "STDT": 1, "TBS": 1, "MST": 1, "HBT": 1, "HCT": 1, "ACC": 1, "DP": 1, "NOE": 1, "OFD": 1, "SHG": 0, "HS": 1, "AOSS": 1, "RC": 0, "PEER": 1, "EMP": 0, "TGD": 0, "TOD": 0, "ADTX": 0, "BDTX": 0, "CDTX": 0, "MDTX": 0, "ODTX": 0, "MDET": 0, "HAEC": 1, "TAEC": 1, "HEOH": 1, "SAE": 1, "TCC": 1, "ICO": 1, "GCO": 1, "FCO": 1, "MCO": 1, "VOC": 0, "HAV": 1, "HBV": 1, "SMON": 1, "SMOP": 0, "SMPD": 0, "CHLD": 1, "YAD": 0, "ADLT": 1, "SNR": 0, "FEM": 1, "MALE": 1, "DU": 0, "DUO": 0, "AUDO": 0, "OUDO": 0, "AH": 1, "SP": 1, "NX": 0, "FX": 0, "F4": 0, "F17": 0, "F19": 0, "F25": 0, "F28": 0, "F30": 0, "F31": 0, "F35": 0, "F36": 0, "F37": 0, "F42": 0, "F43": 0, "F47": 0, "F66": 0, "F67": 0, "F70": 0, "F81": 0, "F92": 0, "N24": 0, "N40": 0, "VAPN": 1, "VAPP": 0, "VPPD": 0, "ACU": 0, "BC": 0, "CM": 1, "CCC": 0, "DVFP": 1, "EIH": 0, "MHS": 1, "SSD": 0, "TA": 1, "IPC": 0, "SPS": 1 }, "geometry": { "type": "Point", "coordinates": [ -104.990843899999959, 39.727045500000031 ] } },
{ "type": "Feature", "properties": { "ID": 202401898, "Year": 2024, "FacilityNa": "Denver Health Community Detox Denver Health Behavioral Health Servs", "Address": "1155 Cherokee Street, Denver CO, 80204", "AddressID": 1882, "lat": 39.7347738, "lng": -104.9921173, "GEOID": 8031, "STATEFP": 8, "CNTYNAME": "Denver", "SA": 1, "DT": 1, "HH": 1, "SUMH": 0, "HI": 0, "OP": 1, "RES": 1, "HID": 0, "HIT": 0, "OD": 1, "ODT": 0, "OIT": 0, "OMB": 0, "ORT": 1, "RD": 1, "RL": 0, "RS": 0, "GH": 1, "PSYH": 0, "MU": 0, "BU": 1, "NU": 1, "INPE": 1, "RPE": 0, "PC": 0, "NAUT": 0, "NMAUT": 0, "ACMA": 1, "PMAT": 1, "AUINPE": 1, "AURPE": 0, "AUPC": 0, "DB": 1, "BUM": 1, "OTP": 0, "DM": 0, "MM": 0, "UB": 1, "UN": 1, "RPN": 0, "PAIN": 0, "MOA": 1, "NMOA": 0, "DLC": 0, "NOOP": 0, "MWS": 0, "ACM": 0, "DSF": 1, "METH": 0, "BSDM": 0, "BWN": 1, "BWON": 1, "BERI": 1, "NXN": 1, "VTRL": 1, "MHIV": 0, "MHCV": 0, "LFXD": 0, "CLND": 1, "MMD": 0, "MPEP": 0, "NRT": 1, "NSC": 1, "ANG": 0, "BIA": 1, "CBT": 1, "CMI": 1, "CRV": 0, "MOTI": 1, "MXM": 0, "RELP": 1, "SACA": 1, "TRC": 1, "TELE": 1, "TWFA": 1, "LCCG": 0, "DDF": 0, "IH": 0, "PVTP": 0, "PVTN": 1, "STG": 0, "TBG": 0, "FED": 0, "VAMC": 0, "STAG": 1, "STMH": 0, "STDH": 0, "CARF": 0, "COA": 0, "HFAP": 0, "HLA": 0, "JC": 0, "NCQA": 0, "FQHC": 0, "SOTP": 0, "DEA": 1, "FSA": 1, "ITU": 0, "MC": 1, "MD": 1, "MI": 0, "NP": 0, "PI": 0, "SF": 1, "SI": 0, "SAMF": 0, "PA": 0, "SS": 1, "AD": 0, "TAY": 1, "WN": 1, "PW": 1, "MN": 1, "SE": 1, "GL": 1, "VET": 1, "ADM": 0, "MF": 1, "CJ": 1, "CO": 1, "COPSU": 0, "HV": 1, "XA": 1, "DV": 1, "TRMA": 1, "CMHA": 0, "CSAA": 1, "ISC": 0, "OPC": 1, "MHPA": 1, "STU": 1, "SSA": 1, "SMHD": 0, "PIEC": 0, "BABA": 1, "DAOF": 0, "DAUT": 1, "HIVT": 0, "STDT": 0, "TBS": 1, "MST": 0, "HBT": 0, "HCT": 0, "ACC": 1, "DP": 1, "NOE": 1, "OFD": 1, "SHG": 1, "HS": 1, "AOSS": 1, "RC": 0, "PEER": 1, "EMP": 1, "TGD": 0, "TOD": 0, "ADTX": 1, "BDTX": 1, "CDTX": 1, "MDTX": 1, "ODTX": 1, "MDET": 1, "HAEC": 1, "TAEC": 0, "HEOH": 0, "SAE": 1, "TCC": 1, "ICO": 1, "GCO": 1, "FCO": 0, "MCO": 0, "VOC": 0, "HAV": 1, "HBV": 0, "SMON": 1, "SMOP": 0, "SMPD": 0, "CHLD": 0, "YAD": 1, "ADLT": 1, "SNR": 0, "FEM": 1, "MALE": 1, "DU": 0, "DUO": 0, "AUDO": 0, "OUDO": 0, "AH": 1, "SP": 1, "NX": 0, "FX": 0, "F4": 0, "F17": 0, "F19": 0, "F25": 0, "F28": 0, "F30": 0, "F31": 0, "F35": 0, "F36": 0, "F37": 0, "F42": 0, "F43": 0, "F47": 0, "F66": 0, "F67": 0, "F70": 0, "F81": 0, "F92": 0, "N24": 0, "N40": 0, "VAPN": 1, "VAPP": 0, "VPPD": 0, "ACU": 0, "BC": 0, "CM": 1, "CCC": 0, "DVFP": 0, "EIH": 0, "MHS": 0, "SSD": 1, "TA": 1, "IPC": 0, "SPS": 0 }, "geometry": { "type": "Point", "coordinates": [ -104.992117299999961, 39.734773800000028 ] } },
{ "type": "Feature", "properties": { "ID": 202401899, "Year": 2024, "FacilityNa": "Denver Recovery Group Colfax", "Address": "2822 East Colfax Avenue, Denver CO, 80206", "AddressID": 1883, "lat": 39.739988, "lng": -104.9535105, "GEOID": 8031, "STATEFP": 8, "CNTYNAME": "Denver", "SA": 1, "DT": 0, "HH": 0, "SUMH": 0, "HI": 0, "OP": 1, "RES": 0, "HID": 0, "HIT": 0, "OD": 0, "ODT": 0, "OIT": 0, "OMB": 1, "ORT": 1, "RD": 0, "RL": 0, "RS": 0, "GH": 0, "PSYH": 0, "MU": 1, "BU": 1, "NU": 0, "INPE": 0, "RPE": 0, "PC": 0, "NAUT": 1, "NMAUT": 0, "ACMA": 0, "PMAT": 0, "AUINPE": 0, "AURPE": 0, "AUPC": 0, "DB": 0, "BUM": 1, "OTP": 1, "DM": 0, "MM": 1, "UB": 0, "UN": 0, "RPN": 0, "PAIN": 0, "MOA": 0, "NMOA": 0, "DLC": 0, "NOOP": 0, "MWS": 0, "ACM": 0, "DSF": 0, "METH": 1, "BSDM": 0, "BWN": 1, "BWON": 1, "BERI": 0, "NXN": 0, "VTRL": 0, "MHIV": 0, "MHCV": 0, "LFXD": 0, "CLND": 0, "MMD": 0, "MPEP": 0, "NRT": 0, "NSC": 0, "ANG": 1, "BIA": 0, "CBT": 1, "CMI": 1, "CRV": 0, "MOTI": 1, "MXM": 0, "RELP": 1, "SACA": 1, "TRC": 1, "TELE": 1, "TWFA": 0, "LCCG": 0, "DDF": 0, "IH": 0, "PVTP": 1, "PVTN": 0, "STG": 0, "TBG": 0, "FED": 0, "VAMC": 0, "STAG": 1, "STMH": 1, "STDH": 0, "CARF": 1, "COA": 0, "HFAP": 0, "HLA": 0, "JC": 0, "NCQA": 0, "FQHC": 1, "SOTP": 1, "DEA": 1, "FSA": 1, "ITU": 0, "MC": 1, "MD": 1, "MI": 1, "NP": 0, "PI": 0, "SF": 1, "SI": 0, "SAMF": 1, "PA": 0, "SS": 0, "AD": 0, "TAY": 0, "WN": 0, "PW": 1, "MN": 0, "SE": 0, "GL": 0, "VET": 0, "ADM": 0, "MF": 0, "CJ": 0, "CO": 0, "COPSU": 0, "HV": 0, "XA": 0, "DV": 0, "TRMA": 0, "CMHA": 0, "CSAA": 1, "ISC": 0, "OPC": 1, "MHPA": 0, "STU": 1, "SSA": 1, "SMHD": 1, "PIEC": 1, "BABA": 1, "DAOF": 1, "DAUT": 1, "HIVT": 1, "STDT": 0, "TBS": 1, "MST": 0, "HBT": 1, "HCT": 1, "ACC": 1, "DP": 1, "NOE": 1, "OFD": 1, "SHG": 0, "HS": 1, "AOSS": 1, "RC": 0, "PEER": 0, "EMP": 0, "TGD": 0, "TOD": 1, "ADTX": 0, "BDTX": 0, "CDTX": 0, "MDTX": 0, "ODTX": 0, "MDET": 0, "HAEC": 1, "TAEC": 1, "HEOH": 1, "SAE": 1, "TCC": 1, "ICO": 1, "GCO": 1, "FCO": 0, "MCO": 1, "VOC": 0, "HAV": 0, "HBV": 0, "SMON": 0, "SMOP": 0, "SMPD": 1, "CHLD": 0, "YAD": 0, "ADLT": 1, "SNR": 1, "FEM": 1, "MALE": 1, "DU": 0, "DUO": 0, "AUDO": 0, "OUDO": 1, "AH": 0, "SP": 0, "NX": 0, "FX": 0, "F4": 0, "F17": 0, "F19": 0, "F25": 0, "F28": 0, "F30": 0, "F31": 0, "F35": 0, "F36": 0, "F37": 0, "F42": 0, "F43": 0, "F47": 0, "F66": 0, "F67": 0, "F70": 0, "F81": 0, "F92": 0, "N24": 0, "N40": 0, "VAPN": 0, "VAPP": 0, "VPPD": 1, "ACU": 0, "BC": 0, "CM": 1, "CCC": 0, "DVFP": 1, "EIH": 1, "MHS": 1, "SSD": 1, "TA": 1, "IPC": 0, "SPS": 1 }, "geometry": { "type": "Point", "coordinates": [ -104.9535105, 39.739988 ] } },
{ "type": "Feature", "properties": { "ID": 202401902, "Year": 2024, "FacilityNa": "Denver Womens Recovery", "Address": "3801 East Florida Avenue, Denver CO, 80210", "AddressID": 1885, "lat": 39.6898128, "lng": -104.9423989, "GEOID": 8031, "STATEFP": 8, "CNTYNAME": "Denver", "SA": 1, "DT": 0, "HH": 0, "SUMH": 1, "HI": 0, "OP": 1, "RES": 0, "HID": 0, "HIT": 0, "OD": 0, "ODT": 0, "OIT": 1, "OMB": 0, "ORT": 1, "RD": 0, "RL": 0, "RS": 0, "GH": 0, "PSYH": 0, "MU": 0, "BU": 1, "NU": 1, "INPE": 0, "RPE": 0, "PC": 1, "NAUT": 0, "NMAUT": 0, "ACMA": 1, "PMAT": 1, "AUINPE": 1, "AURPE": 1, "AUPC": 1, "DB": 0, "BUM": 1, "OTP": 0, "DM": 0, "MM": 0, "UB": 1, "UN": 1, "RPN": 1, "PAIN": 0, "MOA": 1, "NMOA": 0, "DLC": 0, "NOOP": 0, "MWS": 0, "ACM": 1, "DSF": 1, "METH": 0, "BSDM": 0, "BWN": 1, "BWON": 0, "BERI": 0, "NXN": 1, "VTRL": 1, "MHIV": 0, "MHCV": 0, "LFXD": 0, "CLND": 0, "MMD": 1, "MPEP": 0, "NRT": 0, "NSC": 1, "ANG": 0, "BIA": 1, "CBT": 1, "CMI": 1, "CRV": 0, "MOTI": 1, "MXM": 0, "RELP": 1, "SACA": 1, "TRC": 1, "TELE": 1, "TWFA": 0, "LCCG": 0, "DDF": 0, "IH": 0, "PVTP": 1, "PVTN": 0, "STG": 0, "TBG": 0, "FED": 0, "VAMC": 0, "STAG": 1, "STMH": 1, "STDH": 0, "CARF": 1, "COA": 0, "HFAP": 0, "HLA": 0, "JC": 0, "NCQA": 0, "FQHC": 0, "SOTP": 0, "DEA": 0, "FSA": 0, "ITU": 0, "MC": 0, "MD": 0, "MI": 1, "NP": 0, "PI": 1, "SF": 1, "SI": 0, "SAMF": 0, "PA": 0, "SS": 0, "AD": 0, "TAY": 1, "WN": 1, "PW": 1, "MN": 0, "SE": 1, "GL": 1, "VET": 1, "ADM": 1, "MF": 1, "CJ": 0, "CO": 1, "COPSU": 1, "HV": 1, "XA": 1, "DV": 1, "TRMA": 1, "CMHA": 1, "CSAA": 1, "ISC": 0, "OPC": 1, "MHPA": 0, "STU": 0, "SSA": 1, "SMHD": 1, "PIEC": 0, "BABA": 1, "DAOF": 0, "DAUT": 1, "HIVT": 0, "STDT": 0, "TBS": 0, "MST": 0, "HBT": 0, "HCT": 0, "ACC": 1, "DP": 1, "NOE": 1, "OFD": 1, "SHG": 0, "HS": 1, "AOSS": 1, "RC": 1, "PEER": 1, "EMP": 1, "TGD": 1, "TOD": 0, "ADTX": 0, "BDTX": 0, "CDTX": 0, "MDTX": 0, "ODTX": 0, "MDET": 0, "HAEC": 0, "TAEC": 0, "HEOH": 0, "SAE": 1, "TCC": 0, "ICO": 1, "GCO": 1, "FCO": 1, "MCO": 1, "VOC": 0, "HAV": 0, "HBV": 0, "SMON": 0, "SMOP": 1, "SMPD": 0, "CHLD": 0, "YAD": 1, "ADLT": 1, "SNR": 1, "FEM": 1, "MALE": 0, "DU": 0, "DUO": 0, "AUDO": 0, "OUDO": 0, "AH": 0, "SP": 0, "NX": 0, "FX": 0, "F4": 0, "F17": 0, "F19": 0, "F25": 0, "F28": 0, "F30": 0, "F31": 0, "F35": 0, "F36": 0, "F37": 0, "F42": 0, "F43": 0, "F47": 0, "F66": 0, "F67": 0, "F70": 0, "F81": 0, "F92": 0, "N24": 0, "N40": 0, "VAPN": 0, "VAPP": 1, "VPPD": 0, "ACU": 0, "BC": 0, "CM": 1, "CCC": 0, "DVFP": 0, "EIH": 0, "MHS": 1, "SSD": 1, "TA": 0, "IPC": 0, "SPS": 0 }, "geometry": { "type": "Point", "coordinates": [ -104.942398899999944, 39.689812800000027 ] } },
{ "type": "Feature", "properties": { "ID": 202401904, "Year": 2024, "FacilityNa": "Empowerment Program", "Address": "1600 York Street, Denver CO, 80206", "AddressID": 1887, "lat": 39.7419344, "lng": -104.9595278, "GEOID": 8031, "STATEFP": 8, "CNTYNAME": "Denver", "SA": 1, "DT": 0, "HH": 0, "SUMH": 1, "HI": 0, "OP": 1, "RES": 0, "HID": 0, "HIT": 0, "OD": 0, "ODT": 0, "OIT": 1, "OMB": 0, "ORT": 1, "RD": 0, "RL": 0, "RS": 0, "GH": 0, "PSYH": 0, "MU": 0, "BU": 0, "NU": 0, "INPE": 0, "RPE": 1, "PC": 1, "NAUT": 0, "NMAUT": 0, "ACMA": 1, "PMAT": 0, "AUINPE": 0, "AURPE": 1, "AUPC": 1, "DB": 0, "BUM": 0, "OTP": 0, "DM": 0, "MM": 0, "UB": 0, "UN": 0, "RPN": 0, "PAIN": 0, "MOA": 1, "NMOA": 0, "DLC": 0, "NOOP": 0, "MWS": 0, "ACM": 0, "DSF": 0, "METH": 0, "BSDM": 0, "BWN": 0, "BWON": 0, "BERI": 0, "NXN": 0, "VTRL": 0, "MHIV": 0, "MHCV": 0, "LFXD": 0, "CLND": 0, "MMD": 0, "MPEP": 0, "NRT": 0, "NSC": 0, "ANG": 1, "BIA": 1, "CBT": 1, "CMI": 1, "CRV": 0, "MOTI": 1, "MXM": 0, "RELP": 1, "SACA": 1, "TRC": 1, "TELE": 1, "TWFA": 0, "LCCG": 0, "DDF": 0, "IH": 0, "PVTP": 0, "PVTN": 1, "STG": 0, "TBG": 0, "FED": 0, "VAMC": 0, "STAG": 1, "STMH": 1, "STDH": 0, "CARF": 0, "COA": 0, "HFAP": 0, "HLA": 0, "JC": 0, "NCQA": 0, "FQHC": 0, "SOTP": 0, "DEA": 0, "FSA": 1, "ITU": 0, "MC": 0, "MD": 0, "MI": 0, "NP": 1, "PI": 0, "SF": 0, "SI": 0, "SAMF": 0, "PA": 1, "SS": 0, "AD": 0, "TAY": 1, "WN": 1, "PW": 1, "MN": 1, "SE": 1, "GL": 1, "VET": 1, "ADM": 0, "MF": 0, "CJ": 1, "CO": 1, "COPSU": 1, "HV": 1, "XA": 1, "DV": 1, "TRMA": 1, "CMHA": 1, "CSAA": 1, "ISC": 0, "OPC": 1, "MHPA": 0, "STU": 1, "SSA": 1, "SMHD": 1, "PIEC": 0, "BABA": 0, "DAOF": 0, "DAUT": 0, "HIVT": 1, "STDT": 1, "TBS": 0, "MST": 0, "HBT": 0, "HCT": 1, "ACC": 1, "DP": 1, "NOE": 1, "OFD": 1, "SHG": 1, "HS": 1, "AOSS": 1, "RC": 1, "PEER": 1, "EMP": 1, "TGD": 0, "TOD": 1, "ADTX": 0, "BDTX": 0, "CDTX": 0, "MDTX": 0, "ODTX": 0, "MDET": 0, "HAEC": 1, "TAEC": 1, "HEOH": 1, "SAE": 1, "TCC": 1, "ICO": 1, "GCO": 1, "FCO": 0, "MCO": 0, "VOC": 1, "HAV": 0, "HBV": 0, "SMON": 0, "SMOP": 0, "SMPD": 1, "CHLD": 0, "YAD": 1, "ADLT": 1, "SNR": 0, "FEM": 1, "MALE": 1, "DU": 0, "DUO": 0, "AUDO": 0, "OUDO": 0, "AH": 1, "SP": 1, "NX": 0, "FX": 0, "F4": 0, "F17": 0, "F19": 0, "F25": 0, "F28": 0, "F30": 0, "F31": 0, "F35": 0, "F36": 0, "F37": 0, "F42": 0, "F43": 0, "F47": 0, "F66": 0, "F67": 0, "F70": 0, "F81": 0, "F92": 0, "N24": 0, "N40": 0, "VAPN": 0, "VAPP": 0, "VPPD": 1, "ACU": 1, "BC": 0, "CM": 1, "CCC": 0, "DVFP": 1, "EIH": 1, "MHS": 1, "SSD": 1, "TA": 1, "IPC": 0, "SPS": 1 }, "geometry": { "type": "Point", "coordinates": [ -104.959527799999989, 39.741934400000048 ] } },
{ "type": "Feature", "properties": { "ID": 202401905, "Year": 2024, "FacilityNa": "Golden Peak Recovery", "Address": "2300 South Balsam Lane, Denver CO, 80227", "AddressID": 1888, "lat": 39.674538, "lng": -105.0871521, "GEOID": 8059, "STATEFP": 8, "CNTYNAME": "Jefferson", "SA": 1, "DT": 1, "HH": 0, "SUMH": 1, "HI": 0, "OP": 0, "RES": 1, "HID": 0, "HIT": 0, "OD": 0, "ODT": 0, "OIT": 0, "OMB": 0, "ORT": 0, "RD": 1, "RL": 1, "RS": 1, "GH": 0, "PSYH": 0, "MU": 0, "BU": 1, "NU": 1, "INPE": 0, "RPE": 0, "PC": 0, "NAUT": 0, "NMAUT": 0, "ACMA": 1, "PMAT": 1, "AUINPE": 0, "AURPE": 0, "AUPC": 1, "DB": 1, "BUM": 1, "OTP": 0, "DM": 0, "MM": 0, "UB": 1, "UN": 1, "RPN": 1, "PAIN": 0, "MOA": 0, "NMOA": 0, "DLC": 0, "NOOP": 0, "MWS": 1, "ACM": 1, "DSF": 1, "METH": 0, "BSDM": 0, "BWN": 1, "BWON": 0, "BERI": 0, "NXN": 1, "VTRL": 1, "MHIV": 0, "MHCV": 0, "LFXD": 0, "CLND": 0, "MMD": 1, "MPEP": 0, "NRT": 1, "NSC": 1, "ANG": 1, "BIA": 1, "CBT": 1, "CMI": 1, "CRV": 1, "MOTI": 1, "MXM": 1, "RELP": 1, "SACA": 1, "TRC": 1, "TELE": 1, "TWFA": 1, "LCCG": 0, "DDF": 0, "IH": 0, "PVTP": 1, "PVTN": 0, "STG": 0, "TBG": 0, "FED": 0, "VAMC": 0, "STAG": 0, "STMH": 0, "STDH": 1, "CARF": 0, "COA": 0, "HFAP": 0, "HLA": 0, "JC": 1, "NCQA": 0, "FQHC": 0, "SOTP": 0, "DEA": 0, "FSA": 0, "ITU": 0, "MC": 0, "MD": 0, "MI": 0, "NP": 0, "PI": 1, "SF": 1, "SI": 0, "SAMF": 0, "PA": 0, "SS": 1, "AD": 0, "TAY": 0, "WN": 0, "PW": 0, "MN": 0, "SE": 0, "GL": 0, "VET": 0, "ADM": 0, "MF": 0, "CJ": 0, "CO": 1, "COPSU": 1, "HV": 0, "XA": 0, "DV": 0, "TRMA": 1, "CMHA": 1, "CSAA": 1, "ISC": 1, "OPC": 1, "MHPA": 1, "STU": 1, "SSA": 1, "SMHD": 1, "PIEC": 1, "BABA": 1, "DAOF": 1, "DAUT": 1, "HIVT": 1, "STDT": 1, "TBS": 1, "MST": 1, "HBT": 1, "HCT": 1, "ACC": 1, "DP": 1, "NOE": 1, "OFD": 1, "SHG": 1, "HS": 1, "AOSS": 1, "RC": 1, "PEER": 1, "EMP": 1, "TGD": 0, "TOD": 0, "ADTX": 1, "BDTX": 1, "CDTX": 1, "MDTX": 1, "ODTX": 1, "MDET": 1, "HAEC": 0, "TAEC": 0, "HEOH": 1, "SAE": 1, "TCC": 1, "ICO": 1, "GCO": 1, "FCO": 1, "MCO": 0, "VOC": 0, "HAV": 0, "HBV": 0, "SMON": 0, "SMOP": 0, "SMPD": 1, "CHLD": 0, "YAD": 1, "ADLT": 1, "SNR": 0, "FEM": 1, "MALE": 1, "DU": 0, "DUO": 0, "AUDO": 0, "OUDO": 0, "AH": 0, "SP": 0, "NX": 0, "FX": 0, "F4": 0, "F17": 0, "F19": 0, "F25": 0, "F28": 0, "F30": 0, "F31": 0, "F35": 0, "F36": 0, "F37": 0, "F42": 0, "F43": 0, "F47": 0, "F66": 0, "F67": 0, "F70": 0, "F81": 0, "F92": 0, "N24": 0, "N40": 0, "VAPN": 0, "VAPP": 0, "VPPD": 1, "ACU": 0, "BC": 0, "CM": 1, "CCC": 0, "DVFP": 0, "EIH": 0, "MHS": 1, "SSD": 1, "TA": 0, "IPC": 1, "SPS": 1 }, "geometry": { "type": "Point", "coordinates": [ -105.087152099999969, 39.674538 ] } },
{ "type": "Feature", "properties": { "ID": 202401906, "Year": 2024, "FacilityNa": "Guardian Virtual Colorado", "Address": "2000 South Colorado Boulevard, Denver CO, 80222", "AddressID": 15077, "lat": 39.6804354, "lng": -104.9395447, "GEOID": 8031, "STATEFP": 8, "CNTYNAME": "Denver", "SA": 1, "DT": 0, "HH": 0, "SUMH": 0, "HI": 0, "OP": 1, "RES": 0, "HID": 0, "HIT": 0, "OD": 0, "ODT": 0, "OIT": 1, "OMB": 0, "ORT": 1, "RD": 0, "RL": 0, "RS": 0, "GH": 0, "PSYH": 0, "MU": 0, "BU": 0, "NU": 0, "INPE": 0, "RPE": 1, "PC": 0, "NAUT": 0, "NMAUT": 0, "ACMA": 1, "PMAT": 0, "AUINPE": 0, "AURPE": 1, "AUPC": 0, "DB": 0, "BUM": 0, "OTP": 0, "DM": 0, "MM": 0, "UB": 0, "UN": 0, "RPN": 0, "PAIN": 0, "MOA": 1, "NMOA": 0, "DLC": 0, "NOOP": 0, "MWS": 0, "ACM": 0, "DSF": 0, "METH": 0, "BSDM": 0, "BWN": 0, "BWON": 0, "BERI": 0, "NXN": 0, "VTRL": 0, "MHIV": 0, "MHCV": 0, "LFXD": 0, "CLND": 0, "MMD": 0, "MPEP": 0, "NRT": 0, "NSC": 0, "ANG": 1, "BIA": 1, "CBT": 1, "CMI": 1, "CRV": 0, "MOTI": 1, "MXM": 1, "RELP": 1, "SACA": 1, "TRC": 1, "TELE": 1, "TWFA": 1, "LCCG": 0, "DDF": 0, "IH": 0, "PVTP": 1, "PVTN": 0, "STG": 0, "TBG": 0, "FED": 0, "VAMC": 0, "STAG": 1, "STMH": 0, "STDH": 1, "CARF": 0, "COA": 0, "HFAP": 0, "HLA": 0, "JC": 0, "NCQA": 0, "FQHC": 0, "SOTP": 0, "DEA": 0, "FSA": 0, "ITU": 0, "MC": 0, "MD": 0, "MI": 0, "NP": 0, "PI": 1, "SF": 1, "SI": 0, "SAMF": 0, "PA": 0, "SS": 0, "AD": 0, "TAY": 0, "WN": 1, "PW": 1, "MN": 1, "SE": 1, "GL": 0, "VET": 0, "ADM": 0, "MF": 0, "CJ": 0, "CO": 1, "COPSU": 1, "HV": 0, "XA": 1, "DV": 1, "TRMA": 1, "CMHA": 1, "CSAA": 1, "ISC": 1, "OPC": 1, "MHPA": 1, "STU": 1, "SSA": 1, "SMHD": 1, "PIEC": 1, "BABA": 1, "DAOF": 0, "DAUT": 1, "HIVT": 0, "STDT": 0, "TBS": 1, "MST": 0, "HBT": 0, "HCT": 0, "ACC": 1, "DP": 1, "NOE": 1, "OFD": 1, "SHG": 1, "HS": 1, "AOSS": 1, "RC": 0, "PEER": 0, "EMP": 1, "TGD": 0, "TOD": 0, "ADTX": 0, "BDTX": 0, "CDTX": 0, "MDTX": 0, "ODTX": 0, "MDET": 0, "HAEC": 1, "TAEC": 1, "HEOH": 1, "SAE": 1, "TCC": 1, "ICO": 1, "GCO": 1, "FCO": 1, "MCO": 0, "VOC": 0, "HAV": 0, "HBV": 0, "SMON": 0, "SMOP": 0, "SMPD": 1, "CHLD": 0, "YAD": 1, "ADLT": 1, "SNR": 0, "FEM": 1, "MALE": 1, "DU": 0, "DUO": 0, "AUDO": 0, "OUDO": 0, "AH": 0, "SP": 0, "NX": 0, "FX": 0, "F4": 0, "F17": 0, "F19": 0, "F25": 0, "F28": 0, "F30": 0, "F31": 0, "F35": 0, "F36": 0, "F37": 0, "F42": 0, "F43": 0, "F47": 0, "F66": 0, "F67": 0, "F70": 0, "F81": 0, "F92": 0, "N24": 0, "N40": 0, "VAPN": 0, "VAPP": 0, "VPPD": 1, "ACU": 0, "BC": 0, "CM": 1, "CCC": 0, "DVFP": 1, "EIH": 0, "MHS": 1, "SSD": 1, "TA": 0, "IPC": 0, "SPS": 1 }, "geometry": { "type": "Point", "coordinates": [ -104.939544699999942, 39.680435400000079 ] } },
{ "type": "Feature", "properties": { "ID": 202401907, "Year": 2024, "FacilityNa": "Heritage Outpatient Treatment Servs", "Address": "1602 South Parker Road, Denver CO, 80231", "AddressID": 1890, "lat": 39.6874262, "lng": -104.8860549, "GEOID": 8005, "STATEFP": 8, "CNTYNAME": "Arapahoe", "SA": 1, "DT": 0, "HH": 0, "SUMH": 1, "HI": 0, "OP": 1, "RES": 0, "HID": 0, "HIT": 0, "OD": 0, "ODT": 0, "OIT": 0, "OMB": 0, "ORT": 1, "RD": 0, "RL": 0, "RS": 0, "GH": 0, "PSYH": 0, "MU": 0, "BU": 0, "NU": 0, "INPE": 0, "RPE": 0, "PC": 1, "NAUT": 0, "NMAUT": 0, "ACMA": 1, "PMAT": 0, "AUINPE": 0, "AURPE": 0, "AUPC": 1, "DB": 0, "BUM": 0, "OTP": 0, "DM": 0, "MM": 0, "UB": 0, "UN": 0, "RPN": 0, "PAIN": 0, "MOA": 1, "NMOA": 0, "DLC": 0, "NOOP": 0, "MWS": 0, "ACM": 0, "DSF": 0, "METH": 0, "BSDM": 0, "BWN": 0, "BWON": 0, "BERI": 0, "NXN": 0, "VTRL": 0, "MHIV": 0, "MHCV": 0, "LFXD": 0, "CLND": 0, "MMD": 0, "MPEP": 0, "NRT": 0, "NSC": 0, "ANG": 1, "BIA": 0, "CBT": 1, "CMI": 0, "CRV": 0, "MOTI": 1, "MXM": 0, "RELP": 1, "SACA": 1, "TRC": 0, "TELE": 1, "TWFA": 0, "LCCG": 0, "DDF": 0, "IH": 0, "PVTP": 1, "PVTN": 0, "STG": 0, "TBG": 0, "FED": 0, "VAMC": 0, "STAG": 1, "STMH": 0, "STDH": 1, "CARF": 0, "COA": 0, "HFAP": 0, "HLA": 0, "JC": 0, "NCQA": 0, "FQHC": 0, "SOTP": 0, "DEA": 0, "FSA": 0, "ITU": 0, "MC": 0, "MD": 1, "MI": 0, "NP": 0, "PI": 0, "SF": 1, "SI": 0, "SAMF": 0, "PA": 1, "SS": 1, "AD": 0, "TAY": 1, "WN": 1, "PW": 0, "MN": 1, "SE": 0, "GL": 0, "VET": 0, "ADM": 0, "MF": 0, "CJ": 1, "CO": 1, "COPSU": 0, "HV": 0, "XA": 0, "DV": 0, "TRMA": 0, "CMHA": 1, "CSAA": 1, "ISC": 1, "OPC": 1, "MHPA": 0, "STU": 1, "SSA": 1, "SMHD": 1, "PIEC": 0, "BABA": 1, "DAOF": 1, "DAUT": 1, "HIVT": 0, "STDT": 0, "TBS": 0, "MST": 0, "HBT": 0, "HCT": 0, "ACC": 1, "DP": 1, "NOE": 0, "OFD": 1, "SHG": 0, "HS": 0, "AOSS": 1, "RC": 0, "PEER": 0, "EMP": 1, "TGD": 0, "TOD": 1, "ADTX": 0, "BDTX": 0, "CDTX": 0, "MDTX": 0, "ODTX": 0, "MDET": 0, "HAEC": 0, "TAEC": 0, "HEOH": 0, "SAE": 1, "TCC": 1, "ICO": 1, "GCO": 1, "FCO": 1, "MCO": 1, "VOC": 0, "HAV": 0, "HBV": 0, "SMON": 0, "SMOP": 0, "SMPD": 1, "CHLD": 0, "YAD": 1, "ADLT": 1, "SNR": 0, "FEM": 1, "MALE": 1, "DU": 1, "DUO": 0, "AUDO": 0, "OUDO": 0, "AH": 0, "SP": 0, "NX": 0, "FX": 0, "F4": 0, "F17": 0, "F19": 0, "F25": 0, "F28": 0, "F30": 0, "F31": 0, "F35": 0, "F36": 0, "F37": 0, "F42": 0, "F43": 0, "F47": 0, "F66": 0, "F67": 0, "F70": 0, "F81": 0, "F92": 0, "N24": 0, "N40": 0, "VAPN": 0, "VAPP": 1, "VPPD": 0, "ACU": 0, "BC": 0, "CM": 1, "CCC": 0, "DVFP": 0, "EIH": 0, "MHS": 1, "SSD": 1, "TA": 0, "IPC": 0, "SPS": 0 }, "geometry": { "type": "Point", "coordinates": [ -104.886054899999976, 39.687426200000061 ] } },
{ "type": "Feature", "properties": { "ID": 202401908, "Year": 2024, "FacilityNa": "IDEA Forum Inc IDEA Denver", "Address": "2370 West Alameda Avenue, Denver CO, 80223", "AddressID": 1891, "lat": 39.7109131, "lng": -105.0154792, "GEOID": 8031, "STATEFP": 8, "CNTYNAME": "Denver", "SA": 1, "DT": 0, "HH": 0, "SUMH": 1, "HI": 0, "OP": 1, "RES": 0, "HID": 0, "HIT": 0, "OD": 0, "ODT": 0, "OIT": 1, "OMB": 0, "ORT": 1, "RD": 0, "RL": 0, "RS": 0, "GH": 0, "PSYH": 0, "MU": 0, "BU": 0, "NU": 0, "INPE": 0, "RPE": 1, "PC": 0, "NAUT": 0, "NMAUT": 1, "ACMA": 0, "PMAT": 0, "AUINPE": 0, "AURPE": 0, "AUPC": 0, "DB": 0, "BUM": 0, "OTP": 0, "DM": 0, "MM": 0, "UB": 0, "UN": 0, "RPN": 0, "PAIN": 0, "MOA": 1, "NMOA": 0, "DLC": 0, "NOOP": 0, "MWS": 0, "ACM": 0, "DSF": 1, "METH": 0, "BSDM": 0, "BWN": 0, "BWON": 0, "BERI": 0, "NXN": 0, "VTRL": 0, "MHIV": 0, "MHCV": 0, "LFXD": 0, "CLND": 0, "MMD": 0, "MPEP": 0, "NRT": 0, "NSC": 0, "ANG": 1, "BIA": 1, "CBT": 1, "CMI": 0, "CRV": 1, "MOTI": 1, "MXM": 1, "RELP": 1, "SACA": 1, "TRC": 1, "TELE": 1, "TWFA": 1, "LCCG": 0, "DDF": 0, "IH": 0, "PVTP": 1, "PVTN": 0, "STG": 0, "TBG": 0, "FED": 0, "VAMC": 0, "STAG": 1, "STMH": 0, "STDH": 0, "CARF": 0, "COA": 0, "HFAP": 0, "HLA": 0, "JC": 0, "NCQA": 0, "FQHC": 0, "SOTP": 0, "DEA": 0, "FSA": 1, "ITU": 0, "MC": 0, "MD": 1, "MI": 0, "NP": 0, "PI": 0, "SF": 1, "SI": 0, "SAMF": 1, "PA": 0, "SS": 1, "AD": 1, "TAY": 1, "WN": 1, "PW": 1, "MN": 1, "SE": 1, "GL": 1, "VET": 1, "ADM": 1, "MF": 1, "CJ": 1, "CO": 1, "COPSU": 1, "HV": 1, "XA": 1, "DV": 1, "TRMA": 1, "CMHA": 0, "CSAA": 1, "ISC": 1, "OPC": 1, "MHPA": 0, "STU": 1, "SSA": 1, "SMHD": 1, "PIEC": 0, "BABA": 1, "DAOF": 1, "DAUT": 1, "HIVT": 0, "STDT": 0, "TBS": 1, "MST": 0, "HBT": 0, "HCT": 0, "ACC": 1, "DP": 1, "NOE": 0, "OFD": 1, "SHG": 1, "HS": 0, "AOSS": 1, "RC": 1, "PEER": 1, "EMP": 1, "TGD": 1, "TOD": 0, "ADTX": 0, "BDTX": 0, "CDTX": 0, "MDTX": 0, "ODTX": 0, "MDET": 0, "HAEC": 1, "TAEC": 1, "HEOH": 1, "SAE": 1, "TCC": 1, "ICO": 1, "GCO": 1, "FCO": 1, "MCO": 1, "VOC": 0, "HAV": 0, "HBV": 0, "SMON": 1, "SMOP": 0, "SMPD": 0, "CHLD": 0, "YAD": 0, "ADLT": 1, "SNR": 1, "FEM": 1, "MALE": 1, "DU": 1, "DUO": 0, "AUDO": 0, "OUDO": 0, "AH": 1, "SP": 1, "NX": 0, "FX": 0, "F4": 0, "F17": 0, "F19": 0, "F25": 0, "F28": 0, "F30": 0, "F31": 0, "F35": 0, "F36": 0, "F37": 0, "F42": 0, "F43": 0, "F47": 0, "F66": 0, "F67": 0, "F70": 0, "F81": 0, "F92": 0, "N24": 0, "N40": 0, "VAPN": 1, "VAPP": 0, "VPPD": 0, "ACU": 0, "BC": 0, "CM": 1, "CCC": 0, "DVFP": 1, "EIH": 0, "MHS": 1, "SSD": 1, "TA": 0, "IPC": 0, "SPS": 0 }, "geometry": { "type": "Point", "coordinates": [ -105.015479199999959, 39.710913100000027 ] } },
{ "type": "Feature", "properties": { "ID": 202401909, "Year": 2024, "FacilityNa": "IDEA Forum Inc IDEA Thornton", "Address": "9051 North Washington Street, Denver CO, 80229", "AddressID": 1892, "lat": 39.7358732, "lng": -104.9787243, "GEOID": 8031, "STATEFP": 8, "CNTYNAME": "Denver", "SA": 1, "DT": 0, "HH": 0, "SUMH": 1, "HI": 0, "OP": 1, "RES": 0, "HID": 0, "HIT": 0, "OD": 0, "ODT": 0, "OIT": 1, "OMB": 0, "ORT": 1, "RD": 0, "RL": 0, "RS": 0, "GH": 0, "PSYH": 0, "MU": 0, "BU": 0, "NU": 0, "INPE": 0, "RPE": 1, "PC": 0, "NAUT": 0, "NMAUT": 1, "ACMA": 0, "PMAT": 0, "AUINPE": 0, "AURPE": 0, "AUPC": 0, "DB": 0, "BUM": 0, "OTP": 0, "DM": 0, "MM": 0, "UB": 0, "UN": 0, "RPN": 0, "PAIN": 0, "MOA": 1, "NMOA": 0, "DLC": 0, "NOOP": 0, "MWS": 0, "ACM": 0, "DSF": 1, "METH": 0, "BSDM": 0, "BWN": 0, "BWON": 0, "BERI": 0, "NXN": 0, "VTRL": 0, "MHIV": 0, "MHCV": 0, "LFXD": 0, "CLND": 0, "MMD": 0, "MPEP": 0, "NRT": 0, "NSC": 0, "ANG": 1, "BIA": 1, "CBT": 1, "CMI": 0, "CRV": 1, "MOTI": 1, "MXM": 1, "RELP": 1, "SACA": 1, "TRC": 1, "TELE": 1, "TWFA": 1, "LCCG": 0, "DDF": 0, "IH": 0, "PVTP": 1, "PVTN": 0, "STG": 0, "TBG": 0, "FED": 0, "VAMC": 0, "STAG": 1, "STMH": 0, "STDH": 0, "CARF": 0, "COA": 0, "HFAP": 0, "HLA": 0, "JC": 0, "NCQA": 0, "FQHC": 0, "SOTP": 0, "DEA": 0, "FSA": 1, "ITU": 0, "MC": 0, "MD": 1, "MI": 0, "NP": 0, "PI": 0, "SF": 1, "SI": 0, "SAMF": 1, "PA": 0, "SS": 1, "AD": 1, "TAY": 1, "WN": 1, "PW": 1, "MN": 1, "SE": 1, "GL": 1, "VET": 1, "ADM": 1, "MF": 1, "CJ": 1, "CO": 1, "COPSU": 1, "HV": 1, "XA": 1, "DV": 1, "TRMA": 1, "CMHA": 0, "CSAA": 1, "ISC": 1, "OPC": 1, "MHPA": 0, "STU": 1, "SSA": 1, "SMHD": 1, "PIEC": 0, "BABA": 1, "DAOF": 1, "DAUT": 1, "HIVT": 0, "STDT": 0, "TBS": 1, "MST": 0, "HBT": 0, "HCT": 0, "ACC": 1, "DP": 1, "NOE": 0, "OFD": 1, "SHG": 1, "HS": 0, "AOSS": 1, "RC": 1, "PEER": 1, "EMP": 1, "TGD": 1, "TOD": 0, "ADTX": 0, "BDTX": 0, "CDTX": 0, "MDTX": 0, "ODTX": 0, "MDET": 0, "HAEC": 1, "TAEC": 1, "HEOH": 1, "SAE": 1, "TCC": 1, "ICO": 1, "GCO": 1, "FCO": 1, "MCO": 1, "VOC": 0, "HAV": 0, "HBV": 0, "SMON": 1, "SMOP": 0, "SMPD": 0, "CHLD": 0, "YAD": 0, "ADLT": 1, "SNR": 1, "FEM": 1, "MALE": 1, "DU": 1, "DUO": 0, "AUDO": 0, "OUDO": 0, "AH": 1, "SP": 1, "NX": 0, "FX": 0, "F4": 0, "F17": 0, "F19": 0, "F25": 0, "F28": 0, "F30": 0, "F31": 0, "F35": 0, "F36": 0, "F37": 0, "F42": 0, "F43": 0, "F47": 0, "F66": 0, "F67": 0, "F70": 0, "F81": 0, "F92": 0, "N24": 0, "N40": 0, "VAPN": 1, "VAPP": 0, "VPPD": 0, "ACU": 0, "BC": 0, "CM": 1, "CCC": 0, "DVFP": 1, "EIH": 0, "MHS": 1, "SSD": 1, "TA": 0, "IPC": 0, "SPS": 0 }, "geometry": { "type": "Point", "coordinates": [ -104.978724299999953, 39.735873200000071 ] } },
{ "type": "Feature", "properties": { "ID": 202401910, "Year": 2024, "FacilityNa": "Independence House Northside Outpatient Services", "Address": "4300 Kalamath Street, Denver CO, 80211", "AddressID": 1893, "lat": 39.7757227, "lng": -105.0002532, "GEOID": 8031, "STATEFP": 8, "CNTYNAME": "Denver", "SA": 1, "DT": 0, "HH": 0, "SUMH": 1, "HI": 0, "OP": 1, "RES": 0, "HID": 0, "HIT": 0, "OD": 0, "ODT": 0, "OIT": 1, "OMB": 0, "ORT": 1, "RD": 0, "RL": 0, "RS": 0, "GH": 0, "PSYH": 0, "MU": 0, "BU": 0, "NU": 1, "INPE": 0, "RPE": 0, "PC": 1, "NAUT": 0, "NMAUT": 0, "ACMA": 1, "PMAT": 0, "AUINPE": 0, "AURPE": 0, "AUPC": 1, "DB": 0, "BUM": 0, "OTP": 0, "DM": 0, "MM": 0, "UB": 0, "UN": 1, "RPN": 0, "PAIN": 0, "MOA": 1, "NMOA": 0, "DLC": 0, "NOOP": 0, "MWS": 0, "ACM": 0, "DSF": 0, "METH": 0, "BSDM": 0, "BWN": 0, "BWON": 0, "BERI": 0, "NXN": 1, "VTRL": 0, "MHIV": 0, "MHCV": 0, "LFXD": 0, "CLND": 0, "MMD": 1, "MPEP": 0, "NRT": 0, "NSC": 0, "ANG": 1, "BIA": 0, "CBT": 1, "CMI": 1, "CRV": 0, "MOTI": 1, "MXM": 1, "RELP": 1, "SACA": 1, "TRC": 1, "TELE": 1, "TWFA": 0, "LCCG": 0, "DDF": 0, "IH": 0, "PVTP": 1, "PVTN": 0, "STG": 0, "TBG": 0, "FED": 0, "VAMC": 0, "STAG": 1, "STMH": 1, "STDH": 1, "CARF": 0, "COA": 0, "HFAP": 0, "HLA": 0, "JC": 0, "NCQA": 0, "FQHC": 0, "SOTP": 0, "DEA": 0, "FSA": 1, "ITU": 0, "MC": 0, "MD": 0, "MI": 0, "NP": 0, "PI": 0, "SF": 1, "SI": 0, "SAMF": 0, "PA": 0, "SS": 0, "AD": 0, "TAY": 0, "WN": 1, "PW": 0, "MN": 1, "SE": 0, "GL": 0, "VET": 0, "ADM": 0, "MF": 0, "CJ": 1, "CO": 1, "COPSU": 0, "HV": 0, "XA": 0, "DV": 0, "TRMA": 1, "CMHA": 1, "CSAA": 1, "ISC": 0, "OPC": 0, "MHPA": 0, "STU": 0, "SSA": 1, "SMHD": 1, "PIEC": 0, "BABA": 1, "DAOF": 1, "DAUT": 1, "HIVT": 0, "STDT": 0, "TBS": 0, "MST": 0, "HBT": 0, "HCT": 0, "ACC": 1, "DP": 1, "NOE": 0, "OFD": 0, "SHG": 0, "HS": 1, "AOSS": 1, "RC": 0, "PEER": 0, "EMP": 1, "TGD": 0, "TOD": 0, "ADTX": 0, "BDTX": 0, "CDTX": 0, "MDTX": 0, "ODTX": 0, "MDET": 0, "HAEC": 0, "TAEC": 0, "HEOH": 0, "SAE": 1, "TCC": 0, "ICO": 1, "GCO": 1, "FCO": 1, "MCO": 1, "VOC": 0, "HAV": 0, "HBV": 0, "SMON": 0, "SMOP": 0, "SMPD": 1, "CHLD": 0, "YAD": 1, "ADLT": 1, "SNR": 0, "FEM": 1, "MALE": 1, "DU": 1, "DUO": 0, "AUDO": 0, "OUDO": 0, "AH": 0, "SP": 0, "NX": 0, "FX": 0, "F4": 0, "F17": 0, "F19": 0, "F25": 0, "F28": 0, "F30": 0, "F31": 0, "F35": 0, "F36": 0, "F37": 0, "F42": 0, "F43": 0, "F47": 0, "F66": 0, "F67": 0, "F70": 0, "F81": 0, "F92": 0, "N24": 0, "N40": 0, "VAPN": 0, "VAPP": 1, "VPPD": 0, "ACU": 0, "BC": 0, "CM": 0, "CCC": 0, "DVFP": 0, "EIH": 0, "MHS": 1, "SSD": 0, "TA": 0, "IPC": 0, "SPS": 0 }, "geometry": { "type": "Point", "coordinates": [ -105.000253199999975, 39.775722700000074 ] } },
{ "type": "Feature", "properties": { "ID": 202401911, "Year": 2024, "FacilityNa": "Jefferson Center for Mental Health Alameda Office", "Address": "5801 West Alameda Avenue, Denver CO, 80226", "AddressID": 1895, "lat": 39.7117839, "lng": -105.0607095, "GEOID": 8059, "STATEFP": 8, "CNTYNAME": "Jefferson", "SA": 1, "DT": 0, "HH": 0, "SUMH": 1, "HI": 0, "OP": 1, "RES": 0, "HID": 0, "HIT": 0, "OD": 0, "ODT": 0, "OIT": 1, "OMB": 1, "ORT": 1, "RD": 0, "RL": 0, "RS": 0, "GH": 0, "PSYH": 0, "MU": 0, "BU": 1, "NU": 1, "INPE": 0, "RPE": 0, "PC": 0, "NAUT": 0, "NMAUT": 0, "ACMA": 0, "PMAT": 1, "AUINPE": 1, "AURPE": 1, "AUPC": 1, "DB": 0, "BUM": 1, "OTP": 0, "DM": 0, "MM": 0, "UB": 1, "UN": 1, "RPN": 1, "PAIN": 0, "MOA": 0, "NMOA": 0, "DLC": 0, "NOOP": 0, "MWS": 0, "ACM": 1, "DSF": 1, "METH": 0, "BSDM": 0, "BWN": 1, "BWON": 1, "BERI": 1, "NXN": 1, "VTRL": 0, "MHIV": 0, "MHCV": 0, "LFXD": 0, "CLND": 1, "MMD": 1, "MPEP": 0, "NRT": 1, "NSC": 1, "ANG": 0, "BIA": 1, "CBT": 1, "CMI": 0, "CRV": 0, "MOTI": 1, "MXM": 0, "RELP": 1, "SACA": 1, "TRC": 1, "TELE": 1, "TWFA": 0, "LCCG": 0, "DDF": 0, "IH": 0, "PVTP": 0, "PVTN": 1, "STG": 0, "TBG": 0, "FED": 0, "VAMC": 0, "STAG": 1, "STMH": 1, "STDH": 0, "CARF": 0, "COA": 0, "HFAP": 0, "HLA": 0, "JC": 0, "NCQA": 0, "FQHC": 0, "SOTP": 0, "DEA": 0, "FSA": 1, "ITU": 0, "MC": 1, "MD": 1, "MI": 1, "NP": 0, "PI": 1, "SF": 1, "SI": 0, "SAMF": 1, "PA": 0, "SS": 1, "AD": 1, "TAY": 1, "WN": 1, "PW": 0, "MN": 1, "SE": 1, "GL": 1, "VET": 1, "ADM": 1, "MF": 1, "CJ": 1, "CO": 1, "COPSU": 1, "HV": 0, "XA": 1, "DV": 1, "TRMA": 1, "CMHA": 1, "CSAA": 1, "ISC": 1, "OPC": 1, "MHPA": 0, "STU": 1, "SSA": 1, "SMHD": 1, "PIEC": 1, "BABA": 0, "DAOF": 0, "DAUT": 1, "HIVT": 1, "STDT": 0, "TBS": 0, "MST": 0, "HBT": 1, "HCT": 1, "ACC": 1, "DP": 1, "NOE": 1, "OFD": 1, "SHG": 0, "HS": 1, "AOSS": 1, "RC": 1, "PEER": 1, "EMP": 1, "TGD": 0, "TOD": 0, "ADTX": 0, "BDTX": 0, "CDTX": 0, "MDTX": 0, "ODTX": 0, "MDET": 0, "HAEC": 0, "TAEC": 0, "HEOH": 1, "SAE": 1, "TCC": 1, "ICO": 1, "GCO": 1, "FCO": 1, "MCO": 0, "VOC": 1, "HAV": 0, "HBV": 0, "SMON": 1, "SMOP": 0, "SMPD": 0, "CHLD": 0, "YAD": 0, "ADLT": 1, "SNR": 1, "FEM": 1, "MALE": 1, "DU": 0, "DUO": 0, "AUDO": 0, "OUDO": 0, "AH": 0, "SP": 0, "NX": 0, "FX": 0, "F4": 0, "F17": 0, "F19": 0, "F25": 0, "F28": 0, "F30": 0, "F31": 0, "F35": 0, "F36": 0, "F37": 0, "F42": 0, "F43": 0, "F47": 0, "F66": 0, "F67": 0, "F70": 0, "F81": 0, "F92": 0, "N24": 0, "N40": 0, "VAPN": 1, "VAPP": 0, "VPPD": 0, "ACU": 0, "BC": 0, "CM": 1, "CCC": 0, "DVFP": 0, "EIH": 0, "MHS": 1, "SSD": 1, "TA": 0, "IPC": 0, "SPS": 1 }, "geometry": { "type": "Point", "coordinates": [ -105.060709499999973, 39.711783900000057 ] } },
{ "type": "Feature", "properties": { "ID": 202401912, "Year": 2024, "FacilityNa": "Jefferson Center for Mental Health Jefferson Plaza", "Address": "3595 South Teller Street, Denver CO, 80235", "AddressID": 1896, "lat": 39.6502744, "lng": -105.0771165, "GEOID": 8059, "STATEFP": 8, "CNTYNAME": "Jefferson", "SA": 1, "DT": 0, "HH": 0, "SUMH": 1, "HI": 0, "OP": 1, "RES": 0, "HID": 0, "HIT": 0, "OD": 0, "ODT": 0, "OIT": 1, "OMB": 1, "ORT": 1, "RD": 0, "RL": 0, "RS": 0, "GH": 0, "PSYH": 0, "MU": 0, "BU": 1, "NU": 1, "INPE": 0, "RPE": 0, "PC": 0, "NAUT": 0, "NMAUT": 0, "ACMA": 0, "PMAT": 1, "AUINPE": 1, "AURPE": 1, "AUPC": 1, "DB": 0, "BUM": 1, "OTP": 0, "DM": 0, "MM": 0, "UB": 1, "UN": 1, "RPN": 1, "PAIN": 0, "MOA": 0, "NMOA": 0, "DLC": 0, "NOOP": 0, "MWS": 0, "ACM": 1, "DSF": 1, "METH": 0, "BSDM": 0, "BWN": 1, "BWON": 1, "BERI": 1, "NXN": 1, "VTRL": 0, "MHIV": 0, "MHCV": 0, "LFXD": 0, "CLND": 1, "MMD": 1, "MPEP": 0, "NRT": 1, "NSC": 1, "ANG": 0, "BIA": 1, "CBT": 1, "CMI": 0, "CRV": 0, "MOTI": 1, "MXM": 0, "RELP": 1, "SACA": 1, "TRC": 1, "TELE": 1, "TWFA": 0, "LCCG": 0, "DDF": 0, "IH": 0, "PVTP": 0, "PVTN": 1, "STG": 0, "TBG": 0, "FED": 0, "VAMC": 0, "STAG": 1, "STMH": 1, "STDH": 0, "CARF": 0, "COA": 0, "HFAP": 0, "HLA": 0, "JC": 0, "NCQA": 0, "FQHC": 0, "SOTP": 0, "DEA": 0, "FSA": 1, "ITU": 0, "MC": 1, "MD": 1, "MI": 1, "NP": 0, "PI": 1, "SF": 1, "SI": 0, "SAMF": 1, "PA": 0, "SS": 1, "AD": 1, "TAY": 1, "WN": 1, "PW": 0, "MN": 1, "SE": 1, "GL": 1, "VET": 1, "ADM": 1, "MF": 1, "CJ": 1, "CO": 1, "COPSU": 1, "HV": 0, "XA": 1, "DV": 1, "TRMA": 1, "CMHA": 1, "CSAA": 1, "ISC": 1, "OPC": 1, "MHPA": 0, "STU": 1, "SSA": 1, "SMHD": 1, "PIEC": 1, "BABA": 0, "DAOF": 0, "DAUT": 1, "HIVT": 1, "STDT": 0, "TBS": 0, "MST": 0, "HBT": 1, "HCT": 1, "ACC": 1, "DP": 1, "NOE": 1, "OFD": 1, "SHG": 0, "HS": 1, "AOSS": 1, "RC": 1, "PEER": 1, "EMP": 1, "TGD": 0, "TOD": 0, "ADTX": 0, "BDTX": 0, "CDTX": 0, "MDTX": 0, "ODTX": 0, "MDET": 0, "HAEC": 0, "TAEC": 0, "HEOH": 1, "SAE": 1, "TCC": 1, "ICO": 1, "GCO": 1, "FCO": 1, "MCO": 0, "VOC": 1, "HAV": 0, "HBV": 0, "SMON": 1, "SMOP": 0, "SMPD": 0, "CHLD": 0, "YAD": 0, "ADLT": 1, "SNR": 1, "FEM": 1, "MALE": 1, "DU": 0, "DUO": 0, "AUDO": 0, "OUDO": 0, "AH": 0, "SP": 0, "NX": 0, "FX": 0, "F4": 0, "F17": 0, "F19": 0, "F25": 0, "F28": 0, "F30": 0, "F31": 0, "F35": 0, "F36": 0, "F37": 0, "F42": 0, "F43": 0, "F47": 0, "F66": 0, "F67": 0, "F70": 0, "F81": 0, "F92": 0, "N24": 0, "N40": 0, "VAPN": 1, "VAPP": 0, "VPPD": 0, "ACU": 0, "BC": 0, "CM": 1, "CCC": 0, "DVFP": 0, "EIH": 0, "MHS": 1, "SSD": 1, "TA": 0, "IPC": 0, "SPS": 1 }, "geometry": { "type": "Point", "coordinates": [ -105.077116499999988, 39.650274400000058 ] } },
{ "type": "Feature", "properties": { "ID": 202401915, "Year": 2024, "FacilityNa": "Magnolia Medical Group", "Address": "2925 East Colfax Avenue, Denver CO, 80206", "AddressID": 1898, "lat": 39.7404213, "lng": -104.9531382, "GEOID": 8031, "STATEFP": 8, "CNTYNAME": "Denver", "SA": 1, "DT": 0, "HH": 0, "SUMH": 1, "HI": 0, "OP": 1, "RES": 0, "HID": 0, "HIT": 0, "OD": 0, "ODT": 0, "OIT": 0, "OMB": 1, "ORT": 1, "RD": 0, "RL": 0, "RS": 0, "GH": 0, "PSYH": 0, "MU": 0, "BU": 1, "NU": 1, "INPE": 0, "RPE": 0, "PC": 0, "NAUT": 0, "NMAUT": 0, "ACMA": 0, "PMAT": 1, "AUINPE": 0, "AURPE": 1, "AUPC": 0, "DB": 0, "BUM": 1, "OTP": 0, "DM": 0, "MM": 0, "UB": 1, "UN": 1, "RPN": 1, "PAIN": 0, "MOA": 0, "NMOA": 0, "DLC": 0, "NOOP": 0, "MWS": 1, "ACM": 0, "DSF": 1, "METH": 0, "BSDM": 0, "BWN": 1, "BWON": 1, "BERI": 1, "NXN": 1, "VTRL": 1, "MHIV": 0, "MHCV": 0, "LFXD": 0, "CLND": 0, "MMD": 1, "MPEP": 0, "NRT": 0, "NSC": 1, "ANG": 0, "BIA": 0, "CBT": 1, "CMI": 0, "CRV": 0, "MOTI": 1, "MXM": 0, "RELP": 1, "SACA": 1, "TRC": 1, "TELE": 1, "TWFA": 0, "LCCG": 0, "DDF": 0, "IH": 0, "PVTP": 1, "PVTN": 0, "STG": 0, "TBG": 0, "FED": 0, "VAMC": 0, "STAG": 1, "STMH": 0, "STDH": 1, "CARF": 0, "COA": 0, "HFAP": 0, "HLA": 0, "JC": 0, "NCQA": 0, "FQHC": 0, "SOTP": 1, "DEA": 1, "FSA": 1, "ITU": 0, "MC": 1, "MD": 1, "MI": 1, "NP": 0, "PI": 1, "SF": 1, "SI": 1, "SAMF": 1, "PA": 0, "SS": 0, "AD": 0, "TAY": 0, "WN": 0, "PW": 1, "MN": 0, "SE": 0, "GL": 0, "VET": 0, "ADM": 0, "MF": 0, "CJ": 0, "CO": 0, "COPSU": 0, "HV": 0, "XA": 0, "DV": 0, "TRMA": 0, "CMHA": 1, "CSAA": 1, "ISC": 1, "OPC": 1, "MHPA": 1, "STU": 1, "SSA": 1, "SMHD": 1, "PIEC": 0, "BABA": 1, "DAOF": 1, "DAUT": 1, "HIVT": 1, "STDT": 1, "TBS": 0, "MST": 0, "HBT": 0, "HCT": 0, "ACC": 1, "DP": 1, "NOE": 1, "OFD": 0, "SHG": 0, "HS": 0, "AOSS": 1, "RC": 0, "PEER": 1, "EMP": 0, "TGD": 0, "TOD": 0, "ADTX": 0, "BDTX": 0, "CDTX": 0, "MDTX": 0, "ODTX": 0, "MDET": 0, "HAEC": 0, "TAEC": 0, "HEOH": 0, "SAE": 1, "TCC": 1, "ICO": 1, "GCO": 1, "FCO": 1, "MCO": 0, "VOC": 0, "HAV": 0, "HBV": 0, "SMON": 0, "SMOP": 1, "SMPD": 0, "CHLD": 0, "YAD": 1, "ADLT": 1, "SNR": 0, "FEM": 1, "MALE": 1, "DU": 0, "DUO": 0, "AUDO": 0, "OUDO": 0, "AH": 0, "SP": 0, "NX": 0, "FX": 0, "F4": 0, "F17": 0, "F19": 0, "F25": 0, "F28": 0, "F30": 0, "F31": 0, "F35": 0, "F36": 0, "F37": 0, "F42": 0, "F43": 0, "F47": 0, "F66": 0, "F67": 0, "F70": 0, "F81": 0, "F92": 0, "N24": 0, "N40": 0, "VAPN": 0, "VAPP": 1, "VPPD": 0, "ACU": 0, "BC": 0, "CM": 0, "CCC": 0, "DVFP": 0, "EIH": 0, "MHS": 1, "SSD": 0, "TA": 0, "IPC": 1, "SPS": 0 }, "geometry": { "type": "Point", "coordinates": [ -104.953138199999955, 39.740421300000037 ] } },
{ "type": "Feature", "properties": { "ID": 202401916, "Year": 2024, "FacilityNa": "Maria Droste Counseling Center", "Address": "1355 South Colorado Boulevard, Denver CO, 80222", "AddressID": 1899, "lat": 39.692037, "lng": -104.9416688, "GEOID": 8031, "STATEFP": 8, "CNTYNAME": "Denver", "SA": 1, "DT": 0, "HH": 0, "SUMH": 1, "HI": 0, "OP": 1, "RES": 0, "HID": 0, "HIT": 0, "OD": 0, "ODT": 0, "OIT": 0, "OMB": 0, "ORT": 1, "RD": 0, "RL": 0, "RS": 0, "GH": 0, "PSYH": 0, "MU": 0, "BU": 0, "NU": 0, "INPE": 0, "RPE": 0, "PC": 0, "NAUT": 0, "NMAUT": 1, "ACMA": 0, "PMAT": 0, "AUINPE": 0, "AURPE": 0, "AUPC": 0, "DB": 0, "BUM": 0, "OTP": 0, "DM": 0, "MM": 0, "UB": 0, "UN": 0, "RPN": 0, "PAIN": 0, "MOA": 0, "NMOA": 0, "DLC": 0, "NOOP": 1, "MWS": 0, "ACM": 0, "DSF": 0, "METH": 0, "BSDM": 0, "BWN": 0, "BWON": 0, "BERI": 0, "NXN": 0, "VTRL": 0, "MHIV": 0, "MHCV": 0, "LFXD": 0, "CLND": 0, "MMD": 0, "MPEP": 0, "NRT": 0, "NSC": 0, "ANG": 0, "BIA": 0, "CBT": 1, "CMI": 0, "CRV": 0, "MOTI": 1, "MXM": 0, "RELP": 0, "SACA": 1, "TRC": 1, "TELE": 1, "TWFA": 0, "LCCG": 0, "DDF": 0, "IH": 0, "PVTP": 0, "PVTN": 1, "STG": 0, "TBG": 0, "FED": 0, "VAMC": 0, "STAG": 1, "STMH": 1, "STDH": 0, "CARF": 0, "COA": 0, "HFAP": 0, "HLA": 0, "JC": 0, "NCQA": 0, "FQHC": 0, "SOTP": 0, "DEA": 0, "FSA": 1, "ITU": 0, "MC": 1, "MD": 1, "MI": 0, "NP": 0, "PI": 1, "SF": 1, "SI": 0, "SAMF": 0, "PA": 1, "SS": 1, "AD": 0, "TAY": 0, "WN": 0, "PW": 0, "MN": 0, "SE": 0, "GL": 0, "VET": 0, "ADM": 0, "MF": 0, "CJ": 0, "CO": 0, "COPSU": 0, "HV": 0, "XA": 0, "DV": 1, "TRMA": 0, "CMHA": 1, "CSAA": 1, "ISC": 0, "OPC": 0, "MHPA": 0, "STU": 0, "SSA": 1, "SMHD": 1, "PIEC": 0, "BABA": 0, "DAOF": 0, "DAUT": 0, "HIVT": 0, "STDT": 0, "TBS": 0, "MST": 0, "HBT": 0, "HCT": 0, "ACC": 0, "DP": 1, "NOE": 0, "OFD": 0, "SHG": 0, "HS": 0, "AOSS": 0, "RC": 0, "PEER": 0, "EMP": 0, "TGD": 0, "TOD": 0, "ADTX": 0, "BDTX": 0, "CDTX": 0, "MDTX": 0, "ODTX": 0, "MDET": 0, "HAEC": 0, "TAEC": 0, "HEOH": 0, "SAE": 1, "TCC": 0, "ICO": 1, "GCO": 1, "FCO": 1, "MCO": 1, "VOC": 0, "HAV": 0, "HBV": 0, "SMON": 0, "SMOP": 0, "SMPD": 1, "CHLD": 0, "YAD": 0, "ADLT": 1, "SNR": 1, "FEM": 1, "MALE": 1, "DU": 0, "DUO": 0, "AUDO": 0, "OUDO": 0, "AH": 1, "SP": 1, "NX": 0, "FX": 1, "F4": 0, "F17": 0, "F19": 0, "F25": 1, "F28": 1, "F30": 0, "F31": 0, "F35": 0, "F36": 0, "F37": 0, "F42": 0, "F43": 0, "F47": 0, "F66": 1, "F67": 1, "F70": 0, "F81": 0, "F92": 0, "N24": 0, "N40": 0, "VAPN": 0, "VAPP": 0, "VPPD": 1, "ACU": 0, "BC": 0, "CM": 0, "CCC": 0, "DVFP": 0, "EIH": 0, "MHS": 1, "SSD": 1, "TA": 0, "IPC": 0, "SPS": 0 }, "geometry": { "type": "Point", "coordinates": [ -104.941668799999945, 39.692037 ] } },
{ "type": "Feature", "properties": { "ID": 202401917, "Year": 2024, "FacilityNa": "Mile High Council on Alcoholism and Drug Abuse/DBA Mile High Behav Hlth", "Address": "4242 Delaware Street, Denver CO, 80216", "AddressID": 1900, "lat": 39.7748036, "lng": -104.9921032, "GEOID": 8031, "STATEFP": 8, "CNTYNAME": "Denver", "SA": 1, "DT": 0, "HH": 1, "SUMH": 1, "HI": 0, "OP": 1, "RES": 0, "HID": 0, "HIT": 0, "OD": 0, "ODT": 0, "OIT": 1, "OMB": 1, "ORT": 1, "RD": 0, "RL": 0, "RS": 0, "GH": 0, "PSYH": 0, "MU": 0, "BU": 1, "NU": 1, "INPE": 1, "RPE": 1, "PC": 1, "NAUT": 0, "NMAUT": 0, "ACMA": 1, "PMAT": 1, "AUINPE": 1, "AURPE": 1, "AUPC": 1, "DB": 0, "BUM": 0, "OTP": 0, "DM": 0, "MM": 0, "UB": 1, "UN": 1, "RPN": 0, "PAIN": 0, "MOA": 1, "NMOA": 0, "DLC": 0, "NOOP": 0, "MWS": 0, "ACM": 1, "DSF": 1, "METH": 0, "BSDM": 0, "BWN": 1, "BWON": 0, "BERI": 1, "NXN": 1, "VTRL": 1, "MHIV": 0, "MHCV": 1, "LFXD": 0, "CLND": 0, "MMD": 1, "MPEP": 1, "NRT": 1, "NSC": 1, "ANG": 0, "BIA": 1, "CBT": 1, "CMI": 1, "CRV": 1, "MOTI": 1, "MXM": 1, "RELP": 1, "SACA": 1, "TRC": 1, "TELE": 1, "TWFA": 0, "LCCG": 0, "DDF": 0, "IH": 0, "PVTP": 0, "PVTN": 1, "STG": 0, "TBG": 0, "FED": 0, "VAMC": 0, "STAG": 1, "STMH": 1, "STDH": 1, "CARF": 0, "COA": 0, "HFAP": 0, "HLA": 0, "JC": 0, "NCQA": 0, "FQHC": 0, "SOTP": 0, "DEA": 0, "FSA": 1, "ITU": 0, "MC": 0, "MD": 1, "MI": 0, "NP": 0, "PI": 0, "SF": 1, "SI": 1, "SAMF": 1, "PA": 1, "SS": 1, "AD": 1, "TAY": 1, "WN": 1, "PW": 1, "MN": 1, "SE": 0, "GL": 1, "VET": 1, "ADM": 0, "MF": 1, "CJ": 1, "CO": 1, "COPSU": 0, "HV": 1, "XA": 1, "DV": 0, "TRMA": 1, "CMHA": 1, "CSAA": 1, "ISC": 1, "OPC": 1, "MHPA": 0, "STU": 1, "SSA": 1, "SMHD": 1, "PIEC": 1, "BABA": 1, "DAOF": 1, "DAUT": 1, "HIVT": 1, "STDT": 1, "TBS": 0, "MST": 0, "HBT": 1, "HCT": 1, "ACC": 1, "DP": 1, "NOE": 1, "OFD": 1, "SHG": 1, "HS": 1, "AOSS": 1, "RC": 1, "PEER": 1, "EMP": 1, "TGD": 0, "TOD": 1, "ADTX": 0, "BDTX": 0, "CDTX": 0, "MDTX": 0, "ODTX": 0, "MDET": 0, "HAEC": 1, "TAEC": 1, "HEOH": 1, "SAE": 1, "TCC": 1, "ICO": 1, "GCO": 1, "FCO": 1, "MCO": 1, "VOC": 1, "HAV": 1, "HBV": 1, "SMON": 1, "SMOP": 0, "SMPD": 0, "CHLD": 0, "YAD": 0, "ADLT": 1, "SNR": 1, "FEM": 1, "MALE": 1, "DU": 1, "DUO": 0, "AUDO": 0, "OUDO": 0, "AH": 0, "SP": 0, "NX": 0, "FX": 0, "F4": 0, "F17": 0, "F19": 0, "F25": 0, "F28": 0, "F30": 0, "F31": 0, "F35": 0, "F36": 0, "F37": 0, "F42": 0, "F43": 0, "F47": 0, "F66": 0, "F67": 0, "F70": 0, "F81": 0, "F92": 0, "N24": 0, "N40": 0, "VAPN": 1, "VAPP": 0, "VPPD": 0, "ACU": 0, "BC": 0, "CM": 1, "CCC": 1, "DVFP": 0, "EIH": 1, "MHS": 1, "SSD": 1, "TA": 1, "IPC": 0, "SPS": 1 }, "geometry": { "type": "Point", "coordinates": [ -104.992103199999974, 39.774803600000041 ] } },
{ "type": "Feature", "properties": { "ID": 202401918, "Year": 2024, "FacilityNa": "Mile High Treatment and Recovery Inc", "Address": "6310 East Exposition Avenue, Denver CO, 80224", "AddressID": 15078, "lat": 39.7035364, "lng": -104.9148172, "GEOID": 8031, "STATEFP": 8, "CNTYNAME": "Denver", "SA": 1, "DT": 1, "HH": 0, "SUMH": 0, "HI": 0, "OP": 1, "RES": 0, "HID": 0, "HIT": 0, "OD": 0, "ODT": 0, "OIT": 0, "OMB": 1, "ORT": 1, "RD": 0, "RL": 0, "RS": 0, "GH": 0, "PSYH": 0, "MU": 1, "BU": 1, "NU": 1, "INPE": 0, "RPE": 0, "PC": 0, "NAUT": 1, "NMAUT": 0, "ACMA": 0, "PMAT": 0, "AUINPE": 0, "AURPE": 0, "AUPC": 0, "DB": 1, "BUM": 1, "OTP": 1, "DM": 1, "MM": 1, "UB": 1, "UN": 0, "RPN": 0, "PAIN": 0, "MOA": 0, "NMOA": 0, "DLC": 0, "NOOP": 0, "MWS": 0, "ACM": 0, "DSF": 0, "METH": 1, "BSDM": 0, "BWN": 1, "BWON": 1, "BERI": 0, "NXN": 0, "VTRL": 0, "MHIV": 0, "MHCV": 0, "LFXD": 0, "CLND": 0, "MMD": 0, "MPEP": 0, "NRT": 0, "NSC": 0, "ANG": 0, "BIA": 0, "CBT": 0, "CMI": 0, "CRV": 0, "MOTI": 0, "MXM": 0, "RELP": 1, "SACA": 1, "TRC": 0, "TELE": 1, "TWFA": 0, "LCCG": 0, "DDF": 0, "IH": 0, "PVTP": 1, "PVTN": 0, "STG": 0, "TBG": 0, "FED": 0, "VAMC": 0, "STAG": 1, "STMH": 0, "STDH": 0, "CARF": 1, "COA": 0, "HFAP": 0, "HLA": 0, "JC": 0, "NCQA": 0, "FQHC": 0, "SOTP": 1, "DEA": 1, "FSA": 0, "ITU": 0, "MC": 0, "MD": 1, "MI": 0, "NP": 0, "PI": 0, "SF": 1, "SI": 0, "SAMF": 0, "PA": 0, "SS": 1, "AD": 0, "TAY": 0, "WN": 0, "PW": 0, "MN": 0, "SE": 0, "GL": 0, "VET": 0, "ADM": 0, "MF": 0, "CJ": 0, "CO": 0, "COPSU": 0, "HV": 0, "XA": 0, "DV": 0, "TRMA": 0, "CMHA": 0, "CSAA": 1, "ISC": 0, "OPC": 0, "MHPA": 1, "STU": 1, "SSA": 1, "SMHD": 1, "PIEC": 1, "BABA": 1, "DAOF": 0, "DAUT": 0, "HIVT": 0, "STDT": 0, "TBS": 1, "MST": 0, "HBT": 0, "HCT": 0, "ACC": 0, "DP": 1, "NOE": 1, "OFD": 0, "SHG": 0, "HS": 0, "AOSS": 0, "RC": 0, "PEER": 0, "EMP": 0, "TGD": 0, "TOD": 0, "ADTX": 0, "BDTX": 0, "CDTX": 0, "MDTX": 0, "ODTX": 1, "MDET": 0, "HAEC": 1, "TAEC": 1, "HEOH": 1, "SAE": 1, "TCC": 0, "ICO": 1, "GCO": 1, "FCO": 0, "MCO": 0, "VOC": 0, "HAV": 0, "HBV": 0, "SMON": 1, "SMOP": 0, "SMPD": 0, "CHLD": 0, "YAD": 1, "ADLT": 1, "SNR": 0, "FEM": 1, "MALE": 1, "DU": 0, "DUO": 0, "AUDO": 0, "OUDO": 1, "AH": 0, "SP": 0, "NX": 0, "FX": 0, "F4": 0, "F17": 0, "F19": 0, "F25": 0, "F28": 0, "F30": 0, "F31": 0, "F35": 0, "F36": 0, "F37": 0, "F42": 0, "F43": 0, "F47": 0, "F66": 0, "F67": 0, "F70": 0, "F81": 0, "F92": 0, "N24": 0, "N40": 0, "VAPN": 1, "VAPP": 0, "VPPD": 0, "ACU": 0, "BC": 0, "CM": 0, "CCC": 0, "DVFP": 0, "EIH": 0, "MHS": 0, "SSD": 0, "TA": 1, "IPC": 0, "SPS": 0 }, "geometry": { "type": "Point", "coordinates": [ -104.914817199999959, 39.703536400000075 ] } },
{ "type": "Feature", "properties": { "ID": 202401919, "Year": 2024, "FacilityNa": "National Institute for Change PC", "Address": "5250 Leetsdale, Denver CO, 80246", "AddressID": 15079, "lat": 39.7077615, "lng": -104.9267139, "GEOID": 8031, "STATEFP": 8, "CNTYNAME": "Denver", "SA": 1, "DT": 0, "HH": 0, "SUMH": 0, "HI": 0, "OP": 1, "RES": 0, "HID": 0, "HIT": 0, "OD": 0, "ODT": 0, "OIT": 0, "OMB": 0, "ORT": 1, "RD": 0, "RL": 0, "RS": 0, "GH": 0, "PSYH": 0, "MU": 0, "BU": 0, "NU": 0, "INPE": 0, "RPE": 0, "PC": 1, "NAUT": 0, "NMAUT": 0, "ACMA": 1, "PMAT": 0, "AUINPE": 0, "AURPE": 0, "AUPC": 1, "DB": 0, "BUM": 0, "OTP": 0, "DM": 0, "MM": 0, "UB": 0, "UN": 0, "RPN": 0, "PAIN": 0, "MOA": 1, "NMOA": 0, "DLC": 0, "NOOP": 0, "MWS": 0, "ACM": 0, "DSF": 0, "METH": 0, "BSDM": 0, "BWN": 0, "BWON": 0, "BERI": 0, "NXN": 0, "VTRL": 0, "MHIV": 0, "MHCV": 0, "LFXD": 0, "CLND": 0, "MMD": 0, "MPEP": 0, "NRT": 0, "NSC": 0, "ANG": 1, "BIA": 0, "CBT": 1, "CMI": 1, "CRV": 0, "MOTI": 1, "MXM": 0, "RELP": 1, "SACA": 1, "TRC": 1, "TELE": 1, "TWFA": 0, "LCCG": 0, "DDF": 0, "IH": 0, "PVTP": 1, "PVTN": 0, "STG": 0, "TBG": 0, "FED": 0, "VAMC": 0, "STAG": 1, "STMH": 1, "STDH": 0, "CARF": 0, "COA": 0, "HFAP": 0, "HLA": 0, "JC": 0, "NCQA": 0, "FQHC": 0, "SOTP": 0, "DEA": 0, "FSA": 0, "ITU": 0, "MC": 0, "MD": 1, "MI": 1, "NP": 0, "PI": 0, "SF": 1, "SI": 0, "SAMF": 0, "PA": 0, "SS": 0, "AD": 0, "TAY": 0, "WN": 1, "PW": 0, "MN": 1, "SE": 0, "GL": 0, "VET": 1, "ADM": 0, "MF": 0, "CJ": 1, "CO": 0, "COPSU": 0, "HV": 0, "XA": 0, "DV": 0, "TRMA": 1, "CMHA": 0, "CSAA": 1, "ISC": 0, "OPC": 0, "MHPA": 0, "STU": 0, "SSA": 1, "SMHD": 1, "PIEC": 0, "BABA": 0, "DAOF": 0, "DAUT": 0, "HIVT": 0, "STDT": 0, "TBS": 0, "MST": 0, "HBT": 0, "HCT": 0, "ACC": 1, "DP": 1, "NOE": 0, "OFD": 0, "SHG": 0, "HS": 1, "AOSS": 1, "RC": 0, "PEER": 1, "EMP": 1, "TGD": 0, "TOD": 1, "ADTX": 0, "BDTX": 0, "CDTX": 0, "MDTX": 0, "ODTX": 0, "MDET": 0, "HAEC": 0, "TAEC": 0, "HEOH": 0, "SAE": 1, "TCC": 0, "ICO": 1, "GCO": 1, "FCO": 1, "MCO": 1, "VOC": 0, "HAV": 0, "HBV": 0, "SMON": 0, "SMOP": 0, "SMPD": 1, "CHLD": 0, "YAD": 1, "ADLT": 1, "SNR": 0, "FEM": 1, "MALE": 1, "DU": 1, "DUO": 0, "AUDO": 0, "OUDO": 0, "AH": 0, "SP": 0, "NX": 0, "FX": 0, "F4": 0, "F17": 0, "F19": 0, "F25": 0, "F28": 0, "F30": 0, "F31": 0, "F35": 0, "F36": 0, "F37": 0, "F42": 0, "F43": 0, "F47": 0, "F66": 0, "F67": 0, "F70": 0, "F81": 0, "F92": 0, "N24": 0, "N40": 0, "VAPN": 0, "VAPP": 0, "VPPD": 1, "ACU": 0, "BC": 0, "CM": 1, "CCC": 0, "DVFP": 1, "EIH": 0, "MHS": 1, "SSD": 1, "TA": 0, "IPC": 0, "SPS": 0 }, "geometry": { "type": "Point", "coordinates": [ -104.926713899999982, 39.707761500000061 ] } },
{ "type": "Feature", "properties": { "ID": 202401920, "Year": 2024, "FacilityNa": "National Institute for Change PC", "Address": "3225 South Wadsworth Boulevard, Denver CO, 80227", "AddressID": 12281, "lat": 39.6578675, "lng": -105.0830896, "GEOID": 8059, "STATEFP": 8, "CNTYNAME": "Jefferson", "SA": 1, "DT": 0, "HH": 0, "SUMH": 0, "HI": 0, "OP": 1, "RES": 0, "HID": 0, "HIT": 0, "OD": 0, "ODT": 0, "OIT": 0, "OMB": 0, "ORT": 1, "RD": 0, "RL": 0, "RS": 0, "GH": 0, "PSYH": 0, "MU": 0, "BU": 0, "NU": 0, "INPE": 0, "RPE": 0, "PC": 1, "NAUT": 0, "NMAUT": 0, "ACMA": 1, "PMAT": 0, "AUINPE": 0, "AURPE": 0, "AUPC": 1, "DB": 0, "BUM": 0, "OTP": 0, "DM": 0, "MM": 0, "UB": 0, "UN": 0, "RPN": 0, "PAIN": 0, "MOA": 1, "NMOA": 0, "DLC": 0, "NOOP": 0, "MWS": 0, "ACM": 0, "DSF": 0, "METH": 0, "BSDM": 0, "BWN": 0, "BWON": 0, "BERI": 0, "NXN": 0, "VTRL": 0, "MHIV": 0, "MHCV": 0, "LFXD": 0, "CLND": 0, "MMD": 0, "MPEP": 0, "NRT": 0, "NSC": 0, "ANG": 1, "BIA": 0, "CBT": 1, "CMI": 1, "CRV": 0, "MOTI": 1, "MXM": 0, "RELP": 1, "SACA": 1, "TRC": 1, "TELE": 1, "TWFA": 0, "LCCG": 0, "DDF": 0, "IH": 0, "PVTP": 1, "PVTN": 0, "STG": 0, "TBG": 0, "FED": 0, "VAMC": 0, "STAG": 1, "STMH": 1, "STDH": 0, "CARF": 0, "COA": 0, "HFAP": 0, "HLA": 0, "JC": 0, "NCQA": 0, "FQHC": 0, "SOTP": 0, "DEA": 0, "FSA": 0, "ITU": 0, "MC": 0, "MD": 1, "MI": 1, "NP": 0, "PI": 0, "SF": 1, "SI": 0, "SAMF": 0, "PA": 0, "SS": 0, "AD": 0, "TAY": 0, "WN": 1, "PW": 0, "MN": 1, "SE": 0, "GL": 0, "VET": 1, "ADM": 0, "MF": 0, "CJ": 1, "CO": 0, "COPSU": 0, "HV": 0, "XA": 0, "DV": 0, "TRMA": 1, "CMHA": 0, "CSAA": 1, "ISC": 0, "OPC": 0, "MHPA": 0, "STU": 0, "SSA": 1, "SMHD": 1, "PIEC": 0, "BABA": 0, "DAOF": 0, "DAUT": 0, "HIVT": 0, "STDT": 0, "TBS": 0, "MST": 0, "HBT": 0, "HCT": 0, "ACC": 1, "DP": 1, "NOE": 0, "OFD": 0, "SHG": 0, "HS": 1, "AOSS": 1, "RC": 0, "PEER": 1, "EMP": 1, "TGD": 0, "TOD": 1, "ADTX": 0, "BDTX": 0, "CDTX": 0, "MDTX": 0, "ODTX": 0, "MDET": 0, "HAEC": 0, "TAEC": 0, "HEOH": 0, "SAE": 1, "TCC": 0, "ICO": 1, "GCO": 1, "FCO": 1, "MCO": 1, "VOC": 0, "HAV": 0, "HBV": 0, "SMON": 0, "SMOP": 0, "SMPD": 1, "CHLD": 0, "YAD": 1, "ADLT": 1, "SNR": 0, "FEM": 1, "MALE": 1, "DU": 1, "DUO": 0, "AUDO": 0, "OUDO": 0, "AH": 0, "SP": 0, "NX": 0, "FX": 0, "F4": 0, "F17": 0, "F19": 0, "F25": 0, "F28": 0, "F30": 0, "F31": 0, "F35": 0, "F36": 0, "F37": 0, "F42": 0, "F43": 0, "F47": 0, "F66": 0, "F67": 0, "F70": 0, "F81": 0, "F92": 0, "N24": 0, "N40": 0, "VAPN": 0, "VAPP": 0, "VPPD": 1, "ACU": 0, "BC": 0, "CM": 1, "CCC": 0, "DVFP": 1, "EIH": 0, "MHS": 1, "SSD": 1, "TA": 0, "IPC": 0, "SPS": 0 }, "geometry": { "type": "Point", "coordinates": [ -105.083089599999937, 39.657867500000066 ] } },
{ "type": "Feature", "properties": { "ID": 202401922, "Year": 2024, "FacilityNa": "Porter Adventist Hospital The Centre for Behavioral Health", "Address": "2465 South Downing Street, Denver CO, 80210", "AddressID": 1903, "lat": 39.6718931, "lng": -104.9738438, "GEOID": 8031, "STATEFP": 8, "CNTYNAME": "Denver", "SA": 1, "DT": 0, "HH": 0, "SUMH": 1, "HI": 0, "OP": 1, "RES": 0, "HID": 0, "HIT": 0, "OD": 0, "ODT": 0, "OIT": 1, "OMB": 1, "ORT": 1, "RD": 0, "RL": 0, "RS": 0, "GH": 1, "PSYH": 0, "MU": 0, "BU": 1, "NU": 1, "INPE": 1, "RPE": 0, "PC": 0, "NAUT": 0, "NMAUT": 0, "ACMA": 1, "PMAT": 1, "AUINPE": 1, "AURPE": 0, "AUPC": 1, "DB": 0, "BUM": 1, "OTP": 0, "DM": 0, "MM": 0, "UB": 1, "UN": 1, "RPN": 0, "PAIN": 0, "MOA": 1, "NMOA": 0, "DLC": 0, "NOOP": 0, "MWS": 0, "ACM": 0, "DSF": 0, "METH": 0, "BSDM": 0, "BWN": 1, "BWON": 0, "BERI": 0, "NXN": 1, "VTRL": 0, "MHIV": 0, "MHCV": 0, "LFXD": 0, "CLND": 1, "MMD": 1, "MPEP": 0, "NRT": 0, "NSC": 0, "ANG": 0, "BIA": 1, "CBT": 1, "CMI": 1, "CRV": 0, "MOTI": 1, "MXM": 0, "RELP": 1, "SACA": 1, "TRC": 1, "TELE": 1, "TWFA": 0, "LCCG": 0, "DDF": 0, "IH": 0, "PVTP": 0, "PVTN": 1, "STG": 0, "TBG": 0, "FED": 0, "VAMC": 0, "STAG": 1, "STMH": 1, "STDH": 0, "CARF": 0, "COA": 0, "HFAP": 0, "HLA": 0, "JC": 1, "NCQA": 0, "FQHC": 0, "SOTP": 0, "DEA": 0, "FSA": 0, "ITU": 0, "MC": 1, "MD": 1, "MI": 1, "NP": 0, "PI": 1, "SF": 1, "SI": 0, "SAMF": 0, "PA": 0, "SS": 0, "AD": 0, "TAY": 1, "WN": 1, "PW": 1, "MN": 1, "SE": 1, "GL": 1, "VET": 1, "ADM": 1, "MF": 1, "CJ": 0, "CO": 1, "COPSU": 1, "HV": 1, "XA": 1, "DV": 1, "TRMA": 1, "CMHA": 1, "CSAA": 1, "ISC": 0, "OPC": 0, "MHPA": 1, "STU": 1, "SSA": 1, "SMHD": 1, "PIEC": 0, "BABA": 0, "DAOF": 0, "DAUT": 0, "HIVT": 0, "STDT": 0, "TBS": 0, "MST": 0, "HBT": 0, "HCT": 0, "ACC": 1, "DP": 1, "NOE": 1, "OFD": 1, "SHG": 0, "HS": 0, "AOSS": 0, "RC": 0, "PEER": 0, "EMP": 0, "TGD": 0, "TOD": 0, "ADTX": 0, "BDTX": 0, "CDTX": 0, "MDTX": 0, "ODTX": 0, "MDET": 0, "HAEC": 0, "TAEC": 0, "HEOH": 0, "SAE": 1, "TCC": 0, "ICO": 1, "GCO": 1, "FCO": 1, "MCO": 1, "VOC": 0, "HAV": 0, "HBV": 0, "SMON": 1, "SMOP": 0, "SMPD": 0, "CHLD": 0, "YAD": 1, "ADLT": 1, "SNR": 0, "FEM": 1, "MALE": 1, "DU": 0, "DUO": 0, "AUDO": 0, "OUDO": 0, "AH": 0, "SP": 0, "NX": 0, "FX": 0, "F4": 0, "F17": 0, "F19": 0, "F25": 0, "F28": 0, "F30": 0, "F31": 0, "F35": 0, "F36": 0, "F37": 0, "F42": 0, "F43": 0, "F47": 0, "F66": 0, "F67": 0, "F70": 0, "F81": 0, "F92": 0, "N24": 0, "N40": 0, "VAPN": 1, "VAPP": 0, "VPPD": 0, "ACU": 0, "BC": 0, "CM": 1, "CCC": 0, "DVFP": 0, "EIH": 0, "MHS": 1, "SSD": 1, "TA": 0, "IPC": 1, "SPS": 0 }, "geometry": { "type": "Point", "coordinates": [ -104.973843799999941, 39.671893100000034 ] } },
{ "type": "Feature", "properties": { "ID": 202401925, "Year": 2024, "FacilityNa": "Sandstone Care Denver Outpatient", "Address": "7555 East Hampden Avenue, Denver CO, 80231", "AddressID": 1907, "lat": 39.6545421, "lng": -104.9019018, "GEOID": 8031, "STATEFP": 8, "CNTYNAME": "Denver", "SA": 1, "DT": 1, "HH": 1, "SUMH": 1, "HI": 0, "OP": 1, "RES": 0, "HID": 0, "HIT": 0, "OD": 1, "ODT": 1, "OIT": 1, "OMB": 1, "ORT": 1, "RD": 0, "RL": 0, "RS": 0, "GH": 0, "PSYH": 0, "MU": 0, "BU": 1, "NU": 1, "INPE": 1, "RPE": 0, "PC": 0, "NAUT": 0, "NMAUT": 0, "ACMA": 1, "PMAT": 1, "AUINPE": 0, "AURPE": 0, "AUPC": 1, "DB": 1, "BUM": 1, "OTP": 0, "DM": 0, "MM": 0, "UB": 1, "UN": 1, "RPN": 1, "PAIN": 0, "MOA": 1, "NMOA": 0, "DLC": 0, "NOOP": 0, "MWS": 1, "ACM": 0, "DSF": 1, "METH": 0, "BSDM": 0, "BWN": 1, "BWON": 0, "BERI": 1, "NXN": 1, "VTRL": 1, "MHIV": 0, "MHCV": 0, "LFXD": 0, "CLND": 1, "MMD": 1, "MPEP": 0, "NRT": 0, "NSC": 0, "ANG": 1, "BIA": 1, "CBT": 1, "CMI": 1, "CRV": 0, "MOTI": 1, "MXM": 0, "RELP": 1, "SACA": 1, "TRC": 1, "TELE": 1, "TWFA": 1, "LCCG": 0, "DDF": 0, "IH": 0, "PVTP": 1, "PVTN": 0, "STG": 0, "TBG": 0, "FED": 0, "VAMC": 0, "STAG": 1, "STMH": 0, "STDH": 0, "CARF": 0, "COA": 0, "HFAP": 0, "HLA": 0, "JC": 1, "NCQA": 0, "FQHC": 0, "SOTP": 0, "DEA": 0, "FSA": 0, "ITU": 1, "MC": 0, "MD": 0, "MI": 1, "NP": 0, "PI": 1, "SF": 1, "SI": 0, "SAMF": 0, "PA": 0, "SS": 0, "AD": 1, "TAY": 1, "WN": 0, "PW": 0, "MN": 0, "SE": 0, "GL": 0, "VET": 0, "ADM": 0, "MF": 0, "CJ": 0, "CO": 1, "COPSU": 0, "HV": 0, "XA": 0, "DV": 0, "TRMA": 1, "CMHA": 1, "CSAA": 1, "ISC": 0, "OPC": 1, "MHPA": 0, "STU": 1, "SSA": 1, "SMHD": 1, "PIEC": 1, "BABA": 1, "DAOF": 0, "DAUT": 1, "HIVT": 0, "STDT": 0, "TBS": 0, "MST": 0, "HBT": 0, "HCT": 0, "ACC": 1, "DP": 1, "NOE": 1, "OFD": 1, "SHG": 1, "HS": 1, "AOSS": 0, "RC": 1, "PEER": 1, "EMP": 1, "TGD": 0, "TOD": 1, "ADTX": 1, "BDTX": 1, "CDTX": 1, "MDTX": 1, "ODTX": 1, "MDET": 1, "HAEC": 0, "TAEC": 0, "HEOH": 0, "SAE": 1, "TCC": 1, "ICO": 1, "GCO": 1, "FCO": 1, "MCO": 1, "VOC": 1, "HAV": 0, "HBV": 0, "SMON": 0, "SMOP": 0, "SMPD": 1, "CHLD": 1, "YAD": 0, "ADLT": 1, "SNR": 0, "FEM": 1, "MALE": 1, "DU": 0, "DUO": 0, "AUDO": 0, "OUDO": 0, "AH": 0, "SP": 0, "NX": 0, "FX": 0, "F4": 0, "F17": 0, "F19": 0, "F25": 0, "F28": 0, "F30": 0, "F31": 0, "F35": 0, "F36": 0, "F37": 0, "F42": 0, "F43": 0, "F47": 0, "F66": 0, "F67": 0, "F70": 0, "F81": 0, "F92": 0, "N24": 0, "N40": 0, "VAPN": 0, "VAPP": 0, "VPPD": 1, "ACU": 0, "BC": 0, "CM": 1, "CCC": 0, "DVFP": 0, "EIH": 0, "MHS": 1, "SSD": 1, "TA": 1, "IPC": 0, "SPS": 1 }, "geometry": { "type": "Point", "coordinates": [ -104.901901799999962, 39.654542100000072 ] } },
{ "type": "Feature", "properties": { "ID": 202401926, "Year": 2024, "FacilityNa": "Sobriety House Inc", "Address": "121 Acoma Street, Denver CO, 80223", "AddressID": 1908, "lat": 39.7187443, "lng": -104.9895599, "GEOID": 8031, "STATEFP": 8, "CNTYNAME": "Denver", "SA": 1, "DT": 0, "HH": 1, "SUMH": 0, "HI": 0, "OP": 1, "RES": 1, "HID": 0, "HIT": 0, "OD": 0, "ODT": 0, "OIT": 1, "OMB": 0, "ORT": 1, "RD": 0, "RL": 1, "RS": 1, "GH": 0, "PSYH": 0, "MU": 0, "BU": 1, "NU": 0, "INPE": 0, "RPE": 1, "PC": 1, "NAUT": 0, "NMAUT": 0, "ACMA": 1, "PMAT": 0, "AUINPE": 0, "AURPE": 1, "AUPC": 1, "DB": 0, "BUM": 0, "OTP": 0, "DM": 0, "MM": 0, "UB": 0, "UN": 0, "RPN": 0, "PAIN": 0, "MOA": 1, "NMOA": 0, "DLC": 0, "NOOP": 0, "MWS": 0, "ACM": 0, "DSF": 0, "METH": 0, "BSDM": 0, "BWN": 0, "BWON": 0, "BERI": 0, "NXN": 0, "VTRL": 0, "MHIV": 0, "MHCV": 0, "LFXD": 0, "CLND": 0, "MMD": 0, "MPEP": 0, "NRT": 0, "NSC": 0, "ANG": 0, "BIA": 1, "CBT": 1, "CMI": 1, "CRV": 0, "MOTI": 1, "MXM": 0, "RELP": 1, "SACA": 1, "TRC": 1, "TELE": 1, "TWFA": 1, "LCCG": 0, "DDF": 0, "IH": 0, "PVTP": 0, "PVTN": 1, "STG": 0, "TBG": 0, "FED": 0, "VAMC": 0, "STAG": 1, "STMH": 0, "STDH": 0, "CARF": 0, "COA": 0, "HFAP": 0, "HLA": 0, "JC": 0, "NCQA": 0, "FQHC": 0, "SOTP": 0, "DEA": 0, "FSA": 1, "ITU": 0, "MC": 0, "MD": 1, "MI": 0, "NP": 0, "PI": 1, "SF": 1, "SI": 0, "SAMF": 1, "PA": 0, "SS": 0, "AD": 0, "TAY": 0, "WN": 0, "PW": 0, "MN": 0, "SE": 0, "GL": 0, "VET": 0, "ADM": 0, "MF": 0, "CJ": 0, "CO": 1, "COPSU": 0, "HV": 0, "XA": 0, "DV": 0, "TRMA": 1, "CMHA": 0, "CSAA": 1, "ISC": 1, "OPC": 1, "MHPA": 0, "STU": 1, "SSA": 1, "SMHD": 1, "PIEC": 0, "BABA": 1, "DAOF": 0, "DAUT": 1, "HIVT": 0, "STDT": 0, "TBS": 0, "MST": 0, "HBT": 0, "HCT": 0, "ACC": 1, "DP": 1, "NOE": 1, "OFD": 1, "SHG": 1, "HS": 1, "AOSS": 1, "RC": 1, "PEER": 1, "EMP": 1, "TGD": 0, "TOD": 0, "ADTX": 0, "BDTX": 0, "CDTX": 0, "MDTX": 0, "ODTX": 0, "MDET": 0, "HAEC": 1, "TAEC": 1, "HEOH": 1, "SAE": 1, "TCC": 1, "ICO": 1, "GCO": 1, "FCO": 1, "MCO": 1, "VOC": 0, "HAV": 0, "HBV": 0, "SMON": 0, "SMOP": 0, "SMPD": 1, "CHLD": 0, "YAD": 1, "ADLT": 1, "SNR": 0, "FEM": 1, "MALE": 1, "DU": 0, "DUO": 0, "AUDO": 0, "OUDO": 0, "AH": 0, "SP": 0, "NX": 0, "FX": 0, "F4": 0, "F17": 0, "F19": 0, "F25": 0, "F28": 0, "F30": 0, "F31": 0, "F35": 0, "F36": 0, "F37": 0, "F42": 0, "F43": 0, "F47": 0, "F66": 0, "F67": 0, "F70": 0, "F81": 0, "F92": 0, "N24": 0, "N40": 0, "VAPN": 0, "VAPP": 0, "VPPD": 1, "ACU": 0, "BC": 0, "CM": 1, "CCC": 0, "DVFP": 0, "EIH": 0, "MHS": 0, "SSD": 1, "TA": 1, "IPC": 0, "SPS": 1 }, "geometry": { "type": "Point", "coordinates": [ -104.989559899999961, 39.718744300000026 ] } },
{ "type": "Feature", "properties": { "ID": 202401927, "Year": 2024, "FacilityNa": "Sobriety House Inc Stepping Stone", "Address": "- - -, Denver CO, 80206", "AddressID": 15080, "lat": 39.7271021, "lng": -104.9564084, "GEOID": 8031, "STATEFP": 8, "CNTYNAME": "Denver", "SA": 1, "DT": 0, "HH": 1, "SUMH": 0, "HI": 0, "OP": 0, "RES": 1, "HID": 0, "HIT": 0, "OD": 0, "ODT": 0, "OIT": 0, "OMB": 0, "ORT": 0, "RD": 0, "RL": 1, "RS": 1, "GH": 0, "PSYH": 0, "MU": 0, "BU": 1, "NU": 0, "INPE": 0, "RPE": 0, "PC": 1, "NAUT": 0, "NMAUT": 0, "ACMA": 1, "PMAT": 0, "AUINPE": 0, "AURPE": 0, "AUPC": 1, "DB": 0, "BUM": 0, "OTP": 0, "DM": 0, "MM": 0, "UB": 0, "UN": 0, "RPN": 0, "PAIN": 0, "MOA": 1, "NMOA": 0, "DLC": 0, "NOOP": 0, "MWS": 0, "ACM": 0, "DSF": 0, "METH": 0, "BSDM": 0, "BWN": 0, "BWON": 0, "BERI": 0, "NXN": 0, "VTRL": 0, "MHIV": 0, "MHCV": 0, "LFXD": 0, "CLND": 0, "MMD": 0, "MPEP": 0, "NRT": 0, "NSC": 0, "ANG": 0, "BIA": 1, "CBT": 1, "CMI": 1, "CRV": 0, "MOTI": 1, "MXM": 0, "RELP": 1, "SACA": 1, "TRC": 1, "TELE": 1, "TWFA": 1, "LCCG": 0, "DDF": 0, "IH": 0, "PVTP": 0, "PVTN": 1, "STG": 0, "TBG": 0, "FED": 0, "VAMC": 0, "STAG": 1, "STMH": 0, "STDH": 0, "CARF": 0, "COA": 0, "HFAP": 0, "HLA": 0, "JC": 0, "NCQA": 0, "FQHC": 0, "SOTP": 0, "DEA": 0, "FSA": 1, "ITU": 0, "MC": 0, "MD": 1, "MI": 0, "NP": 0, "PI": 1, "SF": 1, "SI": 0, "SAMF": 1, "PA": 0, "SS": 0, "AD": 0, "TAY": 0, "WN": 1, "PW": 0, "MN": 0, "SE": 0, "GL": 0, "VET": 0, "ADM": 0, "MF": 0, "CJ": 0, "CO": 1, "COPSU": 0, "HV": 0, "XA": 0, "DV": 0, "TRMA": 1, "CMHA": 0, "CSAA": 0, "ISC": 0, "OPC": 0, "MHPA": 0, "STU": 0, "SSA": 0, "SMHD": 0, "PIEC": 0, "BABA": 1, "DAOF": 0, "DAUT": 1, "HIVT": 0, "STDT": 0, "TBS": 0, "MST": 0, "HBT": 0, "HCT": 0, "ACC": 1, "DP": 1, "NOE": 1, "OFD": 1, "SHG": 1, "HS": 1, "AOSS": 1, "RC": 1, "PEER": 1, "EMP": 1, "TGD": 0, "TOD": 0, "ADTX": 0, "BDTX": 0, "CDTX": 0, "MDTX": 0, "ODTX": 0, "MDET": 0, "HAEC": 0, "TAEC": 0, "HEOH": 0, "SAE": 1, "TCC": 1, "ICO": 1, "GCO": 1, "FCO": 1, "MCO": 1, "VOC": 0, "HAV": 0, "HBV": 0, "SMON": 0, "SMOP": 0, "SMPD": 1, "CHLD": 0, "YAD": 1, "ADLT": 1, "SNR": 1, "FEM": 1, "MALE": 0, "DU": 0, "DUO": 0, "AUDO": 0, "OUDO": 0, "AH": 0, "SP": 0, "NX": 0, "FX": 0, "F4": 0, "F17": 0, "F19": 0, "F25": 0, "F28": 0, "F30": 0, "F31": 0, "F35": 0, "F36": 0, "F37": 0, "F42": 0, "F43": 0, "F47": 0, "F66": 0, "F67": 0, "F70": 0, "F81": 0, "F92": 0, "N24": 0, "N40": 0, "VAPN": 0, "VAPP": 0, "VPPD": 1, "ACU": 0, "BC": 0, "CM": 1, "CCC": 0, "DVFP": 0, "EIH": 0, "MHS": 0, "SSD": 1, "TA": 1, "IPC": 0, "SPS": 1 }, "geometry": { "type": "Point", "coordinates": [ -104.956408399999987, 39.727102100000025 ] } },
{ "type": "Feature", "properties": { "ID": 202401928, "Year": 2024, "FacilityNa": "Solace Counseling Services Inc", "Address": "6655 West Jewell Avenue, Denver CO, 80232", "AddressID": 1911, "lat": 39.6826916, "lng": -105.0715418, "GEOID": 8059, "STATEFP": 8, "CNTYNAME": "Jefferson", "SA": 1, "DT": 0, "HH": 0, "SUMH": 1, "HI": 0, "OP": 1, "RES": 0, "HID": 0, "HIT": 0, "OD": 0, "ODT": 0, "OIT": 1, "OMB": 0, "ORT": 1, "RD": 0, "RL": 0, "RS": 0, "GH": 0, "PSYH": 0, "MU": 0, "BU": 0, "NU": 0, "INPE": 0, "RPE": 0, "PC": 1, "NAUT": 0, "NMAUT": 0, "ACMA": 1, "PMAT": 0, "AUINPE": 0, "AURPE": 0, "AUPC": 1, "DB": 0, "BUM": 0, "OTP": 0, "DM": 0, "MM": 0, "UB": 0, "UN": 0, "RPN": 0, "PAIN": 0, "MOA": 1, "NMOA": 0, "DLC": 0, "NOOP": 0, "MWS": 0, "ACM": 0, "DSF": 0, "METH": 0, "BSDM": 0, "BWN": 0, "BWON": 0, "BERI": 0, "NXN": 0, "VTRL": 0, "MHIV": 0, "MHCV": 0, "LFXD": 0, "CLND": 0, "MMD": 0, "MPEP": 0, "NRT": 0, "NSC": 0, "ANG": 1, "BIA": 1, "CBT": 1, "CMI": 0, "CRV": 0, "MOTI": 1, "MXM": 1, "RELP": 1, "SACA": 1, "TRC": 1, "TELE": 1, "TWFA": 0, "LCCG": 0, "DDF": 0, "IH": 0, "PVTP": 1, "PVTN": 0, "STG": 0, "TBG": 0, "FED": 0, "VAMC": 0, "STAG": 1, "STMH": 1, "STDH": 1, "CARF": 0, "COA": 0, "HFAP": 0, "HLA": 0, "JC": 0, "NCQA": 0, "FQHC": 0, "SOTP": 0, "DEA": 0, "FSA": 0, "ITU": 0, "MC": 0, "MD": 1, "MI": 0, "NP": 0, "PI": 1, "SF": 1, "SI": 0, "SAMF": 0, "PA": 0, "SS": 0, "AD": 1, "TAY": 1, "WN": 1, "PW": 0, "MN": 1, "SE": 1, "GL": 1, "VET": 0, "ADM": 0, "MF": 0, "CJ": 1, "CO": 1, "COPSU": 1, "HV": 0, "XA": 1, "DV": 1, "TRMA": 1, "CMHA": 1, "CSAA": 1, "ISC": 0, "OPC": 1, "MHPA": 0, "STU": 1, "SSA": 1, "SMHD": 1, "PIEC": 1, "BABA": 1, "DAOF": 0, "DAUT": 1, "HIVT": 0, "STDT": 0, "TBS": 0, "MST": 0, "HBT": 0, "HCT": 0, "ACC": 1, "DP": 1, "NOE": 0, "OFD": 1, "SHG": 0, "HS": 0, "AOSS": 1, "RC": 1, "PEER": 1, "EMP": 1, "TGD": 0, "TOD": 1, "ADTX": 0, "BDTX": 0, "CDTX": 0, "MDTX": 0, "ODTX": 0, "MDET": 0, "HAEC": 0, "TAEC": 0, "HEOH": 0, "SAE": 1, "TCC": 1, "ICO": 1, "GCO": 1, "FCO": 1, "MCO": 1, "VOC": 0, "HAV": 0, "HBV": 0, "SMON": 0, "SMOP": 0, "SMPD": 1, "CHLD": 1, "YAD": 0, "ADLT": 1, "SNR": 0, "FEM": 1, "MALE": 1, "DU": 1, "DUO": 0, "AUDO": 0, "OUDO": 0, "AH": 0, "SP": 0, "NX": 0, "FX": 0, "F4": 0, "F17": 0, "F19": 0, "F25": 0, "F28": 0, "F30": 0, "F31": 0, "F35": 0, "F36": 0, "F37": 0, "F42": 0, "F43": 0, "F47": 0, "F66": 0, "F67": 0, "F70": 0, "F81": 0, "F92": 0, "N24": 0, "N40": 0, "VAPN": 0, "VAPP": 0, "VPPD": 1, "ACU": 0, "BC": 0, "CM": 1, "CCC": 0, "DVFP": 0, "EIH": 0, "MHS": 1, "SSD": 0, "TA": 0, "IPC": 0, "SPS": 0 }, "geometry": { "type": "Point", "coordinates": [ -105.071541799999977, 39.682691600000055 ] } },
{ "type": "Feature", "properties": { "ID": 202401929, "Year": 2024, "FacilityNa": "Spanish Clinic LLC", "Address": "4200 Morrison Road, Denver CO, 80219", "AddressID": 1912, "lat": 39.7044327, "lng": -105.0420244, "GEOID": 8031, "STATEFP": 8, "CNTYNAME": "Denver", "SA": 1, "DT": 0, "HH": 0, "SUMH": 1, "HI": 0, "OP": 1, "RES": 0, "HID": 0, "HIT": 0, "OD": 0, "ODT": 0, "OIT": 1, "OMB": 0, "ORT": 1, "RD": 0, "RL": 0, "RS": 0, "GH": 0, "PSYH": 0, "MU": 0, "BU": 0, "NU": 0, "INPE": 1, "RPE": 0, "PC": 1, "NAUT": 0, "NMAUT": 0, "ACMA": 1, "PMAT": 0, "AUINPE": 1, "AURPE": 0, "AUPC": 1, "DB": 0, "BUM": 0, "OTP": 0, "DM": 0, "MM": 0, "UB": 0, "UN": 0, "RPN": 0, "PAIN": 0, "MOA": 1, "NMOA": 0, "DLC": 0, "NOOP": 0, "MWS": 0, "ACM": 0, "DSF": 0, "METH": 0, "BSDM": 0, "BWN": 0, "BWON": 0, "BERI": 0, "NXN": 0, "VTRL": 0, "MHIV": 0, "MHCV": 0, "LFXD": 0, "CLND": 0, "MMD": 0, "MPEP": 0, "NRT": 0, "NSC": 0, "ANG": 1, "BIA": 1, "CBT": 1, "CMI": 1, "CRV": 0, "MOTI": 1, "MXM": 1, "RELP": 1, "SACA": 1, "TRC": 1, "TELE": 1, "TWFA": 1, "LCCG": 0, "DDF": 0, "IH": 0, "PVTP": 1, "PVTN": 0, "STG": 0, "TBG": 0, "FED": 0, "VAMC": 0, "STAG": 1, "STMH": 1, "STDH": 1, "CARF": 0, "COA": 0, "HFAP": 0, "HLA": 0, "JC": 0, "NCQA": 0, "FQHC": 0, "SOTP": 0, "DEA": 0, "FSA": 0, "ITU": 0, "MC": 0, "MD": 1, "MI": 0, "NP": 0, "PI": 1, "SF": 1, "SI": 1, "SAMF": 0, "PA": 0, "SS": 1, "AD": 1, "TAY": 1, "WN": 1, "PW": 1, "MN": 1, "SE": 0, "GL": 0, "VET": 0, "ADM": 0, "MF": 0, "CJ": 1, "CO": 1, "COPSU": 1, "HV": 0, "XA": 1, "DV": 1, "TRMA": 1, "CMHA": 1, "CSAA": 1, "ISC": 1, "OPC": 1, "MHPA": 0, "STU": 1, "SSA": 1, "SMHD": 1, "PIEC": 0, "BABA": 0, "DAOF": 0, "DAUT": 1, "HIVT": 0, "STDT": 0, "TBS": 0, "MST": 0, "HBT": 0, "HCT": 0, "ACC": 1, "DP": 1, "NOE": 0, "OFD": 1, "SHG": 1, "HS": 0, "AOSS": 1, "RC": 0, "PEER": 1, "EMP": 0, "TGD": 0, "TOD": 1, "ADTX": 0, "BDTX": 0, "CDTX": 0, "MDTX": 0, "ODTX": 0, "MDET": 0, "HAEC": 0, "TAEC": 0, "HEOH": 0, "SAE": 1, "TCC": 1, "ICO": 1, "GCO": 1, "FCO": 1, "MCO": 1, "VOC": 0, "HAV": 0, "HBV": 0, "SMON": 1, "SMOP": 0, "SMPD": 0, "CHLD": 0, "YAD": 0, "ADLT": 1, "SNR": 1, "FEM": 1, "MALE": 1, "DU": 1, "DUO": 0, "AUDO": 0, "OUDO": 0, "AH": 0, "SP": 1, "NX": 0, "FX": 0, "F4": 0, "F17": 0, "F19": 0, "F25": 0, "F28": 0, "F30": 0, "F31": 0, "F35": 0, "F36": 0, "F37": 0, "F42": 0, "F43": 0, "F47": 0, "F66": 0, "F67": 0, "F70": 0, "F81": 0, "F92": 0, "N24": 0, "N40": 0, "VAPN": 1, "VAPP": 0, "VPPD": 0, "ACU": 0, "BC": 0, "CM": 1, "CCC": 0, "DVFP": 1, "EIH": 0, "MHS": 1, "SSD": 1, "TA": 0, "IPC": 0, "SPS": 0 }, "geometry": { "type": "Point", "coordinates": [ -105.042024399999946, 39.704432700000041 ] } },
{ "type": "Feature", "properties": { "ID": 202401930, "Year": 2024, "FacilityNa": "Spanish Clinic LLC", "Address": "12445 East 39th Avenue, Denver CO, 80239", "AddressID": 1913, "lat": 39.771788, "lng": -104.843793, "GEOID": 8031, "STATEFP": 8, "CNTYNAME": "Denver", "SA": 1, "DT": 0, "HH": 0, "SUMH": 1, "HI": 0, "OP": 1, "RES": 0, "HID": 0, "HIT": 0, "OD": 0, "ODT": 0, "OIT": 1, "OMB": 0, "ORT": 1, "RD": 0, "RL": 0, "RS": 0, "GH": 0, "PSYH": 0, "MU": 0, "BU": 0, "NU": 0, "INPE": 1, "RPE": 0, "PC": 1, "NAUT": 0, "NMAUT": 0, "ACMA": 1, "PMAT": 0, "AUINPE": 1, "AURPE": 0, "AUPC": 1, "DB": 0, "BUM": 0, "OTP": 0, "DM": 0, "MM": 0, "UB": 0, "UN": 0, "RPN": 0, "PAIN": 0, "MOA": 1, "NMOA": 0, "DLC": 0, "NOOP": 0, "MWS": 0, "ACM": 0, "DSF": 0, "METH": 0, "BSDM": 0, "BWN": 0, "BWON": 0, "BERI": 0, "NXN": 0, "VTRL": 0, "MHIV": 0, "MHCV": 0, "LFXD": 0, "CLND": 0, "MMD": 0, "MPEP": 0, "NRT": 0, "NSC": 0, "ANG": 1, "BIA": 1, "CBT": 1, "CMI": 1, "CRV": 0, "MOTI": 1, "MXM": 1, "RELP": 1, "SACA": 1, "TRC": 1, "TELE": 1, "TWFA": 1, "LCCG": 0, "DDF": 0, "IH": 0, "PVTP": 1, "PVTN": 0, "STG": 0, "TBG": 0, "FED": 0, "VAMC": 0, "STAG": 1, "STMH": 1, "STDH": 1, "CARF": 0, "COA": 0, "HFAP": 0, "HLA": 0, "JC": 0, "NCQA": 0, "FQHC": 0, "SOTP": 0, "DEA": 0, "FSA": 0, "ITU": 0, "MC": 0, "MD": 1, "MI": 0, "NP": 0, "PI": 1, "SF": 1, "SI": 1, "SAMF": 0, "PA": 0, "SS": 1, "AD": 1, "TAY": 1, "WN": 1, "PW": 1, "MN": 1, "SE": 0, "GL": 0, "VET": 0, "ADM": 0, "MF": 0, "CJ": 1, "CO": 1, "COPSU": 1, "HV": 0, "XA": 1, "DV": 1, "TRMA": 1, "CMHA": 1, "CSAA": 1, "ISC": 0, "OPC": 1, "MHPA": 0, "STU": 1, "SSA": 1, "SMHD": 1, "PIEC": 0, "BABA": 0, "DAOF": 0, "DAUT": 1, "HIVT": 0, "STDT": 0, "TBS": 0, "MST": 0, "HBT": 0, "HCT": 0, "ACC": 1, "DP": 1, "NOE": 0, "OFD": 1, "SHG": 0, "HS": 0, "AOSS": 1, "RC": 0, "PEER": 1, "EMP": 0, "TGD": 0, "TOD": 1, "ADTX": 0, "BDTX": 0, "CDTX": 0, "MDTX": 0, "ODTX": 0, "MDET": 0, "HAEC": 0, "TAEC": 0, "HEOH": 0, "SAE": 1, "TCC": 1, "ICO": 1, "GCO": 1, "FCO": 0, "MCO": 0, "VOC": 0, "HAV": 0, "HBV": 0, "SMON": 1, "SMOP": 0, "SMPD": 0, "CHLD": 0, "YAD": 0, "ADLT": 1, "SNR": 1, "FEM": 1, "MALE": 1, "DU": 1, "DUO": 0, "AUDO": 0, "OUDO": 0, "AH": 0, "SP": 1, "NX": 0, "FX": 0, "F4": 0, "F17": 0, "F19": 0, "F25": 0, "F28": 0, "F30": 0, "F31": 0, "F35": 0, "F36": 0, "F37": 0, "F42": 0, "F43": 0, "F47": 0, "F66": 0, "F67": 0, "F70": 0, "F81": 0, "F92": 0, "N24": 0, "N40": 0, "VAPN": 1, "VAPP": 0, "VPPD": 0, "ACU": 0, "BC": 0, "CM": 1, "CCC": 0, "DVFP": 1, "EIH": 0, "MHS": 1, "SSD": 1, "TA": 0, "IPC": 0, "SPS": 0 }, "geometry": { "type": "Point", "coordinates": [ -104.843793, 39.771788 ] } },
{ "type": "Feature", "properties": { "ID": 202401931, "Year": 2024, "FacilityNa": "Special Services Clinic Inc", "Address": "301 Knox Court, Denver CO, 80219", "AddressID": 1914, "lat": 39.7214971, "lng": -105.0328496, "GEOID": 8031, "STATEFP": 8, "CNTYNAME": "Denver", "SA": 1, "DT": 0, "HH": 0, "SUMH": 0, "HI": 0, "OP": 1, "RES": 0, "HID": 0, "HIT": 0, "OD": 0, "ODT": 0, "OIT": 0, "OMB": 0, "ORT": 1, "RD": 0, "RL": 0, "RS": 0, "GH": 0, "PSYH": 0, "MU": 0, "BU": 0, "NU": 0, "INPE": 0, "RPE": 0, "PC": 0, "NAUT": 0, "NMAUT": 0, "ACMA": 1, "PMAT": 0, "AUINPE": 0, "AURPE": 0, "AUPC": 1, "DB": 0, "BUM": 0, "OTP": 0, "DM": 0, "MM": 0, "UB": 0, "UN": 0, "RPN": 0, "PAIN": 0, "MOA": 0, "NMOA": 0, "DLC": 0, "NOOP": 1, "MWS": 0, "ACM": 0, "DSF": 1, "METH": 0, "BSDM": 0, "BWN": 0, "BWON": 0, "BERI": 0, "NXN": 0, "VTRL": 0, "MHIV": 0, "MHCV": 0, "LFXD": 0, "CLND": 0, "MMD": 0, "MPEP": 0, "NRT": 0, "NSC": 0, "ANG": 1, "BIA": 1, "CBT": 1, "CMI": 0, "CRV": 0, "MOTI": 1, "MXM": 0, "RELP": 1, "SACA": 1, "TRC": 0, "TELE": 1, "TWFA": 1, "LCCG": 0, "DDF": 0, "IH": 0, "PVTP": 1, "PVTN": 0, "STG": 0, "TBG": 0, "FED": 0, "VAMC": 0, "STAG": 1, "STMH": 0, "STDH": 0, "CARF": 0, "COA": 0, "HFAP": 0, "HLA": 0, "JC": 0, "NCQA": 0, "FQHC": 0, "SOTP": 0, "DEA": 0, "FSA": 0, "ITU": 0, "MC": 0, "MD": 0, "MI": 0, "NP": 0, "PI": 0, "SF": 1, "SI": 0, "SAMF": 0, "PA": 0, "SS": 0, "AD": 0, "TAY": 0, "WN": 1, "PW": 0, "MN": 1, "SE": 1, "GL": 1, "VET": 1, "ADM": 1, "MF": 0, "CJ": 1, "CO": 0, "COPSU": 1, "HV": 0, "XA": 0, "DV": 0, "TRMA": 0, "CMHA": 0, "CSAA": 1, "ISC": 0, "OPC": 1, "MHPA": 0, "STU": 1, "SSA": 1, "SMHD": 0, "PIEC": 0, "BABA": 1, "DAOF": 0, "DAUT": 1, "HIVT": 0, "STDT": 0, "TBS": 0, "MST": 0, "HBT": 0, "HCT": 0, "ACC": 1, "DP": 1, "NOE": 0, "OFD": 1, "SHG": 0, "HS": 0, "AOSS": 0, "RC": 0, "PEER": 0, "EMP": 0, "TGD": 0, "TOD": 0, "ADTX": 0, "BDTX": 0, "CDTX": 0, "MDTX": 0, "ODTX": 0, "MDET": 0, "HAEC": 0, "TAEC": 0, "HEOH": 0, "SAE": 1, "TCC": 0, "ICO": 1, "GCO": 1, "FCO": 0, "MCO": 0, "VOC": 0, "HAV": 0, "HBV": 0, "SMON": 1, "SMOP": 0, "SMPD": 0, "CHLD": 0, "YAD": 1, "ADLT": 1, "SNR": 1, "FEM": 1, "MALE": 1, "DU": 1, "DUO": 1, "AUDO": 1, "OUDO": 0, "AH": 0, "SP": 1, "NX": 0, "FX": 0, "F4": 0, "F17": 0, "F19": 0, "F25": 0, "F28": 0, "F30": 0, "F31": 0, "F35": 0, "F36": 0, "F37": 0, "F42": 0, "F43": 0, "F47": 0, "F66": 0, "F67": 0, "F70": 0, "F81": 0, "F92": 0, "N24": 0, "N40": 0, "VAPN": 1, "VAPP": 0, "VPPD": 0, "ACU": 0, "BC": 0, "CM": 1, "CCC": 0, "DVFP": 0, "EIH": 0, "MHS": 0, "SSD": 1, "TA": 0, "IPC": 0, "SPS": 0 }, "geometry": { "type": "Point", "coordinates": [ -105.032849599999963, 39.721497100000079 ] } },
{ "type": "Feature", "properties": { "ID": 202401932, "Year": 2024, "FacilityNa": "University of Colorado Denver/ARTS Reflections for Women", "Address": "3844 West Princeton Circle, Denver CO, 80236", "AddressID": 1916, "lat": 39.6416297, "lng": -105.039675, "GEOID": 8031, "STATEFP": 8, "CNTYNAME": "Denver", "SA": 1, "DT": 0, "HH": 0, "SUMH": 1, "HI": 0, "OP": 0, "RES": 1, "HID": 0, "HIT": 0, "OD": 0, "ODT": 0, "OIT": 0, "OMB": 0, "ORT": 0, "RD": 0, "RL": 1, "RS": 1, "GH": 0, "PSYH": 0, "MU": 0, "BU": 1, "NU": 0, "INPE": 1, "RPE": 0, "PC": 1, "NAUT": 0, "NMAUT": 0, "ACMA": 1, "PMAT": 0, "AUINPE": 1, "AURPE": 1, "AUPC": 1, "DB": 0, "BUM": 1, "OTP": 0, "DM": 0, "MM": 0, "UB": 1, "UN": 0, "RPN": 0, "PAIN": 0, "MOA": 1, "NMOA": 0, "DLC": 0, "NOOP": 0, "MWS": 0, "ACM": 0, "DSF": 0, "METH": 0, "BSDM": 0, "BWN": 1, "BWON": 1, "BERI": 0, "NXN": 0, "VTRL": 0, "MHIV": 0, "MHCV": 0, "LFXD": 0, "CLND": 0, "MMD": 1, "MPEP": 0, "NRT": 1, "NSC": 1, "ANG": 1, "BIA": 1, "CBT": 1, "CMI": 1, "CRV": 0, "MOTI": 1, "MXM": 1, "RELP": 1, "SACA": 1, "TRC": 1, "TELE": 1, "TWFA": 1, "LCCG": 0, "DDF": 0, "IH": 0, "PVTP": 0, "PVTN": 0, "STG": 1, "TBG": 0, "FED": 0, "VAMC": 0, "STAG": 1, "STMH": 0, "STDH": 0, "CARF": 0, "COA": 0, "HFAP": 0, "HLA": 0, "JC": 0, "NCQA": 0, "FQHC": 0, "SOTP": 0, "DEA": 0, "FSA": 0, "ITU": 0, "MC": 0, "MD": 1, "MI": 0, "NP": 0, "PI": 0, "SF": 1, "SI": 0, "SAMF": 1, "PA": 0, "SS": 0, "AD": 0, "TAY": 0, "WN": 1, "PW": 0, "MN": 0, "SE": 0, "GL": 0, "VET": 0, "ADM": 0, "MF": 0, "CJ": 0, "CO": 1, "COPSU": 0, "HV": 0, "XA": 1, "DV": 1, "TRMA": 1, "CMHA": 1, "CSAA": 1, "ISC": 0, "OPC": 1, "MHPA": 0, "STU": 1, "SSA": 1, "SMHD": 1, "PIEC": 1, "BABA": 1, "DAOF": 0, "DAUT": 1, "HIVT": 0, "STDT": 0, "TBS": 0, "MST": 0, "HBT": 0, "HCT": 0, "ACC": 0, "DP": 1, "NOE": 1, "OFD": 0, "SHG": 1, "HS": 1, "AOSS": 1, "RC": 0, "PEER": 0, "EMP": 1, "TGD": 0, "TOD": 0, "ADTX": 0, "BDTX": 0, "CDTX": 0, "MDTX": 0, "ODTX": 0, "MDET": 0, "HAEC": 0, "TAEC": 0, "HEOH": 0, "SAE": 1, "TCC": 1, "ICO": 1, "GCO": 1, "FCO": 1, "MCO": 1, "VOC": 1, "HAV": 0, "HBV": 0, "SMON": 1, "SMOP": 0, "SMPD": 0, "CHLD": 0, "YAD": 1, "ADLT": 1, "SNR": 1, "FEM": 1, "MALE": 0, "DU": 0, "DUO": 0, "AUDO": 0, "OUDO": 0, "AH": 0, "SP": 0, "NX": 0, "FX": 0, "F4": 0, "F17": 0, "F19": 0, "F25": 0, "F28": 0, "F30": 0, "F31": 0, "F35": 0, "F36": 0, "F37": 0, "F42": 0, "F43": 0, "F47": 0, "F66": 0, "F67": 0, "F70": 0, "F81": 0, "F92": 0, "N24": 0, "N40": 0, "VAPN": 1, "VAPP": 0, "VPPD": 0, "ACU": 0, "BC": 1, "CM": 1, "CCC": 1, "DVFP": 0, "EIH": 0, "MHS": 1, "SSD": 1, "TA": 1, "IPC": 0, "SPS": 1 }, "geometry": { "type": "Point", "coordinates": [ -105.039675, 39.641629700000067 ] } },
{ "type": "Feature", "properties": { "ID": 202401940, "Year": 2024, "FacilityNa": "Bonnie Mucklow Families at Five", "Address": "7000 East Belleview Avenue, Englewood CO, 80111", "AddressID": 1935, "lat": 39.623255, "lng": -104.9070386, "GEOID": 8005, "STATEFP": 8, "CNTYNAME": "Arapahoe", "SA": 1, "DT": 0, "HH": 0, "SUMH": 1, "HI": 0, "OP": 1, "RES": 0, "HID": 0, "HIT": 0, "OD": 0, "ODT": 0, "OIT": 0, "OMB": 1, "ORT": 1, "RD": 0, "RL": 0, "RS": 0, "GH": 0, "PSYH": 0, "MU": 0, "BU": 0, "NU": 0, "INPE": 0, "RPE": 0, "PC": 1, "NAUT": 0, "NMAUT": 0, "ACMA": 1, "PMAT": 0, "AUINPE": 0, "AURPE": 0, "AUPC": 1, "DB": 0, "BUM": 0, "OTP": 0, "DM": 0, "MM": 0, "UB": 0, "UN": 0, "RPN": 0, "PAIN": 0, "MOA": 1, "NMOA": 0, "DLC": 0, "NOOP": 0, "MWS": 0, "ACM": 0, "DSF": 0, "METH": 0, "BSDM": 0, "BWN": 0, "BWON": 0, "BERI": 0, "NXN": 0, "VTRL": 0, "MHIV": 0, "MHCV": 0, "LFXD": 0, "CLND": 0, "MMD": 0, "MPEP": 0, "NRT": 0, "NSC": 0, "ANG": 1, "BIA": 1, "CBT": 1, "CMI": 1, "CRV": 0, "MOTI": 1, "MXM": 0, "RELP": 1, "SACA": 1, "TRC": 0, "TELE": 1, "TWFA": 1, "LCCG": 0, "DDF": 0, "IH": 0, "PVTP": 1, "PVTN": 0, "STG": 0, "TBG": 0, "FED": 0, "VAMC": 0, "STAG": 0, "STMH": 0, "STDH": 0, "CARF": 0, "COA": 0, "HFAP": 0, "HLA": 0, "JC": 0, "NCQA": 0, "FQHC": 0, "SOTP": 0, "DEA": 0, "FSA": 0, "ITU": 0, "MC": 0, "MD": 0, "MI": 1, "NP": 0, "PI": 1, "SF": 1, "SI": 0, "SAMF": 0, "PA": 0, "SS": 0, "AD": 1, "TAY": 1, "WN": 1, "PW": 0, "MN": 0, "SE": 0, "GL": 0, "VET": 0, "ADM": 0, "MF": 0, "CJ": 0, "CO": 0, "COPSU": 0, "HV": 0, "XA": 0, "DV": 0, "TRMA": 0, "CMHA": 1, "CSAA": 1, "ISC": 1, "OPC": 0, "MHPA": 0, "STU": 1, "SSA": 1, "SMHD": 1, "PIEC": 0, "BABA": 1, "DAOF": 0, "DAUT": 1, "HIVT": 0, "STDT": 0, "TBS": 0, "MST": 0, "HBT": 0, "HCT": 0, "ACC": 1, "DP": 1, "NOE": 1, "OFD": 0, "SHG": 0, "HS": 0, "AOSS": 0, "RC": 0, "PEER": 0, "EMP": 0, "TGD": 1, "TOD": 1, "ADTX": 0, "BDTX": 0, "CDTX": 0, "MDTX": 0, "ODTX": 0, "MDET": 0, "HAEC": 0, "TAEC": 0, "HEOH": 0, "SAE": 1, "TCC": 1, "ICO": 1, "GCO": 1, "FCO": 1, "MCO": 1, "VOC": 0, "HAV": 0, "HBV": 0, "SMON": 1, "SMOP": 0, "SMPD": 0, "CHLD": 1, "YAD": 0, "ADLT": 1, "SNR": 0, "FEM": 1, "MALE": 1, "DU": 0, "DUO": 0, "AUDO": 0, "OUDO": 0, "AH": 0, "SP": 0, "NX": 0, "FX": 0, "F4": 0, "F17": 0, "F19": 0, "F25": 0, "F28": 0, "F30": 0, "F31": 0, "F35": 0, "F36": 0, "F37": 0, "F42": 0, "F43": 0, "F47": 0, "F66": 0, "F67": 0, "F70": 0, "F81": 0, "F92": 0, "N24": 0, "N40": 0, "VAPN": 1, "VAPP": 0, "VPPD": 0, "ACU": 0, "BC": 0, "CM": 0, "CCC": 0, "DVFP": 0, "EIH": 0, "MHS": 1, "SSD": 0, "TA": 0, "IPC": 0, "SPS": 0 }, "geometry": { "type": "Point", "coordinates": [ -104.907038599999964, 39.623255 ] } },
{ "type": "Feature", "properties": { "ID": 202401985, "Year": 2024, "FacilityNa": "Gallus Detox Denver LLC", "Address": "5920 South Estes Street, Littleton CO, 80123", "AddressID": 2002, "lat": 39.607988, "lng": -105.0957072, "GEOID": 8059, "STATEFP": 8, "CNTYNAME": "Jefferson", "SA": 0, "DT": 1, "HH": 0, "SUMH": 0, "HI": 1, "OP": 0, "RES": 0, "HID": 1, "HIT": 0, "OD": 0, "ODT": 0, "OIT": 0, "OMB": 0, "ORT": 0, "RD": 0, "RL": 0, "RS": 0, "GH": 0, "PSYH": 0, "MU": 0, "BU": 1, "NU": 0, "INPE": 0, "RPE": 0, "PC": 1, "NAUT": 0, "NMAUT": 0, "ACMA": 1, "PMAT": 0, "AUINPE": 0, "AURPE": 0, "AUPC": 1, "DB": 1, "BUM": 0, "OTP": 0, "DM": 0, "MM": 0, "UB": 1, "UN": 0, "RPN": 0, "PAIN": 0, "MOA": 1, "NMOA": 0, "DLC": 1, "NOOP": 0, "MWS": 0, "ACM": 0, "DSF": 0, "METH": 0, "BSDM": 0, "BWN": 1, "BWON": 1, "BERI": 0, "NXN": 0, "VTRL": 0, "MHIV": 0, "MHCV": 0, "LFXD": 0, "CLND": 1, "MMD": 1, "MPEP": 0, "NRT": 1, "NSC": 1, "ANG": 1, "BIA": 1, "CBT": 1, "CMI": 1, "CRV": 0, "MOTI": 1, "MXM": 1, "RELP": 1, "SACA": 1, "TRC": 1, "TELE": 1, "TWFA": 1, "LCCG": 0, "DDF": 0, "IH": 0, "PVTP": 1, "PVTN": 0, "STG": 0, "TBG": 0, "FED": 0, "VAMC": 0, "STAG": 1, "STMH": 0, "STDH": 1, "CARF": 0, "COA": 0, "HFAP": 0, "HLA": 0, "JC": 1, "NCQA": 0, "FQHC": 0, "SOTP": 0, "DEA": 1, "FSA": 0, "ITU": 1, "MC": 0, "MD": 0, "MI": 0, "NP": 0, "PI": 1, "SF": 1, "SI": 1, "SAMF": 0, "PA": 0, "SS": 0, "AD": 0, "TAY": 0, "WN": 0, "PW": 1, "MN": 0, "SE": 1, "GL": 0, "VET": 0, "ADM": 0, "MF": 0, "CJ": 0, "CO": 1, "COPSU": 1, "HV": 0, "XA": 1, "DV": 1, "TRMA": 1, "CMHA": 1, "CSAA": 1, "ISC": 0, "OPC": 1, "MHPA": 1, "STU": 1, "SSA": 1, "SMHD": 1, "PIEC": 1, "BABA": 1, "DAOF": 0, "DAUT": 1, "HIVT": 0, "STDT": 0, "TBS": 0, "MST": 1, "HBT": 0, "HCT": 0, "ACC": 1, "DP": 1, "NOE": 1, "OFD": 1, "SHG": 0, "HS": 0, "AOSS": 1, "RC": 0, "PEER": 1, "EMP": 0, "TGD": 0, "TOD": 0, "ADTX": 1, "BDTX": 1, "CDTX": 1, "MDTX": 1, "ODTX": 1, "MDET": 1, "HAEC": 0, "TAEC": 0, "HEOH": 0, "SAE": 1, "TCC": 1, "ICO": 1, "GCO": 0, "FCO": 1, "MCO": 0, "VOC": 0, "HAV": 0, "HBV": 0, "SMON": 0, "SMOP": 0, "SMPD": 1, "CHLD": 0, "YAD": 1, "ADLT": 1, "SNR": 0, "FEM": 1, "MALE": 1, "DU": 0, "DUO": 0, "AUDO": 0, "OUDO": 0, "AH": 0, "SP": 0, "NX": 0, "FX": 0, "F4": 0, "F17": 0, "F19": 0, "F25": 0, "F28": 0, "F30": 0, "F31": 0, "F35": 0, "F36": 0, "F37": 0, "F42": 0, "F43": 0, "F47": 0, "F66": 0, "F67": 0, "F70": 0, "F81": 0, "F92": 0, "N24": 0, "N40": 0, "VAPN": 0, "VAPP": 0, "VPPD": 1, "ACU": 0, "BC": 0, "CM": 1, "CCC": 0, "DVFP": 0, "EIH": 0, "MHS": 0, "SSD": 0, "TA": 1, "IPC": 0, "SPS": 1 }, "geometry": { "type": "Point", "coordinates": [ -105.0957072, 39.607988 ] } }
]
}
