{
"type": "FeatureCollection",
"name": "Tennis_Racquet_Courts",
"crs": { "type": "name", "properties": { "name": "urn:ogc:def:crs:OGC:1.3:CRS84" } },
"features": [
{ "type": "Feature", "properties": { "OBJECTID": 107, "FEATURE": "Tennis Court - Practice Wall", "LOCATION": "Berkeley Lake Park", "LOC_CODE": "002", "COURT_NUM": "9", "LIGHTS": "No", "SURFACE_TYPE": "Post Tension Concrete", "YEAR_BUILT": "2018", "YEAR_RESURF": "Use Year Built Field for Latest Rehab", "GLOBALID": "a9095c4e-1419-4e73-b89b-67b7aa06d6c0", "ASSET_CLASS": "COURT", "CLASS_CATEGORY": "CT-TENPR", "GIS_ASSET_ID": 20162, "INFOR_ASSET_ID": "111683" }, "geometry": { "type": "Point", "coordinates": [ -105.046550679672492, 39.781024051990691 ] } },
{ "type": "Feature", "properties": { "OBJECTID": 108, "FEATURE": "Tennis Court", "LOCATION": "Berkeley Lake Park", "LOC_CODE": "002", "COURT_NUM": "8", "LIGHTS": "Yes", "SURFACE_TYPE": "Post Tension Concrete", "YEAR_BUILT": "2015", "YEAR_RESURF": "Use Year Built Field for Latest Rehab", "GLOBALID": "d9c0d323-8ce1-47ec-8426-06ebf6bedc8b", "ASSET_CLASS": "COURT", "CLASS_CATEGORY": "CT-TEN", "GIS_ASSET_ID": 20077, "INFOR_ASSET_ID": "111615" }, "geometry": { "type": "Point", "coordinates": [ -105.045787022938185, 39.780953019427116 ] } },
{ "type": "Feature", "properties": { "OBJECTID": 109, "FEATURE": "Tennis Court", "LOCATION": "Berkeley Lake Park", "LOC_CODE": "002", "COURT_NUM": "7", "LIGHTS": "Yes", "SURFACE_TYPE": "Post Tension Concrete", "YEAR_BUILT": "2015", "YEAR_RESURF": "Use Year Built Field for Latest Rehab", "GLOBALID": "a7652d88-36e3-4ee7-8788-78a89104d488", "ASSET_CLASS": "COURT", "CLASS_CATEGORY": "CT-TEN", "GIS_ASSET_ID": 20190, "INFOR_ASSET_ID": "111707" }, "geometry": { "type": "Point", "coordinates": [ -105.045955463973641, 39.780954104774743 ] } },
{ "type": "Feature", "properties": { "OBJECTID": 110, "FEATURE": "Tennis Court", "LOCATION": "Berkeley Lake Park", "LOC_CODE": "002", "COURT_NUM": "6", "LIGHTS": "Yes", "SURFACE_TYPE": "Post Tension Concrete", "YEAR_BUILT": "2015", "YEAR_RESURF": "Use Year Built Field for Latest Rehab", "GLOBALID": "9e111e73-ac26-4173-b5e6-34eb00b04e1e", "ASSET_CLASS": "COURT", "CLASS_CATEGORY": "CT-TEN", "GIS_ASSET_ID": 20138, "INFOR_ASSET_ID": "111664" }, "geometry": { "type": "Point", "coordinates": [ -105.046126317585816, 39.780953311562413 ] } },
{ "type": "Feature", "properties": { "OBJECTID": 111, "FEATURE": "Tennis Court", "LOCATION": "Berkeley Lake Park", "LOC_CODE": "002", "COURT_NUM": "5", "LIGHTS": "Yes", "SURFACE_TYPE": "Post Tension Concrete", "YEAR_BUILT": "2015", "YEAR_RESURF": "Use Year Built Field for Latest Rehab", "GLOBALID": "62a7a352-3f44-4ecd-ba70-f1fadb8e492e", "ASSET_CLASS": "COURT", "CLASS_CATEGORY": "CT-TEN", "GIS_ASSET_ID": 20226, "INFOR_ASSET_ID": "111733" }, "geometry": { "type": "Point", "coordinates": [ -105.04629628985704, 39.780952271538169 ] } },
{ "type": "Feature", "properties": { "OBJECTID": 112, "FEATURE": "Tennis Court - Practice Wall", "LOCATION": "Berkeley Lake Park", "LOC_CODE": "002", "COURT_NUM": "10", "LIGHTS": "No", "SURFACE_TYPE": "Post Tension Concrete", "YEAR_BUILT": "2018", "YEAR_RESURF": "Use Year Built Field for Latest Rehab", "GLOBALID": "9d9897cd-6722-427c-a1a6-e19e9ed0e706", "ASSET_CLASS": "COURT", "CLASS_CATEGORY": "CT-TENPR", "GIS_ASSET_ID": 20078, "INFOR_ASSET_ID": "111616" }, "geometry": { "type": "Point", "coordinates": [ -105.046551245587779, 39.780901420564291 ] } },
{ "type": "Feature", "properties": { "OBJECTID": 113, "FEATURE": "Tennis Court", "LOCATION": "Berkeley Lake Park", "LOC_CODE": "002", "COURT_NUM": "2", "LIGHTS": "Yes", "SURFACE_TYPE": "Post Tension Concrete", "YEAR_BUILT": "2018", "YEAR_RESURF": "Use Year Built Field for Latest Rehab", "GLOBALID": "e2258087-d63f-4577-93e7-253c3778c1db", "ASSET_CLASS": "COURT", "CLASS_CATEGORY": "CT-TEN", "GIS_ASSET_ID": 20043, "INFOR_ASSET_ID": "111585" }, "geometry": { "type": "Point", "coordinates": [ -105.046130036738006, 39.780603945736999 ] } },
{ "type": "Feature", "properties": { "OBJECTID": 114, "FEATURE": "Tennis Court", "LOCATION": "Berkeley Lake Park", "LOC_CODE": "002", "COURT_NUM": "3", "LIGHTS": "Yes", "SURFACE_TYPE": "Post Tension Concrete", "YEAR_BUILT": "2018", "YEAR_RESURF": "Use Year Built Field for Latest Rehab", "GLOBALID": "683fdce3-40b4-4f5e-af42-4d5c7f5cb322", "ASSET_CLASS": "COURT", "CLASS_CATEGORY": "CT-TEN", "GIS_ASSET_ID": 20163, "INFOR_ASSET_ID": "111684" }, "geometry": { "type": "Point", "coordinates": [ -105.045933114436679, 39.780602271758035 ] } },
{ "type": "Feature", "properties": { "OBJECTID": 115, "FEATURE": "Tennis Court", "LOCATION": "Berkeley Lake Park", "LOC_CODE": "002", "COURT_NUM": "4", "LIGHTS": "Yes", "SURFACE_TYPE": "Post Tension Concrete", "YEAR_BUILT": "2018", "YEAR_RESURF": "Use Year Built Field for Latest Rehab", "GLOBALID": "9fc38208-f9c5-4f6d-8434-fea78b424546", "ASSET_CLASS": "COURT", "CLASS_CATEGORY": "CT-TEN", "GIS_ASSET_ID": 20191, "INFOR_ASSET_ID": "111708" }, "geometry": { "type": "Point", "coordinates": [ -105.045762478456609, 39.780599721462515 ] } },
{ "type": "Feature", "properties": { "OBJECTID": 116, "FEATURE": "Tennis Court", "LOCATION": "Berkeley Lake Park", "LOC_CODE": "002", "COURT_NUM": "1", "LIGHTS": "Yes", "SURFACE_TYPE": "Post Tension Concrete", "YEAR_BUILT": "2018", "YEAR_RESURF": "Use Year Built Field for Latest Rehab", "GLOBALID": "17c0bd1d-56df-4968-b12c-08e6f09e89d0", "ASSET_CLASS": "COURT", "CLASS_CATEGORY": "CT-TEN", "GIS_ASSET_ID": 20044, "INFOR_ASSET_ID": "111586" }, "geometry": { "type": "Point", "coordinates": [ -105.046312569252336, 39.780600381925538 ] } },
{ "type": "Feature", "properties": { "OBJECTID": 117, "FEATURE": "Tennis Court - Clear Space", "LOCATION": "Berkeley Lake Park", "LOC_CODE": "002", "COURT_NUM": null, "LIGHTS": null, "SURFACE_TYPE": null, "YEAR_BUILT": null, "YEAR_RESURF": "Use Year Built Field for Latest Rehab", "GLOBALID": "c423e777-91eb-48a9-8df4-613f7200b327", "ASSET_CLASS": null, "CLASS_CATEGORY": null, "GIS_ASSET_ID": null, "INFOR_ASSET_ID": null }, "geometry": { "type": "Point", "coordinates": [ -105.046057231382122, 39.780600766343525 ] } },
{ "type": "Feature", "properties": { "OBJECTID": 118, "FEATURE": "Tennis Court", "LOCATION": "Bible (James A) Park", "LOC_CODE": "602", "COURT_NUM": "1", "LIGHTS": "Yes", "SURFACE_TYPE": "Post Tension Concrete", "YEAR_BUILT": "2013", "YEAR_RESURF": "Use Year Built Field for Latest Rehab", "GLOBALID": "ece0c7aa-c56e-4673-93da-d19ba710a8a3", "ASSET_CLASS": "COURT", "CLASS_CATEGORY": "CT-TEN", "GIS_ASSET_ID": 20227, "INFOR_ASSET_ID": "111734" }, "geometry": { "type": "Point", "coordinates": [ -104.903839508971487, 39.665337728660525 ] } },
{ "type": "Feature", "properties": { "OBJECTID": 119, "FEATURE": "Tennis Court", "LOCATION": "Bible (James A) Park", "LOC_CODE": "602", "COURT_NUM": "2", "LIGHTS": "Yes", "SURFACE_TYPE": "Post Tension Concrete", "YEAR_BUILT": "2013", "YEAR_RESURF": "Use Year Built Field for Latest Rehab", "GLOBALID": "3d768a9b-f556-46cb-98ea-be589e8bf54d", "ASSET_CLASS": "COURT", "CLASS_CATEGORY": "CT-TEN", "GIS_ASSET_ID": 20109, "INFOR_ASSET_ID": "111637" }, "geometry": { "type": "Point", "coordinates": [ -104.90404948556845, 39.665336150204702 ] } },
{ "type": "Feature", "properties": { "OBJECTID": 120, "FEATURE": "Tennis Court", "LOCATION": "Bible (James A) Park", "LOC_CODE": "602", "COURT_NUM": "3", "LIGHTS": "Yes", "SURFACE_TYPE": "Post Tension Concrete", "YEAR_BUILT": "2013", "YEAR_RESURF": "Use Year Built Field for Latest Rehab", "GLOBALID": "ee667bfb-b10c-4ad7-af81-492d796f5a4d", "ASSET_CLASS": "COURT", "CLASS_CATEGORY": "CT-TEN", "GIS_ASSET_ID": 20045, "INFOR_ASSET_ID": "111587" }, "geometry": { "type": "Point", "coordinates": [ -104.903835337394099, 39.665006831065853 ] } },
{ "type": "Feature", "properties": { "OBJECTID": 121, "FEATURE": "Tennis Court", "LOCATION": "Bible (James A) Park", "LOC_CODE": "602", "COURT_NUM": "4", "LIGHTS": "Yes", "SURFACE_TYPE": "Post Tension Concrete", "YEAR_BUILT": "2013", "YEAR_RESURF": "Use Year Built Field for Latest Rehab", "GLOBALID": "c6b181b0-43f5-41a4-ab79-b151ff1c8ecd", "ASSET_CLASS": "COURT", "CLASS_CATEGORY": "CT-TEN", "GIS_ASSET_ID": 20046, "INFOR_ASSET_ID": "111588" }, "geometry": { "type": "Point", "coordinates": [ -104.904046557616653, 39.665004324959718 ] } },
{ "type": "Feature", "properties": { "OBJECTID": 122, "FEATURE": "Tennis Court - Clear Space", "LOCATION": "Bible (James A) Park", "LOC_CODE": "602", "COURT_NUM": null, "LIGHTS": null, "SURFACE_TYPE": null, "YEAR_BUILT": null, "YEAR_RESURF": "Use Year Built Field for Latest Rehab", "GLOBALID": "c43d4837-73b5-4670-b3a4-25306ea2ba97", "ASSET_CLASS": null, "CLASS_CATEGORY": null, "GIS_ASSET_ID": null, "INFOR_ASSET_ID": null }, "geometry": { "type": "Point", "coordinates": [ -104.903936693444905, 39.66517356421928 ] } },
{ "type": "Feature", "properties": { "OBJECTID": 123, "FEATURE": "Tennis Court", "LOCATION": "City Park", "LOC_CODE": "201", "COURT_NUM": "6", "LIGHTS": "Yes", "SURFACE_TYPE": "Post Tension Concrete", "YEAR_BUILT": "2021", "YEAR_RESURF": "Use Year Built Field for Latest Rehab", "GLOBALID": "433049a9-a5ef-4e15-b3cc-133261a72be1", "ASSET_CLASS": "COURT", "CLASS_CATEGORY": "CT-TEN", "GIS_ASSET_ID": 20014, "INFOR_ASSET_ID": "111563" }, "geometry": { "type": "Point", "coordinates": [ -104.956791024298695, 39.74969443313072 ] } },
{ "type": "Feature", "properties": { "OBJECTID": 124, "FEATURE": "Tennis Court", "LOCATION": "City Park", "LOC_CODE": "201", "COURT_NUM": "5", "LIGHTS": "Yes", "SURFACE_TYPE": "Post Tension Concrete", "YEAR_BUILT": "2021", "YEAR_RESURF": "Use Year Built Field for Latest Rehab", "GLOBALID": "63c40709-e527-428c-9490-70bf63503539", "ASSET_CLASS": "COURT", "CLASS_CATEGORY": "CT-TEN", "GIS_ASSET_ID": 20192, "INFOR_ASSET_ID": "111709" }, "geometry": { "type": "Point", "coordinates": [ -104.956989452762187, 39.749693067548627 ] } },
{ "type": "Feature", "properties": { "OBJECTID": 125, "FEATURE": "Tennis Court", "LOCATION": "City Park", "LOC_CODE": "201", "COURT_NUM": "4", "LIGHTS": "Yes", "SURFACE_TYPE": "Post Tension Concrete", "YEAR_BUILT": "2021", "YEAR_RESURF": "Use Year Built Field for Latest Rehab", "GLOBALID": "c8c11797-a104-475d-9569-d4e6a8475553", "ASSET_CLASS": "COURT", "CLASS_CATEGORY": "CT-TEN", "GIS_ASSET_ID": 20139, "INFOR_ASSET_ID": "111665" }, "geometry": { "type": "Point", "coordinates": [ -104.95718996926152, 39.749690934299316 ] } },
{ "type": "Feature", "properties": { "OBJECTID": 126, "FEATURE": "Tennis Court", "LOCATION": "City Park", "LOC_CODE": "201", "COURT_NUM": "3", "LIGHTS": "Yes", "SURFACE_TYPE": "Post Tension Concrete", "YEAR_BUILT": "2021", "YEAR_RESURF": "Use Year Built Field for Latest Rehab", "GLOBALID": "dd59e05a-d19d-4197-9fa9-e4acef2c7599", "ASSET_CLASS": "COURT", "CLASS_CATEGORY": "CT-TEN", "GIS_ASSET_ID": 20228, "INFOR_ASSET_ID": "111735" }, "geometry": { "type": "Point", "coordinates": [ -104.95738775352099, 39.749688127539713 ] } },
{ "type": "Feature", "properties": { "OBJECTID": 127, "FEATURE": "Tennis Court", "LOCATION": "City Park", "LOC_CODE": "201", "COURT_NUM": "2", "LIGHTS": "Yes", "SURFACE_TYPE": "Post Tension Concrete", "YEAR_BUILT": "2021", "YEAR_RESURF": "Use Year Built Field for Latest Rehab", "GLOBALID": "8e61d5dd-efaa-46f7-b68d-23ae80a3a331", "ASSET_CLASS": "COURT", "CLASS_CATEGORY": "CT-TEN", "GIS_ASSET_ID": 20229, "INFOR_ASSET_ID": "111736" }, "geometry": { "type": "Point", "coordinates": [ -104.957589120933861, 39.749685294618502 ] } },
{ "type": "Feature", "properties": { "OBJECTID": 128, "FEATURE": "Tennis Court", "LOCATION": "City Park", "LOC_CODE": "201", "COURT_NUM": "1", "LIGHTS": "Yes", "SURFACE_TYPE": "Post Tension Concrete", "YEAR_BUILT": "2021", "YEAR_RESURF": "Use Year Built Field for Latest Rehab", "GLOBALID": "f9fed4d4-a17c-424b-9ff8-b60352993ba0", "ASSET_CLASS": "COURT", "CLASS_CATEGORY": "CT-TEN", "GIS_ASSET_ID": 20047, "INFOR_ASSET_ID": "111589" }, "geometry": { "type": "Point", "coordinates": [ -104.957786257363821, 39.749684409573497 ] } },
{ "type": "Feature", "properties": { "OBJECTID": 129, "FEATURE": "Tennis Court", "LOCATION": "City Park", "LOC_CODE": "201", "COURT_NUM": "7", "LIGHTS": "Yes", "SURFACE_TYPE": "Post Tension Concrete", "YEAR_BUILT": "2017", "YEAR_RESURF": "Use Year Built Field for Latest Rehab", "GLOBALID": "696655dc-3c30-4ec0-a2fa-a6dfeb41fc6f", "ASSET_CLASS": "COURT", "CLASS_CATEGORY": "CT-TEN", "GIS_ASSET_ID": 20015, "INFOR_ASSET_ID": "111564" }, "geometry": { "type": "Point", "coordinates": [ -104.956933852677793, 39.749245206261449 ] } },
{ "type": "Feature", "properties": { "OBJECTID": 130, "FEATURE": "Tennis Court", "LOCATION": "City Park", "LOC_CODE": "201", "COURT_NUM": "8", "LIGHTS": "Yes", "SURFACE_TYPE": "Post Tension Concrete", "YEAR_BUILT": "2017", "YEAR_RESURF": "Use Year Built Field for Latest Rehab", "GLOBALID": "e30ac7cc-e17c-4d19-bf37-bef2474a6e7b", "ASSET_CLASS": "COURT", "CLASS_CATEGORY": "CT-TEN", "GIS_ASSET_ID": 20164, "INFOR_ASSET_ID": "111685" }, "geometry": { "type": "Point", "coordinates": [ -104.957131901763731, 39.749244177115749 ] } },
{ "type": "Feature", "properties": { "OBJECTID": 131, "FEATURE": "Tennis Court", "LOCATION": "City Park", "LOC_CODE": "201", "COURT_NUM": "9", "LIGHTS": "Yes", "SURFACE_TYPE": "Post Tension Concrete", "YEAR_BUILT": "2017", "YEAR_RESURF": "Use Year Built Field for Latest Rehab", "GLOBALID": "697f5af1-772d-453d-b572-f3af43ec6e8e", "ASSET_CLASS": "COURT", "CLASS_CATEGORY": "CT-TEN", "GIS_ASSET_ID": 20165, "INFOR_ASSET_ID": "111686" }, "geometry": { "type": "Point", "coordinates": [ -104.957331433253202, 39.749242901538452 ] } },
{ "type": "Feature", "properties": { "OBJECTID": 132, "FEATURE": "Tennis Court", "LOCATION": "City Park", "LOC_CODE": "201", "COURT_NUM": "10", "LIGHTS": "Yes", "SURFACE_TYPE": "Post Tension Concrete", "YEAR_BUILT": "2017", "YEAR_RESURF": "Use Year Built Field for Latest Rehab", "GLOBALID": "ec8409ce-f8c0-434d-bfbe-8434629b3f2c", "ASSET_CLASS": "COURT", "CLASS_CATEGORY": "CT-TEN", "GIS_ASSET_ID": 20079, "INFOR_ASSET_ID": "111617" }, "geometry": { "type": "Point", "coordinates": [ -104.957530751437005, 39.74924229758458 ] } },
{ "type": "Feature", "properties": { "OBJECTID": 133, "FEATURE": "Tennis Court", "LOCATION": "City Park", "LOC_CODE": "201", "COURT_NUM": "12", "LIGHTS": "Yes", "SURFACE_TYPE": "Post Tension Concrete", "YEAR_BUILT": "2018", "YEAR_RESURF": "Use Year Built Field for Latest Rehab", "GLOBALID": "dc8bd0c0-57fd-4e2f-b7c8-809756571510", "ASSET_CLASS": "COURT", "CLASS_CATEGORY": "CT-TEN", "GIS_ASSET_ID": 20110, "INFOR_ASSET_ID": "111638" }, "geometry": { "type": "Point", "coordinates": [ -104.957127818522494, 39.748816406509562 ] } },
{ "type": "Feature", "properties": { "OBJECTID": 134, "FEATURE": "Tennis Court", "LOCATION": "City Park", "LOC_CODE": "201", "COURT_NUM": "13", "LIGHTS": "Yes", "SURFACE_TYPE": "Post Tension Concrete", "YEAR_BUILT": "2018", "YEAR_RESURF": "Use Year Built Field for Latest Rehab", "GLOBALID": "322e5318-76eb-4c87-a385-541754eb872f", "ASSET_CLASS": "COURT", "CLASS_CATEGORY": "CT-TEN", "GIS_ASSET_ID": 20048, "INFOR_ASSET_ID": "111590" }, "geometry": { "type": "Point", "coordinates": [ -104.957326640315429, 39.748814630444535 ] } },
{ "type": "Feature", "properties": { "OBJECTID": 135, "FEATURE": "Tennis Court - Clear Space", "LOCATION": "City Park", "LOC_CODE": "201", "COURT_NUM": null, "LIGHTS": null, "SURFACE_TYPE": null, "YEAR_BUILT": null, "YEAR_RESURF": "Use Year Built Field for Latest Rehab", "GLOBALID": "8f99d612-a4c7-49a8-b924-b5905b759382", "ASSET_CLASS": null, "CLASS_CATEGORY": null, "GIS_ASSET_ID": null, "INFOR_ASSET_ID": null }, "geometry": { "type": "Point", "coordinates": [ -104.957289233819367, 39.749690436061783 ] } },
{ "type": "Feature", "properties": { "OBJECTID": 136, "FEATURE": "Tennis Court - Clear Space", "LOCATION": "City Park", "LOC_CODE": "201", "COURT_NUM": null, "LIGHTS": null, "SURFACE_TYPE": null, "YEAR_BUILT": null, "YEAR_RESURF": "Use Year Built Field for Latest Rehab", "GLOBALID": "105e34bc-527e-405e-84d0-cef16f456044", "ASSET_CLASS": null, "CLASS_CATEGORY": null, "GIS_ASSET_ID": null, "INFOR_ASSET_ID": null }, "geometry": { "type": "Point", "coordinates": [ -104.957223103983438, 39.749242017143928 ] } },
{ "type": "Feature", "properties": { "OBJECTID": 137, "FEATURE": "Tennis Court - Clear Space", "LOCATION": "City Park", "LOC_CODE": "201", "COURT_NUM": null, "LIGHTS": null, "SURFACE_TYPE": null, "YEAR_BUILT": null, "YEAR_RESURF": "Use Year Built Field for Latest Rehab", "GLOBALID": "a35a3e73-2f64-4486-a22d-4cdbe3e92465", "ASSET_CLASS": null, "CLASS_CATEGORY": null, "GIS_ASSET_ID": null, "INFOR_ASSET_ID": null }, "geometry": { "type": "Point", "coordinates": [ -104.957220937378523, 39.748815969311856 ] } },
{ "type": "Feature", "properties": { "OBJECTID": 139, "FEATURE": "Tennis Court", "LOCATION": "Congress Park", "LOC_CODE": "314", "COURT_NUM": "4", "LIGHTS": "Yes", "SURFACE_TYPE": "Concrete", "YEAR_BUILT": "2024", "YEAR_RESURF": "Use Year Built Field for Latest Rehab", "GLOBALID": "0b21eff7-d777-4b12-8fe8-e9cca3c21485", "ASSET_CLASS": "COURT", "CLASS_CATEGORY": "CT-TEN", "GIS_ASSET_ID": 20230, "INFOR_ASSET_ID": "111737" }, "geometry": { "type": "Point", "coordinates": [ -104.955151026540818, 39.730667888403104 ] } },
{ "type": "Feature", "properties": { "OBJECTID": 140, "FEATURE": "Tennis Court", "LOCATION": "Congress Park", "LOC_CODE": "314", "COURT_NUM": "3", "LIGHTS": "Yes", "SURFACE_TYPE": "Concrete", "YEAR_BUILT": "2024", "YEAR_RESURF": "Use Year Built Field for Latest Rehab", "GLOBALID": "2987404a-1037-4ba1-9b10-c5f55c38db41", "ASSET_CLASS": "COURT", "CLASS_CATEGORY": "CT-TEN", "GIS_ASSET_ID": 20166, "INFOR_ASSET_ID": "111687" }, "geometry": { "type": "Point", "coordinates": [ -104.955366893965433, 39.730668755430045 ] } },
{ "type": "Feature", "properties": { "OBJECTID": 141, "FEATURE": "Tennis Court", "LOCATION": "Congress Park", "LOC_CODE": "314", "COURT_NUM": "2", "LIGHTS": "Yes", "SURFACE_TYPE": "Concrete", "YEAR_BUILT": "2024", "YEAR_RESURF": "Use Year Built Field for Latest Rehab", "GLOBALID": "afde7327-9d6e-48c5-af0a-fcd08665f2d2", "ASSET_CLASS": "COURT", "CLASS_CATEGORY": "CT-TEN", "GIS_ASSET_ID": 20080, "INFOR_ASSET_ID": "111618" }, "geometry": { "type": "Point", "coordinates": [ -104.955794162476764, 39.730671666505835 ] } },
{ "type": "Feature", "properties": { "OBJECTID": 142, "FEATURE": "Tennis Court", "LOCATION": "Congress Park", "LOC_CODE": "314", "COURT_NUM": "1", "LIGHTS": "Yes", "SURFACE_TYPE": "Concrete", "YEAR_BUILT": "2024", "YEAR_RESURF": "Use Year Built Field for Latest Rehab", "GLOBALID": "64bc2bf1-7d73-48c6-baf3-6e4a3d4c3c49", "ASSET_CLASS": "COURT", "CLASS_CATEGORY": "CT-TEN", "GIS_ASSET_ID": 20193, "INFOR_ASSET_ID": "111710" }, "geometry": { "type": "Point", "coordinates": [ -104.956006994720724, 39.730671048037195 ] } },
{ "type": "Feature", "properties": { "OBJECTID": 143, "FEATURE": "Tennis Court", "LOCATION": "Congress Park", "LOC_CODE": "314", "COURT_NUM": "6", "LIGHTS": "No", "SURFACE_TYPE": null, "YEAR_BUILT": "2017", "YEAR_RESURF": "Use Year Built Field for Latest Rehab", "GLOBALID": "d35fffe3-0502-4ab3-bf5b-8d8eeb326f71", "ASSET_CLASS": "COURT", "CLASS_CATEGORY": "CT-TEN", "GIS_ASSET_ID": 20111, "INFOR_ASSET_ID": "111639" }, "geometry": { "type": "Point", "coordinates": [ -104.954957391678718, 39.730379052322853 ] } },
{ "type": "Feature", "properties": { "OBJECTID": 144, "FEATURE": "Tennis Court", "LOCATION": "Congress Park", "LOC_CODE": "314", "COURT_NUM": "8", "LIGHTS": "No", "SURFACE_TYPE": null, "YEAR_BUILT": "2017", "YEAR_RESURF": "Use Year Built Field for Latest Rehab", "GLOBALID": "ec559271-fcd4-48d0-aaad-cbd1b0dd4b31", "ASSET_CLASS": "COURT", "CLASS_CATEGORY": "CT-TEN", "GIS_ASSET_ID": 20049, "INFOR_ASSET_ID": "111591" }, "geometry": { "type": "Point", "coordinates": [ -104.954864400504277, 39.730146155247112 ] } },
{ "type": "Feature", "properties": { "OBJECTID": 145, "FEATURE": "Tennis Court", "LOCATION": "Congress Park", "LOC_CODE": "314", "COURT_NUM": "7", "LIGHTS": "No", "SURFACE_TYPE": null, "YEAR_BUILT": "2017", "YEAR_RESURF": "Use Year Built Field for Latest Rehab", "GLOBALID": "99d8aeeb-5e53-4274-9fb5-ff35eb5da6ba", "ASSET_CLASS": "COURT", "CLASS_CATEGORY": "CT-TEN", "GIS_ASSET_ID": 20194, "INFOR_ASSET_ID": "111711" }, "geometry": { "type": "Point", "coordinates": [ -104.955048642076321, 39.7301461631547 ] } },
{ "type": "Feature", "properties": { "OBJECTID": 146, "FEATURE": "Tennis Court - Clear Space", "LOCATION": "Congress Park", "LOC_CODE": "314", "COURT_NUM": null, "LIGHTS": null, "SURFACE_TYPE": null, "YEAR_BUILT": null, "YEAR_RESURF": "Use Year Built Field for Latest Rehab", "GLOBALID": "26914b8d-9afd-4bf8-8c46-3c7572a6741b", "ASSET_CLASS": null, "CLASS_CATEGORY": null, "GIS_ASSET_ID": null, "INFOR_ASSET_ID": null }, "geometry": { "type": "Point", "coordinates": [ -104.954888982242935, 39.730674286154574 ] } },
{ "type": "Feature", "properties": { "OBJECTID": 147, "FEATURE": "Tennis Court - Clear Space", "LOCATION": "Congress Park", "LOC_CODE": "314", "COURT_NUM": null, "LIGHTS": null, "SURFACE_TYPE": null, "YEAR_BUILT": null, "YEAR_RESURF": "Use Year Built Field for Latest Rehab", "GLOBALID": "37739013-eda8-4c18-903b-a636f274d64c", "ASSET_CLASS": null, "CLASS_CATEGORY": null, "GIS_ASSET_ID": null, "INFOR_ASSET_ID": null }, "geometry": { "type": "Point", "coordinates": [ -104.955260077336774, 39.730669283367085 ] } },
{ "type": "Feature", "properties": { "OBJECTID": 148, "FEATURE": "Tennis Court - Clear Space", "LOCATION": "Congress Park", "LOC_CODE": "314", "COURT_NUM": null, "LIGHTS": null, "SURFACE_TYPE": null, "YEAR_BUILT": null, "YEAR_RESURF": "Use Year Built Field for Latest Rehab", "GLOBALID": "0ea959df-f553-4b79-aa05-2d96a23c7134", "ASSET_CLASS": null, "CLASS_CATEGORY": null, "GIS_ASSET_ID": null, "INFOR_ASSET_ID": null }, "geometry": { "type": "Point", "coordinates": [ -104.955898933990454, 39.730669466276183 ] } },
{ "type": "Feature", "properties": { "OBJECTID": 149, "FEATURE": "Tennis Court - Clear Space", "LOCATION": "Congress Park", "LOC_CODE": "314", "COURT_NUM": null, "LIGHTS": null, "SURFACE_TYPE": null, "YEAR_BUILT": null, "YEAR_RESURF": "Use Year Built Field for Latest Rehab", "GLOBALID": "8e399a47-927c-43d8-bcfa-048c87ec6803", "ASSET_CLASS": null, "CLASS_CATEGORY": null, "GIS_ASSET_ID": null, "INFOR_ASSET_ID": null }, "geometry": { "type": "Point", "coordinates": [ -104.95495315203982, 39.730204831062871 ] } },
{ "type": "Feature", "properties": { "OBJECTID": 150, "FEATURE": "Tennis Court", "LOCATION": "Crestmoor Park", "LOC_CODE": "403", "COURT_NUM": "4", "LIGHTS": "No", "SURFACE_TYPE": null, "YEAR_BUILT": "2013", "YEAR_RESURF": "Use Year Built Field for Latest Rehab", "GLOBALID": "ec0344c2-e97c-4186-9a77-93b8f9038030", "ASSET_CLASS": "COURT", "CLASS_CATEGORY": "CT-TEN", "GIS_ASSET_ID": 20231, "INFOR_ASSET_ID": "111738" }, "geometry": { "type": "Point", "coordinates": [ -104.914559744807505, 39.713862258340008 ] } },
{ "type": "Feature", "properties": { "OBJECTID": 151, "FEATURE": "Tennis Court", "LOCATION": "Crestmoor Park", "LOC_CODE": "403", "COURT_NUM": "3", "LIGHTS": "No", "SURFACE_TYPE": null, "YEAR_BUILT": "2013", "YEAR_RESURF": "Use Year Built Field for Latest Rehab", "GLOBALID": "e27b51ee-1533-47ba-9822-28ac330bd713", "ASSET_CLASS": "COURT", "CLASS_CATEGORY": "CT-TEN", "GIS_ASSET_ID": 20017, "INFOR_ASSET_ID": "111566" }, "geometry": { "type": "Point", "coordinates": [ -104.914743397322368, 39.713861128044329 ] } },
{ "type": "Feature", "properties": { "OBJECTID": 152, "FEATURE": "Tennis Court", "LOCATION": "Crestmoor Park", "LOC_CODE": "403", "COURT_NUM": "2", "LIGHTS": "No", "SURFACE_TYPE": null, "YEAR_BUILT": "2013", "YEAR_RESURF": "Use Year Built Field for Latest Rehab", "GLOBALID": "0d3a126f-6150-4729-b1ee-e8db0018f3dc", "ASSET_CLASS": "COURT", "CLASS_CATEGORY": "CT-TEN", "GIS_ASSET_ID": 20018, "INFOR_ASSET_ID": "111567" }, "geometry": { "type": "Point", "coordinates": [ -104.914928650164612, 39.713861474682609 ] } },
{ "type": "Feature", "properties": { "OBJECTID": 153, "FEATURE": "Tennis Court", "LOCATION": "Crestmoor Park", "LOC_CODE": "403", "COURT_NUM": "1", "LIGHTS": "No", "SURFACE_TYPE": null, "YEAR_BUILT": "2013", "YEAR_RESURF": "Use Year Built Field for Latest Rehab", "GLOBALID": "023e06e7-e0f0-4140-b1ea-a91fa190f34b", "ASSET_CLASS": "COURT", "CLASS_CATEGORY": "CT-TEN", "GIS_ASSET_ID": 20019, "INFOR_ASSET_ID": "111568" }, "geometry": { "type": "Point", "coordinates": [ -104.915113044252081, 39.713861093988335 ] } },
{ "type": "Feature", "properties": { "OBJECTID": 154, "FEATURE": "Tennis Court - Clear Space", "LOCATION": "Crestmoor Park", "LOC_CODE": "403", "COURT_NUM": null, "LIGHTS": null, "SURFACE_TYPE": null, "YEAR_BUILT": null, "YEAR_RESURF": "Use Year Built Field for Latest Rehab", "GLOBALID": "c9effdf1-b873-4fab-8751-e4ada62dfe38", "ASSET_CLASS": null, "CLASS_CATEGORY": null, "GIS_ASSET_ID": null, "INFOR_ASSET_ID": null }, "geometry": { "type": "Point", "coordinates": [ -104.91484407974454, 39.713860772394803 ] } },
{ "type": "Feature", "properties": { "OBJECTID": 168, "FEATURE": "Tennis Court", "LOCATION": "Garland", "LOC_CODE": "728", "COURT_NUM": "1", "LIGHTS": "Yes", "SURFACE_TYPE": null, "YEAR_BUILT": "2015", "YEAR_RESURF": "Use Year Built Field for Latest Rehab", "GLOBALID": "8367025c-642d-4138-bbad-7d59acc48908", "ASSET_CLASS": "COURT", "CLASS_CATEGORY": "CT-TEN", "GIS_ASSET_ID": 20020, "INFOR_ASSET_ID": "111569" }, "geometry": { "type": "Point", "coordinates": [ -104.913278976200573, 39.694465345049821 ] } },
{ "type": "Feature", "properties": { "OBJECTID": 169, "FEATURE": "Tennis Court", "LOCATION": "Garland", "LOC_CODE": "728", "COURT_NUM": "2", "LIGHTS": "Yes", "SURFACE_TYPE": null, "YEAR_BUILT": "2015", "YEAR_RESURF": "Use Year Built Field for Latest Rehab", "GLOBALID": "f12e1797-6077-4dfb-93d7-f6ee2dc8b5ec", "ASSET_CLASS": "COURT", "CLASS_CATEGORY": "CT-TEN", "GIS_ASSET_ID": 20196, "INFOR_ASSET_ID": "111713" }, "geometry": { "type": "Point", "coordinates": [ -104.913481140168358, 39.694464979781024 ] } },
{ "type": "Feature", "properties": { "OBJECTID": 170, "FEATURE": "Tennis Court", "LOCATION": "Garland", "LOC_CODE": "728", "COURT_NUM": "3", "LIGHTS": "Yes", "SURFACE_TYPE": null, "YEAR_BUILT": "2015", "YEAR_RESURF": "Use Year Built Field for Latest Rehab", "GLOBALID": "f2f3e415-9f02-4361-9b5a-0c79bbf7b3ec", "ASSET_CLASS": "COURT", "CLASS_CATEGORY": "CT-TEN", "GIS_ASSET_ID": 20235, "INFOR_ASSET_ID": "111742" }, "geometry": { "type": "Point", "coordinates": [ -104.913680215771407, 39.694464156534849 ] } },
{ "type": "Feature", "properties": { "OBJECTID": 171, "FEATURE": "Tennis Court", "LOCATION": "Garland", "LOC_CODE": "728", "COURT_NUM": "4", "LIGHTS": "Yes", "SURFACE_TYPE": null, "YEAR_BUILT": "2015", "YEAR_RESURF": "Use Year Built Field for Latest Rehab", "GLOBALID": "5db54fed-06bb-425a-a6f5-1e9152e35d26", "ASSET_CLASS": "COURT", "CLASS_CATEGORY": "CT-TEN", "GIS_ASSET_ID": 20197, "INFOR_ASSET_ID": "111714" }, "geometry": { "type": "Point", "coordinates": [ -104.913881208388858, 39.694464675762575 ] } },
{ "type": "Feature", "properties": { "OBJECTID": 172, "FEATURE": "Tennis Court - Clear Space", "LOCATION": "Garland", "LOC_CODE": "728", "COURT_NUM": null, "LIGHTS": null, "SURFACE_TYPE": null, "YEAR_BUILT": null, "YEAR_RESURF": "Use Year Built Field for Latest Rehab", "GLOBALID": "0a50dcb8-3ee5-4bcd-af83-0bfdc4d0d726", "ASSET_CLASS": null, "CLASS_CATEGORY": null, "GIS_ASSET_ID": null, "INFOR_ASSET_ID": null }, "geometry": { "type": "Point", "coordinates": [ -104.913582890650972, 39.694464546763349 ] } },
{ "type": "Feature", "properties": { "OBJECTID": 174, "FEATURE": "Tennis Court", "LOCATION": "Godsman Park", "LOC_CODE": "808", "COURT_NUM": "1", "LIGHTS": "No", "SURFACE_TYPE": "Post Tension Concrete", "YEAR_BUILT": "2021", "YEAR_RESURF": "Use Year Built Field for Latest Rehab", "GLOBALID": "09001155-3a51-4cd7-beb7-386628e5bf71", "ASSET_CLASS": "COURT", "CLASS_CATEGORY": "CT-TEN", "GIS_ASSET_ID": 20236, "INFOR_ASSET_ID": "111743" }, "geometry": { "type": "Point", "coordinates": [ -105.014748933662617, 39.690507518952629 ] } },
{ "type": "Feature", "properties": { "OBJECTID": 175, "FEATURE": "Tennis Court - Clear Space", "LOCATION": "Godsman Park", "LOC_CODE": "808", "COURT_NUM": null, "LIGHTS": null, "SURFACE_TYPE": null, "YEAR_BUILT": "<Null>", "YEAR_RESURF": "Use Year Built Field for Latest Rehab", "GLOBALID": "40689116-1621-4196-8601-0420a2e1ed83", "ASSET_CLASS": null, "CLASS_CATEGORY": null, "GIS_ASSET_ID": null, "INFOR_ASSET_ID": null }, "geometry": { "type": "Point", "coordinates": [ -105.014764066474683, 39.690509800134258 ] } },
{ "type": "Feature", "properties": { "OBJECTID": 176, "FEATURE": "Tennis Court", "LOCATION": "Green Valley Ranch East", "LOC_CODE": "550", "COURT_NUM": "2", "LIGHTS": "No", "SURFACE_TYPE": null, "YEAR_BUILT": "2014", "YEAR_RESURF": "Use Year Built Field for Latest Rehab", "GLOBALID": "68829bfe-cab8-4550-8a07-effc9f1732f6", "ASSET_CLASS": "COURT", "CLASS_CATEGORY": "CT-TEN", "GIS_ASSET_ID": 20198, "INFOR_ASSET_ID": "111715" }, "geometry": { "type": "Point", "coordinates": [ -104.750194109304829, 39.777677619353099 ] } },
{ "type": "Feature", "properties": { "OBJECTID": 177, "FEATURE": "Tennis Court", "LOCATION": "Green Valley Ranch East", "LOC_CODE": "550", "COURT_NUM": "1", "LIGHTS": "No", "SURFACE_TYPE": null, "YEAR_BUILT": "2014", "YEAR_RESURF": "Use Year Built Field for Latest Rehab", "GLOBALID": "d19ec2f6-ddbc-4575-a188-008e7d269306", "ASSET_CLASS": "COURT", "CLASS_CATEGORY": "CT-TEN", "GIS_ASSET_ID": 20081, "INFOR_ASSET_ID": "111619" }, "geometry": { "type": "Point", "coordinates": [ -104.750004738386906, 39.777580576057971 ] } },
{ "type": "Feature", "properties": { "OBJECTID": 178, "FEATURE": "Tennis Court - Clear Space", "LOCATION": "Green Valley Ranch East", "LOC_CODE": "550", "COURT_NUM": null, "LIGHTS": null, "SURFACE_TYPE": null, "YEAR_BUILT": null, "YEAR_RESURF": "Use Year Built Field for Latest Rehab", "GLOBALID": "ceb2120d-d0cf-4769-bfb9-8ecf363df30b", "ASSET_CLASS": null, "CLASS_CATEGORY": null, "GIS_ASSET_ID": null, "INFOR_ASSET_ID": null }, "geometry": { "type": "Point", "coordinates": [ -104.750103599603023, 39.777627444844768 ] } },
{ "type": "Feature", "properties": { "OBJECTID": 179, "FEATURE": "Tennis Court", "LOCATION": "Greenway Park", "LOC_CODE": "556", "COURT_NUM": "3", "LIGHTS": "Yes", "SURFACE_TYPE": null, "YEAR_BUILT": "2009", "YEAR_RESURF": "Use Year Built Field for Latest Rehab", "GLOBALID": "68c6458c-2fb2-4b47-aa5c-ee35ee67b26c", "ASSET_CLASS": "COURT", "CLASS_CATEGORY": "CT-TEN", "GIS_ASSET_ID": 20022, "INFOR_ASSET_ID": "111571" }, "geometry": { "type": "Point", "coordinates": [ -104.89819657180567, 39.748499017383999 ] } },
{ "type": "Feature", "properties": { "OBJECTID": 180, "FEATURE": "Tennis Court", "LOCATION": "Greenway Park", "LOC_CODE": "556", "COURT_NUM": "4", "LIGHTS": "Yes", "SURFACE_TYPE": null, "YEAR_BUILT": "2009", "YEAR_RESURF": "Use Year Built Field for Latest Rehab", "GLOBALID": "a5f388d2-953c-4b17-88ed-2916f365be8c", "ASSET_CLASS": "COURT", "CLASS_CATEGORY": "CT-TEN", "GIS_ASSET_ID": 20023, "INFOR_ASSET_ID": "111572" }, "geometry": { "type": "Point", "coordinates": [ -104.898046275129971, 39.748565393343334 ] } },
{ "type": "Feature", "properties": { "OBJECTID": 181, "FEATURE": "Tennis Court", "LOCATION": "Greenway Park", "LOC_CODE": "556", "COURT_NUM": "1", "LIGHTS": "Yes", "SURFACE_TYPE": null, "YEAR_BUILT": "2009", "YEAR_RESURF": "Use Year Built Field for Latest Rehab", "GLOBALID": "b855987c-764e-4101-af03-7f431217f795", "ASSET_CLASS": "COURT", "CLASS_CATEGORY": "CT-TEN", "GIS_ASSET_ID": 20082, "INFOR_ASSET_ID": "111620" }, "geometry": { "type": "Point", "coordinates": [ -104.897931922346785, 39.748099197037192 ] } },
{ "type": "Feature", "properties": { "OBJECTID": 182, "FEATURE": "Tennis Court", "LOCATION": "Greenway Park", "LOC_CODE": "556", "COURT_NUM": "2", "LIGHTS": "Yes", "SURFACE_TYPE": null, "YEAR_BUILT": "2009", "YEAR_RESURF": "Use Year Built Field for Latest Rehab", "GLOBALID": "862a990f-b64e-445f-82a3-2e00a25f0c8d", "ASSET_CLASS": "COURT", "CLASS_CATEGORY": "CT-TEN", "GIS_ASSET_ID": 20199, "INFOR_ASSET_ID": "111716" }, "geometry": { "type": "Point", "coordinates": [ -104.898082227531603, 39.748031719836348 ] } },
{ "type": "Feature", "properties": { "OBJECTID": 183, "FEATURE": "Tennis Court - Clear Space", "LOCATION": "Greenway Park", "LOC_CODE": "556", "COURT_NUM": null, "LIGHTS": null, "SURFACE_TYPE": null, "YEAR_BUILT": "<Null>", "YEAR_RESURF": "Use Year Built Field for Latest Rehab", "GLOBALID": "24ab0234-0557-488b-a6c0-46219ad4e599", "ASSET_CLASS": null, "CLASS_CATEGORY": null, "GIS_ASSET_ID": null, "INFOR_ASSET_ID": null }, "geometry": { "type": "Point", "coordinates": [ -104.898108694900486, 39.748535722382798 ] } },
{ "type": "Feature", "properties": { "OBJECTID": 184, "FEATURE": "Tennis Court - Clear Space", "LOCATION": "Greenway Park", "LOC_CODE": "556", "COURT_NUM": null, "LIGHTS": null, "SURFACE_TYPE": null, "YEAR_BUILT": "<Null>", "YEAR_RESURF": "Use Year Built Field for Latest Rehab", "GLOBALID": "d5d0748b-f3f6-4072-92ea-836299ae0f5a", "ASSET_CLASS": null, "CLASS_CATEGORY": null, "GIS_ASSET_ID": null, "INFOR_ASSET_ID": null }, "geometry": { "type": "Point", "coordinates": [ -104.898004323901461, 39.748060745860528 ] } },
{ "type": "Feature", "properties": { "OBJECTID": 189, "FEATURE": "Tennis Court - Clear Space", "LOCATION": "Huston Lake Park", "LOC_CODE": "811", "COURT_NUM": null, "LIGHTS": null, "SURFACE_TYPE": null, "YEAR_BUILT": "<Null>", "YEAR_RESURF": "Use Year Built Field for Latest Rehab", "GLOBALID": "65a90725-b798-4557-a6ee-b539c11b2cac", "ASSET_CLASS": null, "CLASS_CATEGORY": null, "GIS_ASSET_ID": null, "INFOR_ASSET_ID": null }, "geometry": { "type": "Point", "coordinates": [ -105.017739790672692, 39.700841708302967 ] } },
{ "type": "Feature", "properties": { "OBJECTID": 190, "FEATURE": "Tennis Court", "LOCATION": "La Alma / Lincoln Park", "LOC_CODE": "315", "COURT_NUM": "2", "LIGHTS": "No", "SURFACE_TYPE": null, "YEAR_BUILT": "2013", "YEAR_RESURF": "Use Year Built Field for Latest Rehab", "GLOBALID": "6a381332-c050-4bf4-8d52-1a6ac1a129a3", "ASSET_CLASS": "COURT", "CLASS_CATEGORY": "CT-TEN", "GIS_ASSET_ID": 20201, "INFOR_ASSET_ID": "111718" }, "geometry": { "type": "Point", "coordinates": [ -105.004781132896127, 39.734810579709581 ] } },
{ "type": "Feature", "properties": { "OBJECTID": 191, "FEATURE": "Tennis Court", "LOCATION": "La Alma / Lincoln Park", "LOC_CODE": "315", "COURT_NUM": "1", "LIGHTS": "No", "SURFACE_TYPE": null, "YEAR_BUILT": "2013", "YEAR_RESURF": "Use Year Built Field for Latest Rehab", "GLOBALID": "b908cdcc-2a4a-47dc-8a0e-8989ccbd9b83", "ASSET_CLASS": "COURT", "CLASS_CATEGORY": "CT-TEN", "GIS_ASSET_ID": 20115, "INFOR_ASSET_ID": "111643" }, "geometry": { "type": "Point", "coordinates": [ -105.004950856630344, 39.734810308966019 ] } },
{ "type": "Feature", "properties": { "OBJECTID": 192, "FEATURE": "Tennis Court - Clear Space", "LOCATION": "La Alma / Lincoln Park", "LOC_CODE": "315", "COURT_NUM": null, "LIGHTS": null, "SURFACE_TYPE": null, "YEAR_BUILT": null, "YEAR_RESURF": "Use Year Built Field for Latest Rehab", "GLOBALID": "b4f4ef35-db61-4ec9-9f31-003fddd71770", "ASSET_CLASS": null, "CLASS_CATEGORY": null, "GIS_ASSET_ID": null, "INFOR_ASSET_ID": null }, "geometry": { "type": "Point", "coordinates": [ -105.004865622168964, 39.734816142268642 ] } },
{ "type": "Feature", "properties": { "OBJECTID": 193, "FEATURE": "Tennis Court", "LOCATION": "Lindsley (Henry S) Park", "LOC_CODE": "401", "COURT_NUM": "1", "LIGHTS": "Yes", "SURFACE_TYPE": null, "YEAR_BUILT": "2006", "YEAR_RESURF": "Use Year Built Field for Latest Rehab", "GLOBALID": "61b070b1-fa69-433b-aade-5cbf60feab4a", "ASSET_CLASS": "COURT", "CLASS_CATEGORY": "CT-TEN", "GIS_ASSET_ID": 20116, "INFOR_ASSET_ID": "111644" }, "geometry": { "type": "Point", "coordinates": [ -104.933096869026528, 39.734429002217446 ] } },
{ "type": "Feature", "properties": { "OBJECTID": 194, "FEATURE": "Tennis Court", "LOCATION": "Lindsley (Henry S) Park", "LOC_CODE": "401", "COURT_NUM": "2", "LIGHTS": "Yes", "SURFACE_TYPE": null, "YEAR_BUILT": "2006", "YEAR_RESURF": "Use Year Built Field for Latest Rehab", "GLOBALID": "e6343a5b-22eb-4a91-8038-4e877e51055d", "ASSET_CLASS": "COURT", "CLASS_CATEGORY": "CT-TEN", "GIS_ASSET_ID": 20052, "INFOR_ASSET_ID": "111594" }, "geometry": { "type": "Point", "coordinates": [ -104.933269321392558, 39.734426920744099 ] } },
{ "type": "Feature", "properties": { "OBJECTID": 195, "FEATURE": "Tennis Court", "LOCATION": "Lindsley (Henry S) Park", "LOC_CODE": "401", "COURT_NUM": "3", "LIGHTS": "Yes", "SURFACE_TYPE": null, "YEAR_BUILT": "2006", "YEAR_RESURF": "Use Year Built Field for Latest Rehab", "GLOBALID": "3dab6927-d374-40ac-8763-38bb76468d23", "ASSET_CLASS": "COURT", "CLASS_CATEGORY": "CT-TEN", "GIS_ASSET_ID": 20202, "INFOR_ASSET_ID": "111856" }, "geometry": { "type": "Point", "coordinates": [ -104.933440562719909, 39.734427121762792 ] } },
{ "type": "Feature", "properties": { "OBJECTID": 196, "FEATURE": "Tennis Court", "LOCATION": "Lindsley (Henry S) Park", "LOC_CODE": "401", "COURT_NUM": "4", "LIGHTS": "Yes", "SURFACE_TYPE": null, "YEAR_BUILT": "2006", "YEAR_RESURF": "Use Year Built Field for Latest Rehab", "GLOBALID": "395681eb-798b-489d-a25e-b7138b2a6ab2", "ASSET_CLASS": "COURT", "CLASS_CATEGORY": "CT-TEN", "GIS_ASSET_ID": 20203, "INFOR_ASSET_ID": "111857" }, "geometry": { "type": "Point", "coordinates": [ -104.933610720953297, 39.734426270412733 ] } },
{ "type": "Feature", "properties": { "OBJECTID": 197, "FEATURE": "Tennis Court - Clear Space", "LOCATION": "Lindsley (Henry S) Park", "LOC_CODE": "401", "COURT_NUM": null, "LIGHTS": null, "SURFACE_TYPE": null, "YEAR_BUILT": null, "YEAR_RESURF": "Use Year Built Field for Latest Rehab", "GLOBALID": "dba49e3f-9c04-43e4-aed2-54365a18286f", "ASSET_CLASS": null, "CLASS_CATEGORY": null, "GIS_ASSET_ID": null, "INFOR_ASSET_ID": null }, "geometry": { "type": "Point", "coordinates": [ -104.933353857790934, 39.734428369815866 ] } },
{ "type": "Feature", "properties": { "OBJECTID": 202, "FEATURE": "Tennis Court - Clear Space", "LOCATION": "Martin Luther King Jr Park", "LOC_CODE": "415", "COURT_NUM": null, "LIGHTS": null, "SURFACE_TYPE": null, "YEAR_BUILT": null, "YEAR_RESURF": "Use Year Built Field for Latest Rehab", "GLOBALID": "653e153a-3397-4c9b-a666-cb69bf87b55c", "ASSET_CLASS": null, "CLASS_CATEGORY": null, "GIS_ASSET_ID": null, "INFOR_ASSET_ID": null }, "geometry": { "type": "Point", "coordinates": [ -104.908507620270896, 39.770785382374044 ] } },
{ "type": "Feature", "properties": { "OBJECTID": 203, "FEATURE": "Tennis Court", "LOCATION": "Mestizo Curtis Park", "LOC_CODE": "203", "COURT_NUM": "1", "LIGHTS": "No", "SURFACE_TYPE": "Post Tension Concrete", "YEAR_BUILT": "2015", "YEAR_RESURF": "Use Year Built Field for Latest Rehab", "GLOBALID": "f32ecbe6-6eaa-4ef2-8f1a-a854aa0e25fd", "ASSET_CLASS": "COURT", "CLASS_CATEGORY": "CT-TEN", "GIS_ASSET_ID": 20204, "INFOR_ASSET_ID": "111719" }, "geometry": { "type": "Point", "coordinates": [ -104.976444340360217, 39.762455861371635 ] } },
{ "type": "Feature", "properties": { "OBJECTID": 204, "FEATURE": "Tennis Court - Clear Space", "LOCATION": "Mestizo Curtis Park", "LOC_CODE": "203", "COURT_NUM": null, "LIGHTS": null, "SURFACE_TYPE": null, "YEAR_BUILT": null, "YEAR_RESURF": "Use Year Built Field for Latest Rehab", "GLOBALID": "e65a8c42-4707-4ae1-918b-ba90ca975da5", "ASSET_CLASS": null, "CLASS_CATEGORY": null, "GIS_ASSET_ID": null, "INFOR_ASSET_ID": null }, "geometry": { "type": "Point", "coordinates": [ -104.976443855705469, 39.762458302037544 ] } },
{ "type": "Feature", "properties": { "OBJECTID": 205, "FEATURE": "Tennis Court", "LOCATION": "Montbello Central Park", "LOC_CODE": "541", "COURT_NUM": "1", "LIGHTS": "No", "SURFACE_TYPE": null, "YEAR_BUILT": "2014 - Patch", "YEAR_RESURF": "Use Year Built Field for Latest Rehab", "GLOBALID": "5c0d2440-be11-4422-a833-7d6df4a261e3", "ASSET_CLASS": "COURT", "CLASS_CATEGORY": "CT-TEN", "GIS_ASSET_ID": 20084, "INFOR_ASSET_ID": "111622" }, "geometry": { "type": "Point", "coordinates": [ -104.829220602513786, 39.785057977695544 ] } },
{ "type": "Feature", "properties": { "OBJECTID": 206, "FEATURE": "Tennis Court", "LOCATION": "Montbello Central Park", "LOC_CODE": "541", "COURT_NUM": "2", "LIGHTS": "No", "SURFACE_TYPE": null, "YEAR_BUILT": "2014 - Patch", "YEAR_RESURF": "Use Year Built Field for Latest Rehab", "GLOBALID": "c2f9d82e-1f1b-4a17-891b-3c4707f66779", "ASSET_CLASS": "COURT", "CLASS_CATEGORY": "CT-TEN", "GIS_ASSET_ID": 20140, "INFOR_ASSET_ID": "111666" }, "geometry": { "type": "Point", "coordinates": [ -104.829403824301991, 39.78505471336544 ] } },
{ "type": "Feature", "properties": { "OBJECTID": 207, "FEATURE": "Tennis Court", "LOCATION": "Montbello Central Park", "LOC_CODE": "541", "COURT_NUM": "3", "LIGHTS": "No", "SURFACE_TYPE": null, "YEAR_BUILT": "2014 - Patch", "YEAR_RESURF": "Use Year Built Field for Latest Rehab", "GLOBALID": "57f70685-ae2f-4c5d-8c3d-342f31c823c3", "ASSET_CLASS": "COURT", "CLASS_CATEGORY": "CT-TEN", "GIS_ASSET_ID": 20053, "INFOR_ASSET_ID": "111595" }, "geometry": { "type": "Point", "coordinates": [ -104.829589134104751, 39.785051473896885 ] } },
{ "type": "Feature", "properties": { "OBJECTID": 208, "FEATURE": "Tennis Court", "LOCATION": "Montbello Central Park", "LOC_CODE": "541", "COURT_NUM": "4", "LIGHTS": "No", "SURFACE_TYPE": null, "YEAR_BUILT": "2014 - Patch", "YEAR_RESURF": "Use Year Built Field for Latest Rehab", "GLOBALID": "a523083f-9176-4311-897c-1763ec5194ce", "ASSET_CLASS": "COURT", "CLASS_CATEGORY": "CT-TEN", "GIS_ASSET_ID": 20238, "INFOR_ASSET_ID": "111745" }, "geometry": { "type": "Point", "coordinates": [ -104.829773459113497, 39.785047426675348 ] } },
{ "type": "Feature", "properties": { "OBJECTID": 209, "FEATURE": "Tennis Court - Clear Space", "LOCATION": "Montbello Central Park", "LOC_CODE": "541", "COURT_NUM": null, "LIGHTS": null, "SURFACE_TYPE": null, "YEAR_BUILT": null, "YEAR_RESURF": "Use Year Built Field for Latest Rehab", "GLOBALID": "6cf39bcd-9837-4c1e-a741-b18fcdf85565", "ASSET_CLASS": null, "CLASS_CATEGORY": null, "GIS_ASSET_ID": null, "INFOR_ASSET_ID": null }, "geometry": { "type": "Point", "coordinates": [ -104.829495068282512, 39.785051016976062 ] } },
{ "type": "Feature", "properties": { "OBJECTID": 210, "FEATURE": "Tennis Court", "LOCATION": "Montclair Park", "LOC_CODE": "408", "COURT_NUM": "1", "LIGHTS": "No", "SURFACE_TYPE": "Post Tension Concrete", "YEAR_BUILT": "2021", "YEAR_RESURF": "Use Year Built Field for Latest Rehab", "GLOBALID": "19c7ee2b-681d-45a5-981d-8f1bb9080487", "ASSET_CLASS": "COURT", "CLASS_CATEGORY": "CT-TEN", "GIS_ASSET_ID": 20085, "INFOR_ASSET_ID": "111623" }, "geometry": { "type": "Point", "coordinates": [ -104.909078191305696, 39.735307622123891 ] } },
{ "type": "Feature", "properties": { "OBJECTID": 211, "FEATURE": "Tennis Court - Clear Space", "LOCATION": "Montclair Park", "LOC_CODE": "408", "COURT_NUM": null, "LIGHTS": null, "SURFACE_TYPE": null, "YEAR_BUILT": null, "YEAR_RESURF": "Use Year Built Field for Latest Rehab", "GLOBALID": "e741c7a5-fc3f-40e6-9cb2-1eed5fea05e5", "ASSET_CLASS": null, "CLASS_CATEGORY": null, "GIS_ASSET_ID": null, "INFOR_ASSET_ID": null }, "geometry": { "type": "Point", "coordinates": [ -104.909087177897078, 39.735296504220685 ] } },
{ "type": "Feature", "properties": { "OBJECTID": 212, "FEATURE": "Tennis Court", "LOCATION": "Observatory Park", "LOC_CODE": "818", "COURT_NUM": "4", "LIGHTS": "No", "SURFACE_TYPE": "Asphalt", "YEAR_BUILT": "2017", "YEAR_RESURF": "Use Year Built Field for Latest Rehab", "GLOBALID": "705e2c9d-424b-4af4-acca-a8097f56ead2", "ASSET_CLASS": "COURT", "CLASS_CATEGORY": "CT-TEN", "GIS_ASSET_ID": 20141, "INFOR_ASSET_ID": "111667" }, "geometry": { "type": "Point", "coordinates": [ -104.95227904803086, 39.676278831283575 ] } },
{ "type": "Feature", "properties": { "OBJECTID": 213, "FEATURE": "Tennis Court", "LOCATION": "Observatory Park", "LOC_CODE": "818", "COURT_NUM": "3", "LIGHTS": "No", "SURFACE_TYPE": "Asphalt", "YEAR_BUILT": "2017", "YEAR_RESURF": "Use Year Built Field for Latest Rehab", "GLOBALID": "3b570409-cc54-4ad4-bfd8-4759813905f2", "ASSET_CLASS": "COURT", "CLASS_CATEGORY": "CT-TEN", "GIS_ASSET_ID": 20054, "INFOR_ASSET_ID": "111596" }, "geometry": { "type": "Point", "coordinates": [ -104.952459778363917, 39.676277890530613 ] } },
{ "type": "Feature", "properties": { "OBJECTID": 214, "FEATURE": "Tennis Court", "LOCATION": "Observatory Park", "LOC_CODE": "818", "COURT_NUM": "1", "LIGHTS": "No", "SURFACE_TYPE": "Asphalt", "YEAR_BUILT": "2017", "YEAR_RESURF": "Use Year Built Field for Latest Rehab", "GLOBALID": "3c9a3e7c-8c69-49ff-beaf-5f245bff8fc7", "ASSET_CLASS": "COURT", "CLASS_CATEGORY": "CT-TEN", "GIS_ASSET_ID": 20171, "INFOR_ASSET_ID": "111692" }, "geometry": { "type": "Point", "coordinates": [ -104.952278927704683, 39.675949495282744 ] } },
{ "type": "Feature", "properties": { "OBJECTID": 215, "FEATURE": "Tennis Court", "LOCATION": "Observatory Park", "LOC_CODE": "818", "COURT_NUM": "2", "LIGHTS": "No", "SURFACE_TYPE": "Asphalt", "YEAR_BUILT": "2017", "YEAR_RESURF": "Use Year Built Field for Latest Rehab", "GLOBALID": "740a8605-49d1-4453-99cc-3285a45eb3b7", "ASSET_CLASS": "COURT", "CLASS_CATEGORY": "CT-TEN", "GIS_ASSET_ID": 20118, "INFOR_ASSET_ID": "111646" }, "geometry": { "type": "Point", "coordinates": [ -104.952460694453592, 39.675951284353808 ] } },
{ "type": "Feature", "properties": { "OBJECTID": 216, "FEATURE": "Tennis Court - Clear Space", "LOCATION": "Observatory Park", "LOC_CODE": "818", "COURT_NUM": null, "LIGHTS": null, "SURFACE_TYPE": null, "YEAR_BUILT": null, "YEAR_RESURF": "Use Year Built Field for Latest Rehab", "GLOBALID": "636a709c-c653-44fa-a6e2-327ca4c46752", "ASSET_CLASS": null, "CLASS_CATEGORY": null, "GIS_ASSET_ID": null, "INFOR_ASSET_ID": null }, "geometry": { "type": "Point", "coordinates": [ -104.952368978935553, 39.676114276467167 ] } },
{ "type": "Feature", "properties": { "OBJECTID": 217, "FEATURE": "Tennis Court", "LOCATION": "Gates Tennis Center", "LOC_CODE": "357", "COURT_NUM": "5", "LIGHTS": "Yes", "SURFACE_TYPE": "Post Tension Concrete", "YEAR_BUILT": "2008", "YEAR_RESURF": "Use Year Built Field for Latest Rehab", "GLOBALID": "3a56e497-008b-488c-a919-66951bc2a0e4", "ASSET_CLASS": "COURT", "CLASS_CATEGORY": "CT-TEN", "GIS_ASSET_ID": 20055, "INFOR_ASSET_ID": "111779" }, "geometry": { "type": "Point", "coordinates": [ -104.948673093748937, 39.714307052089872 ] } },
{ "type": "Feature", "properties": { "OBJECTID": 218, "FEATURE": "Tennis Court", "LOCATION": "Gates Tennis Center", "LOC_CODE": "357", "COURT_NUM": "6", "LIGHTS": "Yes", "SURFACE_TYPE": "Post Tension Concrete", "YEAR_BUILT": "2008", "YEAR_RESURF": "Use Year Built Field for Latest Rehab", "GLOBALID": "2c156d52-b24a-4bde-8f75-4cdafc6bc1c5", "ASSET_CLASS": "COURT", "CLASS_CATEGORY": "CT-TEN", "GIS_ASSET_ID": 20056, "INFOR_ASSET_ID": "111780" }, "geometry": { "type": "Point", "coordinates": [ -104.948478279638763, 39.71430495911526 ] } },
{ "type": "Feature", "properties": { "OBJECTID": 219, "FEATURE": "Tennis Court", "LOCATION": "Gates Tennis Center", "LOC_CODE": "357", "COURT_NUM": "4", "LIGHTS": "No", "SURFACE_TYPE": "Post Tension Concrete", "YEAR_BUILT": "2008", "YEAR_RESURF": "Use Year Built Field for Latest Rehab", "GLOBALID": "48f09358-86d4-488f-ba5a-3457a837a62b", "ASSET_CLASS": "COURT", "CLASS_CATEGORY": "CT-TEN", "GIS_ASSET_ID": 20239, "INFOR_ASSET_ID": "111746" }, "geometry": { "type": "Point", "coordinates": [ -104.948905285536782, 39.714304020755854 ] } },
{ "type": "Feature", "properties": { "OBJECTID": 220, "FEATURE": "Tennis Court", "LOCATION": "Gates Tennis Center", "LOC_CODE": "357", "COURT_NUM": "3", "LIGHTS": "No", "SURFACE_TYPE": "Post Tension Concrete", "YEAR_BUILT": "2008", "YEAR_RESURF": "Use Year Built Field for Latest Rehab", "GLOBALID": "79248c8a-2c07-44cd-8336-cb6c29860998", "ASSET_CLASS": "COURT", "CLASS_CATEGORY": "CT-TEN", "GIS_ASSET_ID": 20086, "INFOR_ASSET_ID": "111624" }, "geometry": { "type": "Point", "coordinates": [ -104.949100285117794, 39.714306428599315 ] } },
{ "type": "Feature", "properties": { "OBJECTID": 221, "FEATURE": "Tennis Court", "LOCATION": "Gates Tennis Center", "LOC_CODE": "357", "COURT_NUM": "2", "LIGHTS": "No", "SURFACE_TYPE": "Post Tension Concrete", "YEAR_BUILT": "2008", "YEAR_RESURF": "Use Year Built Field for Latest Rehab", "GLOBALID": "293f0d38-ff13-43bb-8ce2-e31f760693d8", "ASSET_CLASS": "COURT", "CLASS_CATEGORY": "CT-TEN", "GIS_ASSET_ID": 20205, "INFOR_ASSET_ID": "111720" }, "geometry": { "type": "Point", "coordinates": [ -104.949295957199197, 39.714303632088139 ] } },
{ "type": "Feature", "properties": { "OBJECTID": 222, "FEATURE": "Tennis Court", "LOCATION": "Gates Tennis Center", "LOC_CODE": "357", "COURT_NUM": "1", "LIGHTS": "No", "SURFACE_TYPE": "Post Tension Concrete", "YEAR_BUILT": "2008", "YEAR_RESURF": "Use Year Built Field for Latest Rehab", "GLOBALID": "2ed26280-1312-4bfe-aa9f-36d79bb0c2aa", "ASSET_CLASS": "COURT", "CLASS_CATEGORY": "CT-TEN", "GIS_ASSET_ID": 20057, "INFOR_ASSET_ID": "111597" }, "geometry": { "type": "Point", "coordinates": [ -104.949490782564155, 39.714304000054653 ] } },
{ "type": "Feature", "properties": { "OBJECTID": 224, "FEATURE": "Tennis Court", "LOCATION": "Gates Tennis Center", "LOC_CODE": "357", "COURT_NUM": "10", "LIGHTS": "Yes", "SURFACE_TYPE": "Post Tension Concrete", "YEAR_BUILT": "2008", "YEAR_RESURF": "Use Year Built Field for Latest Rehab", "GLOBALID": "0a25c7c3-ebb2-4945-865b-f4cee14f4f72", "ASSET_CLASS": "COURT", "CLASS_CATEGORY": "CT-TEN", "GIS_ASSET_ID": 20088, "INFOR_ASSET_ID": "111795" }, "geometry": { "type": "Point", "coordinates": [ -104.948625900638362, 39.713898778929781 ] } },
{ "type": "Feature", "properties": { "OBJECTID": 225, "FEATURE": "Tennis Court", "LOCATION": "Gates Tennis Center", "LOC_CODE": "357", "COURT_NUM": "9", "LIGHTS": "Yes", "SURFACE_TYPE": "Post Tension Concrete", "YEAR_BUILT": "2008", "YEAR_RESURF": "Use Year Built Field for Latest Rehab", "GLOBALID": "da0dd49a-c8b3-47b4-ba45-ed968fd0127d", "ASSET_CLASS": "COURT", "CLASS_CATEGORY": "CT-TEN", "GIS_ASSET_ID": 20206, "INFOR_ASSET_ID": "111858" }, "geometry": { "type": "Point", "coordinates": [ -104.948874320772887, 39.7139169720664 ] } },
{ "type": "Feature", "properties": { "OBJECTID": 226, "FEATURE": "Tennis Court", "LOCATION": "Gates Tennis Center", "LOC_CODE": "357", "COURT_NUM": "8", "LIGHTS": "Yes", "SURFACE_TYPE": "Post Tension Concrete", "YEAR_BUILT": "2008", "YEAR_RESURF": "Use Year Built Field for Latest Rehab", "GLOBALID": "f6b924aa-d39c-479d-bf48-166d3d9f06f7", "ASSET_CLASS": "COURT", "CLASS_CATEGORY": "CT-TEN", "GIS_ASSET_ID": 20142, "INFOR_ASSET_ID": "111826" }, "geometry": { "type": "Point", "coordinates": [ -104.949091277282633, 39.713918761264217 ] } },
{ "type": "Feature", "properties": { "OBJECTID": 227, "FEATURE": "Tennis Court", "LOCATION": "Gates Tennis Center", "LOC_CODE": "357", "COURT_NUM": "7", "LIGHTS": "Yes", "SURFACE_TYPE": "Post Tension Concrete", "YEAR_BUILT": "2008", "YEAR_RESURF": "Use Year Built Field for Latest Rehab", "GLOBALID": "4fda34c2-cc11-4ad7-b18a-b51b1c1f725b", "ASSET_CLASS": "COURT", "CLASS_CATEGORY": "CT-TEN", "GIS_ASSET_ID": 20025, "INFOR_ASSET_ID": "111763" }, "geometry": { "type": "Point", "coordinates": [ -104.949308939493307, 39.713913436636979 ] } },
{ "type": "Feature", "properties": { "OBJECTID": 233, "FEATURE": "Tennis Court", "LOCATION": "Gates Tennis Center", "LOC_CODE": "357", "COURT_NUM": "15", "LIGHTS": "Yes", "SURFACE_TYPE": "Post Tension Concrete", "YEAR_BUILT": "2008", "YEAR_RESURF": "Use Year Built Field for Latest Rehab", "GLOBALID": "79a3a16e-4063-4c1a-978c-f7b654233a75", "ASSET_CLASS": "COURT", "CLASS_CATEGORY": "CT-TEN", "GIS_ASSET_ID": 20173, "INFOR_ASSET_ID": "111843" }, "geometry": { "type": "Point", "coordinates": [ -104.948360529963651, 39.71341799773068 ] } },
{ "type": "Feature", "properties": { "OBJECTID": 234, "FEATURE": "Tennis Court", "LOCATION": "Gates Tennis Center", "LOC_CODE": "357", "COURT_NUM": "14", "LIGHTS": "Yes", "SURFACE_TYPE": "Post Tension Concrete", "YEAR_BUILT": "2008", "YEAR_RESURF": "Use Year Built Field for Latest Rehab", "GLOBALID": "be394f21-844a-4d92-9698-2b4dd178ee3e", "ASSET_CLASS": "COURT", "CLASS_CATEGORY": "CT-TEN", "GIS_ASSET_ID": 20240, "INFOR_ASSET_ID": "111869" }, "geometry": { "type": "Point", "coordinates": [ -104.948555308246327, 39.713417258589395 ] } },
{ "type": "Feature", "properties": { "OBJECTID": 235, "FEATURE": "Tennis Court", "LOCATION": "Gates Tennis Center", "LOC_CODE": "357", "COURT_NUM": "16", "LIGHTS": "Yes", "SURFACE_TYPE": "Post Tension Concrete", "YEAR_BUILT": "2008", "YEAR_RESURF": "Use Year Built Field for Latest Rehab", "GLOBALID": "ae2f9074-623d-4a42-9997-ed424fa15d60", "ASSET_CLASS": "COURT", "CLASS_CATEGORY": "CT-TEN", "GIS_ASSET_ID": 20058, "INFOR_ASSET_ID": "111781" }, "geometry": { "type": "Point", "coordinates": [ -104.948165573753343, 39.713416866916226 ] } },
{ "type": "Feature", "properties": { "OBJECTID": 236, "FEATURE": "Tennis Court", "LOCATION": "Gates Tennis Center", "LOC_CODE": "357", "COURT_NUM": "13", "LIGHTS": "Yes", "SURFACE_TYPE": "Post Tension Concrete", "YEAR_BUILT": "2008", "YEAR_RESURF": "Use Year Built Field for Latest Rehab", "GLOBALID": "ae762b8b-f655-4fa9-b932-e5c220707f35", "ASSET_CLASS": "COURT", "CLASS_CATEGORY": "CT-TEN", "GIS_ASSET_ID": 20207, "INFOR_ASSET_ID": "111859" }, "geometry": { "type": "Point", "coordinates": [ -104.948751470875592, 39.713416680550047 ] } },
{ "type": "Feature", "properties": { "OBJECTID": 237, "FEATURE": "Tennis Court - Clear Space", "LOCATION": "Gates Tennis Center", "LOC_CODE": "357", "COURT_NUM": null, "LIGHTS": null, "SURFACE_TYPE": null, "YEAR_BUILT": null, "YEAR_RESURF": "Use Year Built Field for Latest Rehab", "GLOBALID": "460c9762-7176-47b7-b408-f2851bf58c2e", "ASSET_CLASS": null, "CLASS_CATEGORY": null, "GIS_ASSET_ID": null, "INFOR_ASSET_ID": null }, "geometry": { "type": "Point", "coordinates": [ -104.948574735337388, 39.714303649599621 ] } },
{ "type": "Feature", "properties": { "OBJECTID": 238, "FEATURE": "Tennis Court - Clear Space", "LOCATION": "Gates Tennis Center", "LOC_CODE": "357", "COURT_NUM": null, "LIGHTS": null, "SURFACE_TYPE": null, "YEAR_BUILT": null, "YEAR_RESURF": "Use Year Built Field for Latest Rehab", "GLOBALID": "da1bc996-ed76-42ec-9d82-cebde15a6c51", "ASSET_CLASS": null, "CLASS_CATEGORY": null, "GIS_ASSET_ID": null, "INFOR_ASSET_ID": null }, "geometry": { "type": "Point", "coordinates": [ -104.949184274879372, 39.714302833586977 ] } },
{ "type": "Feature", "properties": { "OBJECTID": 239, "FEATURE": "Tennis Court - Clear Space", "LOCATION": "Gates Tennis Center", "LOC_CODE": "357", "COURT_NUM": null, "LIGHTS": null, "SURFACE_TYPE": null, "YEAR_BUILT": null, "YEAR_RESURF": "Use Year Built Field for Latest Rehab", "GLOBALID": "132657b5-7b7f-41a7-af8e-16ad23664d9f", "ASSET_CLASS": null, "CLASS_CATEGORY": null, "GIS_ASSET_ID": null, "INFOR_ASSET_ID": null }, "geometry": { "type": "Point", "coordinates": [ -104.947722228551243, 39.713911651262272 ] } },
{ "type": "Feature", "properties": { "OBJECTID": 240, "FEATURE": "Tennis Court - Clear Space", "LOCATION": "Gates Tennis Center", "LOC_CODE": "357", "COURT_NUM": null, "LIGHTS": null, "SURFACE_TYPE": null, "YEAR_BUILT": null, "YEAR_RESURF": "Use Year Built Field for Latest Rehab", "GLOBALID": "349e972f-0754-4129-b579-b56934f660d1", "ASSET_CLASS": null, "CLASS_CATEGORY": null, "GIS_ASSET_ID": null, "INFOR_ASSET_ID": null }, "geometry": { "type": "Point", "coordinates": [ -104.948968406812526, 39.713915908531355 ] } },
{ "type": "Feature", "properties": { "OBJECTID": 241, "FEATURE": "Tennis Court - Clear Space", "LOCATION": "Gates Tennis Center", "LOC_CODE": "357", "COURT_NUM": null, "LIGHTS": null, "SURFACE_TYPE": null, "YEAR_BUILT": null, "YEAR_RESURF": "Use Year Built Field for Latest Rehab", "GLOBALID": "f1a7529c-ddd3-489d-bfff-57a4e3d003b8", "ASSET_CLASS": null, "CLASS_CATEGORY": null, "GIS_ASSET_ID": null, "INFOR_ASSET_ID": null }, "geometry": { "type": "Point", "coordinates": [ -104.948038114414146, 39.713907725503809 ] } },
{ "type": "Feature", "properties": { "OBJECTID": 242, "FEATURE": "Tennis Court - Clear Space", "LOCATION": "Gates Tennis Center", "LOC_CODE": "357", "COURT_NUM": null, "LIGHTS": null, "SURFACE_TYPE": null, "YEAR_BUILT": null, "YEAR_RESURF": "Use Year Built Field for Latest Rehab", "GLOBALID": "216d2fd7-3969-42ab-a993-5d4abeeb662b", "ASSET_CLASS": null, "CLASS_CATEGORY": null, "GIS_ASSET_ID": null, "INFOR_ASSET_ID": null }, "geometry": { "type": "Point", "coordinates": [ -104.947619277969721, 39.713416056455642 ] } },
{ "type": "Feature", "properties": { "OBJECTID": 243, "FEATURE": "Tennis Court - Clear Space", "LOCATION": "Gates Tennis Center", "LOC_CODE": "357", "COURT_NUM": null, "LIGHTS": null, "SURFACE_TYPE": null, "YEAR_BUILT": null, "YEAR_RESURF": "Use Year Built Field for Latest Rehab", "GLOBALID": "9dd3f789-bbc2-4694-bd3e-87a9a140f865", "ASSET_CLASS": null, "CLASS_CATEGORY": null, "GIS_ASSET_ID": null, "INFOR_ASSET_ID": null }, "geometry": { "type": "Point", "coordinates": [ -104.948456737819939, 39.713415794930746 ] } },
{ "type": "Feature", "properties": { "OBJECTID": 244, "FEATURE": "Tennis Court", "LOCATION": "Rocky Mountain Lake Park", "LOC_CODE": "007", "COURT_NUM": "1", "LIGHTS": "No", "SURFACE_TYPE": null, "YEAR_BUILT": "2026", "YEAR_RESURF": "Use Year Built Field for Latest Rehab", "GLOBALID": "ab7bde1a-a9c5-4846-9e87-b3a01c31327d", "ASSET_CLASS": "COURT", "CLASS_CATEGORY": "CT-TEN", "GIS_ASSET_ID": 20026, "INFOR_ASSET_ID": "111764" }, "geometry": { "type": "Point", "coordinates": [ -105.03272835277231, 39.780956072145102 ] } },
{ "type": "Feature", "properties": { "OBJECTID": 245, "FEATURE": "Tennis Court", "LOCATION": "Rocky Mountain Lake Park", "LOC_CODE": "007", "COURT_NUM": "2", "LIGHTS": "No", "SURFACE_TYPE": null, "YEAR_BUILT": "2026", "YEAR_RESURF": "Use Year Built Field for Latest Rehab", "GLOBALID": "8c2bd22f-82b9-44e4-a3ea-c8ba8e0e37f3", "ASSET_CLASS": "COURT", "CLASS_CATEGORY": "CT-TEN", "GIS_ASSET_ID": 20027, "INFOR_ASSET_ID": "111765" }, "geometry": { "type": "Point", "coordinates": [ -105.032538101668521, 39.780954906233006 ] } },
{ "type": "Feature", "properties": { "OBJECTID": 246, "FEATURE": "Tennis Court - Clear Space", "LOCATION": "Rocky Mountain Lake Park", "LOC_CODE": "007", "COURT_NUM": null, "LIGHTS": null, "SURFACE_TYPE": null, "YEAR_BUILT": null, "YEAR_RESURF": "Use Year Built Field for Latest Rehab", "GLOBALID": "6e2516f5-d8b8-4956-a24e-4e2cc21186b7", "ASSET_CLASS": null, "CLASS_CATEGORY": null, "GIS_ASSET_ID": null, "INFOR_ASSET_ID": null }, "geometry": { "type": "Point", "coordinates": [ -105.032634325277741, 39.78095507625666 ] } },
{ "type": "Feature", "properties": { "OBJECTID": 247, "FEATURE": "Tennis Court", "LOCATION": "Rosamond Park", "LOC_CODE": "621", "COURT_NUM": "2", "LIGHTS": "Yes", "SURFACE_TYPE": "Concrete", "YEAR_BUILT": "2025", "YEAR_RESURF": "Use Year Built Field for Latest Rehab", "GLOBALID": "e50e4d1f-1875-484f-aabd-3b2f611b7ab2", "ASSET_CLASS": "COURT", "CLASS_CATEGORY": "CT-TEN", "GIS_ASSET_ID": 20028, "INFOR_ASSET_ID": "111766" }, "geometry": { "type": "Point", "coordinates": [ -104.894445669443243, 39.639336819329969 ] } },
{ "type": "Feature", "properties": { "OBJECTID": 248, "FEATURE": "Tennis Court", "LOCATION": "Rosamond Park", "LOC_CODE": "621", "COURT_NUM": "1", "LIGHTS": "Yes", "SURFACE_TYPE": "Concrete", "YEAR_BUILT": "2025", "YEAR_RESURF": "Use Year Built Field for Latest Rehab", "GLOBALID": "6663f1ad-cd96-4e9e-8612-91e8158f71da", "ASSET_CLASS": "COURT", "CLASS_CATEGORY": "CT-TEN", "GIS_ASSET_ID": 20145, "INFOR_ASSET_ID": "111829" }, "geometry": { "type": "Point", "coordinates": [ -104.894639993922937, 39.639337212979605 ] } },
{ "type": "Feature", "properties": { "OBJECTID": 249, "FEATURE": "Tennis Court", "LOCATION": "Rosamond Park", "LOC_CODE": "621", "COURT_NUM": "3", "LIGHTS": "Yes", "SURFACE_TYPE": "Concrete", "YEAR_BUILT": "2025", "YEAR_RESURF": "Use Year Built Field for Latest Rehab", "GLOBALID": "982b5d1a-bfe2-495a-9d72-31d1775f370e", "ASSET_CLASS": "COURT", "CLASS_CATEGORY": "CT-TEN", "GIS_ASSET_ID": 20090, "INFOR_ASSET_ID": "111797" }, "geometry": { "type": "Point", "coordinates": [ -104.894447078979653, 39.639007501786075 ] } },
{ "type": "Feature", "properties": { "OBJECTID": 250, "FEATURE": "Tennis Court", "LOCATION": "Rosamond Park", "LOC_CODE": "621", "COURT_NUM": "4", "LIGHTS": "Yes", "SURFACE_TYPE": "Concrete", "YEAR_BUILT": "2025", "YEAR_RESURF": "Use Year Built Field for Latest Rehab", "GLOBALID": "4e775f05-4990-4054-8cf2-068c2b60e792", "ASSET_CLASS": "COURT", "CLASS_CATEGORY": "CT-TEN", "GIS_ASSET_ID": 20091, "INFOR_ASSET_ID": "111798" }, "geometry": { "type": "Point", "coordinates": [ -104.894642711386268, 39.639007071535431 ] } },
{ "type": "Feature", "properties": { "OBJECTID": 251, "FEATURE": "Tennis Court - Clear Space", "LOCATION": "Rosamond Park", "LOC_CODE": "621", "COURT_NUM": null, "LIGHTS": null, "SURFACE_TYPE": null, "YEAR_BUILT": null, "YEAR_RESURF": "Use Year Built Field for Latest Rehab", "GLOBALID": "6fbf3681-fb8e-4773-ac2d-591991639f58", "ASSET_CLASS": null, "CLASS_CATEGORY": null, "GIS_ASSET_ID": null, "INFOR_ASSET_ID": null }, "geometry": { "type": "Point", "coordinates": [ -104.894542820705169, 39.639170489944931 ] } },
{ "type": "Feature", "properties": { "OBJECTID": 252, "FEATURE": "Tennis Court", "LOCATION": "Schafer (Martin J) Park", "LOC_CODE": "218", "COURT_NUM": "1", "LIGHTS": "No", "SURFACE_TYPE": "Concrete", "YEAR_BUILT": "2017", "YEAR_RESURF": "Use Year Built Field for Latest Rehab", "GLOBALID": "06a104a5-49ba-4336-82c7-34d1553d8db5", "ASSET_CLASS": "COURT", "CLASS_CATEGORY": "CT-TEN", "GIS_ASSET_ID": 20059, "INFOR_ASSET_ID": "111782" }, "geometry": { "type": "Point", "coordinates": [ -104.956208313540856, 39.769038710871115 ] } },
{ "type": "Feature", "properties": { "OBJECTID": 253, "FEATURE": "Tennis Court - Clear Space", "LOCATION": "Schafer (Martin J) Park", "LOC_CODE": "218", "COURT_NUM": null, "LIGHTS": null, "SURFACE_TYPE": null, "YEAR_BUILT": null, "YEAR_RESURF": "Use Year Built Field for Latest Rehab", "GLOBALID": "53d7f1dc-639a-4112-b586-0d3066d79cef", "ASSET_CLASS": null, "CLASS_CATEGORY": null, "GIS_ASSET_ID": null, "INFOR_ASSET_ID": null }, "geometry": { "type": "Point", "coordinates": [ -104.956227073232725, 39.769032465540356 ] } },
{ "type": "Feature", "properties": { "OBJECTID": 255, "FEATURE": "Tennis Court", "LOCATION": "Skyland Park", "LOC_CODE": "429", "COURT_NUM": "3", "LIGHTS": "No", "SURFACE_TYPE": null, "YEAR_BUILT": "2011", "YEAR_RESURF": "Use Year Built Field for Latest Rehab", "GLOBALID": "e2d4fcd2-14ce-4514-ae13-f5ad40598802", "ASSET_CLASS": "COURT", "CLASS_CATEGORY": "CT-TEN", "GIS_ASSET_ID": 20120, "INFOR_ASSET_ID": "111810" }, "geometry": { "type": "Point", "coordinates": [ -104.921978854227632, 39.765213027796555 ] } },
{ "type": "Feature", "properties": { "OBJECTID": 256, "FEATURE": "Tennis Court", "LOCATION": "Skyland Park", "LOC_CODE": "429", "COURT_NUM": "2", "LIGHTS": "No", "SURFACE_TYPE": null, "YEAR_BUILT": "2011", "YEAR_RESURF": "Use Year Built Field for Latest Rehab", "GLOBALID": "4a795c0a-df11-4ad5-b509-577e97acb43d", "ASSET_CLASS": "COURT", "CLASS_CATEGORY": "CT-TEN", "GIS_ASSET_ID": 20241, "INFOR_ASSET_ID": "111870" }, "geometry": { "type": "Point", "coordinates": [ -104.921809196039888, 39.764893914044094 ] } },
{ "type": "Feature", "properties": { "OBJECTID": 257, "FEATURE": "Tennis Court", "LOCATION": "Skyland Park", "LOC_CODE": "429", "COURT_NUM": "1", "LIGHTS": "No", "SURFACE_TYPE": null, "YEAR_BUILT": "2011", "YEAR_RESURF": "Use Year Built Field for Latest Rehab", "GLOBALID": "43e373fa-ed75-4e37-9b9f-373fa6121d82", "ASSET_CLASS": "COURT", "CLASS_CATEGORY": "CT-TEN", "GIS_ASSET_ID": 20146, "INFOR_ASSET_ID": "111830" }, "geometry": { "type": "Point", "coordinates": [ -104.921979286028062, 39.764892733385047 ] } },
{ "type": "Feature", "properties": { "OBJECTID": 258, "FEATURE": "Tennis Court - Clear Space", "LOCATION": "Skyland Park", "LOC_CODE": "429", "COURT_NUM": null, "LIGHTS": null, "SURFACE_TYPE": null, "YEAR_BUILT": null, "YEAR_RESURF": "Use Year Built Field for Latest Rehab", "GLOBALID": "a3743d53-7ea7-48b9-be40-182e9c0f7f52", "ASSET_CLASS": null, "CLASS_CATEGORY": null, "GIS_ASSET_ID": null, "INFOR_ASSET_ID": null }, "geometry": { "type": "Point", "coordinates": [ -104.921798094718412, 39.765210501508285 ] } },
{ "type": "Feature", "properties": { "OBJECTID": 259, "FEATURE": "Tennis Court", "LOCATION": "Sloans Lake Park - North", "LOC_CODE": "019", "COURT_NUM": "4", "LIGHTS": "Yes", "SURFACE_TYPE": null, "YEAR_BUILT": "2014 - Patch", "YEAR_RESURF": "Use Year Built Field for Latest Rehab", "GLOBALID": "8a5516b7-3985-4998-b0b4-0be27e20dc32", "ASSET_CLASS": "COURT", "CLASS_CATEGORY": "CT-TEN", "GIS_ASSET_ID": 20208, "INFOR_ASSET_ID": "111860" }, "geometry": { "type": "Point", "coordinates": [ -105.044389534330193, 39.754529583234188 ] } },
{ "type": "Feature", "properties": { "OBJECTID": 260, "FEATURE": "Tennis Court", "LOCATION": "Sloans Lake Park - North", "LOC_CODE": "019", "COURT_NUM": "3", "LIGHTS": "Yes", "SURFACE_TYPE": null, "YEAR_BUILT": "2014 - Patch", "YEAR_RESURF": "Use Year Built Field for Latest Rehab", "GLOBALID": "af5da6ef-1c6d-483a-a138-f74a611bc021", "ASSET_CLASS": "COURT", "CLASS_CATEGORY": "CT-TEN", "GIS_ASSET_ID": 20121, "INFOR_ASSET_ID": "111811" }, "geometry": { "type": "Point", "coordinates": [ -105.044559598947046, 39.754530204787116 ] } },
{ "type": "Feature", "properties": { "OBJECTID": 261, "FEATURE": "Tennis Court", "LOCATION": "Sloans Lake Park - North", "LOC_CODE": "019", "COURT_NUM": "2", "LIGHTS": "Yes", "SURFACE_TYPE": null, "YEAR_BUILT": "2014 - Patch", "YEAR_RESURF": "Use Year Built Field for Latest Rehab", "GLOBALID": "f38f4da3-1455-4a22-961c-0f81df2d792f", "ASSET_CLASS": "COURT", "CLASS_CATEGORY": "CT-TEN", "GIS_ASSET_ID": 20175, "INFOR_ASSET_ID": "111845" }, "geometry": { "type": "Point", "coordinates": [ -105.044731462794701, 39.754529073004278 ] } },
{ "type": "Feature", "properties": { "OBJECTID": 262, "FEATURE": "Tennis Court", "LOCATION": "Sloans Lake Park - North", "LOC_CODE": "019", "COURT_NUM": "1", "LIGHTS": "Yes", "SURFACE_TYPE": null, "YEAR_BUILT": "2014 - Patch", "YEAR_RESURF": "Use Year Built Field for Latest Rehab", "GLOBALID": "2ecda931-a612-443a-a70f-dfcba463342a", "ASSET_CLASS": "COURT", "CLASS_CATEGORY": "CT-TEN", "GIS_ASSET_ID": 20092, "INFOR_ASSET_ID": "111799" }, "geometry": { "type": "Point", "coordinates": [ -105.044901536579417, 39.754528651260813 ] } },
{ "type": "Feature", "properties": { "OBJECTID": 263, "FEATURE": "Tennis Court", "LOCATION": "Sloans Lake Park - South", "LOC_CODE": "019", "COURT_NUM": "1", "LIGHTS": "No", "SURFACE_TYPE": null, "YEAR_BUILT": "2024", "YEAR_RESURF": "Use Year Built Field for Latest Rehab", "GLOBALID": "86684a01-b1f6-4780-8ecf-badd46e797f2", "ASSET_CLASS": "COURT", "CLASS_CATEGORY": "CT-TEN", "GIS_ASSET_ID": 20060, "INFOR_ASSET_ID": "111783" }, "geometry": { "type": "Point", "coordinates": [ -105.041362700488264, 39.744309045257054 ] } },
{ "type": "Feature", "properties": { "OBJECTID": 264, "FEATURE": "Tennis Court", "LOCATION": "Sloans Lake Park - South", "LOC_CODE": "019", "COURT_NUM": "2", "LIGHTS": "No", "SURFACE_TYPE": null, "YEAR_BUILT": "2024", "YEAR_RESURF": "Use Year Built Field for Latest Rehab", "GLOBALID": "334d03e0-b207-4426-84b6-b14f48e4ce61", "ASSET_CLASS": "COURT", "CLASS_CATEGORY": "CT-TEN", "GIS_ASSET_ID": 20147, "INFOR_ASSET_ID": "111831" }, "geometry": { "type": "Point", "coordinates": [ -105.041175490120352, 39.744306391906406 ] } },
{ "type": "Feature", "properties": { "OBJECTID": 265, "FEATURE": "Tennis Court", "LOCATION": "Sloans Lake Park - South", "LOC_CODE": "019", "COURT_NUM": "3", "LIGHTS": "No", "SURFACE_TYPE": null, "YEAR_BUILT": "2024", "YEAR_RESURF": "Use Year Built Field for Latest Rehab", "GLOBALID": "f50d179c-17ce-4df3-932e-ccb99825c6ab", "ASSET_CLASS": "COURT", "CLASS_CATEGORY": "CT-TEN", "GIS_ASSET_ID": 20176, "INFOR_ASSET_ID": "111846" }, "geometry": { "type": "Point", "coordinates": [ -105.040981783228432, 39.744304738573696 ] } },
{ "type": "Feature", "properties": { "OBJECTID": 266, "FEATURE": "Tennis Court", "LOCATION": "Sloans Lake Park - South", "LOC_CODE": "019", "COURT_NUM": "4", "LIGHTS": "No", "SURFACE_TYPE": null, "YEAR_BUILT": "2024", "YEAR_RESURF": "Use Year Built Field for Latest Rehab", "GLOBALID": "7d05f090-e662-4b43-839b-e640a6428ce1", "ASSET_CLASS": "COURT", "CLASS_CATEGORY": "CT-TEN", "GIS_ASSET_ID": 20177, "INFOR_ASSET_ID": "111847" }, "geometry": { "type": "Point", "coordinates": [ -105.040797288069612, 39.744301352463253 ] } },
{ "type": "Feature", "properties": { "OBJECTID": 267, "FEATURE": "Tennis Court - Clear Space", "LOCATION": "Sloans Lake Park - North", "LOC_CODE": "019", "COURT_NUM": null, "LIGHTS": null, "SURFACE_TYPE": null, "YEAR_BUILT": null, "YEAR_RESURF": "Use Year Built Field for Latest Rehab", "GLOBALID": "a8314957-2758-4c56-999d-36a2911f787b", "ASSET_CLASS": null, "CLASS_CATEGORY": null, "GIS_ASSET_ID": null, "INFOR_ASSET_ID": null }, "geometry": { "type": "Point", "coordinates": [ -105.044645037011861, 39.754527950848157 ] } },
{ "type": "Feature", "properties": { "OBJECTID": 268, "FEATURE": "Tennis Court - Clear Space", "LOCATION": "Sloans Lake Park - South", "LOC_CODE": "019", "COURT_NUM": null, "LIGHTS": null, "SURFACE_TYPE": null, "YEAR_BUILT": null, "YEAR_RESURF": "Use Year Built Field for Latest Rehab", "GLOBALID": "5b926441-acd9-431f-8607-a4bdec292583", "ASSET_CLASS": null, "CLASS_CATEGORY": null, "GIS_ASSET_ID": null, "INFOR_ASSET_ID": null }, "geometry": { "type": "Point", "coordinates": [ -105.041079302705853, 39.744303297414106 ] } },
{ "type": "Feature", "properties": { "OBJECTID": 269, "FEATURE": "Tennis Court", "LOCATION": "Southwest Auto Park", "LOC_CODE": "180", "COURT_NUM": "2", "LIGHTS": "No", "SURFACE_TYPE": null, "YEAR_BUILT": "2010", "YEAR_RESURF": "Use Year Built Field for Latest Rehab", "GLOBALID": "7d47e6c7-34c9-47fc-bef2-0eb7149b86dd", "ASSET_CLASS": "COURT", "CLASS_CATEGORY": "CT-TEN", "GIS_ASSET_ID": 20029, "INFOR_ASSET_ID": "111767" }, "geometry": { "type": "Point", "coordinates": [ -105.091151930664353, 39.631696109724956 ] } },
{ "type": "Feature", "properties": { "OBJECTID": 270, "FEATURE": "Tennis Court", "LOCATION": "Southwest Auto Park", "LOC_CODE": "180", "COURT_NUM": "1", "LIGHTS": "No", "SURFACE_TYPE": null, "YEAR_BUILT": "2010", "YEAR_RESURF": "Use Year Built Field for Latest Rehab", "GLOBALID": "375e0c24-7e7d-446a-8bc6-602bc0726a4e", "ASSET_CLASS": "COURT", "CLASS_CATEGORY": "CT-TEN", "GIS_ASSET_ID": 20122, "INFOR_ASSET_ID": "111812" }, "geometry": { "type": "Point", "coordinates": [ -105.091343499494144, 39.631694453002098 ] } },
{ "type": "Feature", "properties": { "OBJECTID": 271, "FEATURE": "Tennis Court - Clear Space", "LOCATION": "Southwest Auto Park", "LOC_CODE": "180", "COURT_NUM": null, "LIGHTS": null, "SURFACE_TYPE": null, "YEAR_BUILT": null, "YEAR_RESURF": "Use Year Built Field for Latest Rehab", "GLOBALID": "9ff8fc43-dca6-450d-ab81-08a7717d5cb1", "ASSET_CLASS": null, "CLASS_CATEGORY": null, "GIS_ASSET_ID": null, "INFOR_ASSET_ID": null }, "geometry": { "type": "Point", "coordinates": [ -105.091253922607251, 39.631694555060335 ] } },
{ "type": "Feature", "properties": { "OBJECTID": 275, "FEATURE": "Tennis Court", "LOCATION": "Washington Park - Central", "LOC_CODE": "711", "COURT_NUM": "3", "LIGHTS": "Yes", "SURFACE_TYPE": null, "YEAR_BUILT": "2011", "YEAR_RESURF": "Use Year Built Field for Latest Rehab", "GLOBALID": "94d224e3-d289-4f53-b7e2-de6522f0dd45", "ASSET_CLASS": "COURT", "CLASS_CATEGORY": "CT-TEN", "GIS_ASSET_ID": 20178, "INFOR_ASSET_ID": "111848" }, "geometry": { "type": "Point", "coordinates": [ -104.972403648385935, 39.698359350699654 ] } },
{ "type": "Feature", "properties": { "OBJECTID": 276, "FEATURE": "Tennis Court", "LOCATION": "Washington Park - Central", "LOC_CODE": "711", "COURT_NUM": "2", "LIGHTS": "Yes", "SURFACE_TYPE": null, "YEAR_BUILT": "2011", "YEAR_RESURF": "Use Year Built Field for Latest Rehab", "GLOBALID": "6c3a0eb9-0ef6-4d9d-bb63-905552ff77fd", "ASSET_CLASS": "COURT", "CLASS_CATEGORY": "CT-TEN", "GIS_ASSET_ID": 20148, "INFOR_ASSET_ID": "111832" }, "geometry": { "type": "Point", "coordinates": [ -104.972611002285831, 39.698359794982593 ] } },
{ "type": "Feature", "properties": { "OBJECTID": 277, "FEATURE": "Tennis Court", "LOCATION": "Washington Park - Central", "LOC_CODE": "711", "COURT_NUM": "1", "LIGHTS": "Yes", "SURFACE_TYPE": null, "YEAR_BUILT": "2011", "YEAR_RESURF": "Use Year Built Field for Latest Rehab", "GLOBALID": "cef90f9f-1319-4788-902e-efc8093eb598", "ASSET_CLASS": "COURT", "CLASS_CATEGORY": "CT-TEN", "GIS_ASSET_ID": 20179, "INFOR_ASSET_ID": "111849" }, "geometry": { "type": "Point", "coordinates": [ -104.972817644478056, 39.698359691935273 ] } },
{ "type": "Feature", "properties": { "OBJECTID": 278, "FEATURE": "Tennis Court", "LOCATION": "Washington Park - South", "LOC_CODE": "711", "COURT_NUM": "6", "LIGHTS": "Yes", "SURFACE_TYPE": "Post Tension Concrete", "YEAR_BUILT": "2018", "YEAR_RESURF": "Use Year Built Field for Latest Rehab", "GLOBALID": "ebe51a6c-b7c6-405f-a515-6f1a4635a817", "ASSET_CLASS": "COURT", "CLASS_CATEGORY": "CT-TEN", "GIS_ASSET_ID": 20209, "INFOR_ASSET_ID": "111861" }, "geometry": { "type": "Point", "coordinates": [ -104.970122030506673, 39.693632278432077 ] } },
{ "type": "Feature", "properties": { "OBJECTID": 279, "FEATURE": "Tennis Court", "LOCATION": "Washington Park - South", "LOC_CODE": "711", "COURT_NUM": "7", "LIGHTS": "Yes", "SURFACE_TYPE": "Post Tension Concrete", "YEAR_BUILT": "2008", "YEAR_RESURF": "Use Year Built Field for Latest Rehab", "GLOBALID": "1fc0874a-44bb-4544-af5a-576ef34aa31c", "ASSET_CLASS": "COURT", "CLASS_CATEGORY": "CT-TEN", "GIS_ASSET_ID": 20149, "INFOR_ASSET_ID": "111833" }, "geometry": { "type": "Point", "coordinates": [ -104.96993006259116, 39.693622478384725 ] } },
{ "type": "Feature", "properties": { "OBJECTID": 280, "FEATURE": "Tennis Court", "LOCATION": "Washington Park - South", "LOC_CODE": "711", "COURT_NUM": "1", "LIGHTS": "Yes", "SURFACE_TYPE": "Post Tension Concrete", "YEAR_BUILT": "2018", "YEAR_RESURF": "Use Year Built Field for Latest Rehab", "GLOBALID": "ef81bd95-c8e7-4590-bee2-8202750daa60", "ASSET_CLASS": "COURT", "CLASS_CATEGORY": "CT-TEN", "GIS_ASSET_ID": 20030, "INFOR_ASSET_ID": "111768" }, "geometry": { "type": "Point", "coordinates": [ -104.971389807428508, 39.693628676266414 ] } },
{ "type": "Feature", "properties": { "OBJECTID": 281, "FEATURE": "Tennis Court - Practice Wall", "LOCATION": "Washington Park - South", "LOC_CODE": "711", "COURT_NUM": "8", "LIGHTS": "No", "SURFACE_TYPE": null, "YEAR_BUILT": "2018", "YEAR_RESURF": "Use Year Built Field for Latest Rehab", "GLOBALID": "57fb9999-10a8-4fcf-832e-447f839926aa", "ASSET_CLASS": "COURT", "CLASS_CATEGORY": "CT-TENPR", "GIS_ASSET_ID": 20243, "INFOR_ASSET_ID": "111872" }, "geometry": { "type": "Point", "coordinates": [ -104.970325835410776, 39.693670393413917 ] } },
{ "type": "Feature", "properties": { "OBJECTID": 282, "FEATURE": "Tennis Court", "LOCATION": "Washington Park - South", "LOC_CODE": "711", "COURT_NUM": "2", "LIGHTS": "Yes", "SURFACE_TYPE": "Post Tension Concrete", "YEAR_BUILT": "2018", "YEAR_RESURF": "Use Year Built Field for Latest Rehab", "GLOBALID": "25e51beb-5982-4cbb-ad08-ba1bc088bdc2", "ASSET_CLASS": "COURT", "CLASS_CATEGORY": "CT-TEN", "GIS_ASSET_ID": 20244, "INFOR_ASSET_ID": "111873" }, "geometry": { "type": "Point", "coordinates": [ -104.971189134132871, 39.693611152149174 ] } },
{ "type": "Feature", "properties": { "OBJECTID": 283, "FEATURE": "Tennis Court", "LOCATION": "Washington Park - South", "LOC_CODE": "711", "COURT_NUM": "3", "LIGHTS": "Yes", "SURFACE_TYPE": "Post Tension Concrete", "YEAR_BUILT": "2018", "YEAR_RESURF": "Use Year Built Field for Latest Rehab", "GLOBALID": "51d0432e-7fe6-4c24-829c-275b1f7028f0", "ASSET_CLASS": "COURT", "CLASS_CATEGORY": "CT-TEN", "GIS_ASSET_ID": 20123, "INFOR_ASSET_ID": "111813" }, "geometry": { "type": "Point", "coordinates": [ -104.970971289719074, 39.693602748049116 ] } },
{ "type": "Feature", "properties": { "OBJECTID": 284, "FEATURE": "Tennis Court", "LOCATION": "Washington Park - South", "LOC_CODE": "711", "COURT_NUM": "4", "LIGHTS": "Yes", "SURFACE_TYPE": "Post Tension Concrete", "YEAR_BUILT": "2018", "YEAR_RESURF": "Use Year Built Field for Latest Rehab", "GLOBALID": "7823259f-8e10-4226-8b75-ba161c6fb57b", "ASSET_CLASS": "COURT", "CLASS_CATEGORY": "CT-TEN", "GIS_ASSET_ID": 20124, "INFOR_ASSET_ID": "111814" }, "geometry": { "type": "Point", "coordinates": [ -104.970756090559547, 39.693592606000863 ] } },
{ "type": "Feature", "properties": { "OBJECTID": 285, "FEATURE": "Tennis Court", "LOCATION": "Washington Park - South", "LOC_CODE": "711", "COURT_NUM": "5", "LIGHTS": "Yes", "SURFACE_TYPE": "Post Tension Concrete", "YEAR_BUILT": "2018", "YEAR_RESURF": "Use Year Built Field for Latest Rehab", "GLOBALID": "efa2fd12-4396-414f-9856-620894aa6013", "ASSET_CLASS": "COURT", "CLASS_CATEGORY": "CT-TEN", "GIS_ASSET_ID": 20125, "INFOR_ASSET_ID": "111815" }, "geometry": { "type": "Point", "coordinates": [ -104.970549008254494, 39.693583755532636 ] } },
{ "type": "Feature", "properties": { "OBJECTID": 286, "FEATURE": "Tennis Court - Clear Space", "LOCATION": "Washington Park - Central", "LOC_CODE": "711", "COURT_NUM": null, "LIGHTS": null, "SURFACE_TYPE": null, "YEAR_BUILT": null, "YEAR_RESURF": "Use Year Built Field for Latest Rehab", "GLOBALID": "80671632-3dac-4a4a-9928-cc8187be8c2e", "ASSET_CLASS": null, "CLASS_CATEGORY": null, "GIS_ASSET_ID": null, "INFOR_ASSET_ID": null }, "geometry": { "type": "Point", "coordinates": [ -104.972618566837923, 39.698361572301032 ] } },
{ "type": "Feature", "properties": { "OBJECTID": 287, "FEATURE": "Tennis Court - Clear Space", "LOCATION": "Washington Park - South", "LOC_CODE": "711", "COURT_NUM": null, "LIGHTS": null, "SURFACE_TYPE": null, "YEAR_BUILT": null, "YEAR_RESURF": "Use Year Built Field for Latest Rehab", "GLOBALID": "6dcdd626-d3f7-4dfe-8308-cdfaa18aa27a", "ASSET_CLASS": null, "CLASS_CATEGORY": null, "GIS_ASSET_ID": null, "INFOR_ASSET_ID": null }, "geometry": { "type": "Point", "coordinates": [ -104.970981167678687, 39.69360443055902 ] } },
{ "type": "Feature", "properties": { "OBJECTID": 288, "FEATURE": "Tennis Court", "LOCATION": "City Park", "LOC_CODE": "201", "COURT_NUM": "11", "LIGHTS": "Yes", "SURFACE_TYPE": "Post Tension Concrete", "YEAR_BUILT": "2007", "YEAR_RESURF": "Use Year Built Field for Latest Rehab", "GLOBALID": "cde269e4-269f-4e44-9271-f7c09e44e1a5", "ASSET_CLASS": "COURT", "CLASS_CATEGORY": "CT-TEN", "GIS_ASSET_ID": 20150, "INFOR_ASSET_ID": "111668" }, "geometry": { "type": "Point", "coordinates": [ -104.957778510158064, 39.749240656978351 ] } },
{ "type": "Feature", "properties": { "OBJECTID": 289, "FEATURE": "Tennis Court", "LOCATION": "City Park", "LOC_CODE": "201", "COURT_NUM": "14", "LIGHTS": "Yes", "SURFACE_TYPE": "Post Tension Concrete", "YEAR_BUILT": "2007", "YEAR_RESURF": "Use Year Built Field for Latest Rehab", "GLOBALID": "3076a77e-8691-4ae1-a29a-db857fa74d2f", "ASSET_CLASS": "COURT", "CLASS_CATEGORY": "CT-TEN", "GIS_ASSET_ID": 20094, "INFOR_ASSET_ID": "111625" }, "geometry": { "type": "Point", "coordinates": [ -104.957574455722536, 39.748808431919521 ] } },
{ "type": "Feature", "properties": { "OBJECTID": 290, "FEATURE": "Tennis Court - Clear Space", "LOCATION": "City Park", "LOC_CODE": "201", "COURT_NUM": null, "LIGHTS": null, "SURFACE_TYPE": null, "YEAR_BUILT": "<Null>", "YEAR_RESURF": "Use Year Built Field for Latest Rehab", "GLOBALID": "d06b65a0-fe4c-493d-a45f-0eb0a8623225", "ASSET_CLASS": null, "CLASS_CATEGORY": null, "GIS_ASSET_ID": null, "INFOR_ASSET_ID": null }, "geometry": { "type": "Point", "coordinates": [ -104.957574146826332, 39.74881781632044 ] } },
{ "type": "Feature", "properties": { "OBJECTID": 291, "FEATURE": "Tennis Court - Clear Space", "LOCATION": "City Park", "LOC_CODE": "201", "COURT_NUM": null, "LIGHTS": null, "SURFACE_TYPE": null, "YEAR_BUILT": "<Null>", "YEAR_RESURF": "Use Year Built Field for Latest Rehab", "GLOBALID": "86648f83-ad8e-4ad7-8cdd-d4563f6f79c6", "ASSET_CLASS": null, "CLASS_CATEGORY": null, "GIS_ASSET_ID": null, "INFOR_ASSET_ID": null }, "geometry": { "type": "Point", "coordinates": [ -104.957772646746349, 39.749243200229095 ] } },
{ "type": "Feature", "properties": { "OBJECTID": 292, "FEATURE": "Tennis Court", "LOCATION": "Lowry Sports Complex", "LOC_CODE": "L21", "COURT_NUM": "1", "LIGHTS": "Yes", "SURFACE_TYPE": "Post Tension Concrete", "YEAR_BUILT": "2007", "YEAR_RESURF": "Use Year Built Field for Latest Rehab", "GLOBALID": "30c1bbc2-ac10-4096-91c1-0c9e0e2a7717", "ASSET_CLASS": "COURT", "CLASS_CATEGORY": "CT-TEN", "GIS_ASSET_ID": 20180, "INFOR_ASSET_ID": "111693" }, "geometry": { "type": "Point", "coordinates": [ -104.893068856912166, 39.716734570043066 ] } },
{ "type": "Feature", "properties": { "OBJECTID": 293, "FEATURE": "Tennis Court", "LOCATION": "Lowry Sports Complex", "LOC_CODE": "L21", "COURT_NUM": "2", "LIGHTS": "Yes", "SURFACE_TYPE": "Post Tension Concrete", "YEAR_BUILT": "2007", "YEAR_RESURF": "Use Year Built Field for Latest Rehab", "GLOBALID": "ff24ecc3-de5c-4506-bc14-5854df1f837e", "ASSET_CLASS": "COURT", "CLASS_CATEGORY": "CT-TEN", "GIS_ASSET_ID": 20151, "INFOR_ASSET_ID": "111669" }, "geometry": { "type": "Point", "coordinates": [ -104.892896933084558, 39.716831619693075 ] } },
{ "type": "Feature", "properties": { "OBJECTID": 294, "FEATURE": "Tennis Court", "LOCATION": "Lowry Sports Complex", "LOC_CODE": "L21", "COURT_NUM": "3", "LIGHTS": "Yes", "SURFACE_TYPE": "Post Tension Concrete", "YEAR_BUILT": "2007", "YEAR_RESURF": "Use Year Built Field for Latest Rehab", "GLOBALID": "50133ede-855d-4b47-8cb0-3e25e1345b72", "ASSET_CLASS": "COURT", "CLASS_CATEGORY": "CT-TEN", "GIS_ASSET_ID": 20031, "INFOR_ASSET_ID": "111574" }, "geometry": { "type": "Point", "coordinates": [ -104.892726785119791, 39.716929804712251 ] } },
{ "type": "Feature", "properties": { "OBJECTID": 295, "FEATURE": "Tennis Court", "LOCATION": "Lowry Sports Complex", "LOC_CODE": "L21", "COURT_NUM": "4", "LIGHTS": "Yes", "SURFACE_TYPE": "Post Tension Concrete", "YEAR_BUILT": "2007", "YEAR_RESURF": "Use Year Built Field for Latest Rehab", "GLOBALID": "5578d412-19ea-43ec-afc4-8d62c69dd5e1", "ASSET_CLASS": "COURT", "CLASS_CATEGORY": "CT-TEN", "GIS_ASSET_ID": 20245, "INFOR_ASSET_ID": "111747" }, "geometry": { "type": "Point", "coordinates": [ -104.89255438006424, 39.717028763991927 ] } },
{ "type": "Feature", "properties": { "OBJECTID": 296, "FEATURE": "Tennis Court - Clear Space", "LOCATION": "Lowry Sports Complex", "LOC_CODE": "L21", "COURT_NUM": null, "LIGHTS": null, "SURFACE_TYPE": null, "YEAR_BUILT": "<Null>", "YEAR_RESURF": "Use Year Built Field for Latest Rehab", "GLOBALID": "c9ae7e12-5463-4795-a473-371abc787f44", "ASSET_CLASS": null, "CLASS_CATEGORY": null, "GIS_ASSET_ID": null, "INFOR_ASSET_ID": null }, "geometry": { "type": "Point", "coordinates": [ -104.892818372585495, 39.716883041466446 ] } },
{ "type": "Feature", "properties": { "OBJECTID": 297, "FEATURE": "Tennis Court - Practice Wall", "LOCATION": "Washington Park - South", "LOC_CODE": "711", "COURT_NUM": "9", "LIGHTS": "No", "SURFACE_TYPE": null, "YEAR_BUILT": "2018", "YEAR_RESURF": "Use Year Built Field for Latest Rehab", "GLOBALID": "5cb5cd2b-3c50-4e9a-b9b1-d79b373086c1", "ASSET_CLASS": "COURT", "CLASS_CATEGORY": "CT-TENPR", "GIS_ASSET_ID": 20061, "INFOR_ASSET_ID": "111784" }, "geometry": { "type": "Point", "coordinates": [ -104.97033660459438, 39.693563198418424 ] } },
{ "type": "Feature", "properties": { "OBJECTID": 298, "FEATURE": "Tennis Court", "LOCATION": "Whitsell Park", "LOC_CODE": "522", "COURT_NUM": "1", "LIGHTS": "No", "SURFACE_TYPE": "Post Tension Concrete", "YEAR_BUILT": "2004", "YEAR_RESURF": "Use Year Built Field for Latest Rehab", "GLOBALID": "d6861c65-2de4-4506-a49a-d68f01b11078", "ASSET_CLASS": "COURT", "CLASS_CATEGORY": "CT-TEN", "GIS_ASSET_ID": 20095, "INFOR_ASSET_ID": "111801" }, "geometry": { "type": "Point", "coordinates": [ -104.745618225553144, 39.772943141871352 ] } },
{ "type": "Feature", "properties": { "OBJECTID": 299, "FEATURE": "Tennis Court", "LOCATION": "Whitsell Park", "LOC_CODE": "522", "COURT_NUM": "2", "LIGHTS": "No", "SURFACE_TYPE": "Post Tension Concrete", "YEAR_BUILT": "2004", "YEAR_RESURF": "Use Year Built Field for Latest Rehab", "GLOBALID": "57b21f7b-8ddc-48c8-817e-123a16c2429a", "ASSET_CLASS": "COURT", "CLASS_CATEGORY": "CT-TEN", "GIS_ASSET_ID": 20062, "INFOR_ASSET_ID": "111785" }, "geometry": { "type": "Point", "coordinates": [ -104.745405409913218, 39.772942384531568 ] } },
{ "type": "Feature", "properties": { "OBJECTID": 300, "FEATURE": "Tennis Court - Clear Space", "LOCATION": "Whitsell Park", "LOC_CODE": "522", "COURT_NUM": null, "LIGHTS": null, "SURFACE_TYPE": null, "YEAR_BUILT": null, "YEAR_RESURF": "Use Year Built Field for Latest Rehab", "GLOBALID": "06c724e3-7ce1-4f32-8fba-29e0092799a1", "ASSET_CLASS": null, "CLASS_CATEGORY": null, "GIS_ASSET_ID": null, "INFOR_ASSET_ID": null }, "geometry": { "type": "Point", "coordinates": [ -104.745516457434476, 39.772943835659106 ] } },
{ "type": "Feature", "properties": { "OBJECTID": 301, "FEATURE": "Tennis Court - Clear Space", "LOCATION": "Berkeley Lake Park", "LOC_CODE": "002", "COURT_NUM": null, "LIGHTS": null, "SURFACE_TYPE": null, "YEAR_BUILT": null, "YEAR_RESURF": "Use Year Built Field for Latest Rehab", "GLOBALID": "eb6eb033-e6ce-4565-9ed7-92beb225ef92", "ASSET_CLASS": null, "CLASS_CATEGORY": null, "GIS_ASSET_ID": null, "INFOR_ASSET_ID": null }, "geometry": { "type": "Point", "coordinates": [ -105.046479277194877, 39.780961015719477 ] } },
{ "type": "Feature", "properties": { "OBJECTID": 302, "FEATURE": "Tennis Court - Clear Space", "LOCATION": "Berkeley Lake Park", "LOC_CODE": "002", "COURT_NUM": null, "LIGHTS": null, "SURFACE_TYPE": null, "YEAR_BUILT": null, "YEAR_RESURF": "Use Year Built Field for Latest Rehab", "GLOBALID": "d227437d-d9ae-40c7-bf63-32a477422d14", "ASSET_CLASS": null, "CLASS_CATEGORY": null, "GIS_ASSET_ID": null, "INFOR_ASSET_ID": null }, "geometry": { "type": "Point", "coordinates": [ -105.046041542980831, 39.780952113801725 ] } },
{ "type": "Feature", "properties": { "OBJECTID": 370, "FEATURE": "Tennis Court - Practice Wall", "LOCATION": "Gates Tennis Center", "LOC_CODE": "357", "COURT_NUM": null, "LIGHTS": "No", "SURFACE_TYPE": null, "YEAR_BUILT": "2008", "YEAR_RESURF": "Use Year Built Field for Latest Rehab", "GLOBALID": "00029848-6548-4911-8e9f-62f7e6520a5f", "ASSET_CLASS": "COURT", "CLASS_CATEGORY": "CT-TENPR", "GIS_ASSET_ID": 20298, "INFOR_ASSET_ID": "111676" }, "geometry": { "type": "Point", "coordinates": [ -104.949027232123711, 39.713658225082106 ] } },
{ "type": "Feature", "properties": { "OBJECTID": 701, "FEATURE": "Tennis Court - Clear Space", "LOCATION": "Parkfield", "LOC_CODE": "516", "COURT_NUM": null, "LIGHTS": null, "SURFACE_TYPE": null, "YEAR_BUILT": "<Null>", "YEAR_RESURF": "Use Year Built Field for Latest Rehab", "GLOBALID": "3cd37b8c-f1b3-47ef-9d36-071c47daa19d", "ASSET_CLASS": null, "CLASS_CATEGORY": null, "GIS_ASSET_ID": null, "INFOR_ASSET_ID": null }, "geometry": { "type": "Point", "coordinates": [ -104.806330153171572, 39.793822232284512 ] } },
{ "type": "Feature", "properties": { "OBJECTID": 702, "FEATURE": "Tennis Court", "LOCATION": "Parkfield", "LOC_CODE": "516", "COURT_NUM": "2", "LIGHTS": "Yes", "SURFACE_TYPE": null, "YEAR_BUILT": "2024", "YEAR_RESURF": "Use Year Built Field for Latest Rehab", "GLOBALID": "08420446-4e90-4b64-a0db-5d117be0d44d", "ASSET_CLASS": "COURT", "CLASS_CATEGORY": "CT-TEN", "GIS_ASSET_ID": 20289, "INFOR_ASSET_ID": "111659" }, "geometry": { "type": "Point", "coordinates": [ -104.806208073346852, 39.79382651693254 ] } },
{ "type": "Feature", "properties": { "OBJECTID": 703, "FEATURE": "Tennis Court", "LOCATION": "Parkfield", "LOC_CODE": "516", "COURT_NUM": "1", "LIGHTS": "Yes", "SURFACE_TYPE": null, "YEAR_BUILT": "2024", "YEAR_RESURF": "Use Year Built Field for Latest Rehab", "GLOBALID": "c45f59c6-10f8-4269-846b-bdaf124828dc", "ASSET_CLASS": "COURT", "CLASS_CATEGORY": "CT-TEN", "GIS_ASSET_ID": 20269, "INFOR_ASSET_ID": "111606" }, "geometry": { "type": "Point", "coordinates": [ -104.806435456908957, 39.793826670751017 ] } },
{ "type": "Feature", "properties": { "OBJECTID": 2309, "FEATURE": "Tennis Court - Clear Space", "LOCATION": "Gates Tennis Center", "LOC_CODE": "357", "COURT_NUM": null, "LIGHTS": "No", "SURFACE_TYPE": null, "YEAR_BUILT": "<Null>", "YEAR_RESURF": "Use Year Built Field for Latest Rehab", "GLOBALID": "4af9fccc-b177-40b5-a35d-8391b4cac793", "ASSET_CLASS": null, "CLASS_CATEGORY": null, "GIS_ASSET_ID": null, "INFOR_ASSET_ID": null }, "geometry": { "type": "Point", "coordinates": [ -104.947498216820222, 39.713778686902131 ] } },
{ "type": "Feature", "properties": { "OBJECTID": 3891, "FEATURE": "Tennis Court - Clear Space", "LOCATION": "Northfield Athletic Complex", "LOC_CODE": "584", "COURT_NUM": null, "LIGHTS": null, "SURFACE_TYPE": null, "YEAR_BUILT": "<Null>", "YEAR_RESURF": "Use Year Built Field for Latest Rehab", "GLOBALID": "ee45b0ff-7446-453b-890f-4e3aed92cdeb", "ASSET_CLASS": null, "CLASS_CATEGORY": null, "GIS_ASSET_ID": null, "INFOR_ASSET_ID": null }, "geometry": { "type": "Point", "coordinates": [ -104.87988889904311, 39.797977959780461 ] } },
{ "type": "Feature", "properties": { "OBJECTID": 3892, "FEATURE": "Tennis Court", "LOCATION": "Northfield Athletic Complex", "LOC_CODE": "584", "COURT_NUM": "1", "LIGHTS": "Yes", "SURFACE_TYPE": "Post Tension Concrete", "YEAR_BUILT": "2016", "YEAR_RESURF": "Use Year Built Field for Latest Rehab", "GLOBALID": "bd205a04-5623-410e-8ea4-6151a14f6939", "ASSET_CLASS": "COURT", "CLASS_CATEGORY": "CT-TEN", "GIS_ASSET_ID": 20343, "INFOR_ASSET_ID": "115033" }, "geometry": { "type": "Point", "coordinates": [ -104.87999437325081, 39.797978655335832 ] } },
{ "type": "Feature", "properties": { "OBJECTID": 3893, "FEATURE": "Tennis Court", "LOCATION": "Northfield Athletic Complex", "LOC_CODE": "584", "COURT_NUM": "2", "LIGHTS": "Yes", "SURFACE_TYPE": "Post Tension Concrete", "YEAR_BUILT": "2016", "YEAR_RESURF": "Use Year Built Field for Latest Rehab", "GLOBALID": "2c139c95-7ad0-453b-956e-34c0bf182d52", "ASSET_CLASS": "COURT", "CLASS_CATEGORY": "CT-TEN", "GIS_ASSET_ID": 20342, "INFOR_ASSET_ID": "115035" }, "geometry": { "type": "Point", "coordinates": [ -104.879781176621108, 39.797978960473792 ] } },
{ "type": "Feature", "properties": { "OBJECTID": 4855, "FEATURE": "Tennis Court", "LOCATION": "Eisenhower Park", "LOC_CODE": "630", "COURT_NUM": "1", "LIGHTS": "No", "SURFACE_TYPE": "Post Tension Concrete", "YEAR_BUILT": "2018", "YEAR_RESURF": "Use Year Built Field for Latest Rehab", "GLOBALID": "a521e0fd-390d-423a-be91-4265f21ec983", "ASSET_CLASS": "COURT", "CLASS_CATEGORY": "CT-TEN", "GIS_ASSET_ID": 20050, "INFOR_ASSET_ID": "111592" }, "geometry": { "type": "Point", "coordinates": [ -104.939443799831835, 39.659703553351612 ] } },
{ "type": "Feature", "properties": { "OBJECTID": 4857, "FEATURE": "Tennis Court", "LOCATION": "Eisenhower Park", "LOC_CODE": "630", "COURT_NUM": "2", "LIGHTS": "No", "SURFACE_TYPE": "Post Tension Concrete", "YEAR_BUILT": "2018", "YEAR_RESURF": "Use Year Built Field for Latest Rehab", "GLOBALID": "78400e55-7967-49ad-bb46-230889573ddc", "ASSET_CLASS": "COURT", "CLASS_CATEGORY": "CT-TEN", "GIS_ASSET_ID": 20232, "INFOR_ASSET_ID": "111739" }, "geometry": { "type": "Point", "coordinates": [ -104.939274856802101, 39.659691597788239 ] } },
{ "type": "Feature", "properties": { "OBJECTID": 4859, "FEATURE": "Tennis Court", "LOCATION": "Eisenhower Park", "LOC_CODE": "630", "COURT_NUM": "3", "LIGHTS": "No", "SURFACE_TYPE": "Post Tension Concrete", "YEAR_BUILT": "2018", "YEAR_RESURF": "Use Year Built Field for Latest Rehab", "GLOBALID": "323efd73-f5af-4db6-adff-e9d6916fc2b6", "ASSET_CLASS": "COURT", "CLASS_CATEGORY": "CT-TEN", "GIS_ASSET_ID": 20051, "INFOR_ASSET_ID": "111593" }, "geometry": { "type": "Point", "coordinates": [ -104.939102512540629, 39.659683908151294 ] } },
{ "type": "Feature", "properties": { "OBJECTID": 5176, "FEATURE": "Tennis Court", "LOCATION": "Huston Lake Park", "LOC_CODE": "811", "COURT_NUM": "1", "LIGHTS": "No", "SURFACE_TYPE": "Post Tension Concrete", "YEAR_BUILT": "2018", "YEAR_RESURF": "Use Year Built Field for Latest Rehab", "GLOBALID": "d7bcc017-7185-44ca-b7c9-4d1811672c62", "ASSET_CLASS": "COURT", "CLASS_CATEGORY": "CT-TEN", "GIS_ASSET_ID": 20168, "INFOR_ASSET_ID": "111689" }, "geometry": { "type": "Point", "coordinates": [ -105.017915528159563, 39.700841628723722 ] } },
{ "type": "Feature", "properties": { "OBJECTID": 5177, "FEATURE": "Tennis Court", "LOCATION": "Huston Lake Park", "LOC_CODE": "811", "COURT_NUM": "2", "LIGHTS": "No", "SURFACE_TYPE": "Post Tension Concrete", "YEAR_BUILT": "2018", "YEAR_RESURF": "Use Year Built Field for Latest Rehab", "GLOBALID": "dce19f62-f2d6-418a-a007-5d3d74a788ba", "ASSET_CLASS": "COURT", "CLASS_CATEGORY": "CT-TEN", "GIS_ASSET_ID": 20200, "INFOR_ASSET_ID": "111717" }, "geometry": { "type": "Point", "coordinates": [ -105.017745967812033, 39.700842120833578 ] } },
{ "type": "Feature", "properties": { "OBJECTID": 5178, "FEATURE": "Tennis Court", "LOCATION": "Huston Lake Park", "LOC_CODE": "811", "COURT_NUM": "3", "LIGHTS": "No", "SURFACE_TYPE": "Post Tension Concrete", "YEAR_BUILT": "2018", "YEAR_RESURF": "Use Year Built Field for Latest Rehab", "GLOBALID": "0ceb29c7-6d91-48bf-9222-fb079ca6f559", "ASSET_CLASS": "COURT", "CLASS_CATEGORY": "CT-TEN", "GIS_ASSET_ID": 20083, "INFOR_ASSET_ID": "111621" }, "geometry": { "type": "Point", "coordinates": [ -105.017575855882299, 39.700842608780945 ] } },
{ "type": "Feature", "properties": { "OBJECTID": 6772, "FEATURE": "Tennis Court - Clear Space", "LOCATION": "Northfield Athletic Complex", "LOC_CODE": "584", "COURT_NUM": null, "LIGHTS": null, "SURFACE_TYPE": null, "YEAR_BUILT": null, "YEAR_RESURF": "Use Year Built Field for Latest Rehab", "GLOBALID": "de6dbb6e-ccfa-440d-9fca-761385246f6e", "ASSET_CLASS": null, "CLASS_CATEGORY": null, "GIS_ASSET_ID": null, "INFOR_ASSET_ID": null }, "geometry": { "type": "Point", "coordinates": [ -104.87924473748194, 39.797928645947358 ] } },
{ "type": "Feature", "properties": { "OBJECTID": 6774, "FEATURE": "Tennis Court - Clear Space", "LOCATION": "Northfield Athletic Complex", "LOC_CODE": "584", "COURT_NUM": null, "LIGHTS": null, "SURFACE_TYPE": null, "YEAR_BUILT": null, "YEAR_RESURF": "Use Year Built Field for Latest Rehab", "GLOBALID": "7d7a9675-c37d-465a-a6a8-b76dcc28529a", "ASSET_CLASS": null, "CLASS_CATEGORY": null, "GIS_ASSET_ID": null, "INFOR_ASSET_ID": null }, "geometry": { "type": "Point", "coordinates": [ -104.878657100581478, 39.797830077728953 ] } },
{ "type": "Feature", "properties": { "OBJECTID": 6775, "FEATURE": "Tennis Court", "LOCATION": "Northfield Athletic Complex", "LOC_CODE": "584", "COURT_NUM": "6", "LIGHTS": "Yes", "SURFACE_TYPE": "Post Tension Concrete", "YEAR_BUILT": "2020", "YEAR_RESURF": "Use Year Built Field for Latest Rehab", "GLOBALID": "792758b7-4de9-4368-b15b-03dc5fea4207", "ASSET_CLASS": "COURT", "CLASS_CATEGORY": "CT-TEN", "GIS_ASSET_ID": 20349, "INFOR_ASSET_ID": null }, "geometry": { "type": "Point", "coordinates": [ -104.878923190249665, 39.797928936127931 ] } },
{ "type": "Feature", "properties": { "OBJECTID": 6776, "FEATURE": "Tennis Court", "LOCATION": "Northfield Athletic Complex", "LOC_CODE": "584", "COURT_NUM": "5", "LIGHTS": "Yes", "SURFACE_TYPE": "Post Tension Concrete", "YEAR_BUILT": "2020", "YEAR_RESURF": "Use Year Built Field for Latest Rehab", "GLOBALID": "80cdebdc-1ec2-451c-ac5b-b580b677cdbe", "ASSET_CLASS": "COURT", "CLASS_CATEGORY": "CT-TEN", "GIS_ASSET_ID": 20348, "INFOR_ASSET_ID": null }, "geometry": { "type": "Point", "coordinates": [ -104.879136204394911, 39.797928038948832 ] } },
{ "type": "Feature", "properties": { "OBJECTID": 6777, "FEATURE": "Tennis Court", "LOCATION": "Northfield Athletic Complex", "LOC_CODE": "584", "COURT_NUM": "4", "LIGHTS": "Yes", "SURFACE_TYPE": "Post Tension Concrete", "YEAR_BUILT": "2020", "YEAR_RESURF": "Use Year Built Field for Latest Rehab", "GLOBALID": "33e4a6e9-f19f-4667-9ecd-d242781f0e28", "ASSET_CLASS": "COURT", "CLASS_CATEGORY": "CT-TEN", "GIS_ASSET_ID": 20347, "INFOR_ASSET_ID": null }, "geometry": { "type": "Point", "coordinates": [ -104.879349533000521, 39.797927412469683 ] } },
{ "type": "Feature", "properties": { "OBJECTID": 6778, "FEATURE": "Tennis Court", "LOCATION": "Northfield Athletic Complex", "LOC_CODE": "584", "COURT_NUM": "3", "LIGHTS": "Yes", "SURFACE_TYPE": "Post Tension Concrete", "YEAR_BUILT": "2020", "YEAR_RESURF": "Use Year Built Field for Latest Rehab", "GLOBALID": "53067803-c952-4f77-8562-4aeb12498556", "ASSET_CLASS": "COURT", "CLASS_CATEGORY": "CT-TEN", "GIS_ASSET_ID": 20346, "INFOR_ASSET_ID": null }, "geometry": { "type": "Point", "coordinates": [ -104.879563534260527, 39.797927304015801 ] } },
{ "type": "Feature", "properties": { "OBJECTID": 7092, "FEATURE": "Tennis Court - Clear Space", "LOCATION": "Bear Valley Park", "LOC_CODE": "140", "COURT_NUM": null, "LIGHTS": null, "SURFACE_TYPE": null, "YEAR_BUILT": "<Null>", "YEAR_RESURF": "Use Year Built Field for Latest Rehab", "GLOBALID": "b4459382-9dda-4e70-8d8a-f28d30a02cbc", "ASSET_CLASS": "<Null>", "CLASS_CATEGORY": null, "GIS_ASSET_ID": null, "INFOR_ASSET_ID": null }, "geometry": { "type": "Point", "coordinates": [ -105.07613900191906, 39.661104813540078 ] } },
{ "type": "Feature", "properties": { "OBJECTID": 7412, "FEATURE": "Tennis Court", "LOCATION": "Bear Valley Park", "LOC_CODE": "140", "COURT_NUM": "1", "LIGHTS": "Yes", "SURFACE_TYPE": "Post Tension Concrete", "YEAR_BUILT": "2021", "YEAR_RESURF": "Use Year Built Field for Latest Rehab", "GLOBALID": "86b70ade-2c1b-4395-bf25-c3bbf0a56b5a", "ASSET_CLASS": "COURT", "CLASS_CATEGORY": "CT-TEN", "GIS_ASSET_ID": 20108, "INFOR_ASSET_ID": "111636" }, "geometry": { "type": "Point", "coordinates": [ -105.076352878823414, 39.661103589690129 ] } },
{ "type": "Feature", "properties": { "OBJECTID": 7413, "FEATURE": "Tennis Court", "LOCATION": "Bear Valley Park", "LOC_CODE": "140", "COURT_NUM": "2", "LIGHTS": "Yes", "SURFACE_TYPE": "Post Tension Concrete", "YEAR_BUILT": "2021", "YEAR_RESURF": "Use Year Built Field for Latest Rehab", "GLOBALID": "d4bedf77-28ae-4223-907f-a7aa4a555dce", "ASSET_CLASS": "COURT", "CLASS_CATEGORY": "CT-TEN", "GIS_ASSET_ID": 20161, "INFOR_ASSET_ID": "111682" }, "geometry": { "type": "Point", "coordinates": [ -105.076139442143642, 39.661105632145578 ] } },
{ "type": "Feature", "properties": { "OBJECTID": 7414, "FEATURE": "Tennis Court", "LOCATION": "Bear Valley Park", "LOC_CODE": "140", "COURT_NUM": "3", "LIGHTS": "Yes", "SURFACE_TYPE": "Post Tension Concrete", "YEAR_BUILT": "2021", "YEAR_RESURF": "Use Year Built Field for Latest Rehab", "GLOBALID": "056efe93-7332-457e-ae4c-79469a125fa5", "ASSET_CLASS": "COURT", "CLASS_CATEGORY": "CT-TEN", "GIS_ASSET_ID": 20013, "INFOR_ASSET_ID": "111562" }, "geometry": { "type": "Point", "coordinates": [ -105.075926724351589, 39.661107610556968 ] } },
{ "type": "Feature", "properties": { "OBJECTID": 7415, "FEATURE": "Tennis Court", "LOCATION": "Bear Valley Park", "LOC_CODE": "140", "COURT_NUM": "6", "LIGHTS": "Yes", "SURFACE_TYPE": "Post Tension Concrete", "YEAR_BUILT": "2021", "YEAR_RESURF": "Use Year Built Field for Latest Rehab", "GLOBALID": "508ba43f-96c2-44af-83bd-946cf6521e91", "ASSET_CLASS": "COURT", "CLASS_CATEGORY": "CT-TEN", "GIS_ASSET_ID": 20189, "INFOR_ASSET_ID": "111636" }, "geometry": { "type": "Point", "coordinates": [ -105.076344265838657, 39.660742519096473 ] } },
{ "type": "Feature", "properties": { "OBJECTID": 7416, "FEATURE": "Tennis Court", "LOCATION": "Bear Valley Park", "LOC_CODE": "140", "COURT_NUM": "5", "LIGHTS": "Yes", "SURFACE_TYPE": "Post Tension Concrete", "YEAR_BUILT": "2021", "YEAR_RESURF": "Use Year Built Field for Latest Rehab", "GLOBALID": "2bbcb633-7ba1-48fc-b5d3-511c440dc1e0", "ASSET_CLASS": "COURT", "CLASS_CATEGORY": "CT-TEN", "GIS_ASSET_ID": 20225, "INFOR_ASSET_ID": "111732" }, "geometry": { "type": "Point", "coordinates": [ -105.076130830255934, 39.660744561536816 ] } },
{ "type": "Feature", "properties": { "OBJECTID": 7417, "FEATURE": "Tennis Court - Clear Space", "LOCATION": "Bear Valley Park", "LOC_CODE": "140", "COURT_NUM": null, "LIGHTS": null, "SURFACE_TYPE": null, "YEAR_BUILT": "<Null>", "YEAR_RESURF": "Use Year Built Field for Latest Rehab", "GLOBALID": "412369b7-0f3e-46e2-a894-b55b12a14ac9", "ASSET_CLASS": "<Null>", "CLASS_CATEGORY": null, "GIS_ASSET_ID": null, "INFOR_ASSET_ID": null }, "geometry": { "type": "Point", "coordinates": [ -105.076130390033512, 39.660743742931018 ] } },
{ "type": "Feature", "properties": { "OBJECTID": 7418, "FEATURE": "Tennis Court", "LOCATION": "Bear Valley Park", "LOC_CODE": "140", "COURT_NUM": "4", "LIGHTS": "Yes", "SURFACE_TYPE": "Post Tension Concrete", "YEAR_BUILT": "2021", "YEAR_RESURF": "Use Year Built Field for Latest Rehab", "GLOBALID": "531d540d-270e-4430-a5b2-739b36f8a28a", "ASSET_CLASS": "COURT", "CLASS_CATEGORY": "CT-TEN", "GIS_ASSET_ID": 20188, "INFOR_ASSET_ID": "111705" }, "geometry": { "type": "Point", "coordinates": [ -105.075918113557691, 39.660746539932546 ] } },
{ "type": "Feature", "properties": { "OBJECTID": 7419, "FEATURE": "Tennis Court - Clear Space", "LOCATION": "Bear Valley Park", "LOC_CODE": "140", "COURT_NUM": null, "LIGHTS": null, "SURFACE_TYPE": null, "YEAR_BUILT": "<Null>", "YEAR_RESURF": "Use Year Built Field for Latest Rehab", "GLOBALID": "5850d91b-2eb8-410f-b66e-acaafb9992a2", "ASSET_CLASS": "<Null>", "CLASS_CATEGORY": null, "GIS_ASSET_ID": null, "INFOR_ASSET_ID": null }, "geometry": { "type": "Point", "coordinates": [ -105.07623512835147, 39.660272786968399 ] } },
{ "type": "Feature", "properties": { "OBJECTID": 8133, "FEATURE": "Tennis Court - Clear Space", "LOCATION": "Eisenhower Park", "LOC_CODE": null, "COURT_NUM": null, "LIGHTS": null, "SURFACE_TYPE": null, "YEAR_BUILT": null, "YEAR_RESURF": "Use Year Built Field for Latest Rehab", "GLOBALID": "fb08ce4b-6a18-4830-a780-16d433f7dcf6", "ASSET_CLASS": null, "CLASS_CATEGORY": null, "GIS_ASSET_ID": null, "INFOR_ASSET_ID": null }, "geometry": { "type": "Point", "coordinates": [ -104.939275001745244, 39.659694878046061 ] } },
{ "type": "Feature", "properties": { "OBJECTID": 8141, "FEATURE": "Tennis Court - Clear Space", "LOCATION": "Eisenhower Park", "LOC_CODE": null, "COURT_NUM": null, "LIGHTS": null, "SURFACE_TYPE": null, "YEAR_BUILT": null, "YEAR_RESURF": "Use Year Built Field for Latest Rehab", "GLOBALID": "6f7ddc4d-b4e4-40c1-b6a5-a59179e0d1d7", "ASSET_CLASS": null, "CLASS_CATEGORY": null, "GIS_ASSET_ID": null, "INFOR_ASSET_ID": null }, "geometry": { "type": "Point", "coordinates": [ -104.938896718306097, 39.659670567144659 ] } },
{ "type": "Feature", "properties": { "OBJECTID": 8142, "FEATURE": "Tennis Court - Clear Space", "LOCATION": "Huston Lake Park", "LOC_CODE": "811", "COURT_NUM": null, "LIGHTS": null, "SURFACE_TYPE": null, "YEAR_BUILT": "<Null>", "YEAR_RESURF": "Use Year Built Field for Latest Rehab", "GLOBALID": "3d8bd7af-22d8-4c69-8a4e-42f594cf6b57", "ASSET_CLASS": null, "CLASS_CATEGORY": null, "GIS_ASSET_ID": null, "INFOR_ASSET_ID": null }, "geometry": { "type": "Point", "coordinates": [ -105.017355146975092, 39.700843867311306 ] } },
{ "type": "Feature", "properties": { "OBJECTID": 8533, "FEATURE": "Tennis Court - Clear Space", "LOCATION": "Martin Luther King Jr Park", "LOC_CODE": "415", "COURT_NUM": null, "LIGHTS": null, "SURFACE_TYPE": null, "YEAR_BUILT": null, "YEAR_RESURF": "Use Year Built Field for Latest Rehab", "GLOBALID": "1a45169c-abe2-4c81-a14f-abae7ec9c701", "ASSET_CLASS": null, "CLASS_CATEGORY": null, "GIS_ASSET_ID": null, "INFOR_ASSET_ID": null }, "geometry": { "type": "Point", "coordinates": [ -104.908209494519525, 39.770780098006725 ] } },
{ "type": "Feature", "properties": { "OBJECTID": 8534, "FEATURE": "Tennis Court - Clear Space", "LOCATION": "Martin Luther King Jr Park", "LOC_CODE": "415", "COURT_NUM": null, "LIGHTS": null, "SURFACE_TYPE": null, "YEAR_BUILT": null, "YEAR_RESURF": "Use Year Built Field for Latest Rehab", "GLOBALID": "80c84822-6463-4d27-a43e-d8a8d061d76d", "ASSET_CLASS": null, "CLASS_CATEGORY": null, "GIS_ASSET_ID": null, "INFOR_ASSET_ID": null }, "geometry": { "type": "Point", "coordinates": [ -104.907997533442469, 39.770736264260613 ] } },
{ "type": "Feature", "properties": { "OBJECTID": 8535, "FEATURE": "Tennis Court - Clear Space", "LOCATION": "Skyland Park", "LOC_CODE": "429", "COURT_NUM": null, "LIGHTS": null, "SURFACE_TYPE": null, "YEAR_BUILT": null, "YEAR_RESURF": "Use Year Built Field for Latest Rehab", "GLOBALID": "02682695-e51a-457b-a1cb-4f26bfd11716", "ASSET_CLASS": null, "CLASS_CATEGORY": null, "GIS_ASSET_ID": null, "INFOR_ASSET_ID": null }, "geometry": { "type": "Point", "coordinates": [ -104.921890750595367, 39.764909234358818 ] } },
{ "type": "Feature", "properties": { "OBJECTID": 8536, "FEATURE": "Tennis Court - Clear Space", "LOCATION": "Skyland Park", "LOC_CODE": "429", "COURT_NUM": null, "LIGHTS": null, "SURFACE_TYPE": null, "YEAR_BUILT": null, "YEAR_RESURF": "Use Year Built Field for Latest Rehab", "GLOBALID": "8bb5f223-2a97-4735-8cea-52f6862145e3", "ASSET_CLASS": null, "CLASS_CATEGORY": null, "GIS_ASSET_ID": null, "INFOR_ASSET_ID": null }, "geometry": { "type": "Point", "coordinates": [ -104.921999935275082, 39.765209146707605 ] } },
{ "type": "Feature", "properties": { "OBJECTID": 8537, "FEATURE": "Tennis Court - Clear Space", "LOCATION": "Washington Park - South", "LOC_CODE": "711", "COURT_NUM": null, "LIGHTS": null, "SURFACE_TYPE": null, "YEAR_BUILT": null, "YEAR_RESURF": "Use Year Built Field for Latest Rehab", "GLOBALID": "e0f5fbfc-8717-44fe-9b3d-149271dd4f72", "ASSET_CLASS": null, "CLASS_CATEGORY": null, "GIS_ASSET_ID": null, "INFOR_ASSET_ID": null }, "geometry": { "type": "Point", "coordinates": [ -104.970018304908621, 39.693624784002516 ] } },
{ "type": "Feature", "properties": { "OBJECTID": 8538, "FEATURE": "Tennis Court - Clear Space", "LOCATION": "Washington Park - South", "LOC_CODE": "711", "COURT_NUM": null, "LIGHTS": null, "SURFACE_TYPE": null, "YEAR_BUILT": null, "YEAR_RESURF": "Use Year Built Field for Latest Rehab", "GLOBALID": "00b9a2d2-07d1-450d-9867-0af1ff1be3de", "ASSET_CLASS": null, "CLASS_CATEGORY": null, "GIS_ASSET_ID": null, "INFOR_ASSET_ID": null }, "geometry": { "type": "Point", "coordinates": [ -104.970325044623138, 39.693606320036785 ] } },
{ "type": "Feature", "properties": { "OBJECTID": 11743, "FEATURE": "Tennis Court", "LOCATION": "Congress Park", "LOC_CODE": "314", "COURT_NUM": "5", "LIGHTS": "Yes", "SURFACE_TYPE": "Concrete", "YEAR_BUILT": "2024", "YEAR_RESURF": "Use Year Built Field for Latest Rehab", "GLOBALID": "0a229997-ee11-43b1-9305-fbe6f0fd5e37", "ASSET_CLASS": "COURT", "CLASS_CATEGORY": "CT-TEN", "GIS_ASSET_ID": 20415, "INFOR_ASSET_ID": "111737" }, "geometry": { "type": "Point", "coordinates": [ -104.954897948914805, 39.730667311958094 ] } },
{ "type": "Feature", "properties": { "OBJECTID": 13354, "FEATURE": "Tennis Court - Clear Space", "LOCATION": "Lowry Sports COmplex", "LOC_CODE": "L21", "COURT_NUM": null, "LIGHTS": null, "SURFACE_TYPE": null, "YEAR_BUILT": null, "YEAR_RESURF": null, "GLOBALID": "f0625fa4-13b9-42d7-be4b-3736aae74891", "ASSET_CLASS": null, "CLASS_CATEGORY": null, "GIS_ASSET_ID": null, "INFOR_ASSET_ID": null }, "geometry": { "type": "Point", "coordinates": [ -104.891458977871565, 39.717431213616692 ] } },
{ "type": "Feature", "properties": { "OBJECTID": 13355, "FEATURE": "Tennis Court - Clear Space", "LOCATION": "Rosamond Park", "LOC_CODE": "621", "COURT_NUM": null, "LIGHTS": null, "SURFACE_TYPE": null, "YEAR_BUILT": null, "YEAR_RESURF": null, "GLOBALID": "f3cf8f95-4138-46e9-844c-fdcaf920da70", "ASSET_CLASS": null, "CLASS_CATEGORY": null, "GIS_ASSET_ID": null, "INFOR_ASSET_ID": null }, "geometry": { "type": "Point", "coordinates": [ -104.895749616360376, 39.639130443803204 ] } }
]
}
